author,first_year,n_papers,affiliations_seen
A C Tort,2001,1,[]
A Calogeracos,2000,1,[]
A Dadda,1999,1,[]
A Doikou,2002,1,[]
A K Rebhan,1993,1,[]
A Kalloniatis,1996,1,[]
A Khvedelidze,2002,1,[]
A Kundu,1994,1,[]
A Kuniba,1996,1,[]
A M Semikhatov,1992,15,"['Lebedev Physics Institute', 'Lebedev Physics Inst', 'P N Lebedev Physics Institute']"
A N Theron,1997,2,[]
A Rebhan,1999,1,[]
A S Vytheeswaran,1997,2,"['Bangalore University, India']"
A Sedrakyan,1992,1,[]
A Shirzad,1999,3,[]
A. A Bytsenko,2000,1,[]
A. A. Abrikosov,1999,2,[]
A. A. Abrikosov Jr,1993,3,[]
A. A. Actor,1998,2,[]
A. A. Akhmetshin,1999,2,[]
A. A. Andrianov,1993,13,"['1,2', '2', '1', 'Institute of Physics, Sankt-Petersburg', 'Sankt-Petersburg State University']"
A. A. Balinsky,1993,4,[]
A. A. Belavin,2000,3,[]
A. A. Belov,1995,2,[]
A. A. Bichl,2000,6,[]
A. A. Broyles,2002,1,[]
A. A. Btsenko,1994,1,[]
A. A. Btysenko,1995,1,[]
A. A. Bytsenko,1992,32,['St.Petersburg State Technical University']
A. A. Cheshel,1996,1,[]
A. A. Coley,2002,1,[]
A. A. Deriglazov,1994,30,[]
A. A. Garcia,1995,1,[]
A. A. Giryavets,2001,5,[]
A. A. Johansen,1996,2,[]
A. A. Kapustnikov,1996,4,[]
A. A. Kehagias,1994,6,[]
A. A. Khelashvili,1997,2,[]
A. A. Kirillov,1999,5,"['Inst.Appl.Math., Cyb., Nizhny Novgorod']"
A. A. Logunov,1997,1,[]
A. A. Marino,1999,2,"['Osservatorio Astronomico di Capodimonte,INFN, Napoli']"
A. A. Maslikov,1997,1,['2']
A. A. Migdal,1992,3,[]
A. A. Penin,1997,1,[]
A. A. Reshetnyak,1995,7,['Seversk State Technological Institute']
A. A. Rodrigues Sobreira,1998,1,[]
A. A. Rosly,1996,2,[]
A. A. Saharian,2000,9,"['Yerevan State University, Armenia']"
A. A. Sen,2002,1,[]
A. A. Sharapov,1994,18,"['Tomsk State Univ.', '2']"
A. A. Slavnov,1992,15,[]
A. A. Smirnov,2002,1,['U. of Sao Paulo']
A. A. Soloshenko,2003,1,[]
A. A. Stolin,1994,1,"['Department of Mathematics, Royal Institute of Technology, Stockholm, Sweden']"
A. A. Tseytlin,1992,121,[]
A. A. Vladimirov,1993,6,[]
A. A. Zheltukhin,1994,12,"['Kharkov Institute of Physics,Technology']"
A. A. Zheltuklhin,1999,1,[]
A. Abada,1992,2,[]
A. Abdesselam,1994,2,[]
A. Abdurrahman,1993,3,['Rutherford Lab.']
A. Accardi,1998,1,[]
A. Achucarro,1993,5,[]
A. Adams,2001,1,[]
A. Agarwal,2002,3,[]
A. Aghamohammadi,1994,11,[]
A. Aghamohammdi,1997,1,[]
A. Agodi,1994,1,[]
A. Akhmetshin,2000,3,[]
A. Albrecht,2001,1,[]
A. Alekseev,2000,2,[]
A. Alexandrov,2001,2,[]
A. Alimohammadi,1996,1,[]
A. Alonso Izquierdo,2000,8,['U. Salamanca']
A. Anderson,1994,1,[]
A. Andrasi,1994,2,[]
A. Andrav Si,1996,1,[]
A. Antonov,1997,1,[]
A. Arhrib,1997,1,[]
A. Armoni,1995,13,[]
A. Ashtekar,1994,1,[]
A. Astashkevich,1995,2,[]
A. Aste,1996,2,['U. of Basel']
A. Aurilia,1992,13,[]
A. Azhari,1995,1,[]
A. Azizi,2002,1,['Shiraz Univ.']
A. B. Adib,2001,1,[]
A. B. Balantekin,1997,4,"['Wisconsin U., Madison,Max-Planck-Institute, Heidelberg', 'Heidelberg, Max Planck Inst.,Wisconsin U., Madison', 'Univ. of Wisconsin']"
A. B. Bylev,1997,2,[]
A. B. Hammou,2000,3,[]
A. B. Kaganovich,1998,5,[]
A. B. Kobakhidze,2000,3,[]
A. B. Kurdikov,1992,4,[]
A. B. Lahanas,2001,1,[]
A. B. Penna-Firme,1999,1,[]
A. B. Pestov,1998,2,"['BLTP, Jinr']"
A. B. Selivanov,2002,1,[]
A. B. Tanaev,1996,2,[]
A. B. Waites,1994,1,[]
A. B. Zamolodchikov,1995,3,['Rutgers']
A. Babichenko,1992,4,[]
A. Balaz,2001,1,"['Institute of Physics, Belgrade, Yugoslavia']"
A. Balinsky,1994,1,[]
A. Ballesteros,1993,7,[]
A. Barducci,1994,2,[]
A. Barroso,2001,1,[]
A. Bartoli,1994,1,[]
A. Barvinsky,1996,1,['Lebedev Physics Institute']
A. Bashir,2000,3,['U. of Michoacan']
A. Bassetto,1993,28,"['Dipartimento di Fisica, Universit\\`a di Padova,INFN, Sezione di Padova']"
A. Basu,2001,1,['Univ. of Chicago']
A. Batrachenko,2002,1,[]
A. Belavin,1996,3,[]
A. Belhaj,2000,8,[]
A. Belli,1998,1,[]
A. Bellini,1992,5,[]
A. Berard,2000,2,[]
A. Berkovich,1992,6,[]
A. Bialas,1996,1,"['Jagellonian University Krakow, Poland']"
A. Bilal,1993,6,[]
A. Blasi,2000,1,[]
A. Blaut,2003,1,[]
A. Bogojevic,1998,1,[]
A. Bohm,1999,7,[]
A. Bonanno,1997,6,[]
A. Borderies,1994,1,[]
A. Boresch,1993,2,[]
A. Borowiec,1993,4,[]
A. Borzi,1992,1,[]
A. Bossard,2000,3,['U. of Tours']
A. Boulahoual,2001,3,[]
A. Boveia,2002,1,[]
A. Boyarsky,2001,3,[]
A. Brandhuber,1992,22,[]
A. Brignole,1994,1,[]
A. Brizola,1998,3,[]
A. Buchel,2001,3,[]
A. Buonanno,1997,5,[]
A. Burinskii,1999,1,[]
A. Burnel,1994,1,[]
A. C Tort,2000,1,[]
A. C. Avram,1995,4,['1']
A. C. Cadavid,1995,1,[]
A. C. Davis,2000,8,[]
A. C. Kalloniatis,1995,5,"['Max-Planck Institut fuer Kernphysik, Heidelberg', 'Heidelberg']"
A. C. Petkou,1995,21,[]
A. C. R. Mendes,2000,2,[]
A. C. Rodrigues Mendes,2001,1,[]
A. C. Scott,1994,1,[]
A. C. Tort,1998,10,[]
A. C. V. V. De Siqueira,1993,2,[]
A. Caldararu,2003,1,[]
A. Campbell-Smith,1998,6,[]
A. Campos,1998,2,[]
A. Candiello,1993,4,[]
A. Capolupo,2001,1,[]
A. Cappelli,1992,8,[]
A. Carlini,1992,2,[]
A. Casher,1993,5,[]
A. Catal,2000,1,[]
A. Catal-Ozer,2001,1,"['METU, Ankara']"
A. Celi,2000,2,[]
A. Ceresole,1992,18,[]
A. Ch. Ganchev,1992,7,[]
A. Chakrabarti,1994,12,"['Ecole Polytechnique, France', 'Ecole Polytechnique']"
A. Chamblin,1996,12,"['Institute for Theoretical Physics, UCSB', 'Cambridge U.', 'Cambridge U., DAMTP']"
A. Chamorro,1994,2,[]
A. Chenaghlou,2000,4,[]
A. Chervov,2003,1,"['ITEP, Moscow']"
A. Chervyakov,1999,1,[]
A. Chou,1997,1,[]
A. Coley,2001,2,[]
A. Collino,1996,1,['U. of Torino']
A. Collinucci,2002,1,[]
A. Connes,1996,2,[]
A. Constandache,2001,2,[]
A. Constantin,2000,1,[]
A. Coste,1996,2,[]
A. Cucchieri,1994,2,[]
A. Culatti,1997,1,[]
A. D. Dolgov,1997,2,[]
A. D. Jackson,1996,3,[]
A. D. Kennedy,1996,1,"['SCRI, Florida State University']"
A. D. Mitov,1997,1,[]
A. D. Odintsov,1994,1,[]
A. D. Popov,1995,8,"['Bogoliubov Laboratory of Theoretical Physics, JINR, Dubna, Moscow Region, Russia']"
A. D. Speliotopoulos,1995,1,[]
A. Dabholkar,1995,1,[]
A. Dabolkhar,1992,1,[]
A. Dadda,1992,14,[]
A. Das,1992,8,[]
A. Dasgupta,2001,2,"['AEI, Golm']"
A. Dasnieres De Veigy,1996,1,[]
A. Davidson,2002,1,[]
A. De Castro,1997,4,[]
A. De Freitas,1999,1,[]
A. De Giovanni,1997,2,[]
A. De La Macorra,1997,3,['2']
A. De Martino,1998,3,"['SISSA,INFN, Trieste']"
A. De Rujula,1994,1,[]
A. De Souza Dutra,1994,13,[]
A. Debenedictis,1999,1,[]
A. Deckmyn,1993,1,[]
A. Delgado,2002,3,['Johns Hopkins University']
A. Della Selva,1995,1,[]
A. Demichev,1998,6,[]
A. Dettki,1993,2,[]
A. Dhar,2000,2,[]
A. Di Giacomo,1997,2,[]
A. Dimakis,1994,10,['Goettingen']
A. Dobado,1999,1,[]
A. Dobrosielski,1993,1,[]
A. Donini,1998,1,[]
A. Dresse,1993,2,[]
A. Dubikovsky,1994,2,[]
A. Dubin,1995,1,[]
A. Duncan,1993,2,[]
A. Duviryak,1998,3,['Inst. for Cond. Matt. Phys.']
A. Dymarsky,2001,3,[]
A. E. Chubykalo,1996,1,[]
A. E. Dorokhov,1996,1,[]
A. E. Faraggi,1997,2,[]
A. E. Gonc Calves,1996,2,"[""Instituto de F\\'{\\i}sica, Universidade de S\\~ao Paulo""]"
A. E. Goncalves,1994,15,['U. of Londrina']
A. E. Gonccalves,1994,2,[]
A. E. Kudryavtsev,1999,4,"['ITEP, Moscow']"
A. E. Motter,1998,1,[]
A. E. Nelson,1999,1,[]
A. E. Santana,1996,8,"['1,3']"
A. E. Shabad,2002,1,"['Lebedev Phys. Inst., Moscow']"
A. El Hassouni,2003,1,[]
A. El Rhalami,2001,2,[]
A. El. Rhalami,2000,1,[]
A. F. Andreev,2003,1,[]
A. F. De Lima,2002,2,[]
A. F. De Queiroz,2000,1,[]
A. F. Pasqua,2001,2,[]
A. F. R De Toledo Piza,1998,1,[]
A. F. R. De Toledo Piza,1997,1,[]
A. F. Ranada,1998,1,[]
A. Fabbri,1995,12,[]
A. Faessler,1994,1,[]
A. Fayyazuddin,1997,5,['Harvard']
A. Feinstein,1997,6,[]
A. Felce,1992,1,[]
A. Feoli,1994,4,[]
A. Ferrando,1994,4,"['1,2']"
A. Flachi,2000,5,[]
A. Foerster,1994,1,[]
A. Font,1994,8,[]
A. Forge,1995,4,[]
A. Fotopoulos,1998,3,[]
A. Fring,1992,31,[]
A. Frydryszak,1996,1,[]
A. Fujii,1998,3,[]
A. G. Abanov,1999,3,[]
A. G. Agnese,2001,1,[]
A. G. Bueno,2001,1,[]
A. G. Bytsko,1994,6,[]
A. G. Izergin,1992,3,[]
A. G. Jacksenaev,1994,2,[]
A. G. Litvak,1994,1,[]
A. G. M. Pickering,1999,1,[]
A. G. M. Schmidt,1998,6,[]
A. G. Mirzabekian,1995,2,[]
A. G. Pronko,1998,1,[]
A. G. Rodrigues,2000,1,['1']
A. G. Rojo,1994,1,[]
A. G. Sedrakyan,1992,4,[]
A. G. Sibiryakov,1994,3,[]
A. G. Ushveridze,1994,6,[]
A. G. Williams,1998,2,['University of Adelaide']
A. G. Zorin,2001,1,[]
A. Gabor,2001,1,[]
A. Galajinsky,1997,4,['INFN-Frascati']
A. Galante,1999,1,[]
A. Galperin,1992,8,[]
A. Gamba,1992,4,[]
A. Ganchev,1994,1,[]
A. Gangopadhyaya,1994,5,[]
A. Garcia,2000,1,[]
A. Garrett Lisi,1994,1,[]
A. Gerasimov,1993,4,[]
A. Gerhold,2000,2,[]
A. Ghodsi,2002,1,[]
A. Ghosh,1993,14,['CERN']
A. Giaquinto,1993,1,[]
A. Giveon,1993,24,[]
A. Goldhaber,1996,1,[]
A. Gomberoff,1997,2,[]
A. Gomez Nicola,1998,4,"['UCM, Madrid']"
A. Gonzalez Ruiz,1992,1,[]
A. Gonzalez--Ruiz,1993,5,[]
A. Gonzalez-Arroyo,1996,10,[]
A. Gonzalez-Lopez,2000,4,[]
A. Gonzalez-Ruiz,1994,1,[]
A. Gorsky,1993,33,[]
A. Grassi,1996,2,[]
A. Gregori,1997,3,[]
A. Gruppuso,2000,2,[]
A. Guerra,1997,1,[]
A. Gusev,2001,2,[]
A. H. Bilge,1996,6,"['Istanbul Tech U', 'ITU']"
A. H. Bougourzi,1992,8,[]
A. H. Castro Neto,1993,1,[]
A. H. Chamseddine,1992,25,"['CAMS/AUB', 'Theoretische Physik, ETH, Zuerich', 'ETH Zuerich', 'ETH', 'ETH-Zuerich']"
A. H. Fariborz,1996,1,[]
A. H. Fatollahi,1996,4,[]
A. H. Hamici,2001,1,[]
A. H. Rezaeian,2000,1,[]
A. H. Yeranyan,2002,1,"['Yerevan State University, Armenia']"
A. H. Zimerman,1992,32,[]
A. Hamid Bougourzi,1994,2,[]
A. Hammou,1999,1,"['SISSA, Trieste, Italy']"
A. Hanany,1994,6,['MIT']
A. Harindranath,1994,9,['Saha Inst.']
A. Hashimoto,1996,1,[]
A. Hatzinikitas,1998,1,[]
A. Havare,2001,4,[]
A. Hegedus,2001,2,[]
A. Herat,2000,1,[]
A. Herrera,1996,3,[]
A. Hietamaki,1992,1,[]
A. Holfter,2002,1,[]
A. Honecker,1992,14,[]
A. Huffmann,1994,1,[]
A. Hulsebos,1994,1,[]
A. I Zelnikov,1998,1,[]
A. I. Alekseev,1995,1,[]
A. I. Balinsky,1993,1,[]
A. I. Bugrij,1995,7,"['Bogolyubov Inst. Theor. Phys., Kiev']"
A. I. Davydychev,1997,8,[]
A. I. Ivanov,1999,1,[]
A. I. Karanikas,1999,4,['University of Athens']
A. I. Milstein,1996,1,[]
A. I. Milstein.,1995,1,[]
A. I. Mudrov,1998,1,[]
A. I. Neelov,2002,2,"['S.-Petersburg State University', 'S.-Petersburg, Russia']"
A. I. Nesterov,2002,1,[]
A. I. Nikishov,1999,6,"['Lededev Physical Institute', 'Lebedev Physical Institute']"
A. I. Pashnev,2001,1,[]
A. I. Sokolov,1998,5,"['Saint Petersburg Electrotechnical University, Saint Petersburg, Russia', 'Saint Petersburg Electrotechnical University, St. Petersburg, Russia']"
A. I. Veselov,1997,3,[]
A. I. Volovich,1997,1,[]
A. I. Zelnikov,1995,4,[]
A. Ilakovac,1999,2,[]
A. Ilha,2001,3,[]
A. Imaanpur,1997,6,[]
A. Iorio,1996,6,['1']
A. Isar,1994,1,[]
A. Ishikawa,1994,2,[]
A. Iskandar,1994,1,[]
A. J. Bordner,1998,5,"['YITP, Kyoto']"
A. J. Da Silva,1992,30,"['USP-Brasil', '1']"
A. J. Gill,1994,1,[]
A. J. Laufer,1994,2,[]
A. J. M. Medved,1998,24,"['University of Capetown', 'University of Alberta', 'University of Manitoba', 'university of Alberta']"
A. J. Macfarlane,1993,11,[]
A. J. Mountain,1997,6,[]
A. J. Niemi,1992,10,[]
A. J. Nurmagambetov,2001,1,[]
A. J. Parkes,1993,1,[]
A. J. Pocklington,2000,1,[]
A. J. Segui,2002,1,[]
A. J. Segui-Santonja,1994,1,[]
A. J. Van Der Sijs,1995,2,[]
A. J. Van Tonder,1992,2,['Brown']
A. Jadczyk,1993,7,[]
A. Jakobek,2002,1,[]
A. Jakovac,1997,1,[]
A. Jannussis,1998,1,['2']
A. Jaramillo,1994,5,"['Univ. of Valencia', '1', 'U. Valencia, Spain']"
A. Jellal,2001,3,[]
A. Jevicki,1992,10,"['BROWN', 'Brown University']"
A. Johansen,1993,11,['The St.Petersburg Nuclear Physics Institute']
A. K Kapoor,1995,1,[]
A. K. Aringazin,1998,3,"['1', 'Karaganda State University, Kazakstan']"
A. K. Biswas,1998,2,[]
A. K. Chaudhuri,1997,1,[]
A. K. Grant,1999,2,[]
A. K. J. Barnes,2002,1,['U. of Southampton']
A. K. Kapoor,1995,3,[]
A. K. Khizhnyakov,2001,1,[]
A. K. Konechny,2002,1,[]
A. K. Mishra,1996,5,[]
A. K. Tollsten,1992,2,[]
A. K. Tsikh,1996,1,[]
A. K. Waldron,1992,2,[]
A. Kapella-Economou,1996,1,[]
A. Kapella-Ekonomou,2000,1,[]
A. Kapustin,1994,5,"['IAS, Princeton']"
A. Kapustnikov,1998,3,[]
A. Karch,1999,2,[]
A. Kashani-Poor,2000,4,[]
A. Kato,1993,1,[]
A. Kaya,1998,7,[]
A. Kazarnovski-Krol,1994,1,[]
A. Kehagias,1995,23,['NTU of Athens']
A. Kempf,1993,12,"['D.A.M.T.P., Cambridge', 'DAMTP, Cambridge', '1', 'IFT, Univ. of Florida']"
A. Kent,1992,4,[]
A. Keurentjes,1998,1,[]
A. Khare,1992,1,[]
A. Khavaev,1998,1,[]
A. Khelashvili,1995,2,[]
A. Khoddam-Mohammadi,2002,1,[]
A. Khoudeir,1993,9,[]
A. Khvedelidze,1994,2,[]
A. Kirchberg,2002,1,[]
A. Kizilersu,2000,2,[]
A. Klemm,1992,21,[]
A. Kling,2002,1,[]
A. Kluemper,1997,1,['Cologne']
A. Knutson,1997,2,[]
A. Kobakhidze,2001,1,[]
A. Konechny,1996,11,"['UCBerkeley,LBNL']"
A. Koubek,1992,6,[]
A. Kovner,1992,10,"['Plymouth U., Math. Stat. Dept.']"
A. Krajewska,1993,3,[]
A. Krzywicki,1994,3,[]
A. Kudryavtsev,1996,2,[]
A. Kuiroukidis,1998,3,[]
A. Kumar,1992,2,[]
A. Kundu,1994,2,[]
A. Kuniba,1992,3,[]
A. L. A. Penna,2000,1,['IF/Unb']
A. L. Barbosa,2001,2,[]
A. L. Carey,1994,3,['1']
A. L. Carey.,1995,1,[]
A. L. Cavalcanti De Oliveira,2003,1,[]
A. L. Cotrone,1999,5,[]
A. L. Gadelha,2000,5,[]
A. L. Kholodenko,1993,1,[]
A. L. Koshkarov,1997,1,"['Petrozavodsk State University, Russia']"
A. L. Larsen,1993,35,"['Obs. de Paris', 'University of Alberta, Canada', 'Obs. de Paris, DEMIRM']"
A. L. M. A. Nogueira,1995,5,['CBPF - Rio de Janeiro']
A. L. Maroto I. L. Shapiro,1997,1,['Universidad Autonoma de Madrid']
A. L. N. Oliveira,2003,2,['IF/Unb']
A. L. Oliveira,2002,1,[]
A. L. Shelepin,1992,4,['Institute of Physics University of S\\~ao Paulo']
A. Lamine,1997,1,[]
A. Laugier,2000,2,[]
A. Lavagno,1995,3,[]
A. Lawrence,1993,5,[]
A. Leclair,1992,20,[]
A. Leonidov,1993,3,[]
A. Lerda,1992,24,[]
A. Lesniewski,1994,3,[]
A. Levin,2000,3,['U. of Nottingham']
A. Lewis,1996,3,['Oxford Univ.']
A. Leznov,2002,1,[]
A. Liccardo,1998,7,[]
A. Liguori,1994,5,"['ISAAS, Trieste', 'ISAS, Trieste', 'Pisa U.']"
A. Lima - Santos,1993,1,[]
A. Lima-Santos,1998,4,[]
A. Loewy,1999,4,[]
A. Lopez,1998,10,[]
A. Lorek,1995,2,[]
A. Losev,1993,13,[]
A. Lossev,1992,1,['ITEP']
A. Love,1992,25,"['Royal Holloway', 'Royal Holloway, U. of London']"
A. Ludwig,1997,1,[]
A. Lue,1994,1,[]
A. Lukas,1994,2,[]
A. Lutken,2000,1,[]
A. M. Bincer,1993,1,[]
A. M. Boyarsky,2000,1,[]
A. M. Chervyakov,1993,2,[]
A. M. El Gradechi,1992,1,[]
A. M. Fedotov,1999,4,[]
A. M. Garcia-Garcia,2000,1,[]
A. M. Gavrilik,1999,1,"['BITP, Kiev']"
A. M. Ghezelbash,1994,16,[]
A. M. Ghezelbash. M. Khorrami,1998,1,[]
A. M. Grundland,1995,1,[]
A. M. Ignatov,2000,1,[]
A. M. Khvedelidze,1995,15,[]
A. M. Kotzinian,2002,1,[]
A. M. Levin,1997,1,[]
A. M. Malokostov,1998,1,[]
A. M. Pelinson,1999,3,[]
A. M. Perelomov,1996,4,[]
A. M. Polyakov,1992,11,[]
A. M. Semikhatov,1992,7,"['Humboldt-U Berlin,P N Lebedev Physics Institute']"
A. M. Srivastava,1992,1,[]
A. M. Stuchi,2002,1,[]
A. M. Tarabay,1999,2,[]
A. M. Tsvelik,1992,4,['Oxford University']
A. M. Uranga,1994,17,[]
A. M. Zarkesh,1993,2,[]
A. Macintyre,1994,1,[]
A. Maia Jr,1999,3,[]
A. Maia Jr.,1999,1,[]
A. Mann,1999,3,[]
A. Mariottini,1996,1,[]
A. Marshakov,1992,51,[]
A. Martin,1995,2,"['CERN, Geneva']"
A. Marzuoli,1992,5,[]
A. Masiero,1993,1,[]
A. Maslikov,1996,1,['2']
A. Matos Neto,1998,2,['1']
A. Matsuo,1992,2,[]
A. Matusis,1999,1,[]
A. Matytsin,1993,3,[]
A. Megevand,1993,1,[]
A. Melikyan,1997,9,[]
A. Mennim,2000,1,[]
A. Mezhlumian,1994,1,[]
A. Meziane,2001,2,[]
A. Micu,2000,1,[]
A. Miemiec,1999,1,[]
A. Migdal,1995,1,[]
A. Mikhailov,1993,2,[]
A. Mikovic,1992,15,[]
A. Mikovicc,1994,1,[]
A. Minzoni,1996,1,[]
A. Mironov,1992,52,[]
A. Mishchenko,1994,1,[]
A. Misra,1998,6,"['Institute of Physics, Bhubaneswar, Orissa, India', 'IOP Bhubaneswar', 'Department of Physics, Indian Institute of Technology, Kanpur, UP, India']"
A. Miyake,2002,1,[]
A. Molev,1994,1,[]
A. Molinari,1996,1,[]
A. Momen,1998,2,[]
A. Mondragon,1996,2,[]
A. Montero,1996,2,[]
A. Morel,1993,1,[]
A. Morozov,1992,51,[]
A. Mostafazadeh,2000,3,[]
A. Mueller,1998,3,[]
A. Mukherjee,1994,11,"['University of Delhi, India', 'Univ. of Delhi, India']"
A. N. Ivanov,1997,15,[]
A. N. Kapustin,1994,1,[]
A. N. Kirillov,1992,2,[]
A. N. Kuznetsov,1996,2,[]
A. N. Kvinikhidze,2001,2,['U. of Manchester']
A. N. Leznov,1993,17,"['Institute for High Energy Physics, Protvino, Russia', '2, 3,4', 'Institute for High Energy Physics, Protvino, Moscow Region, Russia']"
A. N. Manashov,1995,8,['St. - Petersburg State University']
A. N. Mitra,1996,3,['anmitra@csec.ernet.in']
A. N. Pressley,1994,2,[]
A. N. Schellekens,1992,19,"['NIKHEF, Amsterdam']"
A. N. Sissakian,1994,13,"['Dubna, JINR']"
A. N. Theron,1994,3,[]
A. N. Vaidya,2002,4,[]
A. N. Vall,1996,4,[]
A. N. Varchenko,1996,1,[]
A. N. Vasilev,1993,1,[]
A. N. Vasiliev,1993,1,[]
A. Naddeo,2002,1,['Univ. degli Studi di Napoli']
A. Nakamichi,1992,4,[]
A. Nakayashiki,1992,1,[]
A. Naqvi,1998,2,['M.I.T']
A. Nayeri,2000,1,['MIT']
A. Nazarenko,2000,1,[]
A. Nersessian,1993,17,[]
A. Neveu,1995,3,"['Lab. de Phys. Math., Montpellier II-CNRS,Lawrence Berkeley Lab., Univ. of California, Berkeley.', 'Lawrence Berkeley Laboratory']"
A. Nichols,2000,10,[]
A. Nicolaidis,1994,3,[]
A. Niegawa,1994,8,[]
A. Niemeyer,1994,3,[]
A. Niemi,2001,1,[]
A. Nieto,1998,1,[]
A. Notari,2002,1,"['Scuola Normale Superiore, Pisa']"
A. Nowicki,2001,4,"['University of Zielona Gora', 'Inst. of Phys. Pedagogical University, Zielona Gora', 'Zielona Gora Univ.', ""Institute of Physics, University of Zielona G\\'{o}ra, Poland""]"
A. Nurmagambetov,1995,1,[]
A. O. Barut,1994,2,[]
A. O. Barvinsky,1994,12,[]
A. O. Caldeira,1993,1,[]
A. O. Starinets,2001,4,[]
A. Odesskii,2001,1,[]
A. Ogura,2000,1,[]
A. Opfermann,1996,4,[]
A. Orlov,1993,2,[]
A. P. B. Scarpelli,2000,1,[]
A. P. Ba^Eta Scarpelli,2003,1,[]
A. P. Baeta Scarpelli,2001,4,[]
A. P. Balachandran,1992,37,['1']
A. P. C. Malbouisson,1995,9,[]
A. P. De Almeida,1993,1,[]
A. P. Demichev,1993,4,"['CBPF/CNPQ, Rio de Janeiro']"
A. P. E. Ten Kroode,1992,1,[]
A. P. Flitney,1995,1,[]
A. P. Fordy,1995,1,[]
A. P. Isaev,1992,19,"['BLTP, Jinr, Dubna', 'Dubna']"
A. P. Korte,1997,1,[]
A. P. Nersessian,1992,3,[]
A. P. Polychronakos,1993,12,"['SHS, Oslo,ITP, Uppsala', 'CUNY , Ru']"
A. P. Protogenov,1994,2,"['1,2']"
A. P. Veselov,1999,2,[]
A. P. Zubarev,1992,8,[]
A. Pagnamenta,1994,1,[]
A. Pankiewicz,2000,3,[]
A. Panza,1997,1,[]
A. Paredes,2001,5,[]
A. Parodi,2003,1,['SISSA']
A. Pashnev,1992,28,['JINR']
A. Pasquinucci,1994,13,['Milano University']
A. Patkos,2000,1,[]
A. Patrascioiu,1997,3,['University of Arizona']
A. Peet,1993,2,[]
A. Pelissetto,2000,3,[]
A. Pelster,1999,2,[]
A. Penna-Firme,1998,2,[]
A. Perelomov,1994,1,[]
A. Perez,1996,1,[]
A. Perica,1994,2,"['Rudjer Boskovic Institute, Zagreb, Croatia']"
A. Peter,1996,1,[]
A. Peterman,1999,1,[]
A. Petermann,1993,3,[]
A. Petkos,1993,1,[]
A. Pichugin,1992,3,[]
A. Pickering,2000,1,[]
A. Pinzul,2000,7,[]
A. Pocklington,2000,1,[]
A. Polishchuk,1998,1,[]
A. Polyakov,1992,7,[]
A. Polychronakos,1993,1,[]
A. Pompos,1993,1,[]
A. Pordt,1994,1,[]
A. Quadri,2000,1,"[""Universita' di Milano,INFN, sez. di Milano""]"
A. Quartarolo,1994,1,[]
A. R. Bohm,2001,1,[]
A. R. Da Silva,1996,2,['2']
A. R. Fazio,2001,4,[]
A. R. Its,1992,1,[]
A. R. Lugo,1999,1,[]
A. R. Mkrtchyan,2002,1,[]
A. R. Pereira,1998,1,[]
A. R. Rastegar,1996,2,[]
A. R. Zhitnitsky,1996,1,['University of British Columbia']
A. Radul,1993,2,[]
A. Rago,2002,1,[]
A. Rajaraman,1996,11,['SLAC']
A. Rakhimov,2002,1,[]
A. Rathke,2002,1,[]
A. Rebhan,1992,8,[]
A. Recknagel,1992,13,"['AEI Potsdam', 'ETH Zuerich', ""King's College London""]"
A. Refolli,1995,4,[]
A. Restuccia,1993,35,"[""Universidad Sim\\'on Bol\\'{\\i}var, Caracas, Venezuela""]"
A. Restuccian,1998,1,[]
A. Resturccia,1994,1,[]
A. Rezaei-Aghdam,1997,3,[]
A. Riazuelo,2001,1,[]
A. Ribeiro Filho,2002,1,[]
A. Richardson,1998,1,[]
A. Rida,1999,2,"['1', 'USTHB, Alger, Algeria.']"
A. Riotto,2002,2,"['INFN, Padova']"
A. Ritz,1995,7,[]
A. Rivero,1996,2,"['Dep Fisica Teorica, Univ Zaragoza', 'U. of Zaragoza']"
A. Rod Gover,2001,2,[]
A. Romanenko,2001,3,"['Kiev Taras Shevtchenko University', 'Kiev Taras Shevchenko University']"
A. Romeo,1992,7,['IEEC/CSIC']
A. Rosly,1997,3,[]
A. Rozenberg,1997,1,[]
A. Ruffing,1996,1,[]
A. S. Cattaneo,1992,9,[]
A. S. Cornell,2002,1,[]
A. S. De Castro,2003,1,[]
A. S. Fokas,1995,2,[]
A. S. Galperin,1992,1,[]
A. S. Goldhaber,1993,3,[]
A. S. Gorsky,1993,4,[]
A. S. Inacio,2001,1,[]
A. S. Kapoyannis,2000,1,['Univ. of Athens']
A. S. Koshelev,1998,11,[]
A. S. Kudusov,1998,1,"['Karaganda State University, Kazakstan']"
A. S. Majumdar,1997,3,"['S. N. Bose Natl. Cntr.', 'S. N. Bose Natl. Centr.']"
A. S. Mueller,1998,1,[]
A. S. Schwarz,1992,1,[]
A. S. Sorin,1996,3,[]
A. S. Stepanenko,1993,4,['IPhys Group']
A. S. Vytheeswaran,1999,1,"['Bangalore University, India']"
A. S. Yelkhovsky,1994,1,[]
A. S. Zhedanov,1993,1,[]
A. Saa,1993,1,[]
A. Sadrzadeh,1999,6,[]
A. Sagnotti,1993,18,"['U. Roma ""Tor Vergata""']"
A. Saharain,2000,1,[]
A. Sako,1997,1,[]
A. Santambrogio,1996,11,[]
A. Schafke,1998,2,[]
A. Schilling,1997,1,[]
A. Schwarz,1995,11,"['UCDavis, IHES']"
A. Schwimmer,1992,13,"['Weizmann Institute of science, Israel', 'Weizmann Institute']"
A. Sciarrino,1994,3,[]
A. Sedrakyan,1992,7,[]
A. Sen,1992,1,[]
A. Sevrin,1992,20,[]
A. Shafei Deh Abad,1994,4,[]
A. Shafiekhani,1995,5,[]
A. Shapere,1995,1,[]
A. Shariati,1994,5,[]
A. Shcherbakov,2001,2,[]
A. Shirzad,1993,5,[]
A. Shishanin,2003,1,[]
A. Shuvaev,1997,1,[]
A. Simoni,1992,3,[]
A. Singh,1992,1,[]
A. Sirlin,2000,1,['New York U.']
A. Sissakian,1998,2,[]
A. Sitarz,1996,1,[]
A. Smailagic,1992,16,[]
A. Smida,2001,1,[]
A. Smilga,1994,6,[]
A. Soloshenko,2002,1,[]
A. Solovyov,2000,3,[]
A. Sorin,1994,18,[]
A. Sotomayor,2000,1,[]
A. Starinets,1999,4,['Department of Physics NYU']
A. Steif,1992,1,[]
A. Stern,1992,27,[]
A. Strohmaier,1999,1,[]
A. Strominger,1992,16,['Harvard']
A. Subbotin,1995,1,[]
A. Sudbery,1993,2,[]
A. Sugamoto,1995,6,['Ochanomizu U.']
A. Sule,2002,1,['IIT-Bombay']
A. Sutulin,1994,2,[]
A. T. Banin,1995,6,"['Institute of Mathematics, Novosibirsk']"
A. T. Filippov,1992,8,"['JINR, Dubna, Russia,RIMS, Kyoto-U., Kyoto, Japan']"
A. T. Flournoy,2000,3,[]
A. T. Kotwicki,1996,1,[]
A. T. Suzuki,1995,7,[]
A. Takahashi,1999,1,[]
A. Taleb,1999,1,[]
A. Tanzini,1997,12,"['LPTHE, Paris VI-VII']"
A. Taormina,1992,9,['Durham University']
A. Tarancon,1999,1,[]
A. Tenorio,1998,1,[]
A. Teschendorff,1997,3,[]
A. Tofighi,1998,1,[]
A. Tokura,1996,3,[]
A. Tomasiello,1999,7,[]
A. Toon,1992,2,[]
A. Torrielli,2001,2,[]
A. Tort,1997,3,[]
A. Treves,1992,1,[]
A. Tseytlin,1997,1,[]
A. Tsuchiya,1992,9,[]
A. Turbiner,1992,3,"['UNAM, Mexico']"
A. Tureanu,2000,8,[]
A. Uribe,1994,1,[]
A. Ushveridze,1996,3,[]
A. V. Antonov,1995,2,[]
A. V. Barabanschikov,1996,1,[]
A. V. Belitsky,2000,3,[]
A. V. Bratchikov,1997,7,[]
A. V. Galajinsky,1994,10,"['ITP, Univ. Hannover']"
A. V. Gichuk,2003,1,[]
A. V. Ilinskaia,1995,2,[]
A. V. Karabegov,1994,1,[]
A. V. Kartavtsev,2002,1,[]
A. V. Kotikov,1996,2,"['ENSLAPP, Annecy,JINR, Dubna']"
A. V. Kuzmin,2002,2,[]
A. V. Leonidov,1995,1,[]
A. V. Lyakhovskaya,1993,1,[]
A. V. Manohar,1994,2,[]
A. V. Matytsin,1995,1,[]
A. V. Mikhailov,1992,2,[]
A. V. Nefediev,1997,1,['ITEP']
A. V. Nesterenko,1997,1,[]
A. V. Odesskii,2001,1,[]
A. V. Ramallo,1992,24,[]
A. V. Razumov,1993,11,[]
A. V. Romanenko,2002,1,['Kiev Taras Shevtchenko University']
A. V. Ryzhov,2003,1,[]
A. V. Saa,1992,2,[]
A. V. Sevostyanov,1995,1,"['Universite de Bourgogne,Steklov Mathematical Institute']"
A. V. Shpagin,1998,1,[]
A. V. Shurgaia,1997,6,[]
A. V. Sinitskaya,1996,4,[]
A. V. Smilga,1993,22,"['ITEP, Moscow', 'Univ. of Nantes']"
A. V. Sokolov,2003,1,['2']
A. V. Tsiganov,1993,4,['St.Petersburg University']
A. V. Veselov,1994,1,[]
A. V. Yung,1994,2,[]
A. V. Yurov,2002,3,[]
A. V. Zabrodin,1993,4,[]
A. V. Zotov,2003,1,[]
A. Vainshtein,1998,6,[]
A. Valleriani,1992,5,[]
A. Van Hameren,2003,1,[]
A. Van Proeyen,1992,20,[]
A. Varchenko,1994,3,[]
A. Vazquez,1996,1,[]
A. Vereshagin,2003,1,"['1,2']"
A. Veselov,1997,1,[]
A. Vicini,2002,1,[]
A. Vilenkin,2000,1,[]
A. Volovich,1996,1,[]
A. W. Ackley,1995,1,[]
A. W. Owen,2002,2,[]
A. W. Peet,1996,4,"['Princeton University', '2']"
A. W. Schreiber,1998,7,"['University of Adelaide', 'University of Adelaide, Australia', 'Adelaide']"
A. W. W. Ludwig,1994,2,[]
A. Waldron,1997,14,['UC Davis']
A. Watterstam,1992,1,[]
A. Weber,1995,4,[]
A. Wehner,1998,1,['Utah State University']
A. Weinstein,1994,1,[]
A. Wereszczynski,2002,1,[]
A. Westerberg,1994,2,[]
A. Widom,1995,1,[]
A. Wiedemann,1992,1,[]
A. Wilch,1999,1,[]
A. Wipf,1993,19,"['FSU Jena', 'Jena']"
A. Wolski,1992,1,[]
A. Wurtz,2003,1,[]
A. Y. Alekseev,2000,1,[]
A. Y. Marko,1999,1,[]
A. Y. Petrov,2001,1,[]
A. Y. Segal,2002,1,[]
A. Y. Shiekh,1993,3,[]
A. Y. Tishchenko,1995,2,['Dnepropetrovsk state university']
A. Yegulalp,1995,1,[]
A. Yelnikov,2003,1,[]
A. Yildiz,2002,1,[]
A. Yu. Alekseev,1993,12,['Uppsala']
A. Yu. Babansky,1997,3,"['BITP, Ukraine']"
A. Yu. Boldin,1994,1,[]
A. Yu. Kamenshchik,1996,4,[]
A. Yu. Loginov,2002,1,[]
A. Yu. Orlov,1994,2,[]
A. Yu. Petrov,1995,17,"['Department of Theoretical Physics, Tomsk State Pedagogical Institute, Tomsk, Russia', 'Department of Theoretical Physics, Tomsk State Pedagogical Institute Tomsk, Russia', 'Department of Theoretical Physics Tomsk State Pedagogical Institute Tomsk, Russia', 'Department of Theoretical Physics, Tomsk State Pedagogical University, Tomsk, Russia', 'Department of Theoretical Physics, Tomsk State Pedagogical Institute, Russia']"
A. Yu. Segal,1994,9,"['Department of Theoretical Physics, Tomsk State University, Tomsk, Russia', 'Lebedev Physical Institute']"
A. Yu. Volkov,1993,6,[]
A. Yung,2000,6,[]
A. Yurov,2002,1,[]
A. Z. Capri,1994,6,[]
A. Z. Malkin,1993,2,[]
A. Zabrodin,1992,13,[]
A. Zadra,1993,5,[]
A. Zaffaroni,1992,34,[]
A. Zamolodchikov,1993,13,['Rutgers']
A. Zampa,1998,1,[]
A. Zampini,2001,1,[]
A. Zapletal,1993,5,[]
A. Zee,1994,6,"['ITP, UC Santa-Barbara']"
A. Zelnikov,1993,10,[]
A. Zepeda,1998,1,['1']
A. Zhedanov,1996,2,[]
A. Zhitnitsky,1996,1,[]
A. Zhuk,2001,6,[]
A. Zichichi,1993,2,[]
A. Zorich,1997,1,[]
A. Zotov,2000,2,[]
A. Zoupas,1997,1,[]
A.-C. Davis,2002,1,[]
A.~M.~Semikhatov,1992,1,[]
Aalok Misra,2000,7,[]
Aaron Bergman,2000,4,[]
Aaron K. Grant,1993,1,[]
Abbas Ali,1993,6,[]
Abdel-Khalek Khaled,1996,1,"['Dip. di Fisica, INFN, Lecce']"
Abdulmajeed Abdurrahman,1999,1,['Rutherford Lab.']
Abdus Salam,1992,1,[]
Abel Camacho,1996,1,[]
Aberto S. Cattaneo,1995,1,[]
Abha Sood,1995,7,"['1', 'Universit\\""at Oldenburg']"
Abhas Mitra,1999,1,"['BARC, Theory']"
Abhay Ashtekar,1992,13,"['Center for Gravitational Physics,Geometry, Pennsylvania State University']"
Abhijit K. Kshirsagar,1992,1,[]
Abhinav Gupta,2002,1,"[""St. Stephen's College, Delhi University""]"
Abilio De Freitas,1999,2,[]
Abu M. Khan,2002,1,[]
Achim Kempf,1992,8,"['DAMTP, Cambridge, U.K.', 'D.A.M.T.P., Cambridge, UK', 'DAMTP, Cambridge', 'DAMTP, Cambridge, UK']"
Adam Clark,2003,1,[]
Adam D. Helfer,1998,5,[]
Adam F. Falk,1992,1,[]
Adam Falkowski,2000,8,[]
Adam Krawiec,2002,1,[]
Adam Lewandowski,2001,2,[]
Adam M. Bincer,1993,1,[]
Adam Reynolds,2001,1,['MIT']
Adam Ritz,1999,4,[]
Adam Schwimmer,1997,2,[]
Adel Awad,2000,2,['U. of Cincinnati']
Adel Bilal,1992,32,"['Neuchatel University', 'ENS Paris', 'ENS']"
Adel Khoudeir,1997,5,[]
Adel M. Awad,1999,4,[]
Adenauer Casali,2002,1,[]
Adenauer Girardi Casali,2002,1,[]
Adi Armoni,1999,11,"['CERN', 'Ecole Polytechnique']"
Adil Belhaj,2001,4,[]
Adolfo Maia Jr,2002,1,[]
Adolfo Maia Jr.,1996,1,"['Universidade de Campinas, Campinas-SP, Brazil,Brown University, Providence, RI, USA']"
Adria N R. Lugo,1994,1,[]
Adriaan M. J. Schakel,1993,1,[]
Adrian C. Ottewill,2002,1,[]
Adrian Muller,1999,1,[]
Adrian Neagu,1993,1,[]
Adrian Patrascioiu,1998,3,[]
Adrian R. Lugo,1996,10,[]
Adrian Vajiac,2000,1,[]
Adriano Di Giacomo,1996,3,[]
Adriano S. Pedra,1997,1,"[""Universidade Federal do Esp\\'{\\i}rito Santo""]"
Agapitos Hatzinikitas,1997,9,[]
Agustin Nieto,1996,2,"['CERN', 'Ohio State University']"
Aharon Casher,1996,3,[]
Aharon Davidson,1993,5,"['Ben Gurion University of the Negev', 'Ben Gurion']"
Aharon Nudelman,2000,2,[]
Ahmad Ghodsi,2002,1,[]
Ahmad Shariati,1996,1,[]
Ahmed Hindawi,1995,10,[]
Ahmed Jellal,2000,11,[]
Ahmed Meziane,2002,1,[]
Ailin Zhang,2000,1,[]
Ajay Subramanian,1995,1,[]
Akifumi Sako,1996,6,[]
Akihiro Ishibashi,2000,3,[]
Akihiro Murayama,2003,1,[]
Akihiro Nakamura,2001,3,[]
Akihisa Hayashi,1993,1,[]
Akika Nakamichi,1993,4,[]
Akikazu Hashimoto,1994,27,['ITP Santa Barbara']
Akinobu Shimizu,1994,1,[]
Akio Sugamoto,1993,16,['Ochanomizu University']
Akira Fujii,1992,8,[]
Akira Inomata,1995,1,[]
Akira Ishida,2002,2,[]
Akira Kato,2001,1,[]
Akira Kokado,1996,8,['1']
Akira Suzuki,1993,1,[]
Akira Tokura,1994,2,[]
Akishi Kato,1992,4,[]
Akitsugu Miwa,2003,1,[]
Al. B. Zamolodchikov,1993,4,['Montpellier II']
Al. Kavalov,1994,1,[]
Al. R. Kavalov,1992,1,[]
Al. Zamolodchikov,1994,8,['Montpellier']
Alain Connes,1996,10,"['ETH,IHES', 'ETH,I.H.E.S']"
Alain Dasni`Eres De Veigy,1993,1,[]
Alain Dasnieres De Veigy,1993,1,[]
Alain Lascoux,1994,1,[]
Alain Riazuelo,2002,1,[]
Alan A. Coley,1999,3,"['2', '1']"
Alan Carey,1995,3,[]
Alan Chodos,1995,8,"['Yale University', 'Yale Univ.']"
Alan George,2002,1,[]
Alan H. Guth,1992,1,[]
Alan J. Macfarlane,1995,1,[]
Alan Kostelecky,1992,9,[]
Alan L. Carey,1997,3,['1']
Alan R. Steif,1993,3,[]
Alan R. White,1993,1,[]
Alan Weinstein,1993,2,[]
Alastair Paulin-Campbell,1999,3,[]
Albert Schwarz,1992,20,['UCDavis']
Alberto Accardi,1997,2,[]
Alberto Blasi,1992,5,[]
Alberto Carlini,1992,2,[]
Alberto Frizzo,1999,1,[]
Alberto Garcia,1995,5,"['Department of Physics, CINVESTAV, Mexico.']"
Alberto Guijosa,1998,10,['Princeton University']
Alberto Iglesias,2000,6,[]
Alberto Lerda,1993,8,[]
Alberto Nicolis,2001,1,[]
Alberto Perotto,1995,1,[]
Alberto S. Cattaneo,1996,3,['Harvard University']
Alberto Saa,1993,1,[]
Alberto Santambrogio,1999,6,[]
Alberto Zaffaroni,1995,9,[]
Albion Lawrence,1995,15,"['U. Chicago, Enrico Fermi Institute']"
Albrecht Klemm,1992,13,[]
Alec Matusis,1997,9,[]
Alejandro Ayala,1998,1,['ICN-UNAM/Mexico']
Alejandro Cabo,1999,2,[]
Alejandro Corichi,1997,3,['Penn State']
Alejandro Rivero,1994,5,"['Universidad de Zaragoza', 'Zaragoza Univ.', 'U. of Zaragoza', 'Univ. Carlos III Madrid']"
Alejandro Tiraboschi,1993,1,[]
Aleksandar Belic,1998,2,[]
Aleksandar Bogojevic,1998,5,"['Institute of Physics', 'Institute of Physics, Belgrade']"
Aleksandar Kocic,1993,1,[]
Aleksandar Mikovic,1996,1,[]
Aleksandar R. Bogojevic,1995,1,[]
Aleksandr A. Zheltukhin,1997,1,[]
Aleksandr Zheltukhin,1999,2,"['Stockholm U.,Kharkov IPT', 'Stockholm']"
Aleksej V. Chechkin,1993,1,[]
Aleksey Nudelman,1997,6,[]
Aleksey Polishchuk,1999,1,[]
Aleksey Yu. Nurmagambetov,1995,1,[]
Alessandra Agostini,2002,1,[]
Alessandra Buonanno,1998,3,[]
Alessandra Frabetti,2000,2,[]
Alessandro Fabbri,1999,6,[]
Alessandro Gualzetti,1992,1,[]
Alessandro Marchetti,2003,1,[]
Alessandro Pelizzola,1995,2,[]
Alessandro Tanzini,2000,11,"['LPTHE Paris 6-7', 'LPTHE, Paris VI-VII']"
Alessandro Tomasiello,1999,8,"['CPhT, Ecole Polytechnique']"
Alessandro Torrielli,2002,2,[]
Alessandro Zampa,1999,1,[]
Alessandro Zampini,2002,1,[]
Alessio Celi,2002,1,[]
Alex Buchel,1998,14,[]
Alex C Kalloniatis,1996,1,['Erlangen-Nuremberg']
Alex C. Kalloniatis,1994,7,"['Max-Planck Institut fuer Kernphysik, Heidelberg', 'Universit\\""at Erlangen-N\\""urnberg', 'Heidelberg', 'Institute for Theoretical Physics III, University Erlangen - N\\""urnberg, Germany']"
Alex Deckmyn,1992,2,[]
Alex Granik,2000,3,[]
Alex J. Feingold,1995,1,[]
Alex Kasman,1994,1,['Boston University']
Alex Kehagias,2002,3,[]
Alex Kovner,1993,17,"['Oxford', 'CERN,Plymouth U.', 'Plymouth U.']"
Alex Lewis,1996,7,[]
Alex Lyons,1992,1,[]
Alex Moreno,2001,1,[]
Alex Pomarol,2001,3,[]
Alex Travesset,1997,1,[]
Alexander A. Belov,1993,2,[]
Alexander A. Chernitskii,1997,6,[]
Alexander A. Migdal,1993,3,[]
Alexander A. Osipov,2001,3,[]
Alexander A. Vlasov,1997,4,[]
Alexander A. Voronov,1994,2,['University of Pennsylvania']
Alexander A. Zheltukhin,1998,1,[]
Alexander Antonov,1996,2,[]
Alexander Astashkevich,1994,2,[]
Alexander Balatsky,1992,1,"['Los Alamos National Laboratory,Theoretical Division,Landau Institute for Theoretical Physics, Moscow, USSR']"
Alexander Barabanschikov,2003,1,[]
Alexander Belopolsky,1994,7,['MIT']
Alexander Berkovich,1994,4,[]
Alexander Braverman,1994,2,[]
Alexander Burinskii,1995,13,"['NSI, Russian Academy of Sciences', 'NSI Russian Academy of Sciences', 'Gravity Research Group, IBRAE, Russian Academy of Sciences']"
"Alexander Cardona , France)",2000,1,"[""Laboratoire de Math\\'ematiques Appliqu\\'ees, Universit\\'e Blaise Pascal (Clermont II""]"
Alexander Chervov,2002,1,[]
Alexander D. Popov,1999,13,[]
Alexander Feinstein,2002,3,[]
Alexander Friedland,1998,1,[]
Alexander G. Abanov,2000,1,[]
Alexander G. Sibiryakov,1996,2,[]
Alexander Galperin,1996,3,[]
Alexander Ganchev,1993,2,[]
Alexander Givental,1993,1,[]
Alexander Gorsky,1994,8,[]
Alexander I Nesterov,2002,1,[]
Alexander I. Nesterov,2000,3,[]
Alexander Kaganovich,2002,3,"['Ben-Gurion Univ., Beer-Sheva', 'Ben- Gurion Univ., Beer-Sheva']"
Alexander Kamenshchik,2002,2,[]
Alexander Kirillov Jr,1993,4,[]
Alexander Kirillov Jr.,1994,1,['Yale']
Alexander Kling,2000,6,[]
Alexander Kusenko,1996,3,['CERN']
Alexander Kuznetsov,2000,1,[]
Alexander Laufer,1996,1,[]
Alexander Maloney,1999,5,[]
Alexander Migdal,1992,2,['Princeton University']
Alexander Mitov,2002,1,[]
Alexander Molev,1994,2,[]
Alexander Moroz,1992,4,[]
Alexander Niemeyer,1996,1,[]
Alexander O. Harin,1994,1,['University of Natal']
Alexander P. Kobushkin,2002,1,[]
Alexander Postnikov,2002,1,[]
Alexander R. Its,1995,1,[]
Alexander Rozenberg,1996,2,"['NYU', 'New York University']"
Alexander Rutenburg,2003,1,[]
Alexander Sevrin,1993,18,[]
Alexander Turbiner,1992,11,[]
Alexander Ushveridze,1996,6,[]
Alexander V. Razumov,1992,5,[]
Alexander V. Turbiner,2000,3,[]
Alexander Varchenko,1993,8,[]
Alexander Verbovetsky,1994,1,[]
Alexander Vilenkin,1994,14,['Tufts University']
Alexander Von Gussich,1995,5,[]
Alexander Yu. Kamenshchik,1996,14,[]
Alexander Zamolodchikov,1993,1,[]
Alexander Zaslavsky,1999,1,"['Dniepropetrovsk University, Ukraine']"
Alexandr Yelnikov,2001,1,[]
Alexandre G. De M. Schmidt,2001,1,[]
Alexandre G. M. Schmidt,1997,10,[]
Alexandre T. Filippov,1997,1,"['JINR, Dubna']"
Alexandros A. Kehagias,1994,5,[]
Alexandros Kehagias,1996,4,[]
Alexei A. Abrikosov,1999,2,[]
Alexei A. Starobinsky,1995,1,[]
Alexei Deriglazov,2001,1,[]
Alexei Khavaev,2000,2,[]
Alexei Kitaev,2001,1,[]
Alexei M. Tsvelik,1999,1,[]
Alexei Mishchenko,1997,3,['Bogolyubov Institute for Theoretical Physics']
Alexei Morozov,1993,3,[]
Alexei Nurmagambetov,1997,7,[]
Alexei Starobinsky,1994,3,['Landau ITP']
Alexei Vladimirov,2002,1,[]
Alexei Yu. Nurmagambetov,1995,2,[]
Alexei Yung,1996,5,"['Physics Department, University College of Swansea', 'Petersburg Nuclear Physics Institute']"
Alexej Fomin,1996,1,[]
Alexey A. Kadeishvili,1996,1,[]
Alexey Anisimov,2001,2,[]
Alexey Boyarsky,2002,2,[]
Alexey Koshelev,2002,1,[]
Alexey Maznytsia,1996,4,[]
Alexey S. Koshelev,1998,1,[]
Alexey Sevostyanov,1995,1,['Steklov Mathematical Institute']
Alexios P Polychronakos,2001,1,[]
Alexios P. Polychronakos,1992,28,[]
Alexis Amezaga,1999,2,[]
Alexis Hernandez,2002,1,[]
Alfio Bonanno,1997,2,"[""Osservatorio Astrofisico, Universita' di Catania,,INFN, sezione di Catania, Italy""]"
Alfonso Ramallo,1999,1,[]
Alfred D. Shapere,1995,6,[]
Alfred Davis,1998,1,[]
Alfred S. Goldhaber,1992,5,"['ITP, SUNY Stony Brook', 'SUNY Stony Brook']"
Alfred Scharff Goldhaber,1999,5,[]
Alfred Shapere,1992,2,[]
Alfredo Herrera-Aguilar,1997,11,[]
Alfredo Iorio,1995,4,[]
Alfredo Macias,1996,2,"['UAM-I, Mexico']"
Alfredo T. Suzuki,1997,15,[]
Alfredo Takashi Suzuki,2003,1,[]
Ali Chamseddine,1996,2,[]
Ali H. Chamseddine,1996,14,"['CAMS, AUB', 'CAMS/AUB', 'CAMS-AUB', 'ETHZ']"
Ali Imaanpur,2003,1,[]
Ali Kaya,1999,8,[]
Ali Mostafazadeh,1993,16,"['Dep. of Physics, U. Texas at Austin, Austin, Texas', 'Center for Relativity, Department of Physics, The University of Texas at Austin, Austin, Texas']"
Ali Namazie,1998,1,[]
Ali Nayeri,2000,2,['MIT']
Ali Reza Tavanfar,2002,1,[]
Ali Yegulalp,1994,2,['Princeton University']
Alice Rogers,1994,6,"[""King's College London""]"
Alin Tirziu,2002,1,[]
Allan Adams,2001,4,[]
Allen C. Hirshfeld,1995,5,"['University of Dortmund, Germany', 'University of Dortmund']"
Alok Kumar,1992,38,[]
Alon E. Faraggi,1992,28,"['IAS, Princeton', 'Weizmann Sceince Institute']"
Alon Marcus,2001,3,[]
Alpan Raval,1994,1,[]
Alvaro De Souza Dutra,2000,5,"['UNESP/Guaratingueta', ""UNESP/Campus de Guaratinguet\\'a-DFQ""]"
Alvaro Nunez,2003,1,[]
Alvaro Restuccia,1994,2,[]
Am Semikhatov,2000,2,[]
Amand Faessler,1999,1,[]
Amanda Peet,1992,5,[]
Amanda W. Peet,1995,15,"['Princeton University', 'ITP Santa Barbara']"
Ambar Sengupta,1994,2,[]
Amer Iqbal,1998,18,[]
Amihay Hanany,1992,48,['Institute for Advanced Study']
Amine B. Hammou,1999,3,"['SISSA,Trieste,Italy', 'Univ. of Crete,FORTH']"
Amine M. El Gradechi,1993,2,[]
Amir Aghamohammadi,1993,2,[]
Amir E. Mosaffa,2002,3,[]
Amir H. Fatollahi,1996,11,[]
Amir H. Rezaeian,2001,1,[]
Amir Masoud Ghezelbash,1996,5,[]
Amir Mulic,1999,1,"['Department of Physics, University in Oslo']"
Amir-Kian Kashani-Poor,2001,2,[]
Amit Ghosh,1994,5,[]
Amit Giveon,1992,25,[]
Amit Loewy,2002,2,[]
Amit Sever,2001,2,[]
Amitabha Chakrabarti,1994,1,[]
Amitabha Lahiri,1992,11,"['Bose Ctr.', '2', 'Bose Ctr., Kolkata', 'University of Sussex', 'S.N.Bose Ctr.', 'S.N.Bose National Centre for Basic Sciences']"
Amos Yarom,2003,1,[]
Amy E. Ksir,2002,1,[]
An-Ying Dai,1993,1,[]
An. Kavalov,1996,1,[]
Ana Achucarro,1992,3,[]
Ana Lopez,1994,1,[]
Anamaria Font,1992,10,[]
Anamarija Borstnik,1997,1,[]
Anastasia Doikou,1997,16,[]
Anastasia Volovich,1996,19,[]
Anastasios C. Petkou,1996,3,[]
Anastasios Petkou,1994,3,[]
Anatol N. Kirillov,1992,13,[]
Anatol Nowicki,1992,3,"['Physikalisches Inst., Universit\\""{a}t Bonn, Nussallee 12, 53115 Bonn, Germany']"
Anatolij I. Bugrij,1996,3,[]
Anatoly Dymarsky,2003,1,[]
Anatoly Konechny,1997,4,"['UCBerkeley,LBNL']"
Anatoly Morosov,1998,1,[]
Anatoly Pashnev,2003,1,[]
Anders Watterstam,1992,1,[]
Anders Westerberg,1994,13,[]
Anderson Ilha,1999,4,[]
Andras Kaiser,1995,3,[]
Andras Szenes,1992,3,[]
Andre De Gouvea,1998,1,[]
Andre J. Van Tonder,1992,1,[]
Andre Leclair,1993,13,[]
Andre Lukas,1996,33,['UPenn']
Andre Martin,1996,3,"['Theoretical Physics Division, CERN,,LAPP, Annecy Le Vieux']"
Andre Miemiec,1998,7,[]
Andre Roberge,1994,1,[]
Andre Van Tonder,1996,4,['Brown University']
Andre Wehner,2000,3,[]
Andre Wilch,1996,4,[]
Andrea Belli,1997,2,[]
Andrea Brignole,1995,3,['CERN-TH']
Andrea Cappelli,1995,11,[]
Andrea Gambassi,2001,1,[]
Andrea Gregori,1998,11,[]
Andrea Pasquinucci,1992,9,[]
Andrea Pelissetto,2000,3,[]
Andrea Quadri,1999,8,"['1', 'Max-Planck-Institut fuer Physik - Munich']"
Andrea Refolli,1995,5,[]
Andrea Trombettoni,2003,1,[]
Andrea Wulzer,2002,1,['2']
Andrea Zirotti,2002,2,[]
Andreas Albrecht,1993,4,[]
Andreas Aste,1997,7,['University of Basel']
Andreas Bette,1995,3,[]
Andreas Bichl,2001,1,[]
Andreas Brandhuber,1998,8,[]
Andreas Bredthauer,2002,3,[]
Andreas Fring,2001,4,[]
Andreas Gustavsson,1999,6,[]
Andreas Honecker,1995,1,[]
Andreas Karch,1996,31,[]
Andreas Ludwig,1994,1,[]
Andreas Nyffeler,1997,1,"['1,2']"
Andreas Rathke,2002,2,[]
Andreas Recknagel,1996,5,"['ETH Zuerich', ""King's College London""]"
Andreas Ruffing,1992,1,[]
Andreas U. Schmidt,1997,1,[]
Andreas W. W. Ludwig,1994,4,[]
Andreas W. Wipf,1993,1,[]
Andreas Wipf,1993,5,[]
Andreas Wisskirchen,1994,10,[]
Andrei A. Bytsenko,1995,5,[]
Andrei A. Galiautdinov,2000,4,"['Georgia Institute of Technology', 'School of Physics, Georgia Institute of Technology']"
Andrei B. Klimov,1994,1,['P.N. Lebedev Physical Institute']
Andrei Babichenko,2001,1,[]
Andrei Barvinsky,2001,4,"['Lebedev Inst', 'Lebedev Inst.']"
Andrei Bytsenko,1993,2,[]
Andrei Bytsko,2000,1,[]
Andrei Cheshel,2002,1,['Kaiserslautern U.']
Andrei Demichev,1997,1,[]
Andrei Dubikovsky,1995,1,[]
Andrei Frolov,2001,5,['CITA']
Andrei G. Bytsko,2000,3,[]
Andrei G. Terekidi,2003,1,[]
Andrei Galiautdinov,2000,3,['2']
Andrei Johansen,1994,5,[]
Andrei Khrennikov,2001,1,[]
Andrei Linde,1992,36,['Stanford']
Andrei Litvintsev,2000,5,[]
Andrei Losev,1996,3,[]
Andrei Lossev,1998,1,[]
Andrei M. Sukhov,1996,1,[]
Andrei Marshakov,2002,2,[]
Andrei Matytsin,1994,3,[]
Andrei Micu,2001,4,[]
Andrei Mikhailov,1997,11,[]
Andrei O. Starinets,2002,2,[]
Andrei Okounkov,1997,1,[]
Andrei Parnachev,2000,5,[]
Andrei S. Losev,2003,1,[]
Andrei Shuvaev,1996,1,[]
Andrei Smilga,1995,2,[]
Andrei Starinets,2002,1,[]
Andrei V. Frolov,2003,1,[]
Andrei Yu. Mikhailov,1998,2,[]
Andrei Zelevinsky,2001,1,[]
Andrei Zelnikov,1997,2,[]
Andrej Brzoska,2001,1,[]
Andres Collinucci,2002,1,[]
Andres Gomberoff,1998,7,[]
Andres Jordan,1997,1,[]
Andrew C. Millard,1995,1,[]
Andrew Chamblin,1993,15,"['DAMTP, Cambridge', 'University of Cambridge,Institute for Theoretical Physics, University of California - Santa Barbara', 'MIT', 'DAMTP, Cambridge U.', 'Queen Mary']"
Andrew Cohen,1999,2,[]
Andrew E. Chubykalo,1995,3,"[""Instituto de Ciencia de Materiales, Consejo Superior de Investigaciones Cient\\'{\\i}ficas, Madrid, Spain"", 'EFUAZ, Zacatecas']"
Andrew Ferstl,2000,1,[]
Andrew Frey,2000,2,"['UC, Santa Barbara']"
Andrew G. Cohen,1998,7,[]
Andrew G. Felce,1992,1,[]
Andrew J. Bordner,1992,3,[]
Andrew J. Tolley,2001,2,[]
Andrew K. Waldron,1995,2,[]
Andrew Mennim,2001,1,[]
Andrew N. W. Hone,1996,1,[]
Andrew Neitzke,2000,6,[]
Andrew P. Billyard,1999,2,['1']
Andrew Parkes,1992,1,[]
Andrew Pocklington,1997,3,[]
Andrew Pressley,1995,1,[]
Andrew R. Frey,2002,4,"['UC, Santa Barbara']"
Andrew S. I. D. Lang,1998,1,[]
Andrew Strominger,1992,65,['Harvard']
Andrew Toon,1993,2,"['Singapore Institute of Management, OUDP, Math Dept.']"
Andrew Waldron,1995,11,"['NIKHEF, Amsterdam', 'ITP S.U.N.Y. Stony Brook', 'ITP SUNY Stony Brook']"
Andrey Dubin,1999,2,[]
Andrey I. Musienko,2000,1,"['N.N. Semenov Institute for Chemical Physics, Moscow, Russia']"
Andrey Johansen,1997,1,[]
Andrey Neronov,2000,3,[]
Andrey Pokotilov,2001,1,[]
Andrey Radul,1995,1,['Howard University']
Andrey Yu. Dubin,2000,4,[]
Andriy Pokotilov,2002,2,[]
Andrzej Herdegen,1995,3,[]
Andrzej J. Staruszkiewicz,1998,3,[]
Andrzej Ostrowski,1999,1,[]
Andrzej Sitarz,1992,10,['Univ. Mainz']
Andrzej Staruszkiewicz,1998,1,[]
Andrzej Trautman,1998,2,[]
Andrzej Z. Gorski,1997,3,[]
Andy Strominger,1995,1,[]
Andy Wilkins,1997,5,"['University of Adelaide, Australia', 'University of Adelaide']"
Aneesh Manohar,1997,1,[]
Aneesh V. Manohar,1997,4,[]
Angel Ballesteros,1994,1,[]
Angel Ferrandez,2002,1,[]
Angel Gimenez,2002,1,[]
Angel Gomez Nicola,1997,1,[]
Angel M. Uranga,1998,20,[]
Angel Uranga,2001,1,[]
Angela V. Olinto,2002,1,[]
Angelo Galante,1999,1,[]
Angelos Fotopoulos,2003,1,[]
Angsula Ghosh,1997,1,[]
Angus F. Nicholson,1997,1,['1']
Anibal Iucci,2000,3,[]
Aninda Sinha,2001,4,['Cambridge University']
Anindya Biswas,2002,3,[]
Anindya K. Biswas,1995,4,[]
Anirban Basu,2000,3,[]
Anirvan M. Sengupta,1992,1,[]
Anisur Rahaman,1995,2,[]
Anjan Ananda Sen,2001,1,[]
Anjan Kundu,1993,18,[]
Ann E Nelson,1999,1,[]
Ann E. Nelson,1998,1,[]
Ann Nelson,1999,1,[]
Anna Beliakova,1993,1,[]
Anna Ceresole,1999,3,[]
Anna Okopinska,1993,5,[]
Anna Rissone,2000,3,[]
Anna S. Kotanjyan,2002,1,[]
Anna Tollsten,1996,2,[]
Annalisa Marzuoli,1992,1,[]
Annamaria Kiss,2000,3,"['CPT-Marseille, France']"
Annamaria Panza,2000,1,[]
Annamaria Sinkovics,2002,6,[]
Anne Schilling,1994,4,['SUNY Stony Brook']
Anne Taormina,1993,7,[]
Anne-Christine Davis,2002,3,[]
Anni Koubek,1995,2,[]
Ansar Fayyazuddin,1993,16,['NORDITA']
Antal Jevicki,1992,21,"['Physics Dept. Brown University, USA', 'Brown University']"
Antares Kleber,1995,1,[]
Ante Perica,1994,1,[]
Antero Hietamaki,1993,1,[]
Anthony Giaquinto,1994,1,[]
Anthony J. Bracken,1993,3,[]
Anthony N. Hibberd,2001,1,[]
Anthony Sudbery,1996,1,[]
Anthony W. Thomas,2001,1,[]
Antoine Balan,1998,1,['Ecole Polytechnique']
Antoine Coste,1992,1,[]
Antoine Van Proeyen,1992,40,[]
Anton A. Gerasimov,2000,4,[]
Anton Alekseev,1993,3,[]
Anton Dzhamay,2000,1,[]
Anton E. M. Van De Ven,1997,2,[]
Anton Galajinsky,1999,9,"['INFN-Frascati', 'INFN, Frascati', 'INFN--Frascati', 'Frascati']"
Anton Kapustin,1996,24,[]
Anton Rebhan,1998,2,[]
Anton Ryzhov,2002,1,[]
Anton V. Galajinsky,1998,2,[]
Anton V. Ryzhov,2001,4,[]
Anton V. Zabrodin,1992,4,[]
Anton Yu. Alekseev,1996,3,[]
Antonella Grassi,2000,4,[]
Antonella Liccardo,1999,2,[]
Antonino Flachi,2001,2,[]
Antonino Sciarrino,1996,1,[]
Antonio Aurilia,2002,1,[]
Antonio Campos,2001,5,"['ICG, Portsmouth U.', 'Heidelberg', 'ICG, UoP']"
Antonio Candiello,1995,1,[]
Antonio Capolupo,2002,1,[]
Antonio Del Sol Mesa,1994,1,[]
Antonio Dobado,1997,1,[]
Antonio F. Ranada,1999,2,"['Universidad Complutense, Madrid, Spain']"
Antonio Filippi,1997,6,[]
Antonio Gatti,2002,6,[]
Antonio J. Segui-Santonja,1993,2,['Departamento de Fisica Teorica. Universidad de Zaragoza']
Antonio L. Maroto,1997,2,[]
Antonio Liguori,1997,2,[]
Antonio Padilla,2001,6,[]
Antonio Riotto,1998,3,['CERN']
Antonio S. De Castro,2002,4,[]
Antonios Papazoglou,2000,8,"['Bonn U.', 'Oxford University', 'IHES, Bures']"
Antonios Tsapalis,1997,1,[]
Antti J. Niemi,1992,20,[]
Antti Salmela,2002,1,[]
Antun Balaz,1998,2,[]
Anupam Mazumdar,1998,2,[]
Anupama Mehra,1999,2,"['Jamia Millia Islamia New Delhi, INDIA']"
Anuradha Misra,1993,1,[]
Anzhong Wang,2002,1,[]
Apoorva Patel,1993,1,[]
Apostolos Dimitriadis,2002,1,[]
Aram A. Saharian,1997,7,"['Institute of Applied Problems in Physics, Yerevan, Armenia', 'Yerevan State University, Yerevan, Armenia', 'Yerevan State University, Armenia']"
Arash Mafi,2001,1,[]
Archil B. Kobakhidze,1999,3,[]
Archil Kobakhidze,2001,1,[]
Ari Pakman,2003,3,['Hebrew U.']
Ari Pankiewicz,2002,3,[]
Ariel Zhitnitsky,1998,1,['Univ. of British Columbia']
Arihiro Tamura,1992,1,[]
Aristophanes Dimakis,2000,4,[]
Arjan Keurentjes,1999,12,[]
Arjun Berera,1996,1,['Penn State']
Arkadas Ozakin,2003,1,[]
Arkadii A. Popov,2001,1,[]
Arkady A. Popov,2003,1,[]
Arkady A. Tseytlin,1995,7,"['Imperial College London', 'Imperial College']"
Arkady L. Kholodenko,1999,5,[]
Arkady Segal,1999,1,['2']
Arkady Tseytlin,1998,3,[]
Arkady Vainshtein,1995,7,[]
Arkady Vaintrob,1999,1,[]
Arkady Yu. Segal,2001,1,[]
Arlen Anderson,1992,8,[]
Armando Antillon,1995,2,[]
Armen G. Sergeev,2003,1,[]
Armen Nersessian,1993,9,[]
Arne L. Larsen,1993,8,[]
Arne Schirrmacher,1994,1,[]
Arne. L. Larsen,1996,1,[]
Arno Bohm,1993,2,[]
Arno R. Bohm,1999,1,[]
Arnold Neumaier,2002,1,[]
Arpad Hegedus,2000,1,[]
Arshad Momen,1995,6,['Dhaka Univ.']
Artem Starodubtsev,2002,1,[]
Artemio Gonzalez-Lopez,1995,6,"[""Dept. F\\'\\i sica Te\\'orica II, U. Complutense, Madrid"", '1']"
Arthur Jaffe,1998,1,[]
Arthur K. Kerman,1998,1,[]
Arthur Lue,1996,6,"['New York University', 'MIT']"
Arthur Mezhlumian,1994,1,[]
Artur B. Adib,2002,2,[]
Artur Sergyeyev,2002,1,[]
Arturo Ramos,2000,1,[]
Arundhati Dasgupta,1996,10,[]
Arvind N. Vaidya,1993,5,[]
Arvind Narayan Vaidya,1995,5,[]
Arvind Rajaraman,1996,16,[]
Asad Naqvi,1999,13,[]
Asato Tsuchiya,1993,8,"['Osaka U.', 'University of Tokyo', 'Osaka Univ.']"
Asher Peres,1994,3,"['Department of Physics, Technion - Israel Institute of Technology, Haifa, Israel']"
Ashish Saxena,2002,3,[]
Ashok Das,1992,74,[]
Ashok Das.,1995,1,[]
Ashoke Sen,1992,89,[]
Asim Gangopadhyaya,1993,7,['Loyola University Chicago']
Asim Gangopadhyayaa,1998,1,[]
Asis Basu,2000,1,[]
Asit K. De,1996,2,[]
Asitp-94-25,1994,1,[]
Asle Sudbo,2002,3,[]
Asmita Mukherjee,1998,4,[]
Assaf Shomer,2000,7,[]
Astri Kleppe,1996,1,[]
Athanasios Prikas,2002,1,[]
Atish Dabholkar,1994,16,[]
Atsuo Kuniba,1992,8,[]
Atsushi Higuchi,2001,1,['Univ. of York']
Atsushi Horikoshi,1998,1,[]
Atsushi Matsuo,1997,2,['The University of Tokyo']
Atsushi Nakamula,1997,4,[]
Atsushi Nakamura,1995,1,[]
Atsushi Nakayashiki,1992,6,[]
Atsushi Okazaki,1995,3,[]
Atsushi Yamaguchi,2003,1,"['U. Tokyo, Komaba']"
Atsushi Yoshida,1995,3,[]
Atsusi Okazaki,1995,1,[]
Attilio Cucchieri,1996,3,['Universitaet Bielefeld']
Atushi Ishikawa,1993,6,[]
August Romeo,1994,9,['IEEC/CSIC']
Augusto Sagnotti,1992,15,"['U. Roma ""Tor Vergata""', 'Rome U. Tor Vergata , INFN, Rome II', 'Universita\' di Roma ""Tor Vergata""']"
Aurelian Isar,1993,2,[]
Austin G. M. Pickering,2002,1,[]
Austin Pickering,1996,2,[]
Auttakit Chattaraputi,1999,3,[]
Avaroth Harindranath,1993,1,[]
Avaroth Harindranth,1993,1,[]
Avijit K. Ganguly,1998,3,"['CTS, Indian Institute Of Science, Bangalore', 'Indian Institute of Science, Bangalore']"
Avijit Mukherjee,1997,1,[]
Avinash Dhar,1992,24,[]
Avinash Khare,1993,23,"['Institute of Physics, Bhubaneswar, India', 'IOP, Bhubaneswar']"
Avinash Khare C. Nagaraja Kumar,1996,1,[]
Avraham E. Mayo,2001,1,[]
Avshalom C. Elitzur,1993,1,[]
Axel Kleinschmidt,2003,1,[]
Axel Krause,1999,10,"['Humboldt U., Berlin']"
Axel Pelster,1999,5,[]
Axel Weber,1998,2,['UMSNH/Mexico']
Axel Winterhalder,1999,2,[]
Ayse Humeyra Bilge,1995,2,[]
Azakov S. I,1996,1,[]
Aziz El Rhalami,2002,1,[]
Azizollah Shafiekhani,1994,1,"['ISTPM, Tehran, Iran']"
B Basu-Mallick,1995,2,[]
B Gato-Rivera,1992,1,[]
B J Schroers,2002,1,[]
B L Feigin,1997,3,[]
B Spence,1997,7,[]
B-L. Hu,1996,1,[]
B. A. Bernevig,2000,1,[]
B. A. Campbell,1993,1,[]
B. A. Faizullaev,1994,2,[]
B. A. Harris,1992,1,[]
B. A. Kniehl,2000,1,['Hamburg U.']
B. A. Kupershmidt,1992,1,[]
B. A. Lysov,1999,1,[]
B. A. Ovrut,1995,8,['University of Pennsylvania']
B. A. Tay,2001,2,[]
B. Abdesselam,1994,3,[]
B. Altschul,2001,1,[]
B. Andreas,1997,5,[]
B. B. Deo,1998,10,"['Physics Department, Utkal University, Bhubaneswar, India']"
B. Bagchi,1995,2,[]
B. Bakalov,1995,1,[]
B. Basu-Mallick,1993,12,[]
B. Bellet,1995,2,[]
B. Berche,1993,1,"['Henri Poincare Universty, Nancy']"
B. Birnir,1992,1,[]
B. Bistrovic,2002,1,[]
B. Blankleider,2001,2,['Flinders U.']
B. Brinne,2001,1,[]
B. Broda,1992,3,"['U. Clausthal,U. Lodz']"
B. Bruegmann,1994,1,[]
B. C. Georgalas,1992,11,[]
B. C. Paul,2001,2,['North Bengal University']
B. Carazza,1999,1,[]
B. Carter,1998,3,[]
B. Chakraborty,1997,5,['S. N. Bose Natl. Centr.']
B. Chakraborty Subir Ghosh R. P. Malik,2000,1,"['Bose Centre, Calcutta']"
B. Chandrasekhar,2003,2,[]
B. Chen,1998,5,[]
B. Chibisov,1997,1,[]
B. Craps,1997,3,[]
B. Cuadros-Melgar,2002,1,[]
B. D. Keister,1996,1,['Carnegie Mellon']
B. Davies,1993,1,[]
B. Davoudi,1995,1,[]
B. De Carlos,1992,6,['CERN']
B. De Wit,1992,24,[]
B. Delamotte,1998,4,[]
B. Dey,1995,2,[]
B. Dimitrov,1999,1,[]
B. Dittrich,2002,1,"['AEI, Golm']"
B. Dolan,2000,1,[]
B. Doyon,2002,1,[]
B. Dragovich,2000,3,[]
B. Dubrovin,1992,1,[]
B. Duplantier,1992,2,[]
B. Durhuus,1992,8,"['Mathematics Institute, University of Copenhagen']"
B. Durin,2003,1,[]
B. Dutta,2000,4,[]
B. E. Baaquie,1995,2,[]
B. E. Hanlon,1995,2,[]
B. E. Stern,1996,2,"['Moscow, INR', 'INR, Moscow, Russia']"
B. E. W. Nilsson,1992,3,[]
B. Eden,1998,10,[]
B. Enriquez,1993,4,[]
B. Eynard,1992,10,"['Saclay', 'CRM , Saclay']"
B. F. Svaiter,1996,1,[]
B. F. Toner,2002,1,[]
B. Feigin,1993,1,[]
B. Fiol,2001,1,[]
B. G. Konopelchenko,1998,2,[]
B. G. Nickel,2000,1,[]
B. G. Sidharth,1998,2,[]
B. G. Zakharov,1994,1,"['1,2']"
B. Gato-Rivera,1992,1,[]
B. Gavela,1998,1,[]
B. Gerganov,2000,1,[]
B. Geyer,1995,25,"['Leipzig University', 'U. of Leipzig']"
B. Greene,1996,1,[]
B. H. Lian,1994,2,[]
B. Hamprecht,2003,3,[]
B. Harms,1992,14,[]
B. Hartmann,1999,2,[]
B. Henrich,2003,1,[]
B. Hiller,2001,2,"['UFMG-Brazil,Coimbra Univ.-Portugal']"
B. Holdom,2000,2,['University of Toronto']
B. Hunt,1996,1,[]
B. I. Ermolaev,2001,1,[]
B. Iochum,1997,2,[]
B. J. Schroers,1994,11,"['University of Durham', 'University of Amsterdam']"
B. J. Schulz,1999,2,[]
B. J. Short,2001,3,[]
B. Janssen,1996,2,[]
B. Jensen,1998,3,[]
B. Julia,1994,12,"['ENS Paris', 'ENS, Paris']"
B. Jurco,1993,4,[]
B. K. Chung,1993,12,['Kyung Hee Univ.']
B. K. Patra,2000,1,[]
B. Kleihaus,1998,14,"['UCD, Dublin', '2', '1', 'NUI Maynooth, Ireland', 'University College, Dublin']"
B. Kleijn,1995,5,[]
B. Klein,2000,1,[]
B. Kloibock,2002,1,[]
B. Kol,1996,3,['Stanford']
B. Kulik,1998,4,[]
B. L. Cerchiai,2001,4,[]
B. L. Feigin,1995,3,[]
B. L. G. Bakker,2000,1,[]
B. L. Hu,1995,2,[]
B. L. Julia,1998,3,[]
B. L. Voronov,1999,1,"['Theor. Phys. Dept., Lebedev Physical Institute']"
B. L. Wang,1995,2,[]
B. Leclerc,1994,2,[]
B. Lian,1997,1,[]
B. Linet,1994,1,[]
B. M. A. G Piette,2001,1,[]
B. M. A. G. Piette,1994,6,['Uni. of Durham']
B. M. Barbashov,1997,4,"['JINR, Dubna', 'Bogoliubov Laboratory of Theoretical Physics, Joint Institute for Nuclear Research, Dubna, Russia']"
B. M. Gripaios,2002,2,['Oxford']
B. M. Karnakov,1999,2,[]
B. M. Mccoy,1992,8,[]
B. M. Pimentel,1994,20,"['Sao Paulo, IFT']"
B. M. Zupnik,1992,23,"['JINR, Dubna']"
B. Machet,1993,1,[]
B. Maroufi,2000,1,[]
B. Melic,1996,1,[]
B. Mercier,2001,1,[]
B. Mikhak,1993,2,[]
B. Mirza,2002,1,[]
B. Mueller,1993,2,[]
B. Muller,1996,5,"['Duke University', 'Duke U.']"
B. Muratori,1999,9,[]
B. Muthukumar,2002,1,[]
B. N. Bakalov,1995,1,"['Sofia Univ., Bulgaria']"
B. Nienhuis,1993,2,[]
B. O. Kerbikov,1995,1,[]
B. Ormsby,1998,1,[]
B. Ovrut,1992,9,[]
B. P. Kosyakov,1999,7,[]
B. P. Mandal,2001,1,['S.N.Bose centre Calcutta India']
B. Pedrini,1999,2,[]
B. Peeters,1997,1,[]
B. Petersson,1997,1,[]
B. Piette,1996,9,[]
B. Pioline,1996,31,"['LPTHE', 'Harvard, LPTHE', 'CPHT, Ecole polytechnique', 'CERN,Ecole Polytechnique', 'Harvard,LPTHE', 'CERN', 'Ecole Polytechnique']"
B. Ponsot,1999,3,[]
B. R. Greene,1993,4,[]
B. R. Mistchuk,1995,1,[]
B. R.~Greene,1992,1,[]
B. Radak,2000,1,[]
B. Ram,2002,1,[]
B. Razzaghe-Ashrafi,1992,1,[]
B. Reznik,1993,1,[]
B. Rosenstein,1992,7,[]
B. Rusakov,1992,7,['Oxford University']
B. S. Acharya,1995,14,"['Queen Mary,Westfield College, London', 'Queen Mary,Westfield College', 'Queen Mary,Westfield College, London.']"
B. S. Balakrishna,1992,6,[]
B. Sakita,1992,6,['CCNY']
B. Sarel,1995,1,[]
B. Sathiapalan,1992,24,[]
B. Sazdovic,1994,13,"['Belgrade, Inst. Phys.']"
B. Scheffold,1992,1,[]
B. Schroer,1993,8,['FU-Berlin']
B. Scoppola,1998,2,[]
B. Si-Lakhal,1997,1,[]
B. Spence,1992,13,['QMW London']
B. Stefanski,2002,3,[]
B. Stefanski Jr,1998,8,[]
B. Sundborg,1992,3,[]
B. Suo,2001,1,[]
B. Tekin,1998,2,[]
B. U. Eden,2000,2,[]
B. V. Khachatryan,2002,1,[]
B. Van De Sande,1997,3,"['Uni. Erlangen', 'University of Erlangen']"
B. Wang,2000,1,[]
B. Wehefritz-Kaufmann,2000,1,[]
B. Y. Hou,1997,1,[]
B. Yapiskan,2002,1,[]
B. Ydri,1998,5,[]
B. Yuan Hou,1997,1,[]
B. Zellermann,1995,1,[]
B. Zheng,1993,3,[]
B. Zumino,1992,5,[]
B. Zupnik,1999,4,[]
B. Zwiebach,1993,5,['MIT']
B.-D. Doerfel,1996,5,['HU Berlin']
B.-J. Schaefer,2001,1,[]
B.~Gato-Rivera,1992,1,[]
Badis Ydri,2000,6,[]
Bahniman Ghosh,1999,2,[]
Balram Rai,2001,1,[]
Bang-Rong Zhou,1998,9,"['Department of Physics, Graduate School of the Chinese Academy of Sciences, Beijing', 'Graduate School of the Chinese Academy of Sciences, Beijing', 'Graduate School, Academia Sinica, Beijing China', 'Graduate School, Academia Sinica, Beijing, China', 'Graduate School, Chinese Academy of Sciences, Beijing', 'Graduate School, Academia Sinica, Beijing']"
Banhiman Ghosh,2000,1,[]
Bani Mitra Sodermark,1997,2,[]
Barak Kol,1996,18,['Tel-Aviv University']
Barbashov B. M.,1996,1,"['JINR, Dubna']"
Barry M. Mccoy,1992,12,[]
Barry Mccoy,1992,1,[]
Barry R. Holstein,2001,3,[]
Bartomeu Fiol,1999,6,[]
Barton Zwiebach,1992,50,[]
Baruch Rosenstein,1998,1,[]
Bas Kleijn,1998,2,[]
Bas Peeters,1993,7,[]
Bayram Tekin,1996,24,"['Oxford', 'Oxford U.']"
Beatriz Gato-Rivera,1994,18,"['IMAFF-CSIC', 'IMAFF/Csic,Nikhef', 'IMAFF']"
Becca Asquith,1995,1,[]
Bedl Yang,1999,1,[]
Behrooz Razaznejad,1998,1,[]
Behzad Bina,1997,1,[]
Bei Lok Hu,2001,1,[]
Belal E. Baaquie,1995,3,[]
Ben Craps,1996,15,[]
Ben Freivogel,2001,2,[]
Ben Geller,2002,1,[]
Ben Short,2001,1,[]
Bender,1992,1,[]
Benedicte Ponsot,2002,4,[]
Bengt E. W Nilsson,1993,1,[]
Bengt E. W. Nilsson,1993,22,[]
Bengt Ew Nilsson,2000,2,[]
Benjamin Doyon,2003,1,[]
Benjamin Grinstein,1994,7,"['UCSD', 'UC, San Diego']"
Benjamin Harms,1996,4,"['Department of Physics,Astronomy, The University of Alabama']"
Benoit Bellet,1995,1,[]
Bergfinnur Durhuus,1993,6,[]
Bernadette Deschepper,1999,1,"['Catholic Univ. Louvain, Belgium']"
Bernard De Wit,1992,32,"['Utrecht University, Utrecht, The Netherlands']"
Bernard Derrida,1995,1,[]
Bernard Julia,1999,8,[]
Bernard Knaepen,1996,8,[]
Bernard L. Julia,2001,2,[]
Bernard Nienhuis,1993,4,[]
Bernard S. Kay,1998,2,['York']
Bernardo Uribe,2002,1,[]
Bernd A. Berg,2000,2,[]
Bernd Bruegmann,1992,3,[]
Bernd Kuckert,1994,3,['Hamburg']
Bernd Niemeyer,2000,1,[]
Bernd Schreiber,1995,1,[]
Bernd Schroers,1998,1,[]
Bernd Spendig,2000,3,[]
Bernd-Dietrich Doerfel,2002,1,[]
Berndt Muller,1996,2,[]
Bernhard Drabant,1993,2,[]
Bernhard Meister,1993,1,[]
Bert Janssen,1995,22,[]
Bert Schellekens,1994,4,[]
Bert Schroer,1997,25,"['CBPF, Rio De Janeiro', 'presently CBPF Rio de Janeiro', 'CBPF Rio de Janeiro', 'CBPF, Rio de Janeiro', 'FU-Berlin']"
Bertfried Fauser,1995,12,"['ptifu01@uni-tuebingen.de', 'Bertfried.Fauser@uni-tuebingen.de']"
Bertha Cuadros-Melgar,2001,4,[]
Bertrand Le Roy,1996,3,[]
Betti Hartmann,1998,18,"['U. Oldenburg', 'U. Oldenburg, Germany', 'University of Durham, UK', 'University of Durham, United Kingdom', 'Oldenburg University, Germany']"
Bhabani Prasad Mandal,1995,7,"['S. N. Bose National Center for Basic Sciences', 'Saha Institute of Nuclear Physics']"
Bhabani Prssad Mandal,1996,1,[]
Bianca L. Cerchiai,2000,1,[]
Bianca Letizia Cerchiai,2003,1,[]
Bihn Zhou,1999,4,[]
Bijan Saha,1998,1,"['LIT, Jinr, Dubna, Russia']"
Bijon Bagchi,2000,1,[]
Bill Spence,1992,2,[]
Billy D. Jones,1996,3,['1']
Bin Chen,1994,11,[]
Bin Wang,1999,16,[]
Bin Zhou,2003,1,[]
Bindu A. Bambah,1996,2,"['School of Physics, Univ. of Hyderabad']"
Bing He,2000,1,[]
Birgit Wehefritz-Kaufmann,2001,2,[]
Biswajit Chakraborty,2000,7,[]
Biswarup Mukhopadhyaya,1998,4,[]
Bjo Rn Jensen,1996,1,[]
Bjoern Andreas,1996,1,[]
Bjorg A. Larson,2002,1,[]
Bjorn Andreas,1998,6,[]
Bjorn Brinne,1999,4,[]
Bjorn Garbrecht,2001,2,[]
Bjorn Jensen,1996,2,[]
Bl Feigin,2000,2,[]
Bo Feng,1999,26,[]
Bo Sundborg,1994,9,['Stockholm University']
Bo Zhang,1998,1,[]
Bo-Qiang Ma,2000,1,[]
Bo-Sture K Skagerstam,1992,1,[]
Bo-Sture Skagerstam,1993,2,[]
Bo-Yu Hou,1994,24,"[""Institute of Modern Physics, Northwest University, Xi'an, P. R. China"", ""Northwest University, Xi'an China""]"
Bo-Yuan Hou,1994,5,"['Chinese Academy of Sciences, Beijing, China', 'Graduate School, Chinese Academy of Sciences, Beijing, P. R. China']"
Bob Bacus,2000,1,[]
Bob Holdom,2000,5,['University of Toronto']
Bobby Acharya,2001,4,[]
Bobby E. Gunara,1999,1,[]
Bobby Eka Gunara,1999,1,[]
Bobby S Acharya,2002,1,[]
Bobby S. Acharya,2000,1,[]
Bodo Geyer,1999,11,[]
Bodo Pareigis,1994,1,[]
Bogdan Damski,2000,1,['Jagiellonian University']
Bogdan Florea,1999,5,[]
Bogdan G. Dimitrov,2001,2,"['JINR, LTPh, Dubna']"
Bogdan Kulik,2000,1,[]
Bogdan Morariu,1997,12,[]
Bogomil Gerganov,1998,2,[]
Boguslaw Broda,1993,13,"['U. Clausthal,U. Lodz', 'University of Lodz']"
Bojan Bistrovic,2000,1,[]
Bojan Gornik,2001,2,[]
Bokai Yang,1995,1,"['National Cheng-Kung Univ.,Taiwan']"
Bom Soo Kim,1999,1,[]
Bong H. Lian,1992,8,[]
Borge Nodland,1997,1,[]
Boris Barbashov,2002,1,[]
Boris Dubrovin,1992,5,[]
Boris Feigin,1993,8,[]
Boris K Ors,1998,1,[]
Boris Kastening,1999,2,['Universitaet Heidelberg']
Boris Khesin,1993,4,[]
Boris Konopelchenko,1995,1,"['Physics Dept., University of Lecce, Lecce, Italy,Budker Institute of Nuclear Physics, Novosibirsk, Russia']"
Boris Kors,1999,19,"['Humboldt University, Berlin', 'Humboldt U., Berlin', 'Utrecht U.']"
Boris L. Altshuler,2002,1,[]
Boris Noyvert,2001,2,['Weizmann Institute']
Boris Pioline,1997,1,"['CERN, Ecole Polytechnique']"
Boris Rusakov,1992,1,[]
Boris Spokoiny,1993,2,[]
Boris Tsirelson,1999,1,[]
Boris Zupnik,1998,2,[]
Borut Bajc,1999,1,[]
Boyu Hou,1995,2,[]
Bozhidar Z. Iliev,2001,6,"['Institute for Nuclear Research,Nuclear Energy, Bulgarian Academy of Sciences, Sofia, Bulgaria']"
Brandon Bates,2003,1,[]
Brandon Carter,1994,19,"['D.A.R.C., Obs. Paris-Meudon.']"
Branislav Jurco,2000,9,[]
Branislav Sazdovic,1998,4,['Institute of Physics']
Branko Dragovich,2000,4,[]
Branko Urosevic,1993,3,"['BROWN', 'Brown University']"
Branko Urov Sevic,1993,1,[]
Brenno Carlini Vallilo,2000,4,"['IFT/UNESP,Caltech', 'IFT/UNESP, Sao Paulo']"
Breno C. O. Imbiriba,1999,1,[]
Brent H. Allen,1998,4,[]
Brent Nelson,1999,2,[]
Brett J. Taylor,2001,2,[]
Brett Mcinnes,1999,10,[]
Brett Van De Sande,1992,3,"['MPI Kernphysik, Heidelberg']"
Brian C. Hall,1998,1,[]
Brian Davies,1992,3,[]
Brian Dolan,1994,1,[]
Brian Greene,1994,3,[]
Brian J. Hand,1995,1,['Guelph']
Brian P. Dolan,1993,15,[]
Brian R. Greene,1992,26,[]
Brian Wecht,2002,2,['UC San Diego']
Brigitte Hiller,2001,3,"['Centro de Fisica Teorica, Universidade de Coimbra, Portugal', 'Centro de Fisica Teorica, Departamento de Fisica da Universidade de Coimbra, Coimbra, Portugal', 'Centro de Fisica Teorica da Universidade de Coimbra, Portugal']"
Brook Williams,2001,2,[]
Bruce A. Bassett,2003,1,['Portsmouth']
Bruce A. Campbell,2000,3,[]
Bruce Hunt,1995,1,[]
Bruce K. Driver,1998,1,[]
Bruce M. Boghosian,2002,1,[]
Bruce W. Westbury,1993,4,[]
Bruno Bertrand,2003,1,"['University of Mons, Belgium']"
Bruno Carneiro Da Cunha,2001,4,[]
Bruno G. Carneiro Da Cunha,1997,1,[]
Bruno Iochum,1994,8,[]
Bruno Van Den Bossche,2001,1,[]
Bruno Zumino,1992,19,[]
Bryce Dewitt,1995,2,[]
Bryce Yan,1995,1,[]
Bs Acharya,1997,5,[]
Bugra Borasoy,1999,1,[]
Bukyung Sul,1997,1,[]
Bulat I. Suleimanov,1998,1,"['Institute of Mathematics, Russian Academy of Sciences, Russian Federation']"
Bum-Hoon Lee,1993,23,['Hanyang U.']
Bumseok Kyae,2000,8,['Bartol Research Institute']
Bumsig Kim,1993,2,[]
Bunji Sakita,2000,3,[]
Burak T. Kaynak,2002,1,[]
Burkhard Eden,2000,2,[]
Burkhard Kleihaus,1995,11,"['U. College Dublin', 'UCD, Ireland', '1']"
Burkhard Seif,1998,1,[]
Burt A. Ovrut,1992,60,"['University of Pennsylvania, Philadelphia', 'Penn', 'University of Pennsylvania', 'UPenn', 'UPenn, HUB, IASSNS']"
Burt Ovrut,1992,7,"['University of Pennsylvania', 'UPenn', 'U. Penn']"
By Matt Visser,1992,1,[]
Byungbae Kim,1994,3,[]
Byungkoo Lee,1997,1,[]
C Koehl,1997,2,[]
C-I Tan,1995,2,['Brown University']
C-M. Viallet,1992,2,[]
C. A. A. De Carvalho,1994,6,['UFRJ']
C. A. G. Almeida,2001,1,[]
C. A. G. Sasaki,1995,10,[]
C. A. Garcia Canal,2002,1,"['La Plata, UNLP']"
C. A. Hurst,1997,1,[]
C. A. Iucci,2001,1,[]
C. A. Linhares,1998,2,[]
C. A. Lutken,1994,3,[]
C. A. P. Galvao,1992,2,[]
C. A. R. Herdeiro,1999,4,"['DAMTP,Cambridge', 'DAMTP-Cambridge']"
C. A. S. Almeida,1997,12,"['Depto. de Fisica, UFC, Brazil', 'Departamento de Fisica-UFC', '1', 'Departamento de Fisica-UFC-Brazil']"
C. A. Savoy,1997,2,[]
C. A. Scrucca,1996,7,[]
C. A. Trugenberger,1992,14,['University of Geneva']
C. A. Trugenberger.,1995,1,[]
C. Acerbi,1993,4,[]
C. Adam,1996,24,[]
C. Adler,1995,1,[]
C. Ahn,1993,5,[]
C. Albertsson,2001,1,[]
C. Alexandrou,1998,4,"['University of Cyprus', 'Nicosia']"
C. Anastopoulos,1996,3,[]
C. Angelantonj,1996,7,['U. Aquila']
C. Aragone,1993,6,[]
C. Aragone P. J. Arias,1993,1,[]
C. Armendariz-Picon,1999,3,[]
C. Arvanitis,1995,3,"['Lab. de Phys. Math., Montpellier II-CNRS,Theor. Phys. Dept. Imperial College, London']"
C. B. Guan,2001,2,['1']
C. B. Lang,2001,1,[]
C. B. Thorn,1997,2,['University of Florida']
C. Bachas,1992,27,"['ENS, Paris', 'Ecole Normale, Paris', 'ITP, Ecole Polytechnique', 'Ecole Normale Superieure', 'ENS', 'Ecole Polytechnique']"
C. Bagnuls,1997,7,[]
C. Barbachoux,2002,1,[]
C. Barnes,1997,1,[]
C. Bartocci,1994,1,[]
C. Becchi,1996,4,[]
C. Bervillier,1997,7,[]
C. Bizdadea,1995,29,[]
C. Burdik,1992,6,[]
C. C. Ciobirca,2003,2,[]
C. C. Lassig,1995,3,[]
C. C. Taylor,1999,1,[]
C. Callan,1992,1,[]
C. Campigotto,1994,1,[]
C. Cartier,1999,2,[]
C. Castro,1998,9,[]
C. Chiou-Lahanas,1995,3,[]
C. Chryssomalakos,1994,4,[]
C. Codirla,1997,2,[]
C. Crnkovic,1992,1,[]
C. Cronstrom,1994,1,[]
C. Csaki,2001,1,[]
C. Cummins,1998,3,['Concordia']
C. Curto,2000,1,[]
C. D. D. Neumann,1996,2,[]
C. D. Fosco,1993,44,"['Centro Atomico Bariloche', ""Centro At'omico Bariloche"", '1']"
C. D. Froggatt,2000,1,"['Dept. of Physics,Astronomy, University of Glasgow']"
C. D. Palmer,2001,1,[]
C. Daboul,1994,1,[]
C. Dantoni,1994,1,[]
C. Dappiaggi,2002,1,[]
C. Daskaloyannis,1993,7,[]
C. De Calan,1994,1,[]
C. De Concini,1993,1,[]
C. Deffayet,1998,1,[]
C. Deliduman,1997,6,[]
C. Destri,1992,8,"[""Universita' di Milano , INFN, Milan"", 'Milan U. , INFN, Milan']"
C. Devchand,1996,4,[]
C. Dib,1997,1,[]
C. Duval,1994,9,[]
C. E. Beasley,2001,1,[]
C. E. Carlson,1997,1,['Coll. William-Mary']
C. Ekstrand,1999,7,[]
C. Emmrich,1994,3,[]
C. F. De Araujo,1997,1,[]
C. F. E. Holzhey,1992,1,[]
C. F. Kristjansen,1992,6,[]
C. F. L. Godinho,2001,3,['CBPF/CCP']
C. F. Talavera,1993,6,[]
C. Fabre,1995,5,"['CPTH, Ecole Polytechnique', 'Ecole Polytechnique, CPT']"
C. Farina,1993,22,[]
C. Ford,1995,11,"['DESY Zeuthen', 'Jena', 'DESY-Zeuthen', 'UNI Jena']"
C. Fosco,1997,2,['1']
C. Fraser,1995,3,[]
C. Fronsdal,1997,5,"['U. of California, Los Angeles']"
C. Fusi,1998,1,[]
C. G. Beneventano,1995,6,[]
C. G. Bollini,1996,5,[]
C. G. Bollini L. E. Oxman,1996,1,[]
C. G. Callan,1995,3,[]
C. G. Carvalhaes,1995,4,[]
C. G. Ducati,2001,1,['DM-UFPR']
C. G. Torre,1992,7,"['Utah State University', 'Utah State U.']"
C. G. Wells,1993,2,[]
C. Garcia-Recio,2000,1,[]
C. Gasparakis,1993,1,[]
C. Gomez,1992,23,"['IFT, Madrid', 'Madrid', 'IMAFF,IFT']"
C. Gonera,1995,4,[]
C. Grojean,1997,8,[]
C. Grosche,1994,3,[]
C. H. Keitel,2003,1,[]
C. H. Lai,1992,2,[]
C. H. Lee,1996,1,[]
C. H. Oh,1994,8,['National Univ. of Singapore']
C. H. Otto Chui,2001,4,[]
C. H. Sah,1993,1,['SUNY Stony Brook']
C. H. Tze,2002,1,[]
C. Heineman,1998,1,[]
C. Helfgott,2002,3,[]
C. Herdeiro,2000,1,[]
C. Herrmann,1998,1,[]
C. Hofman,1998,4,[]
C. Holzhey,1994,1,[]
C. Hu,1996,1,[]
C. Hull,1997,3,[]
C. I. Lazaroiu,1997,24,[]
C. Imbimbo,1992,10,[]
C. Itoi,1993,3,[]
C. Itzykson,1991,7,[]
C. J. A. P. Martins,2000,1,[]
C. J. Burden,1995,5,"['Theoretical Physics, RSPhysSE, Australian National Univeristy', 'Australain National University.', 'Department of Theoretical Physics, Australian National University, Canberra']"
C. J. Efthimiou,1993,4,[]
C. J. Fewster,1993,4,[]
C. J. Hamer,1995,1,[]
C. J. Houghton,1999,2,[]
C. J. Hunter,1998,3,[]
C. J. Isham,1992,1,[]
C. Jakovljevic,1994,1,[]
C. K. Zachos,1992,1,[]
C. Kiefer,1995,3,[]
C. Kim,1998,2,[]
C. Klimcik,1992,34,[]
C. Kobdaj,1993,1,[]
C. Kohler,1997,1,[]
C. Korff,1999,6,[]
C. Korthels-Altes,2001,1,[]
C. Kounnas,1992,24,"['CERN', 'ENS']"
C. Kristjansen,1994,16,"['NORDITA', 'NORDITA, Copenhagen', 'NBI']"
C. L. Ho,1994,1,[]
C. L. Schat,1994,1,[]
C. Laroche,1997,1,[]
C. Lee,1994,1,[]
C. Linhares De Jesus,1997,3,[]
C. Lovelace,2003,1,[]
C. Lozano,1999,4,[]
C. Lu,1998,1,[]
C. Lucchesi,1992,6,[]
C. Lutken,2000,1,[]
C. M. A. Scheich,1993,2,[]
C. M. Becchi,1993,3,[]
C. M. Bender,1993,2,['Washington U.']
C. M. Hofman,2001,1,[]
C. M. Hull,1992,50,"['Queen Mary College London', 'QMW']"
C. M. M. Polito,2000,1,['DCP/CBPF']
C. M. Naon,1993,11,[]
C. M. Pere~Na,1993,1,[]
C. M. Viallet,1996,1,[]
C. M. Yee,2000,1,[]
C. M. Yung,1993,6,[]
C. Maccaferri,2002,2,[]
C. Manuel,1993,1,[]
C. Martin,1998,1,[]
C. Mayer,2001,1,[]
C. Molina,1998,2,[]
C. Molina-Paris,1997,1,['Los Alamos']
C. Montonen,1993,6,[]
C. Mukku,1996,3,"['Dept. of Math,Univ.of Hyderabad', 'Deparment of Mathematics,Statistics, University of Hyderabad, India']"
C. Munoz,1999,1,[]
C. Mu~Noz,1992,3,[]
C. N. Colacino,2000,1,[]
C. N. Ferreira,2000,7,"['CCP/CBPF', 'CBPF/CCP', 'CBPF/DCP']"
C. N. Ktorides,1999,4,"['University of Athens', 'University of Athens, Greece']"
C. N. Kumar,1995,1,[]
C. N. Leung,1995,4,['U. of Delaware']
C. N. Pope,1992,131,"['Texas A,M University']"
C. N. Pope Amd J. Rahmfeld,1996,1,[]
C. Nagaraja Kumar,1996,1,[]
C. Nash,1997,12,[]
C. Neves,1995,9,[]
C. Nowak,1998,1,[]
C. Nunez,1996,3,[]
C. Nu~Nez,1992,9,[]
C. O. Lousto,1995,1,[]
C. Ohzeki,1997,1,[]
C. Ordo~Nez,1993,1,[]
C. Ordo~Nez Y J. M Pons,1993,1,[]
C. P,1993,1,[]
C. P. Bachas,1997,2,[]
C. P. Burgess,1994,29,[]
C. P. Constantinidis,1992,12,['1']
C. P. Herzog,2001,3,[]
C. P. Korthals,1993,1,[]
C. P. Korthals Altes,1997,1,[]
C. P. Korthals-Altes,1994,2,[]
C. P. Martin,1992,24,"['UCM', 'Univ. Complutense de Madrid', 'Universidad Complutense de Madrid']"
C. P. Natividade,1995,6,['Instituto de Fisica - Universidade Federal Fluminense']
C. P. Sun,2000,1,[]
C. P. Sun X. F. Liu,2000,1,[]
C. Park,2000,1,[]
C. Paufler,2000,1,[]
C. Pena,1998,6,[]
C. Pinheiro,1992,2,[]
C. Procesi,1993,1,[]
C. Quesne,1995,8,[]
C. R. Fernandez-Pousa,1994,8,[]
C. R. Gattringer,1996,4,[]
C. R. Hagen,1992,21,['University of Rochester']
C. R. Lee,1993,1,[]
C. R. Nappi,1993,1,[]
C. R. Ordonez,1994,1,[]
C. R. Preitschopf,1995,5,[]
C. R. Stephens,1993,11,"['ICN, UNAM, Mexico']"
C. Ramirez,1992,12,[]
C. Rasinariu,1995,7,[]
C. Reina,1992,2,[]
C. Ringeval,2001,1,['IAP']
C. Robin Graham,1999,1,[]
C. Roger,1994,2,"[""Universit\\'e Lyon I, FRANCE""]"
C. Rovelli,1999,1,[]
C. Rubano,1999,3,"['INFN,Dipartimento di Scienze Fisiche, Universita` di Napoli']"
C. Rupp,1997,4,[]
C. S. Acatrinei,1998,1,[]
C. S. Aulakh,1992,5,[]
C. S. Chu,1997,6,[]
C. S. Fischer,2003,1,[]
C. S. Lam,1992,7,['McGill University']
C. S. Lim,1994,2,[]
C. S. Rhodes,2002,3,[]
C. S. Xiong,1992,12,[]
C. Saclioglu,1997,3,[]
C. Schmidhuber,1994,2,[]
C. Schubert,1993,12,"['Humboldt U., Berlin', 'Humboldt U. Berlin']"
C. Schulz-Mirbach,1996,1,['TU Hamburg-Harburg']
C. Schwartz,1997,3,['UC Berkeley']
C. Schweigert,1993,34,[]
C. Schwiebert,1992,4,[]
C. Scrucca,1998,1,[]
C. Seijas,2002,1,[]
C. Shio,2001,9,[]
C. Sigaud,1996,2,['1']
C. Skordis,2001,1,[]
C. Sochichiu,1992,10,[]
C. Sonnenschein,1996,1,[]
C. Sourdis,2002,1,[]
C. Stern,1995,1,[]
C. Stornaiolo,2003,1,[]
C. Syros,1996,1,['University of Patras']
C. T. Hill,1993,1,[]
C. Teitelboim,1994,4,[]
C. Timirgaziu,2002,1,[]
C. Tzanakis,1995,1,[]
C. Ungarelli,1997,4,[]
C. V. Johnson,1992,2,[]
C. Vafa,1992,38,"['3', 'with an appendix by E. Frenkel', 'with an appendix by S.Katz']"
C. Valenzuela,1999,1,[]
C. Van De Bruck,2000,8,[]
C. Viallet,1994,1,[]
C. Von Reichenbach,1998,1,[]
C. Wetterich,1994,16,[]
C. Wieczerkowski,1993,2,[]
C. Wiesendanger,1996,3,['DIAS']
C. Wilke,1996,1,[]
C. Wotzasek,1995,16,[]
C. Wotzasek.,1995,1,[]
C. Zachos,1992,4,[]
C.- W. H. Lee,1997,1,[]
C.-G. Shi,2003,1,[]
C.-L. Ho,1993,1,[]
C.-M. Viallet,1992,1,[]
C.-W. H. Lee,1997,9,[]
Caio M. M. Polito,2002,1,[]
Calin Ciocarlie,2001,4,[]
Caltech Ph. D. Thesis,1993,1,[]
Camillo Imbimbo,1994,5,['CERN']
Cardoso De Melo,1993,1,[]
Caren Marzban,1992,1,[]
Carl E. Carlson,1996,2,"['William,Mary']"
Carl E. Dolby,2001,2,[]
Carl Herrmann,1997,6,[]
Carl L. Gardner,2001,1,['Arizona State University']
Carl M. Bender,1993,16,['Washington U.']
Carl Rosenzweig,1996,1,[]
Carla Biggio,2002,2,['1']
Carles Ayala,1993,1,[]
Carlo A. Trugenberger,1995,3,[]
Carlo Angelantonj,1996,11,"[""Dipartimento di Fisica, Universit\\'a dell'Aquila"", 'Ecole Polytechnique , Ecole Normale Superieure', 'Centre de Physique Theorique, Ecole Polytechnique', ""Dipartimento di Fisica, Universita` de L'Aquila"", 'ENS', 'CERN', 'Ecole Polytechnique']"
Carlo Becchi,1996,4,[]
Carlo M. Becchi,1995,1,[]
Carlo Rovelli,1992,7,[]
Carlo Trugenberger,1996,2,[]
Carlo Ungarelli,1999,1,[]
Carlos A. Garcia Canal,2000,4,[]
Carlos A. P. Galvao,2000,1,[]
Carlos A. R. Herdeiro,2001,2,['DAMTP']
Carlos A. S. Almeida,2002,1,[]
Carlos Barcelo,2000,6,['Washington University in Saint Louis']
Carlos Castro,1993,41,"['Physics Dept, University of Texas, Austin', 'I.A.E.C 1407 Alegria, Austin, Texas USA', 'I.A.E.C 1407 Alegria Austin, Texas USA', 'University of Texas at Austin', 'University of Texas,World Laboratory, Lausanne, Switzerland']"
Carlos Contreras,1996,1,[]
Carlos E. Laciana,1995,5,[]
Carlos F. Sopuerta,2001,5,"['Institute of Cosmology,Gravitation, Portsmouth U.', 'RCG, Portsmouth U.']"
Carlos Farina,1994,2,[]
Carlos Gorrichategui,2002,1,[]
Carlos Herdeiro,1999,3,[]
Carlos Leiva,2002,3,[]
Carlos Lozano,1997,8,[]
Carlos M. Naon,1997,5,[]
Carlos Munoz,1997,1,[]
Carlos Naon,1997,5,[]
Carlos Nunez,1996,12,['Harvard U.']
Carlos Nu~Nez,1993,4,[]
Carlos Pinheiro,1996,10,"['Dep. Fisica-UFES', 'UFES, Brazil']"
Carlos Pinheiro ; F. C. Khanna,2000,2,"['UFES, Brazil']"
Carlos R. Ordonez,2000,7,[]
Carlos Tello,2003,1,[]
Carlos Tello Echevarria,1999,1,"['IFT/UNESP, Sao Paulo']"
Carmen Molina--Paris,1996,1,['Los Alamos']
Carmen Molina-Paris,1995,6,"['University of Texas at Austin', 'Los Alamos']"
Carmen Nunez,1994,7,[]
Carmen Nu~Nez,1997,3,[]
Carmen Nu~Nez.,1995,1,[]
Caroline Santos,2000,2,[]
Carsten Greiner,1996,1,[]
Carsten Patzold,1996,2,['Dortmund University']
Carsten Van De Bruck,2001,2,['Oxford']
Cecile Martin,1995,3,[]
Cecilia Albertsson,2001,4,[]
Cecilia B. M. H. Chirenti,2003,1,[]
Cecilia Clementi,1997,1,['1']
Cedric Deffayet,1999,7,"['NYU', 'New York University', 'LPTHE, Orsay']"
Cedric Leygnac,2002,1,[]
Cedric R. Leao,2001,1,[]
Celeghini,1993,1,[]
Celine Laroche,1998,3,[]
Celso C. Nishi,2001,1,['IFGW-UniCamp']
Cemsinan Deliduman,1997,4,[]
Cenalo Vaz,1993,7,[]
Cesar D. Fosco,2000,2,['Bariloche']
Cesar Gomez,1992,27,"['Instituto de Matematicas y Fisica Fundamental, CSIC', 'IMAFF, CSIC']"
Cesar Mora,1996,1,['CNVESTAV-IPN']
Cesar P. Natividade,2000,1,"[""UFF,UNESP/Campus de Guaratinguet\\'a-DFQ""]"
Cesare Reina,1999,1,[]
Cesare Reina ),1993,1,['SISSA - Strada Costiera 11 -TRIESTE (Italy']
Cezary Gonera,1998,3,[]
Ch. Brouder,1999,1,[]
Ch. Devchand,1992,11,[]
Ch. Kopper,1999,1,['Ecole Polytechnique']
Ch. Mathys,2001,1,[]
Chad Middleton,2002,1,[]
Chae Young Oh,2002,1,[]
Chaiho Rim,1993,23,"['Chonbuk', 'Chonbuk N. U.']"
Chan Hong-Mo,1993,5,[]
Chandrashekar Devchand,1997,9,[]
Chang S. Chan,2000,3,[]
Chang Soo Park,1996,3,[]
Chang-Guang Shi,2001,1,"['Department of Physics, Toyama University']"
Chang-Ho Kim,1994,3,[]
Chang-Pu Sun,1992,9,"['ITP, Northeast Normal University, China', 'Institute of Theoretical Physics, Northeast Normal University, Changchun 130024,\\hspace{1cm} P.R.China']"
Chang-Yeong Lee,1995,18,['Sejong Univ.']
Chang_Pu Sun,1993,1,[]
Changhai Lu,1996,4,[]
Changhui Li,2001,1,[]
Changhyun Ahn,1992,43,[]
Changrim Ahn,1992,21,"['Ewha', ""Ewha Women's Univ., Korea"", 'Ewha W. U.']"
Changzheng Qu,1997,1,[]
Chanju Kim,1992,28,"['SNU', 'Seoul National University', 'Ewha W.U.']"
Chanyong Park,1997,7,[]
Chao-Shang Huang,2001,1,[]
Chaouki Boulahouache,1998,1,[]
Charanjit S. Aulakh,1995,1,[]
Charilaos Aneziris,1994,1,[]
Charles A. Nelson,1998,3,[]
Charles B. Thorn,1994,23,[]
Charles D. Lane,2001,1,[]
Charles F. Doran,2001,3,[]
Charles Lane,2001,1,[]
Charles M. Sommerfield,1995,2,[]
Charles Nash,1992,5,[]
Charles P. Boyer,1998,1,[]
Charles Schwartz,1999,1,[]
Charlotte F. Kristjansen,1993,1,[]
Chen Ying,1999,1,[]
Chen-Gang Zhou,2000,1,[]
Chengang Zhou,2001,1,[]
Chengqian Gong,1994,1,[]
Cheol Ryou,2001,4,[]
Chethan N. Gowdigere,2002,1,[]
Chi-Keung Chow,2000,1,[]
Chi-Yong Lin,1998,4,[]
Chiang-Mei Chen,1998,22,[]
Chiara Nappi,1992,1,[]
Chiara Pagani,2001,1,[]
Chiara R. Nappi,1992,8,[]
Chie Ohzeki,1996,1,[]
Chien-Hao Liu,1995,7,"['UT-Austin', 'University of Miami', 'U.T. Austin']"
Chien-Wen Hwang,1999,1,[]
Chigak Itoi,1993,11,"['Nihon Univ, Tokyo', 'Nihon U']"
Chih-Lung Chou,1996,2,"['Stanford University,SLAC']"
Chihong Chou,1993,3,[]
Chilong Lin,1996,1,['National Cheng Kung University']
Chin-Rong Lee,1992,2,"['National Chung Cheng Univ.,Taiwan']"
Chong Oh Lee,2003,1,[]
Chong-Sun Chu,1994,34,['Neuchatel University']
Chongying Dong,1994,3,[]
Choon-Lin Ho,1992,11,"['Dept. of Physics, Tamkang University, Taiwan']"
Choonkyu Lee,1992,19,['SNU']
Chopin Soo,1992,9,[]
Chris Austin,2001,3,[]
Chris Barnes,1997,2,[]
Chris Beasley,1999,3,[]
Chris E. Beasley,2002,1,[]
Chris Ford,1994,3,[]
Chris Harvey-Fros,1997,2,[]
Chris Hull,1997,3,[]
Chris Koehl,1999,1,[]
Chris M. Hull,1999,2,[]
Chris Radford,1995,2,"['University of New England, Australia']"
Chris Van Den Broeck,1998,2,[]
Christel Kamp,2000,1,"['University of M\\""unster']"
Christiaan Hofman,1997,8,[]
Christian Beck,2001,2,[]
Christian Blohmann,2001,1,[]
Christian Brouder,1999,6,[]
Christian Ekstrand,2000,1,[]
Christian Fronsdal,1998,5,"['University of California, Los Angeles', 'UCLA']"
Christian Grosche,1993,11,[]
Christian Hilmoine,2000,1,[]
Christian Jaekel,1998,7,[]
Christian Korff,2000,3,[]
Christian Mercat,2001,4,[]
Christian Munkel,1993,1,[]
Christian Preitschopf,1992,4,['Humboldt Univ. Berlin']
Christian R. Preitschopf,1993,4,[]
Christian Romelsberger,1999,9,[]
Christian Rupp,1998,7,[]
Christian Schubert,1995,20,"['Humboldt University Berlin', 'LAPTH Annecy-le-Vieux', 'Argonne National Laboratory']"
Christian Stern,1997,1,['2']
Christian Surlykke,1994,1,[]
Christian Van Enckevort,2001,2,[]
Christian Wieczerkowski,1994,8,['University of Muenster']
Christiane Schomblond,1996,4,[]
Christine Unkmeir,1996,2,"['Institute for Nuclear Physics, Mainz', 'ITP, University of Hannover']"
Christof Gattringer,1993,4,[]
Christof Schmidhuber,1992,14,['Caltech']
Christof Wetterich,1994,7,"['ITP, U Heidelberg', 'Heidelberg U.']"
Christofer Cronstrom,1998,3,[]
Christoph Adam,1997,4,[]
Christoph Kopper,1996,3,['Ecole Polytechnique']
Christoph Richard,2001,1,[]
Christoph Schweigert,1993,16,"['Paris U., VI-VII , Aachen, Tech. Hochschul.']"
Christoph Sieg,2002,2,['Humboldt University of Berlin']
Christoph Wetterich,1994,1,[]
Christophe Fraser,1996,4,[]
Christophe Grojean,2000,2,[]
Christophe Patricot,2003,1,[]
Christophe Ringeval,2003,1,[]
Christopher D. Carone,2002,1,[]
Christopher Ford,1996,1,['Jena']
Christopher Gordon,2000,2,['Portsmouth']
Christopher Hull,2001,3,[]
Christopher King,1994,1,[]
Christopher M. Hull,1996,7,[]
Christopher M. Oneill,1992,2,[]
Christopher P. Herzog,2000,12,[]
Christopher T. Hill,2000,6,[]
Christopher Ting,1992,3,[]
Christos Charmousis,1999,6,[]
Christos Epameinonda Kokorelis,1998,2,[]
Christos Kokorelis,1998,16,[]
Chryssomalis Chryssomalakos,1993,2,[]
Chuan-Jie,1995,1,[]
Chuan-Jie Zhu,1992,19,[]
Chuan-Sheng Xiong,1996,7,['Beijing']
Chuan-Tsung Chan,1999,5,['National Taiwan University']
Chuansheng Xiong,2000,1,[]
Chueng-Ryong Ji,2000,1,[]
Chul H. Lee,1994,3,[]
Chul Koo Kim,1997,5,[]
Chun-Khiang Chua,2000,1,[]
Chun-Ming Chiang,2000,2,[]
Chun-Qing Huang,2002,1,[]
Chung-Chieh Lee,2000,1,[]
Chung-I Tan,1992,9,"['Brown Un.', 'Brown University', 'Brown Univ.']"
Chung-Wen Kao,2000,1,[]
Cihan Saclioglu,1995,7,[]
Cintia G. Pinheiro,2000,1,"['UFES, Brazil']"
Ciprian Acatrinei,1999,9,[]
Cl. Gabriel,1997,5,[]
Clare Dunning,2000,8,[]
Claude Barrab`Es,1995,1,[]
Claude Gabriel,1998,1,[]
Claude Godreche,2001,1,[]
Claude Roger,1994,1,[]
Claudia Daboul,1996,1,"['Universitaet Hamburg, GERMANY']"
Claudio A. Scrucca,1997,17,[]
Claudio Coriano,1992,3,[]
Claudio Emmrich,1993,1,[]
Claudio Lucchesi,1995,1,"['University of Neuchatel, Switzerland']"
Claudio Nassif,2000,1,[]
Claudio Simeone,1995,1,[]
Claudio Teitelboim,1992,8,[]
Claus Jeschek,2003,1,[]
Claus Kiefer,1993,4,[]
Claus Montonen,1995,1,[]
Claus Nowak,1994,1,[]
Claus Zahlten,2000,1,[]
Clemens Schophaus,1996,1,"['Institut f. Theoret. Physik, Universitaet Goettingen']"
Clifford Johnson,1992,1,[]
Clifford Neves,1999,2,[]
Clifford V Johnson,1994,1,[]
Clifford V. Johnson,1992,48,[]
Clisthenis P. Constantinidis,2003,2,[]
Clovis Wotzasek,1995,18,"['UFRJ', 'University of Rochester']"
Cm Hull,1998,1,[]
Cm. Viallet,1992,1,[]
Collin Bennett,2001,1,[]
Conall Kennedy,1998,4,[]
Cong-Xin Liu,1998,1,[]
Conor Houghton,1996,10,[]
Conor J. Houghton,1999,3,[]
Conrad J. Burden,1993,2,[]
Constantin Bachas,1997,5,"['ENS, Paris']"
Constantin P. Bachas,1997,2,['Ecole Polytechnique']
Constantin Rasinariu,2000,1,[]
Corinne A. Manogue,1993,4,[]
Corneliu Sochichiu,2000,11,"['Chisinau, Inst. Appl. Phys. , Dubna, JINR']"
Cornelius Sochichiu,1995,1,[]
Cosimo Stornaiolo,1999,3,[]
Cosmas K Zachos,2001,4,[]
Cosmas Zachos,1995,13,[]
Costas Bachas,1992,1,[]
Costas Efthimiou,1993,3,[]
Costas J. Efthimiou,1998,2,[]
Costas John Efthimiou,1993,1,[]
Costas Kounnas,1993,21,"['CERN-TH,ENS, Paris', 'CERN']"
Costin Popescu,1996,5,[]
Courtney J. Mewton,2002,1,[]
Craig A. Tracy,1992,7,[]
Craig A. Tracy.,1995,1,[]
Craig D. Roberts,1993,1,[]
Cresus F. L. Godinho,1998,4,[]
Cristian Martinez,1998,7,[]
Cristiano Carpi,1998,1,[]
Cristiano Germani,2001,3,[]
Cristina Manuel,1992,2,[]
Cristobal Lara,1999,1,['Univ. de Valencia']
Cs. Koccak,1996,2,[]
Csaba Csaki,1996,31,"['UC Berkeley', 'UC, Berkeley', 'Berkeley', 'MIT']"
Ctirad Klimcik,1995,1,[]
Ctirad Klimv Ci K,1992,1,[]
Cumrun Vafa,1992,78,['Harvard University']
Curtin Callan,1994,1,[]
Curtis Callan,1992,1,[]
Curtis G. Callan,1993,10,['Princeton University']
Cyril Cartier,2000,1,[]
Cyril Furtlehner,1994,1,[]
Cyril Malyshev,2002,1,[]
D A Rasheed,1995,2,[]
D Elliott,1996,1,[]
D G C Mckeon,1993,2,[]
D Mcanally,1996,1,[]
D Mcmullan,2002,1,[]
D S Mcanally,1998,2,[]
D V Nanopoulos,1993,1,[]
D. A. Komarov,1998,1,[]
D. A. Korotkin,1995,1,[]
D. A. Kosower,1993,2,[]
D. A. Lowe,1993,11,[]
D. A. Macintire,1992,2,[]
D. A. Owen,1993,2,[]
D. A. R. Dalvit,1994,1,[]
D. A. Rasheed,1996,2,[]
D. A. Ryzhikh,2001,2,"['ITEP, Moscow, Russia']"
D. A. Sahakyan,1998,3,[]
D. A. Spector,2000,1,[]
D. A. Steer,1998,9,"['DAMPT, Cambridge']"
D. Alba,2001,3,"['Firenze Univ.', 'Univ.Firenze', 'Univ. Firenze']"
D. Alexander,1992,1,[]
D. Altschuler,1993,2,[]
D. Amati,1996,2,[]
D. Amati S. Elitzur,1993,1,[]
D. Anselmi,1993,27,[]
D. Antonov,2003,1,"['INFN, Pisa , Pisa U.']"
D. Armand Ugon,1992,1,[]
D. Arnaudon,1993,7,[]
D. Atkinson,1992,1,[]
D. B. Ali,2001,1,[]
D. B. Fairlie,1992,19,"['University of Durham', 'University of Durham, U.K.', 'Durham University']"
D. B. Mckernan,1996,1,[]
D. B. Papadopoulos,1998,3,[]
D. B. Uglov,1992,4,['SUNY Stony Brook']
D. B. Westra,2002,1,[]
D. Babusci,2001,1,[]
D. Badagnani,1999,1,[]
D. Bahns,2002,3,['1']
D. Bailin,1992,24,"['U. of Sussex', 'U. Sussex', 'Sussex', 'Sussex U.']"
D. Bak,1994,4,[]
D. Baleanu,2002,1,[]
D. Bar-Moshe,1994,2,[]
D. Bazeia,1992,24,[]
D. Bellisai,1997,3,['Rome U. Tor Vergata']
D. Berenstein,2002,1,[]
D. Bernard,1992,13,[]
D. Bernard. V. Pasquier,1995,1,[]
D. Binosi,1999,2,[]
D. Birmingham,1993,2,[]
D. Birmingham I. Sachs S. Sen,1997,1,['University College Dublin']
D. Blaschke,1995,5,[]
D. Bonatsos,1994,1,[]
D. Borthwick,1994,3,[]
D. Boulatov,1992,4,[]
D. Boyanovsky,1992,3,[]
D. Brace,2001,2,[]
D. Brecher,1998,8,[]
D. Buchholz,1994,2,[]
D. C. Brody,1997,1,[]
D. C. Brydges,2002,1,[]
D. C. Cabra,1993,12,[]
D. C. Dunbar,1993,7,[]
D. C. Latimer,2002,1,['Oxford']
D. C. Robinson,2002,1,[]
D. C. Rodrigues,2001,1,[]
D. Cabra,1994,1,[]
D. Caenepeel,1993,5,[]
D. Campo,2002,1,[]
D. Cangemi,1992,5,['UCLA']
D. Chang,1992,1,[]
D. Chruscinski,1999,5,[]
D. Colferai,1997,1,[]
D. Controzzi,1999,1,[]
D. Cremades,2002,4,[]
D. Dalmazi,1992,18,[]
D. Delepine,1997,1,[]
D. Depireux,1993,1,[]
D. Diakonov,1998,2,"['NORDITA, Pnpi Gatchina']"
D. Dudal,2002,6,[]
D. Dunbar,2000,1,[]
D. E. Berenstein,1993,1,[]
D. E. Evans,1998,3,[]
D. E. Jaramillo,1998,1,"['1,2']"
D. E. Nikonov,1993,1,[]
D. E. Pelinovsky,1998,1,[]
D. Easson,2000,1,['Brown Univ.']
D. Ebert,1994,8,"['Humboldt University, Berlin']"
D. Ellinas,1994,1,[]
D. Erdenebayar,1995,1,[]
D. Espriu,1993,4,"['3', '2']"
D. F. Litim,1995,2,[]
D. F. Marchioro,1999,2,[]
D. Fabbri,1999,4,[]
D. Finnell,1995,2,[]
D. Fioravanti,1993,5,[]
D. Fliegner,1994,3,"['Heidelberg U., ITP']"
D. Fradkin,1998,1,[]
D. Francia,2001,3,[]
D. Freed,1992,2,[]
D. Fursaev,1998,5,[]
D. G. Barci,1995,11,[]
D. G. Barcy,1995,1,[]
D. G. C. Mckeon,1992,27,"['Department of Applied Mathematics, University of Western Ontario', 'University of Western Ontario']"
D. G. Caldi,1993,2,[]
D. G. Delfrate,2002,1,[]
D. G. G. Sasaki,1998,2,[]
D. G. G. Sasaki S. P. Sorella V. E. R. Lemes,2000,1,[]
D. G. Pak,1999,10,[]
D. G. Rakityansky,1996,5,[]
D. G. Robertson,1996,1,[]
D. Galeazzi,1993,1,[]
D. Gepner,1992,3,[]
D. Gianzo,1998,1,[]
D. Giuliano,2000,1,[]
D. Gomez-Ullate,2000,4,[]
D. Grumiller,2001,5,[]
D. Gurevich,1994,1,[]
D. H. Correa,2000,7,[]
D. H. Phong,1993,26,['Columbia University']
D. H. T. Franco,1996,6,['UCP-GFT']
D. H. Tchrakian,1995,30,"['2', 'NUI Maynooth, Ireland', '1', 'NUIM , DIAS, Ireland', 'U. Maynooth']"
D. Han,1996,3,[]
D. Hasler,1999,3,[]
D. I. Kazakov,1993,6,"['JINR, Dubna , ITEP, Moscow']"
D. I. Meiron,2000,1,[]
D. I. Olive,1993,6,[]
D. Ida,2001,2,[]
D. Iellici,1998,1,[]
D. Ivanov,1994,2,[]
D. J. Broadhurst,1996,17,[]
D. J. Gross,1993,2,[]
D. J. Lamb,1994,5,[]
D. J. Lee,1998,2,[]
D. J. Navarro,1994,9,[]
D. J. Schwarz,1992,1,[]
D. J. Smith,1997,1,[]
D. J. Toms,1993,9,[]
D. Jancic,1993,3,['1']
D. Johnston,1993,3,[]
D. Jungnickel,1992,2,[]
D. Juriev,1994,4,"[""D.V.Yur'ev"", ""Yur'ev; Mathematical Division, Research Institute for System Studies of Russian Academy of Sciences, Moscow, Russia""]"
D. K. Hong,1993,3,"['Pusan University', 'Pusan']"
D. K. Park,1994,49,"['Kyungnam University', 'Kyungnam U.']"
D. Kabat,1994,3,[]
D. Kamani,1999,2,[]
D. Kapetanakis,1994,1,[]
D. Karabali,1998,3,[]
D. Karakhanyan,1997,3,[]
D. Karczewska,1996,3,[]
D. Kastor,1993,1,[]
D. Kazhdan,2001,1,[]
D. Klemm,2000,11,[]
D. Korotkin,1994,6,[]
D. Kreimer,1993,11,"['Erwin Schr\\""odinger Institute, Vienna']"
D. Krob,1994,2,[]
D. Kutasov,1992,22,[]
D. L. Bennett,1997,1,['1']
D. L. Henty,2001,1,[]
D. L. Wiltshire,1992,3,[]
D. Lebedev,1994,6,[]
D. Lenis,1994,2,[]
D. Levkov,2003,1,[]
D. Li,1993,1,[]
D. Litim,1995,1,[]
D. Louis Martinez,1993,2,[]
D. Luest,1992,5,[]
D. Lust,1993,16,[]
D. M. Belov,1999,12,[]
D. M. Bradley,1996,1,[]
D. M. E. Mcarthur,2002,1,[]
D. M. Ghilencea,2001,3,[]
D. M. Gitman,1992,47,"['U. of Sao Paulo', 'IF, Univ. Sao Paulo', 'Instituto de Fisica, Universidade de S\\~ao Paulo', 'University of Sao Paulo, Brasil']"
D. M. Mcavity,1993,1,[]
D. M. Medeiros,2000,3,[]
D. M. Mladenov,1997,6,[]
D. Maison,1996,1,[]
D. Mamone,2002,4,[]
D. Marolf,1994,1,[]
D. Matalliotakis,1997,1,[]
D. Mateos,2001,1,[]
D. Mauro,1999,3,[]
D. Maxera,1998,1,[]
D. Mc Neill,1996,2,[]
D. Mcmullan,1995,2,[]
D. Melnikov,2002,1,[]
D. Minic,1993,25,"['USC', 'Penn State']"
D. Morrison,1996,1,[]
D. Mouhanna,1998,3,[]
D. Mulsch,1997,9,['Wissenschaftszentrum e.V.']
D. N. Nishnianidze,1994,3,"['St.Petersburg,Kutaisi', '2,3']"
D. N. Page,1998,2,[]
D. Nanopoulos,1992,4,[]
D. Nemeschansky,1992,12,[]
D. Nogradi,1999,3,[]
D. Nolte,2001,1,[]
D. Nowak-Szczepaniak,2000,1,['Wroclaw Univ.']
D. Okeeffe,1998,1,[]
D. Papadopoulos,1997,1,[]
D. Polyakov,1999,1,[]
D. Popovic,1997,1,[]
D. Prange,1999,1,[]
D. Proskurin,2001,2,[]
D. R. Bes,1994,2,[]
D. R. D. Scott,1994,1,[]
D. R. Davidson,1994,3,[]
D. R. Grigore,1993,6,[]
D. R. Karakhanyan,1994,5,[]
D. R. Lamm,2000,1,[]
D. R. Morrison,1993,7,[]
D. R. Phillips,1998,1,[]
D. R. T. Jones,1993,7,[]
D. Reynaud,2000,4,['Montpellier U.']
D. Ridout,2002,1,[]
D. Robaschik,1999,1,[]
D. Rodney Truax,1993,2,[]
D. Roest,2001,6,[]
D. Roggenkamp,2000,1,[]
D. Rohrlich,1993,2,[]
D. S. Berman,1996,12,[]
D. S. Freed,2000,1,[]
D. S. Gorbunov,1999,3,[]
D. S. Popovic,1998,2,[]
D. S. Soh,1993,2,[]
D. Sanchez-Ruiz,1999,4,"['Departamento de Fisica Teorica I, Universidad Complutense de Madrid, Spain', 'Universidad Complutense de Madrid']"
D. Schutte,1995,1,[]
D. Seminara,1992,27,"['MIT', 'Florence U.']"
D. Senechal,1992,2,[]
D. Serban,1993,7,[]
D. Singleton,1998,9,[]
D. Sorokin,1993,6,[]
D. Steinbacher,2002,1,[]
D. Sternheimer,1994,1,[]
D. Stevenson,2001,1,['1']
D. Stockinger,2001,1,[]
D. Stoll,1995,1,[]
D. Svrtan,1996,1,[]
D. T. Barclay,1993,1,[]
D. T. Son,2001,6,['INT']
D. Talalaev,2001,3,"['ITEP, Moscow']"
D. Toledo,1997,1,[]
D. Tomino,2003,1,[]
D. Tong,1997,3,[]
D. Toublan,1998,7,[]
D. Ts. Stoyanov,1996,3,[]
D. Tsimpis,2001,2,[]
D. Turaev,2001,1,"['WIAAS, Berlin']"
D. Tz. Stoyanov,1994,1,[]
D. U. Matrasulov,1995,1,[]
D. Uglov,1994,2,[]
D. Ursescu,2002,1,[]
D. V. Ahluwalia,1993,11,"['LAMPF, Los Alamos National Laboratory', 'Los Alamos National Laboratory']"
D. V. Aleynikov,2002,1,[]
D. V. Antonov,1996,20,"['Humboldt University, Berlin,ITEP, Moscow', 'ITEP, Moscow', 'ITEP, Moscow,Humboldt University, Berlin']"
D. V. Boulatov,1992,10,[]
D. V. Fursaev,1993,17,[]
D. V. Galtsov,1992,22,['Moscow State University']
D. V. Gluschenkov,1993,1,[]
D. V. Leykin,1993,1,[]
D. V. Long,1996,1,[]
D. V. Meshcheryakov,2001,2,[]
D. V. Nanopoulos,1992,34,"['CERN, Oxford, Texas A,M, HARC,Academy of Athens', 'Texas A,M, HARC, Academy of Athens', 'Texas A,M, HARC,Academy of Athens', 'Texas A,M, HARC, Athens Academy']"
D. V. Naumov,1997,2,[]
D. V. Nesterov,2000,3,[]
D. V. Shirkov,1996,6,"['JINR, Dubna']"
D. V. Soroka,2001,2,[]
D. V. Uvarov,1999,3,[]
D. V. Vassilevich,1994,25,"['St. Petersburg University', 'St.Petersburg']"
D. V. Volkov,1994,1,[]
D. Vaman,2001,1,[]
D. Varga,1999,1,[]
D. Vasiliev,2003,1,[]
D. Vassilevich,1998,5,[]
D. Vautherin,1996,2,[]
D. Volkov,1995,2,[]
D. Waldram,1993,2,[]
D. Wesolowski,1993,2,[]
D. Winder,2000,1,[]
D. Witt,1999,1,[]
D. Wyler,1995,2,[]
D. Yetter,1994,1,[]
D. Yu. Grigoriev,2002,2,[]
D. Z Freedman,2000,1,['MIT']
D. Z. Freedman,1992,13,[]
D. Zagier,1999,1,"['MPIM, Bonn']"
D. Zanon,1992,26,[]
D. Zanon.,1995,1,[]
D. Zappal`A,2000,1,[]
D. Zappala,1997,6,['2']
D. Zoller,1995,1,[]
D. Zwanziger,1994,3,"['New York University', 'New York U.']"
D.-S. Lee,1992,4,[]
D.-U. Jungnickel,1993,1,[]
D.~V.~Vassilevich,1995,1,[]
Da-Hua Zhang,2002,1,[]
Dae Kil Park,2001,2,"['Kyungnam , Michigan Uni.']"
Dae Kwan Kim,1996,3,['Seoul National University']
Dae Sung Hwang,1995,3,[]
Dae Yup Song,1994,1,[]
Dae-Yup Song,1994,3,"[""Sunchon Nat'l Univ""]"
Dagny Kimberly,2001,1,[]
Dagny M. Kimberly,2002,1,[]
Dahl Park,1995,11,[]
Daiji Ennyu,1997,3,[]
Daisuke Ida,2001,8,"['RESCEU, U.Tokyo']"
Daisuke Yamada,2003,1,[]
Dal-Ho Yoon,1999,1,[]
Dalia S. Goldwirth,1993,1,[]
Dallas C. Kennedy,1997,1,['2']
Damiano Anselmi,1992,14,['Harvard University']
Damien A. Easson,1999,9,['McGill U.']
Dan Christensen,1992,1,[]
Dan Gluck,2003,1,[]
Dan Kabat,1992,1,[]
Dan N. Vollick,1999,5,[]
Dan Radu Grigore,1993,20,[]
Dan Tomino,2000,2,[]
Dan Waldram,2000,1,['CERN']
Dan-Tao Peng,2001,4,[]
Dana Stanley Fine,1995,1,[]
Dang Van Soa,1994,1,[]
Dani`Ele Steer,2002,1,[]
Daniel A. T. Vanzella,2003,1,[]
Daniel Altschuler,1992,1,[]
Daniel Armand-Ugon,1993,3,[]
Daniel Arnaudon,1992,5,[]
Daniel B. Grunberg,2003,1,[]
Daniel Boyanovsky,1993,1,[]
Daniel Brace,1998,6,[]
Daniel C. Cabra,1992,3,['1']
Daniel Cabra,1995,1,['Universidad de La Plata']
Daniel Cangemi,1992,13,"['MIT', 'UCLA']"
Daniel Domert,2002,1,[]
Daniel F. Litim,1996,17,['U. Barcelona']
Daniel Freedman,1997,1,[]
Daniel Friedan,2002,2,[]
Daniel Gottesman,1994,2,[]
Daniel H. T. Franco,1997,6,['SISSA-Trieste']
Daniel Hernandez Ruiperez,2001,1,[]
Daniel I. Fivel,1994,5,[]
Daniel Iagolnitzer,1998,1,[]
Daniel Kabat,1992,16,"['Institute for Advanced Study', 'Columbia University', 'IAS']"
Daniel Kastler,1994,6,[]
Daniel Lee,2000,1,['Bell Labs']
Daniel M. Sforza,1996,1,[]
Daniel Marti,2001,1,[]
Daniel R. Bes,1996,1,[]
Daniel R. Phillips,1997,1,[]
Daniel R. Terno,2003,1,[]
Daniel Robbins,2003,1,[]
Daniel Roggenkamp,2003,1,[]
Daniel S. Freed,1992,9,[]
Daniel Sternheimer,1994,3,[]
Daniel Waldram,1992,45,"['CERN', 'Princeton University', 'Princeton University,CERN']"
Daniel Z. Freedman,1992,27,[]
Daniel Zwanziger,1996,11,['New York University']
Daniela Bigatti,1997,8,"['K.U. Leuven', 'Weizmann Institute of Science, Israel']"
Daniela Garajeu,1994,1,[]
Daniela Zanon,1992,24,['U. of Milano']
Daniele A. Steer,2000,2,[]
Daniele Amati,1997,1,['SISSA']
Daniele Binosi,1999,2,[]
Daniele Guido,1995,3,"['U. Roma ""Tor Vergata""', 'U. Roma Tor Vergata']"
Daniele Perini,2002,2,[]
Daniele Tommasini,2001,2,[]
Danijel Jurman,2003,1,[]
Danny Birmingham,1993,19,[]
Danny Marfatia,2000,1,[]
Danny Stevenson,2002,1,[]
Dao Vong Duc,1994,1,[]
Dao-Jun Liu,2002,2,[]
Dao-Neng Gao,1995,1,['USTC']
Dapeng Xu,1994,1,[]
Dardo D. Piriz,1995,1,['University of California']
Dario Benedetti,2002,1,[]
Dario Martelli,1998,14,[]
Dario Zappala,1997,1,[]
Darius G. Gagne,1995,2,[]
Darius Gagne,1995,1,[]
Darius Sadri,2003,1,[]
Dariusz Chruscinski,1997,5,[]
Darrell R. Lamm,2001,1,[]
Darren T. Grasso,2002,1,[]
Darwin Chang,1995,1,[]
Dave J. Clements,2003,1,[]
David A. Kastor,1993,2,[]
David A. Lowe,1992,38,[]
David A. Sahakyan,2001,2,[]
David Alba,1997,4,"[""Universita' di Firenze"", 'Florence University']"
David B. Fairlie,1992,6,['University of Durham']
David B. Kaplan,1995,4,[]
David Bailin,2002,1,[]
David Beckman,2001,1,[]
David Berenstein,1996,26,[]
David Brown,1997,1,[]
David Brungs,1998,1,[]
David C. Dunbar,1992,6,[]
David C. Lewellen,1992,1,[]
David C. Page,2000,4,[]
David D. Song,1998,2,[]
David Delphenich,1997,1,['Syracuse U.']
David Dudal,2002,2,[]
David E. Crooks,2002,3,[]
David E. Radford,1994,1,['UI Chicago']
David Eichler,2000,1,[]
David Eliezer,1992,3,[]
David Fairlie,1997,4,[]
David Finkelstein,1994,4,[]
David G. Boulware,1992,1,[]
David G. Robertson,1993,8,"['OSU', 'Ohio State']"
David Gershon,1992,4,[]
David Gross,1997,1,[]
David H. Adams,1995,9,[]
David H. Lyth,1998,1,['Lancaster']
David H. Oaknin,2000,3,[]
David Hasler,2002,1,[]
David Hillman,1998,1,[]
David Hochberg,1998,2,"['LAEFF, Madrid']"
David I Olive,1995,5,['University of Wales Swansea']
David I. Olive,1993,4,[]
David I. Santiago,1999,1,[]
David Ian Olive,2002,1,[]
David J Toms,2001,1,[]
David J. Fernandez C,1994,1,[]
David J. Fernandez C.,1995,1,[]
David J. Gross,1992,25,"['ITP', 'Princeton University']"
David J. Toms,1995,6,['University of Newcastle Upon Tyne']
David J. Winters,2001,5,[]
David Karasik,2001,2,[]
David Kastor,1992,14,[]
David Kutasov,1992,19,['University of Chicago']
David L. Obrien,1995,1,['University of Melbourne']
David L. Olmsted,1996,1,[]
David L. Wiltshire,2001,2,['University of Canterbury']
David Langlois,1995,16,"['IAP, Paris', 'DARC, Meudon', 'IAP', 'Observatoire de Paris-Meudon', 'GRECO/IAP, Paris']"
David Louapre,2002,2,"['ENS-Lyon', 'ENS Lyon']"
David Lowe,2001,1,[]
David M. Kaplan,1995,3,[]
David M. Mcavity,1995,1,[]
David M. Pierce,1995,3,[]
David M. Thompson,2001,1,[]
David Mateos,1998,12,[]
David Mattingly,1999,2,[]
David Mcmullan,1993,20,[]
David Montano,1992,1,[]
David N. Yetter,1993,6,[]
David Nolland,1999,7,"['Durham', 'Durham U.']"
David Obrien,1995,1,[]
David P. Hutasoit,1999,1,[]
David Persson,1993,1,[]
David R. Finkelstein,2000,2,['Georgia Institute of Technology']
David R. Morrison,1993,26,['with an appendix by Mark Gross']
David Ridout,1999,1,[]
David Ritz Finkelstein,2000,2,['1']
David S. Berman,2000,2,[]
David Skinner,2001,3,[]
David T. Barclay,1993,1,[]
David Tepper,1998,2,[]
David Thompson,2003,1,[]
David Tong,1997,22,['Kings College']
David Tsabar,1998,2,[]
David Wands,1994,15,"['Portsmouth', 'Sussex']"
David Zoller,1994,2,[]
Davide Fabbri,1998,5,[]
Davide Fioravanti,1995,9,"['Un. of Durham', 'U. of Durham']"
Davide Franco,1993,1,[]
Davide Gaiotto,2001,5,[]
Davide Stelitano,1994,1,[]
Davoud Kamani,1999,15,[]
De Leo Stefano,1995,10,"['Dip. di Fisica, INFN, Lecce, Italia', 'Dip. di Fisica, INFN, Lecce']"
De-Hone Lin,1997,3,[]
De-Pin Zhao,1999,1,[]
De-Si Zang,1999,1,[]
Dean F. Miller,1993,1,[]
Dean L. Welch,1993,5,[]
Dean Lee,1997,11,"['UMass Amherst', 'Univ. of Massachusetts, Amherst', 'Harvard University', 'Univ. of Massachusetts']"
Dean Rasheed,1995,1,[]
Debabrata Basu,1996,3,[]
Debajyoti Choudhury,2001,2,[]
Debashis Gangopadhyay,1994,9,[]
Debashis Ghoshal,1992,15,"['MRI', 'Mehta Research Inst']"
Defu Hou,1998,1,[]
Dejan Stojkovic,2000,6,[]
Demosthenes Ellinas,1993,7,[]
Denis Bernard,1992,13,['SPhT Saclay']
Denis Bernard.,1995,1,[]
Denis Gontsa,2001,1,[]
Denis Juriev,1994,5,"[""Yur'ev, Mathematical Division, Research Institute for System Studies of Russian Academy of Sciences, Moscow"", 'Mathematical Division, Research Institute for System Studies [Information Technologies], Russian Academy of Sciences, Moscow, Russia']"
Denis Kochan,2001,1,[]
Denis Perrot,2000,1,['CPT-Marseille']
Denis Uglov,1995,3,[]
Denis V. Juriev,1995,1,[]
Denise E. Freed,1993,4,[]
Denjoe O Connor,1992,4,[]
Denjoe Oconnor,1993,13,[]
Denne Wesolowski,1994,1,[]
Dennis B. Crossley,1993,2,[]
Dennis Bonatsos,1993,6,[]
Dennis C. Richman,2001,1,[]
Dennis D. Dietrich,2000,2,[]
Dennis Gaitsgory,1994,1,[]
Dennis Nemeschansky,1995,7,[]
Denny Fliegner,1995,2,[]
Deog Ki Hong,1992,5,['Pusan University']
Detlef R. Nolte,1997,6,"['IAS, Princeton', 'IAS']"
Detlev Buchholz,1994,22,[]
Deusdedit M. Medeiros,1999,1,[]
Devis Iellici,1996,3,[]
Dharam V. Ahluwalia,1994,1,[]
Dhurjati Prasad Datta,1997,1,[]
Dian-Min Tong,1994,1,[]
Diana Vaman,1996,13,"['YITP Stony Brook', 'YITP, SUNY Stony Brook']"
Diarmuid Crowley,1997,1,[]
Didier A Depireux,1992,2,[]
Didier Caenepeel,1993,2,[]
Diederik Roest,2003,1,[]
Diego A. R. Dalvit,1996,3,[]
Diego Bellisai,1995,4,['Rome Tor Vergata U.']
Diego D. Dalvit,2000,1,[]
Diego J. Navarro,1999,3,[]
Diego Rodriguez-Gomez,2003,1,[]
Diego Trancanelli,2003,1,[]
Dieter Luest,1992,7,[]
Dieter Lust,1994,52,"['Humboldt U., Berlin', 'Humboldt University, Berlin', 'Humboldt-University, Berlin']"
Dieter Maison,1993,3,[]
Dieter Mayer,1997,3,[]
Dieter R. Brill,1992,1,[]
Dieter W. Heermann,1993,1,[]
Dietmar Ebert,1998,7,"['2,3', '3', 'Humboldt University, Berlin', 'CERN, Geneva,Humboldt University, Berlin']"
Dietmar Klemm,1998,14,"['University of Trento, Italy']"
Dietmar Muelsch,2000,1,[]
Dietmar Mulsch,1999,4,[]
Dietrich Bodeker,1995,2,[]
Dileep P. Jatkar,1992,15,[]
Dimitra Karabali,1992,13,[]
Dimitri Polyakov,1993,16,[]
Dimitrios Tsimpis,1998,10,[]
Dimitry Leites,1997,4,[]
Dimitry Polyakov,2001,1,[]
Dionisio Bazeia,1997,3,['Univ. Fed. da Paraiba']
Dipankar Chakrabarti,1999,4,[]
Diptiman Sen,1992,2,[]
Dirk Graudenz,1996,1,['CERN']
Dirk Kreimer,1996,15,['Mainz Univ.']
Dirk Lehmann,1996,1,['University of Erlangen']
Dirk Olivie,1999,1,[]
Dirk Prange,1997,3,[]
Dirk Schlingemann,1995,7,['ESI Vienna']
Diuliu-Emanuel Diaconescu,2000,1,[]
Dj. Vsijavcki,1994,1,[]
Djamel Dou,1997,1,[]
Djordje Minic,1995,20,"['Penn State University', 'City College']"
Djordje V Sijav Cki,1993,1,[]
Dmitri Antonov,1998,23,"['ITEP, Moscow', 'INFN, Pisa', 'INFN, Pisa, University of Pisa,,ITEP, Moscow', 'INFN, Pisa,University of Pisa', 'INFN, Pisa , Pisa U.', 'INFN, Pisa,Pisa U.', 'INFN, Pisa,Pisa University']"
Dmitri Boulatov,2000,1,[]
Dmitri D. Galtsov,1994,1,[]
Dmitri Diakonov,1996,10,"['NORDITA,St.Petersburg NPI', 'NORDITA,St. Petersburg NPI', 'NORDITA , St.Petersburg NPI', 'Nordita,St. Petersburg NPI', 'NORDITA']"
Dmitri Dolgov,1995,1,[]
Dmitri Fursaev,1994,3,[]
Dmitri Galtsov,1996,7,[]
Dmitri Linde,1994,3,[]
Dmitri M. Gitman,1995,2,[]
Dmitri Orlov,2000,3,[]
Dmitri Sorokin,1996,36,"['Kharkov Institute of Technology, Kharkov, Ukraine']"
Dmitri V. Alekseevsky,2001,2,[]
Dmitri V. Fursaev,1994,6,[]
Dmitri V. Galtsov,1995,9,[]
Dmitri V. Shirkov,1997,1,[]
Dmitri V. Vassilevich,1995,4,[]
Dmitri Vassilevich,1994,3,[]
Dmitrij P. Sorokin,1993,4,[]
Dmitrij Sorokin,1994,7,[]
Dmitrij V. Shirkov,2000,1,[]
Dmitrij V. Soroka,2002,1,[]
Dmitrij V. Volkov,1993,5,[]
Dmitrij Volkov,1995,2,[]
Dmitriy Uvarov,2000,1,[]
Dmitriy V. Uvarov,2001,2,[]
Dmitry A. Kalinin,1999,1,[]
Dmitry Belyaev,2002,1,[]
Dmitry Gitman,1999,1,[]
Dmitry Kerner,2000,1,[]
Dmitry Malyshev,2001,1,[]
Dmitry Melnikov,2003,1,[]
Domenec Espriu,1997,2,['Univ. of Barcelona']
Domenico Giulini,1992,3,[]
Domenico Seminara,1995,8,"['University of Florence', 'LPT-ENS, Paris', 'Ecole Normale Superieure, Paris, France']"
Domingo Louis-Martinez,1996,2,['University of British Columbia']
Domingo Marin Ricoy,1997,1,"['Moscow State University, Russia']"
Dominic Brecher,2001,3,[]
Dominic Joyce,1999,1,[]
Dominic Lee,1998,1,[]
Dominik J. Schwarz,2001,3,[]
Don N. Page,1993,13,"['Univ. of Alberta', 'Univ. Alberta', 'University of Alberta', 'CIAR Cosmology Program, University of Alberta']"
Donal Odriscoll,1998,3,[]
Donald M. Witt,2001,1,[]
Donald Marolf,1993,30,['Syracuse University']
Donald Spector,1992,11,[]
Donalf Marolf,1996,1,[]
Donam Youm,1993,55,['University of Pennsylvania']
Dong Hyun Park,2000,3,[]
Dong Sup Soh,1995,1,[]
Dong Won Lee,1997,2,['Kon-kuk Univ.']
Dong-Pei Zhu,1999,1,[]
Dong-Sheng Du,2001,1,[]
Dongsu Bak,1993,39,['Univ. of Seoul']
Dorje C. Brody,2003,1,[]
Doron Gepner,1992,15,"['Weizmann Institute', 'Caltech', 'Caltech,the Weizmann Institute', 'Caltech,Weizmann Institute', 'Caltech,Weizmann']"
Doug Singleton,1999,2,[]
Douglas J. Smith,1997,11,[]
Douglas M. Eardley,1999,1,[]
Douglas Singleton,1995,12,[]
Douglas W. Mckay,1996,3,['2']
Dragan Popovic,1995,1,[]
Dragan S. Popovic,1998,1,['Institute of Physics']
Dragos Constantin,2002,1,[]
Dubravka Jancic,1993,1,[]
Duiliu-Emanuel Diaconescu,1996,20,['Rutgers University']
Dumitru Astefanesei,2001,1,[]
Dumitru Baleanu,1999,5,"['Bogoliubov LTPh,JINR, Dubna, Russia', 'Bogoliubov LTPh, JINR, Dubna, Russia']"
Dzo Mikulovicz,2000,1,[]
E Corrigan,1994,3,"['University of Durham, UK']"
E Rodulfo,1997,1,[]
E Thiran,1992,1,[]
E. A. Bergshoeff,1992,5,[]
E. A. Dudas,1996,1,[]
E. A. Gaffney,1994,1,[]
E. A. Ivanov,1996,11,"['JINR, Dubna']"
E. A. Silva,2001,1,"[""UNESP /Guaratinguet\\'a""]"
E. A. Tolkachev,1996,2,['Minsk']
E. A. Yuzbashyan,1996,2,"['Joint Institute for Nuclear Research, Dubna, Russia', 'Joint Institute for Nuclear Research, Dubna, Moscow Region, Russia']"
E. Abdalla,1992,28,"['CERN, ICTP', 'ICTP, Trieste']"
E. Adi,1994,1,[]
E. Aifantis,2002,1,[]
E. Aldrovandi,1992,3,[]
E. Alfinito,1996,3,[]
E. Alvarez,1993,19,[]
E. Andres,1992,2,[]
E. Andriyash,2002,1,[]
E. Ardonne,2002,1,[]
E. Atzmon,1995,3,[]
E. Babaev,1998,1,[]
E. Bagan,2000,1,[]
E. Batista,1999,4,[]
E. Baver,1999,1,[]
E. Benedict,1996,1,[]
E. Bergshoeff,1992,47,[]
E. Billey,1993,5,[]
E. Brezin,1992,2,[]
E. Buffenoir,2002,1,[]
E. Buffenoir Ph. Roche,1994,1,[]
E. C. G. Sudarshan,1993,2,[]
E. C. Marino,1992,15,[]
E. C. Vagenas,2000,2,[]
E. Calzetta,1996,1,[]
E. Celeghini,1992,6,[]
E. Comay,1995,1,[]
E. Corrigan,1993,14,[]
E. Corrigan P. E. Dorey,1994,1,[]
E. Cremmer,1993,8,[]
E. D. Jones,1997,1,[]
E. Demilio,1999,1,[]
E. Deotto,1999,5,[]
E. Derrick,1993,4,['2']
E. Dhoker,1994,12,['UCLA']
E. Di Grezia,2003,1,[]
E. Dudas,1994,21,[]
E. E. Donets,1992,8,"['JINR, Dubna']"
E. E. Leite,2002,1,[]
E. Eisenberg,1993,2,[]
E. Elizalde,1992,82,"[""CEAB, CSIC, Cam\\'{\\i} de Santa B\\`arbara,Departament d'ECM,IFAE, Facultat de F{\\ii}sica, Universitat de Barcelona, Spain""]"
E. Elizalde S. D. Odintsov,1995,1,[]
E. Ercolessi,1993,8,[]
E. Eyras,1996,7,[]
E. F. Moreno,1993,17,[]
E. Farhi,1999,5,[]
E. Filotas,2002,1,[]
E. Floratos,1995,3,[]
E. Fradkin,1994,2,[]
E. Frenkel,1994,1,[]
E. G. B. Hohler,1994,2,[]
E. G. Floratos,1995,13,"['INP Demokritos, Un. of Crete', 'NRCPS Demokritos']"
E. G. Gimon,1998,1,[]
E. G. Kalnins,1993,2,[]
E. G. Novak,2002,2,[]
E. G. Timoshenko,1998,1,[]
E. G. Vorontsova,1999,2,[]
E. Gabrielli,1998,4,[]
E. Gava,1992,20,"['INFN, Trieste, Italy', 'INFN,ICTP, Trieste', 'INFN, Trieste']"
E. Gimon,2001,1,[]
E. Gorbatov,2000,3,[]
E. Gozzi,1999,6,[]
E. Graziano,1996,1,[]
E. Guadagnini,1996,3,[]
E. Guitter,1992,7,"['SPHT-Saclay', 'CEA-Saclay, France', 'Saclay']"
E. H Saidi,1997,3,[]
E. H. Saidi,1995,15,['Rabat Univ.']
E. H. Zakkari,2003,2,[]
E. Halyo,1996,3,['Stanford']
E. Harikumar,1996,11,"['1', 'Uni. Hyderabad', 'Univ. of Hyderabad']"
E. Hernandez,1996,1,[]
E. Horozov,1995,1,[]
E. Hsu,1993,1,[]
E. I. Buchbinder,1997,4,[]
E. I. Guendelman,1993,14,[]
E. Iancu,1998,1,[]
E. Imeroni,2001,2,[]
E. Itou,2003,2,[]
E. Ivanov,1992,51,"['JINR, Dubna', 'JINR']"
E. J. Beggs,1996,4,['Swansea']
E. J. Copeland,1994,16,['Sussex']
E. J. Ferrer,1995,4,[]
E. J. Martinec,1995,2,[]
E. J. Moniz,1994,1,[]
E. J. Weniger,2000,1,[]
E. K. Loginov,2001,1,[]
E. K. Sklyanin,1992,5,[]
E. Kanzieper,2000,1,[]
E. Karat,1998,1,[]
E. Katz,2000,1,[]
E. Kazes,2000,2,[]
E. Kellegher,2000,1,[]
E. Keski-Vakkuri,1994,1,[]
E. Kh. Akhmedov,2001,2,[]
E. Kiritsis,1992,41,"['Crete,ENS', 'U. of Crete', 'Univ. of Crete, FORTH,CPHT', '1,2,4', 'University of Crete', 'CERN']"
E. Kohlprath,2000,3,[]
E. Kraus,1999,5,[]
E. L. Da Gracca,2002,2,[]
E. L. Graca,2002,1,['UFRRJ']
E. L. Gracca,2002,1,[]
E. L. Gubankova,1997,5,[]
E. L. Sahraoui,2000,1,[]
E. Langmann,1992,7,[]
E. Leader,1999,1,['University of London']
E. Lim-Lombridas,1992,3,[]
E. Lima,1999,2,[]
E. Lopez,1993,17,[]
E. Lozano-Tellechea,2001,3,[]
E. Lyman,1992,1,[]
E. M. C. Abreu,2000,4,"['UNESP/Guaratingueta', 'FEG/Unesp']"
E. M. C. De Abreu,1995,2,[]
E. M. Cioroianu,1999,10,[]
E. M. F. Curado,2000,4,['CBPF/Brazil']
E. M. Monte,1998,3,[]
E. M. Sahraoui,2001,2,['Turin University']
E. M. Santangelo,1994,12,[]
E. M. Terentjev,1995,1,[]
E. Marinari,1993,5,[]
E. Marino,1998,1,[]
E. Martinec,1993,13,[]
E. Megias,2002,1,[]
E. Meinrenken,1992,1,[]
E. Melzer,1992,4,[]
E. Mendel,1998,2,['Universitaet Oldenburg']
E. Minguzzi,1999,1,[]
E. Montaldi,1994,1,[]
E. Moreno,1994,6,"['CCNY,Baruch, CUNY']"
E. Mottola,1992,3,[]
E. N. T^Imneanu,1999,1,[]
E. Nissimov,1992,10,[]
E. Novak,1999,1,[]
E. Olivieri,1996,1,[]
E. Onofri,1992,5,"['Parma U. , INFN, Parma', '1,3', 'University of Parma, Milano,INFN', 'Dipartimento di Fisica, Universita di Parma,I.N.F.N., Gruppo Collegato di Parma, Italy']"
E. Osnes,2002,1,[]
E. P. Gueuvoghlanian,2000,8,[]
E. P. Likhtman,2002,1,[]
E. Papantonopoulos,1994,14,[]
E. Passos,2003,1,[]
E. Perez,1996,1,[]
E. Poppitz,1996,4,[]
E. Prodan,2002,1,[]
E. Quattrini,1993,3,[]
E. R. Bezerra De Mello,1997,11,['UFPb']
E. R. De Oliveira,2001,1,[]
E. R. Mucciolo,2000,1,[]
E. R. Takano Natti,1998,1,[]
E. Rabinovici,1992,28,['Jerusalem']
E. Ragoucy,1992,26,['Laboratoire de Physique Theorique ENSLAPP']
E. Raineri,2000,1,[]
E. Raiten,1992,1,[]
E. Ramos,1992,12,[]
E. Raschhofer,1996,1,[]
E. Recami,1998,1,[]
E. Remiddi,1998,2,[]
E. Rojas,2002,1,[]
E. Ruiz Arriola,1994,4,[]
E. S. Cheb-Terrab,1995,1,"['Symb. Comp. Group, DFT-UERJ, Brazil']"
E. S. Fradkin,1992,4,[]
E. S. Fraga,1994,2,[]
E. S. Moreira,1995,2,[]
E. S. Moreira Jr,1998,3,"[""UNIFEI-Itajuba'""]"
E. S. Moreira Jr.,1997,2,"[""UNIFEI-Itajuba'"", 'IFT/UNESP, Sao Paulo']"
E. S. Santos,2002,1,[]
E. S. Tututi,1998,3,['DAMTP-Cambridge']
E. Schreiber,1998,4,[]
E. Seiler,1997,3,"['MPI, Munich']"
E. Sezgin,1992,61,[]
E. Sharpe,1996,11,[]
E. Silverstein,1995,10,['SLAC']
E. Sokatchev,1992,32,[]
E. Sorace,1992,6,[]
E. Spallucci,1992,30,[]
E. T. Akhmedov,1995,12,"['ITEP, Moscow', 'ITEP']"
E. T. Tomboulis,1995,4,['UCLA']
E. Thiran,1998,1,[]
E. Toprak,2002,2,['1']
E. Tricarico,2000,2,[]
E. Trincherini,2002,1,[]
E. V. Damaskinsky,1994,1,[]
E. V. Gorbar,1993,7,"['Instituto de Fisica Teorica, Sao Paulo, Brazil']"
E. V. Ivashkevich,1996,1,[]
E. V. Orlov,1998,4,[]
E. V. Pavlova,1996,1,[]
E. V. Prokhvatilov,1997,8,[]
E. V. Shuryak,1992,1,[]
E. Verdaguer,1993,1,[]
E. Verlinde,1994,14,[]
E. Vianello,1997,1,[]
E. Vicari,1995,5,['1']
E. Vinteler,1995,4,[]
E. Vlachos,1998,1,['2']
E. W. Mielke,1993,1,[]
E. Werner,1993,5,['U. of Regensburg']
E. Winstanley,1995,4,[]
E. Witten,1993,11,[]
E. Woolgar,1999,3,[]
E. Yoruk,1996,1,[]
E. Zafiris,1997,1,[]
E. Zaslow,1995,2,[]
Eanna E. Flanagan,1999,2,['Cornell']
Eanna Flanagan,2000,2,[]
Eckehard W. Mielke,1996,1,"['UAM-I, Mexico']"
Eckhard Meinrenken,1993,1,[]
Eckhard Rebhan,2003,1,[]
Ed Copeland,2002,1,[]
Edgardo T. Garcia Alvarez,1998,6,[]
Edi Gava,1999,4,[]
Edi Halyo,1993,15,['Stanford']
Edmund J Copeland,2002,1,[]
Edmund J. Copeland,2001,3,[]
Edmundo M. Monte,2001,1,[]
Edouard Brezin,1992,2,[]
Edson Stedile,1996,1,[]
Eduard Masso,2001,1,"['UAB, Barcelona']"
Eduardo Eyras,1998,8,[]
Eduardo Fradkin,1992,4,"['University of Illinois', 'University of Illinois at Urbana-Champaign, USA']"
Eduardo Guendelman,2002,3,[]
Eduardo I. Guendelman,1999,2,"['Ben-Gurion Univ., Beer-Sheva']"
Eduardo J. S. Villase~Nor,2000,5,[]
Eduardo Lima,2001,2,[]
Eduardo Ponton,1998,3,[]
Eduardo Ramos,1992,7,[]
Eduardo S. Tututi,2002,1,['1']
Eduardo Tututi,1996,1,[]
Edward Boyda,2002,1,[]
Edward D. Savage,1994,1,[]
Edward E. Boos,2001,2,[]
Edward Farhi,1992,3,[]
Edward Frenkel,1992,6,[]
Edward Goldstein,2002,1,[]
Edward Hsu,1992,1,[]
Edward P. Osipov,1996,3,"['Institute for Mathematics, Novosibirsk, RUSSIA', 'Department of Theoretical Physics, Sobolev Institute for Mathematics, Novosibirsk, Russia', 'Sobolev Institute for Mathematics, Novosibirsk, Russia']"
Edward Teo,1992,8,[]
Edward Witten,1992,100,[]
Edwin J. Beggs,1993,2,[]
Edwin J. Son,2002,1,[]
Edwin Langmann,1993,15,"['Theoretical Physics, KTH, Stockholm']"
Edwin Lim-Lombridas,1994,4,['University of Connecticut']
Edwin Lombridas,1992,1,[]
Efrain J. Ferrer,1996,5,[]
Efrain Rojas,2000,2,[]
Egor Babaev,1999,2,[]
Egor Bugrij,1998,1,[]
Ehud Fuchs,1999,4,[]
Ehud Schreiber,2002,1,[]
Ei-Byung Park,1995,1,[]
Eiji Tanaka,1994,1,[]
Einan Gardi,1998,1,[]
Eisaku Ozawa,1996,1,[]
Eisaku Sakane,1994,1,[]
Eizou Umezawa,1998,3,[]
El H. El Kinani,2001,1,[]
El Hassan El Kinani,2000,1,[]
El Hassan Saidi,2000,5,[]
El Mostapha Sahraoui,2000,3,[]
Elcio Abdalla,1996,22,[]
Elena Caceres,1996,5,[]
Elena Gubankova,1999,2,[]
Elena L. Gubankova,1998,1,[]
Elena Perazzi,2001,2,['LBNL']
Elena Poletaeva,2000,3,[]
Elena Rivas,1995,1,[]
Eleonora Alfinito,2002,1,"['INFM, Sezione di Lecce, Italy']"
Eli Cohen,1998,1,[]
Eli Hawkins,1999,2,[]
Eli J. Mlawer,1993,1,[]
Elias C. Vagenas,2000,7,[]
Elias Gravanis,2001,5,[]
Elias Kiritsis,1995,8,['CERN']
Elie Gorbatov,2003,2,[]
Eliezer Rabinovici,1995,9,[]
Elisabeth Kraus,1993,15,"['2', 'Univ. Bonn']"
Eliyahu Greitzer,1995,1,[]
Eliza Klimv Ci K,1992,1,[]
Elizabeth Jurisich,1994,1,[]
Elizabeth Winstanley,1995,5,['Oxford']
Elliott Lieb,1992,1,[]
Eloy Ayon-Beato,1999,1,[]
Elsebeth Schroder,1997,1,['Bayreuth']
Elso Drigo Filho,1995,9,[]
Emanuel Katz,1999,6,[]
Emanuel R. De Oliveira,1999,1,[]
Emanuel Scheidegger,1999,2,"['AEI, Golm', 'LMU, Munich']"
Emanuele Berti,2003,1,[]
Emanuele Manfredini,1997,1,[]
Emanuele Sorace,1992,2,[]
Emery Sokatchev,2000,9,[]
Emil J. Martinec,1997,11,[]
Emil M. Prodanov,1998,7,"['NCSR ""Demokritos"", Athens']"
Emil Martinec,1993,15,"['University of Chicago, Enrico Fermi Institute']"
Emil Mottola,1995,5,['2']
Emil Nissimov,1992,7,[]
Emil T. Akhmedov,2000,4,"['ITEP,Moscow']"
Emili Bagan,1995,9,[]
Emilian Dudas,1997,3,[]
Emiliano Imeroni,2002,1,[]
Emiliano Sefusatti,2001,1,[]
Emilio Elizalde,1994,12,[]
Emilio N. M. Cirillo,1995,4,[]
Emily J. Hackett-Jones,2002,1,[]
Emmanuel Floratos,2002,1,[]
Emmanuel Kohlprath,2002,2,[]
Emmanuel Loyer,2002,1,[]
Emmanuel T. Rodulfo,2002,1,[]
Emparan,1993,1,[]
Emre Sermutlu,1995,1,[]
Emre Sermutlu.,1995,1,[]
Enke Wang,1998,3,[]
Ennio Gozzi,1997,1,[]
Enrico Calloni,2003,1,[]
Enrico Celeghini,1992,4,[]
Enrico Fermi,2002,1,[]
Enrico Meggiolaro,1995,5,[]
Enrico Trincherini,2003,1,['Milan Bicocca U.']
Enrique Alvarez,1992,19,[]
Enrique F Moreno,2002,1,[]
Enrique F. Moreno,1992,3,['2']
Enrique Moreno,1992,5,[]
Enzo Marinari,1992,3,[]
Enzo Olivieri,1995,1,[]
Eok Kyun Lee,2002,1,[]
Eqab M. Rabei,1995,1,[]
Erasmo Recami,1995,8,[]
Ergin Sezgin,1996,5,"['Texas A,M Univ.']"
Erhard Seiler,1993,5,[]
Eric Benedict,1995,1,[]
Eric Bergshoeff,1994,24,"['University of Groningen', 'RUG']"
Eric Braaten,1996,1,[]
Eric Carlen,1992,1,[]
Eric D. Williams,1996,1,[]
Eric Dhoker,1992,37,['UCLA']
Eric G. Gimon,1996,11,[]
Eric G. Novak,2000,2,[]
Eric Gimon,2000,4,[]
Eric Nicholson,2001,2,[]
Eric R. Sharpe,1998,9,[]
Eric Raiten,1992,3,[]
Eric Sharpe,2001,5,[]
Eric Smith,1992,2,[]
Eric W. Hirschmann,1995,1,[]
Eric Woolgar,2002,1,[]
Eric Zaslow,1992,8,[]
Erica E. Leite,1998,1,[]
Erich Poppitz,1994,15,[]
Erick A. Roura,1999,1,['UMass Amherst']
Erick J. Weinberg,1993,20,['Columbia']
Erik Aurell,1993,2,['Stockholm University']
Erik Flink,2002,1,[]
Erik Taflin.,1995,1,[]
Erik Verlinde,1992,15,[]
Erik Woehnert,2002,2,[]
Erling G. B. Hohler,1995,1,[]
Ernest Baver,1995,5,[]
Ernesto Fuenmayor,2001,1,[]
Ernesto Hernadez,2002,1,[]
Ernesto Lozano-Tellechea,1999,3,[]
Ernesto Lupercio,2002,1,[]
Ernst Joachim Weniger,2001,1,[]
Ernst Werner,1997,2,"['Institut f\\""ur Theoretische Physik, Universit\\""at Regensburg']"
Ervig Lapalme,2000,1,[]
Erwin Sucipto,2000,1,[]
Esa Karjalainen,1993,1,[]
Esko Keski-Vakkuri,1993,20,"['Helsinki Inst. of Physics', 'Caltech']"
Esperanza Lopez,1997,10,['AEI-Potsdam']
Esteban A. Calzetta,2001,1,[]
Esteban Calzetta,1995,1,[]
Esther Perez,1997,4,[]
Etera R. Livine,2002,2,['CPT Marseille']
Etsuko Itou,2002,3,['Osaka Univ.']
Ettore Aldrovandi,1994,2,[]
Ettore Remiddi,1997,1,"['Physics Dpt.,INFN, Bologna, Italy']"
Ettore Vicari,2000,7,[]
Eugen Radu,2000,3,"['Faculty of Physics, Albert-Ludwigs-University, Freiburg, Germany']"
Eugene A. Lim,2003,1,[]
Eugene A. Mirabelli,1997,1,[]
Eugene Cremmer,1997,1,[]
Eugene Ferapontov,1995,1,[]
Eugene Perevalov,1996,7,[]
Eugene Shuster,1999,1,[]
Eugene Strahov,2002,1,[]
Eugene Tyurin,1993,4,"['ITP, SUNY at Stony Brook']"
Eugenio R. Bezerra De Mello,2002,2,"['University of Paraiba, Brazil']"
Eugenios Angelopoulos,1998,1,[]
Eui-Soon Yim,1996,1,[]
Eun-Joo Ahn,2002,1,[]
Eunsang Kim,1999,3,[]
Euro Spallucci,1993,3,[]
Euy Soo Na,1998,2,[]
Eva Silverstein,1992,31,['SLAC']
Evangelos Mavrikis,1996,2,[]
Eve Mariel Santangelo,1996,1,[]
Everton M. C. Abreu,1995,15,"[""UNESP/Campus de Guaratinguet\\'a"", 'FEG / UNESP', ""UNESP/Campus de Guaratingueta'"", 'UNESP/Campus de Guaratingueta']"
Evgeni E. Donets,1995,1,[]
Evgeny A. Ivanov,1996,2,[]
Evgeny Buchbinder,2002,1,[]
Evgeny I. Buchbinder,2002,2,[]
Evgeny Ivanov,1998,8,[]
Evgeny Sorkin,2002,1,[]
Evgenyi A. Ivanov,1995,3,[]
Evgenyi Ivanov,1992,1,[]
Evghenii Gaburov,2001,1,[]
Ewald Roessl,2000,2,[]
Ezequiel Alvarez,2000,1,[]
Ezer Melzer,1992,7,['Tel-Aviv University']
Ezra Getzler,2000,1,"['RIMS,Northwestern']"
F C Santos,2001,1,[]
F Dolan,2000,1,[]
F G Scholtz,1995,4,[]
F Loran,1999,2,[]
F T Brandt,1996,1,[]
F. A. B. Rabelo De Carvalho,1993,2,[]
F. A. Bais,1992,13,[]
F. A. Barone,2003,1,[]
F. A. Berends,1997,1,[]
F. A. Brito,1996,6,[]
F. A. Cachazo,2000,1,[]
F. A. Dilkes,1995,6,[]
F. A. Dolan,2000,4,[]
F. A. Lunev,1994,6,[]
F. A. R. Navarro,2000,1,[]
F. A. S. Nobre,1999,1,[]
F. A. Schaposnik,1992,51,"['3', 'University of La Plata', 'Universidad Nacional de La Plata, Argentina']"
F. A. Smirnov,1993,8,[]
F. Abild-Pedersen,2001,1,[]
F. Aceves De La Cruz,2001,4,[]
F. Aigner,2003,1,[]
F. Aldabe,1996,6,[]
F. Alexander Bais,1992,4,[]
F. Anselmo,2000,4,"['INFN Bologna', 'INFN, Bologna', 'CERN']"
F. Anton,1993,2,[]
F. Antonuccio,1994,16,['The Ohio State University']
F. Ardalan,1993,13,"['Institute for Studies in Theoretical Physics,Mathematics, Tehran, Iran']"
F. Astorga,2002,1,[]
F. Barbarin,1994,4,[]
F. Bastianelli,1999,5,[]
F. Bazzocchi,2002,1,[]
F. Belgiorno,1992,5,[]
F. Benatti,1996,4,[]
F. Berruto,1998,3,['1']
F. Bezrukov,2003,1,[]
F. Biet,1996,1,[]
F. Bigazzi,1998,8,['Milano Univ.']
F. Bonechi,1992,6,[]
F. Brandt,1993,5,[]
F. Bruckmann,2000,2,[]
F. C. Alcaraz,1993,3,[]
F. C. Carvalho,2000,1,[]
F. C. Khanna,1996,13,"['3,4', 'UofA, Canada']"
F. C. Santos,1998,5,[]
F. C. Santos. A. C. Santos,1998,1,[]
F. Cachazo,2001,3,[]
F. Cannata,1994,6,"['2', 'Bologna', '1']"
F. Caruso,1998,1,[]
F. Carvalho,2001,1,[]
F. Colomo,1992,1,[]
F. Combes,1993,1,[]
F. Constantinescu,1992,1,[]
F. Cordaro,1998,3,[]
F. Cuomo,2000,1,[]
F. D. M. Haldane,1993,1,[]
F. D. Mazzitelli,1992,4,[]
F. D. T. Smith,1993,4,[]
F. Darabi,1997,1,[]
F. David,1992,4,[]
F. De Biasio,1994,1,[]
F. De Jonghe,1992,11,[]
F. Del Aguila,1997,2,[]
F. Delduc,1992,15,['ENS Lyon']
F. Di Renzo,1995,1,[]
F. E. Low,1997,1,[]
F. E. Mendoncca Da Silveira,1998,2,[]
F. Englert,1996,10,[]
F. F. Schoberl,2001,2,[]
F. F. Schoeberl,2002,1,[]
F. Falceto,1992,9,[]
F. Ferrari,1992,7,['U. of Trento']
F. Finelli,2001,1,['Purdue U.']
F. Finkel,2001,3,[]
F. Fonseca Romero,1996,1,[]
F. Freire,1995,4,[]
F. Fucito,1992,18,[]
F. G. Scholtz,1994,6,[]
F. Geniet,1995,2,"['Lab. de Phys. Math., Montpellier II-CNRS']"
F. Ghaboussi,1996,3,[]
F. Gieres,2000,4,[]
F. Gingras,1993,1,[]
F. Gliozzi,1993,4,[]
F. Gmeiner,2002,1,[]
F. Gohmann,1999,2,[]
F. Gomez,1992,1,[]
F. Gonzalez-Rey,1996,8,[]
F. Grard,1999,1,[]
F. Gronwald,1993,1,[]
F. Guil,1993,1,[]
F. Guinea,1993,1,[]
F. Gursey,1992,1,[]
F. H. L. Essler,1994,1,[]
F. Hofheinz,2001,3,[]
F. Hussain,1998,1,[]
F. I. Cooperstock,2003,1,['University of Victoria']
F. I. Takakura,1996,3,[]
F. Illuminati,1994,3,[]
F. J. De Urries,1998,3,"['U. de Alcala; imaff,csic']"
F. J. Herranz,1993,10,[]
F. J. Plaza Martin,1999,1,[]
F. J. Turrubiates,1999,3,[]
F. J. Vanhecke,1996,2,['1']
F. J. Wegner,1993,1,[]
F. J. Wegner.,1995,1,[]
F. Jegerlehner,1998,2,[]
F. Krahe,1995,1,[]
F. L. Williams,1997,6,['University of Massachusetts at Amherst']
F. Larsen,1994,5,[]
F. Lemieux,2002,1,[]
F. Lenz,1994,7,['University of Erlangen']
F. Lesage,1993,9,[]
F. Lizzi,1993,17,['Napoli']
F. Loran,2001,8,[]
F. Lurcat,2001,2,['Laboratoire de Physique Theorique-Orsay']
F. M. C. Witte,1995,2,"['ITP, University of Heidelberg']"
F. M. De Carvalho Filho,1995,3,['MIT']
F. Maltoni,1994,2,[]
F. Mansouri,1995,6,[]
F. Marchesano,2001,5,[]
F. Mendez,2000,10,[]
F. Moraes,1996,1,[]
F. Mueller-Hoissen,1995,3,['Goettingen']
F. Muller-Hoissen,1994,8,[]
F. Navarro-Lerida,2002,1,['Madrid U.']
F. Nesti,1995,6,"['SISSA, Trieste, Italy']"
F. Nicodemi,2000,2,[]
F. Niedermayer,2000,1,['University of Bern']
F. Nill,1996,1,[]
F. Odea,2001,1,['University of Texas at Austin']
F. P. Devecchi,1993,7,['2']
F. P. Schuller,2002,1,"['DAMTP, Cambridge']"
F. Paccetti Correia,2001,1,[]
F. Palumbo,1996,2,[]
F. Paul Esposito,2001,1,[]
F. Pezzella,1998,8,"['U. of Naples', ""Dipartimento di Scienze Fisiche, Universita' di Napoli,I.N.F.N., Sezione di Napoli"", 'Napoli Univ.,INFN', ""Dipartimento di Scienze Fisiche, Universita' di Napoli,INFN, Sezione di Napoli""]"
F. Piazza,2002,1,[]
F. Pillon,1996,1,[]
F. Quevedo,1994,29,['CERN']
F. R. Klinkhamer,1997,13,[]
F. R. Machado,1999,4,[]
F. Ravanini,1992,11,"['Bologna Univ.,INFN', 'Bologna U.,INFN']"
F. Ravndal,1993,3,[]
F. Riccioni,1997,2,[]
F. Ritort,1994,1,[]
F. Riva,1995,4,[]
F. Rodenas,1993,5,['FTUV/IFIC/Valencia']
F. Roose,1997,4,[]
F. Ruiz Ruiz,1992,14,[]
F. S. A. Cavalcante,1997,1,"['1,2']"
F. S. Nogueira,1995,3,['Ecole Polytechnique']
F. Sannino,1998,3,"['NORDITA', 'Yale Univ.']"
F. Saueressig,2001,2,[]
F. Schaposnik,1995,1,"['Depto.Fisica-UNLP, La Plata, Argentina']"
F. Scheck,1993,3,"['Johannes Gutenberg-Universitaet, Mainz']"
F. Strocchi,1994,4,[]
F. T. Brandt,1993,31,[]
F. Takagi,1998,1,[]
F. Toppan,1992,28,"['Rio de Janeiro', 'CBPF-RJ-Brazil', '1', 'CBPF, RJ, Brasil', 'CBPF, RJ, Brazil', 'CBPF']"
F. V. Gubarev,1995,7,[]
F. V. Tkachov,1996,2,[]
F. Vanderseypen,1992,5,[]
F. Vendrell,1996,4,"['University of Lausanne, Switzerland']"
F. Vian,1997,11,"['Universita` degli Studi di Parma,I.N.F.N., Gruppo collegato di Parma']"
F. W. Hehl,1993,1,[]
F. W. Nijhoff,1992,4,[]
F. Wagner,1999,4,[]
F. Wegner,1997,3,[]
F. Wilczek,1992,2,[]
F. Zaccaria,1992,6,[]
F. Zachariasen,1994,1,[]
F. Zamora,1994,3,['CERN']
F. Zimmerschied,1995,12,[]
F. Zwirner,1994,3,[]
F.-C. Pu,1996,1,[]
F.-M. Boas,2001,1,[]
Fabian H. Gaioli,1998,6,[]
Fabian H. L. Essler,1992,2,[]
Fabio Finelli,2001,3,"['IASF/CNR, Bologna']"
Fabio Maltoni,1995,1,[]
Fabio Riccioni,1997,9,"['Universita\' di Roma ""Tor Vergata""']"
Fabio Scardigli,1999,1,"['ITP, University of Bern, Bern-CH']"
Fabio Zwirner,1995,7,"['INFN,Padua', '2', 'INFN-Padua', 'CERN-TH,INFN,Padua']"
Fabio Zyserman,2001,1,[]
Fabrizio Illuminati,1992,4,[]
Fabrizio Nesti,1997,1,[]
Faheem Hussain,1995,7,[]
Falk Bruckmann,2000,5,['FSU Jena']
Falk Rohsiepe,1996,1,[]
Fan Wang,1999,7,[]
Fardin Kheirandish,2000,3,[]
Farhad Ardalan,1993,5,[]
Farid Benachenhou,1994,1,['Uppsala university']
Fausto Ongay,2002,1,[]
Fay Dowker,1993,4,[]
Fedele Lizzi,1997,9,[]
Federica Vian,1998,1,[]
Federico Berruto,1999,1,"[""Dipartimento di Fisica , I.N.F.N., Universita' di Perugia, Italy""]"
Federico Finkel,1995,3,['1']
Fedor A. Smirnov,1992,2,[]
Feike Hacquebord,1997,3,[]
Felix Finster,1996,8,"['Harvard University, Department of Mathematics']"
Felix Lev,2002,5,[]
Felix M. Lev,1995,3,[]
Feng Yu,1992,6,[]
Feng-Li Lin,1998,13,[]
Feodor A. Smirnov,1998,1,[]
Feodor Malikov,1993,5,[]
Feodor Smirnov,2003,1,[]
Fermin Aldabe,1995,2,[]
Fermin Viniegra,2002,1,[]
Fernando Falceto,1992,6,[]
Fernando Lombardo,1995,1,[]
Fernando Martinez Moras,1993,1,[]
Fernando Martinez-Moras,1992,2,[]
Fernando Mendez,1998,1,[]
Fernando Moraes,1996,1,[]
Fernando P. Devecchi,1996,2,['Depto. de Fisica-UFPR-Curitiba-Brazil']
Fernando Quevedo,1992,12,[]
Fernando Rodriguez-Villegas,2000,1,[]
Fernando T. Brandt,1994,2,[]
Ferruccio Feruglio,1995,7,"['Padua Univ.', '1']"
Fidel A Schaposnik,2002,1,[]
Fidel A. Schaposnik,1992,8,"['Universidad de La Plata', 'UNLP, La Plata, Argentina']"
Fidel A. Schaposnik .,1995,1,"['Universidad Nacional de La Plata, Argentina']"
Fidel Schaposnik,1993,1,[]
Filip Franco-Sollova,2002,1,[]
Filipe Bonjour,1998,1,[]
Filipe Freire,2000,3,[]
Filipe Moura,2001,3,[]
Filipe Paccetti Correia,2002,1,[]
Filippo Colomo,1997,1,[]
Filippo Vernizzi,2002,1,[]
Finn Larsen,1994,34,[]
Finn Ravndal,2001,1,[]
Fiorenzo Bastianelli,1992,24,[]
Flavio S. Nogueira,1996,4,[]
Florian Catalin Popa,2001,1,[]
Florian Conrady,2002,1,"['Heidelberg U. , Potsdam, Max Planck Inst.']"
Florian Dubath,2002,1,[]
Florian Girelli,2000,1,[]
Florian Gmeiner,2002,1,[]
Florian Nill,1994,3,[]
Florian Scheck,1997,1,[]
Floriana Gargiulo,2003,1,[]
Florin Constantinescu,1997,5,[]
Folkert Muller-Hoissen,2000,4,[]
Fotini Markopoulou,1997,6,[]
Franccois Delduc,1992,1,[]
Francesc Rota,2001,1,"['UAB, Barcelona']"
Francesca Maria Marchetti,1999,1,['Scuola Normale Superiore']
Francesco Antonuccio,1998,5,[]
Francesco Cordaro,2000,1,[]
Francesco Dandrea,2002,2,[]
Francesco Fucito,1996,10,"['INFN, Roma2']"
Francesco Nitti,2001,1,[]
Francesco Ravanini,1992,5,['INFN Bologna']
Francesco Sannino,1997,5,"['The Niels Bohr Institute , NORDITA', 'Syracuse Univ. USA', 'Yale University', 'Yale Univ.']"
Francesco Toppan,1993,10,"['CBPF', 'UFES, Vitoria ES, Brasil', 'CBPF, Rio de Janeiro, Brazil', 'CBPF, CPP, Rio de Janeiro']"
Francis J. Alexander,1992,2,[]
Francisco A. Brito,1997,3,[]
Francisco C. Alcaraz,1993,1,[]
Francisco D. Mazzitelli,1992,8,[]
Francisco Gonzalez-Rey,1996,2,[]
Francisco Guil,1993,1,[]
Francisco J. Herranz,1996,1,[]
Francisco Mazzitelli,1995,1,[]
Franck Biet,1998,1,[]
Franco Ferrari,1992,19,"['LPTHE, U. Paris VI']"
Franco Pezzella,1993,2,[]
Franco Strocchi,2000,1,[]
Francois David,1995,3,[]
Francois Delduc,1996,2,[]
Francois Englert,1995,9,[]
Francois Gieres,1992,10,[]
Frank Antonsen,1996,5,[]
Frank B. Estabrook,2002,1,[]
Frank De Jonghe,1993,5,[]
Frank Ferrari,1996,20,"['ENS Paris', 'Neuchatel,Princeton Universities', 'Princeton University', 'University of Neuchatel,Ecole Normale Superieure', 'Universite de Neuchatel,Princeton University', 'Princeton,Neuchatel Universities', 'Neuchatel,Princeton U.', 'University of Neuchatel', 'Princeton University,CNRS']"
Frank Gronwald,1997,1,[]
Frank J. Petriello,2001,1,[]
Frank Krahe,1995,1,[]
Frank Steiner,1993,1,[]
Frank Thuillier,1997,1,[]
Frank Tony Smith,1999,1,[]
Frank W. Nijhoff,1994,1,[]
Frank Wilczek,1992,20,[]
Frantisek Gemperle,2002,1,[]
Franz A. Farias,2001,1,[]
Franz E. Schunck,1996,2,[]
Franz F. Schoeberl,2000,1,[]
Franz J. Wegner,1998,1,[]
Franz Wegner,1994,1,[]
Franz-Marc Boas,2000,1,[]
Fred Cooper,1994,4,"['LANL', 'Theoretical Division, Los Alamos National Lab']"
Fred Myhrer,2000,1,[]
Freddy Cachazo,2002,4,[]
Freddy P. Zen,1998,2,[]
Frederic Bidegain,1994,1,[]
Frederic Geniet,1995,1,[]
Frederic Leblond,2001,8,[]
Frederic Meunier,2001,1,[]
Frederic P. Schuller,2002,2,"['DAMTP, Cambridge']"
Frederic Zamora,1997,10,[]
Frederik Denef,1996,14,[]
Frederik G Schotlz,1995,1,[]
Frederik Roose,1996,9,[]
Frederique Harmsze,1995,1,[]
Fredric Kristiansson,2000,2,[]
Freydoon Mansouri,1997,7,[]
Friedemann Brandt,1993,36,[]
Frieder Lenz,2000,2,[]
Friedrich W. Hehl,1998,2,[]
Fu-Berlin,1992,1,[]
Fuad M. Saradzhev,1996,7,[]
Fuad Saradzhev,1995,3,"['Inst.Phys.,Baku']"
Fumihiko Sugino,1994,12,"['SPhT, Saclay', 'Saclay']"
Furuuchi Kazuyuki,2000,1,[]
Fusun Akman,1993,2,[]
G B Tupper,1995,1,[]
G E Stedman,1994,1,[]
G Legg,2001,1,[]
G Thompson,1996,1,[]
G Veneziano,1993,1,[]
G W Gibbons,1995,16,['DAMTP University of Cambridge']
G. A. Diamandis,1992,11,[]
G. A. F. T. Da Costa,1994,1,[]
G. A. Kozlov,2000,1,[]
G. A. Silva,2000,2,[]
G. A. T. F. Da Costa,1994,1,[]
G. A. Viano,1998,2,"['Istituto Nazionale di Fisica Nucleare, Sezione di Genova']"
G. A. Vilkovisky,1993,8,['Lebedev Institute']
G. Akemann,1996,21,[]
G. Aldazabal,1992,17,[]
G. Alejandro,1995,1,[]
G. Alexanian,1996,6,[]
G. Amelino-Camelia,1994,21,"['MIT', ""Univ. Roma ``La Sapienza'',,INFN, Roma""]"
G. Andrei Mezincescu,2001,1,[]
G. Andronico,1994,1,[]
G. Arcioni,1998,6,[]
G. Arreaga,2001,1,[]
G. Arutyunov,1998,22,[]
G. Au,1994,2,[]
G. Aubrecht,1997,1,[]
G. B. Toder,1995,5,[]
G. Bandelloni,1994,8,"['INFN,Genova Univ., Genova', 'INFN-Genoa']"
G. Bandelloni A. Blasi,1993,1,[]
G. Barnich,1992,12,[]
G. Berrino,2002,1,[]
G. Bertoldi,1997,4,[]
G. Bhanot,1993,1,[]
G. Bhattacharya,1993,1,[]
G. Bimonte,1992,24,[]
G. Bohm,2002,1,[]
G. Bonacina,1992,1,[]
G. Bonelli,1994,22,"['Spinoza Institute', 'U.L.B./V.U.B.', 'U.L.B.', 'U.L.B. - V.U.B.', 'U.L.B.,V.U.B.']"
G. Bonneau,1994,2,[]
G. Bonnet,1999,2,[]
G. Brodimas,1998,1,['2']
G. Bruce Mainland,2000,1,[]
G. C. Joshi,1992,10,['Melbourne Uni.']
G. C. Joshi.,1995,1,[]
G. C. Nayak,1996,1,[]
G. C. Rossi,1994,6,['1']
G. Cammarata,1995,1,[]
G. Carlino,1999,1,[]
G. Catelani,2000,2,[]
G. Chalmers,1996,3,[]
G. Chan,1999,1,[]
G. Chechelashvili,1995,1,[]
G. Cheng,2001,2,[]
G. Cleaver,1997,2,[]
G. Cognola,1994,4,[]
G. Cohen-Tannoudji,1995,1,[]
G. Cristofano,2000,3,[]
G. Cuba,1995,2,[]
G. Cuoghi,2000,1,[]
G. Curio,1997,10,[]
G. Cynolter,2002,1,[]
G. Dallabona,2000,4,['UFMG']
G. Dallagata,1997,10,[]
G. Dappollonio,1998,5,[]
G. Dastegir Al-Quaderi,2000,1,['Dhaka Univ.']
G. De Berredo-Peixoto,1999,3,[]
G. De Franceschi,1998,1,[]
G. De Risi,2001,2,[]
G. Delfino,1993,19,[]
G. Di Cecio,1994,1,[]
G. Djordjevic,2001,1,[]
G. Domenech,2000,1,[]
G. Dourado Barbosa,2003,2,[]
G. Ducati,1999,1,['IMECC-Unicamp']
G. Dunne,1994,5,"['U. Connecticut', 'UConn']"
G. Dvali,1996,11,[]
G. E. A. Matsas,1998,1,[]
G. E. Arutyunov,1993,15,[]
G. E. Volovik,1999,1,[]
G. Esposito,1997,3,[]
G. Eyal,1996,1,[]
G. F. Chew,1999,1,['LBNL']
G. Falqui,1992,2,[]
G. Felder,1992,3,[]
G. Ferretti,1992,13,"['Uppsala Univ.', 'Chalmers University, G\\""oteborg Sweden']"
G. Festuccia,2002,1,[]
G. Feverati,1995,6,[]
G. Fiore,1995,1,[]
G. Flores-Hidalgo,2002,3,[]
G. Flynn,2002,1,[]
G. Fulop,1998,1,[]
G. Furlan,1999,2,[]
G. G. Athanasiu,1995,1,[]
G. G. Emch,1997,1,[]
G. G. Hartwell,1994,1,[]
G. G. Volkov,1997,1,"['1,2']"
G. Gabadadze,1997,7,['Rutgers Univ.']
G. Galloway,1999,1,[]
G. Gat,1993,2,[]
G. German,1997,3,"['1', 'Instituto de Fisica, UNAM']"
G. Geshnizjani,2003,1,[]
G. Giachetta,1999,3,[]
G. Giavarini,1992,7,[]
G. Girardi,1996,2,[]
G. Grensing,2002,1,[]
G. Grignani,1993,17,['1']
G. Guralnik,1996,1,[]
G. H. Gadiyar,1994,6,[]
G. H. Lee,1994,1,[]
G. Haak,1992,2,[]
G. Handrich,1998,1,[]
G. Harris,1993,4,[]
G. Heinrich,1999,1,[]
G. Hockney,1994,2,[]
G. Horowitz,1992,2,[]
G. I. Ghandour,1995,1,[]
G. Immirzi,2001,3,[]
G. J. Galloway,2001,2,[]
G. J. Olmo,2002,1,[]
G. Japaridze,1995,3,[]
G. Jorjadze,1995,3,['Tbilisi']
G. Jorjadze L. Oraifeartaigh I. Tsutsui,1994,1,[]
G. Juettner,1994,2,[]
G. Jungman,1995,1,[]
G. K. Bathas,1995,1,[]
G. K. Leontaris,1996,10,"['CERN,Ioannina Un.', 'CERN, Ioannina Un.']"
G. K. Savvidy,1993,17,['NBI']
G. Kalbermann,1997,2,"['Cyclotron Institute, Texas A,M University, College Station, Texas, USA', 'Faculty of Agriculture,Racah Institute of Physics, Hebrew University, Jerusalem, Israel']"
G. Kang,2000,2,[]
G. Kaniadakis,1995,3,[]
G. Karatheodoris,2002,1,[]
G. Kofinas,2001,4,['1']
G. Konisi,1998,1,[]
G. Korchemsky,2002,1,[]
G. Koutsoumbas,1994,5,"['National Technical U., Athens']"
G. Kunstatter,1993,13,"['U. Winnipeg', 'U.Winnipeg', '2', 'U. of Winnipeg', 'University of Winnipeg']"
G. L. Cardoso,1996,5,[]
G. L. Huang,1993,1,[]
G. L. Rossini,1992,8,"['2,3']"
G. Lambiase,1995,16,"[""Dipartimento di Fisica Teorica e S. M. S. A., Universit\\'a di Salerno""]"
G. Landi,1993,7,[]
G. Landolfi,1998,2,[]
G. Lavrelashvili,1995,2,[]
G. Lavrelashvili N. Straumann,1996,1,[]
G. Leibbrandt,1998,4,"['University of Guelph, Canada']"
G. Lifschytz,1994,5,['Princeton']
G. Longhi,1998,2,"['U. of Firenze', 'University of Firenze']"
G. Lopes Cardoso,1994,5,[]
G. Lozano,1992,9,[]
G. Luzon,1994,4,[]
G. M. Cicuta,1994,5,[]
G. M. Gandenberger,1995,6,[]
G. M. Graf,1998,3,[]
G. M. Obrien,1996,1,[]
G. M. Prosperi,1994,3,"[""Dipartimento di Fisica dell'Universita`, Milano INFN""]"
G. M. Schuetz,2002,1,[]
G. M. Shore,1993,3,[]
G. M. Sotkov,1998,13,[]
G. M. T Watts,2001,1,[]
G. M. T. Watts,1992,19,"[""King's College, London"", '1', ""King's College London""]"
G. M. Zinovjev,1993,2,[]
G. Mack,1994,1,[]
G. Maiella,2000,2,[]
G. Mangano,1994,5,['2']
G. Marchesini,1993,9,[]
G. Marmo,1993,13,[]
G. Mccartor,1996,7,[]
G. Melkonyan,2001,1,[]
G. Michaud,1996,3,[]
G. Miele,1993,5,[]
G. Milovanovic,2003,1,[]
G. Modanese,1992,9,"['CIPA,Univ. Bolzano', 'C.I.P.A., Palo Alto,Univ. Bolzano', 'Max-Planck-Institut, Munich', 'INFN, Trento,,Max-Planck-Institut, Muenchen']"
G. Moore,1992,19,[]
G. Morchio,1994,4,[]
G. Muenster,1993,1,[]
G. Mussardo,1992,33,"['SISSA, Trieste', ""Universita' dell'Insubria, Como""]"
G. N. J. Ananos,1997,2,[]
G. N. J. A~Na~Nos,1998,2,[]
G. N. Stratopoulos,1994,2,[]
G. Nagao,1992,2,[]
G. Nardelli,1993,14,[]
G. O. Pires,1992,2,[]
G. Oleaga,1996,1,[]
G. Oliveira-Neto,2000,2,['U.F.J.F.']
G. Olshanskii,1994,1,[]
G. Ordaz,1996,1,"['Dept. of Phys.,Astr., University of Iowa, Iowa City']"
G. P. Korchemsky,1992,11,[]
G. P. Pronko,1998,4,"['Institute for High Energy Physics, Protvino; International Solvay Institute, Brussels', 'Institute for High Energy Physics, Protvino, Russia,International Solvay Institute, Brussels, Belgium']"
G. Paffuti,1994,2,"[""Dipartimento di Fisica dell'Universita` e I.N.F.N., Pisa""]"
G. Palma,1995,1,[]
G. Papadopoulos,1992,59,[]
G. Papadopoulos P. C. West,1994,1,[]
G. Papini,1997,3,[]
G. Parisi,1994,1,[]
G. Pettini,1994,1,[]
G. Piacitelli,2002,2,['2']
G. Pinter,1999,3,[]
G. Polhemus,1998,1,[]
G. Policastro,2000,12,"['2', 'DAMPT, Cambridge', 'Pisa, Scuola Normale Superiore', 'Scuola Normale Pisa,NYU']"
G. Pollifrone,1998,2,[]
G. Pradisi,1993,4,[]
G. Preparata,1997,1,[]
G. Profilo,1996,1,[]
G. R. Farrar,1997,2,[]
G. R. Maktabdaran,2002,1,[]
G. R. Zemba,1992,9,[]
G. Rajasekaran,1996,5,['Institute of Mathematical Sciences']
G. Rajesh,2000,3,['IAS']
G. Rideau,1994,1,[]
G. Roepke,1995,3,[]
G. Roepstorff,1998,4,['RWTH Aachen']
G. Rollet,1992,2,[]
G. Ropke,1998,3,[]
G. Rudolph,1996,6,['University of Leipzig']
G. S. Danilov,1993,8,[]
G. S. Danilov.,1995,1,[]
G. S. Dias,2002,2,['CBPF']
G. S. Djordjevic,2000,2,[]
G. S. Guralnik,1995,5,[]
G. S. Krishnaswami,2001,2,[]
G. S. Lozano,2000,5,[]
G. S. Pogosyan,1994,2,[]
G. S. Sharov,1998,3,[]
G. Sabella,2000,2,[]
G. Salesi,1998,1,[]
G. Sardanashvily,1994,19,"['Department of Theoretical Physics, Moscow State University, Moscow, Russia', 'Moscow State University']"
G. Sartori,1995,3,[]
G. Savvidy,1992,7,[]
G. Scarpetta,1994,10,[]
G. Scharf,1996,2,[]
G. Schieber,2002,1,"['1,2']"
G. Schierholz,1997,1,[]
G. Semenoff,1992,9,[]
G. Servant,1999,2,[]
G. Sh. Japaridze,1999,1,[]
G. Sierra,1992,11,"['IFT, Uam-Csic, Madrid, Spain']"
G. Silva,1998,4,['Univ. La Plata']
G. Siopsis,2000,5,[]
G. Smet,2001,1,[]
G. Soff,2002,1,[]
G. Soliani,1993,9,"[""Dipartimento di Fisica dell'Universit\\`a,INFN Sezione di Lecce, Lecce, Italy"", '1']"
G. Sotkov,1993,1,[]
G. Sparano,1993,9,[]
G. Stoenescu,2000,1,[]
G. T Hooft,1994,4,"['Institute for Theoretical Physics, Utrecht University']"
G. T. Gillies,1997,1,['Virginia']
G. T. Horowitz,1994,4,[]
G. T. Ter-Kazarian,1995,4,"['Byurakan Astrophysical Observatory, Armenia; E-mail address: Byur@mav.yerphi.am', 'Byurakan Observatory']"
G. Takacs,1992,18,"['Eotvos Univ., Budapest', 'Bologna U.', 'INFN Bologna', '2', 'INFN Sez. di Bologna']"
G. Tasinato,2001,4,[]
G. Theodoridis,1993,1,[]
G. Thompson,1993,2,"['ICTP, Trieste']"
G. Thorleifsson,1992,5,"['Syracuse University', 'Syracuse Univ.']"
G. Tieber,1998,1,[]
G. Travaglini,1997,3,['INFN Tor Vergata']
G. Tsitsishvili,1995,5,[]
G. Tzamtzis,2002,1,[]
G. Unel,1996,1,[]
G. V. Bhanot,1993,1,[]
G. V. Dunne,1992,3,[]
G. V. Efimov,1998,1,[]
G. V. Gersdorff,2000,5,[]
G. V. Grigoriyn,1993,1,[]
G. V. Grigoryan,1996,2,[]
G. V. Kalinin,1994,4,[]
G. V. Kraniotis,1997,12,"['U. of Sussex', 'Royal Holloway', 'U. Halle-Wittenberg']"
G. V. Serebryakov,2000,1,[]
G. V. Shchepanyuk,1997,1,[]
G. V. Vlasov,1999,1,['Landau/Moscow Aviation']
G. Valent,1994,4,[]
G. Valente,1995,2,[]
G. Veneziano,1992,39,['CERN']
G. Venturi,2000,1,[]
G. Vernizzi,2000,8,"['NBI', 'U. Oxford']"
G. Vilasi,1993,2,[]
G. Violero,1997,2,[]
G. Vitiello,1993,8,[]
G. Vlasov,2000,1,"['Moscow Aviat.,Landau']"
G. Volkov,1996,5,"['CERN, IHEP Protvino', '1,2', 'CERN, LAPP, PNPI']"
G. Von Gehlen,1992,8,"['Physikalisches Institut, Universitaet Bonn']"
G. W. Delius,1992,7,[]
G. W. Gibbons,1992,56,"['DAMTP, Cambridge University', 'Cambridge University']"
G. W. Semenoff,1992,33,"['2', 'University of British Columbia']"
G. Watts,1992,3,"[""King's College London""]"
G. Weidl,1996,1,[]
G. Weigt,2000,2,['DESY-Zeuthen']
G. Wunner,1996,1,[]
G. X. Ju,1996,1,[]
G. Zet,2002,1,[]
G. Zoupanos,2002,1,[]
G. Zoupanos.,1995,1,[]
G. Zs. Toth,2001,1,[]
Gabor Etesi,1996,10,"['YITP, Kyoto University, Japan', 'Yukawa Institute, Japan', 'Yukawa Institute, Kyoto University, Japan', 'Renyi Institute, Budapest, Hungary', 'Renyi Institute, Hungary']"
Gabor Kunstatter,2001,3,"['Univ of Winnipeg', 'U. of Winnipeg', 'U of Winnipeg']"
Gabor Papp,1997,3,[]
Gabor Takacs,1995,4,[]
Gabriel German,1995,1,[]
Gabriel H. Flores,1999,3,[]
Gabriel Lopes Cardoso,1992,29,['Utrecht']
Gabriel Nagy,2000,1,[]
Gabriel Y. H. Avossevou,2002,1,"['IMSP, Porto-Novo, Benin']"
Gabriele Ferretti,1994,18,"['Uppsala', 'Uppsala University']"
Gabriele Honecker,2000,5,[]
Gabriele Travaglini,1996,12,"['Durham', 'Rome La Sapienza U.,INFN, Roma2']"
Gabriele Veneziano,1999,2,[]
Gabrielle Bonnet,1998,1,[]
Gaetano Bertoldi,1999,3,[]
Gaetano Fiore,1993,7,[]
Gaetano Lambiase,1996,2,[]
Gaku Konisi,1996,5,[]
Galen Sotkov,1993,1,[]
Galin Georgiev,1994,1,['Rutgers']
Galliano Valent,1998,5,[]
Gandalf Lechner,2003,1,"['University of Goettingen, Germany']"
Gang Tian,2000,1,[]
Gang Zhao,2003,1,[]
Garnik G. Alexanian,2002,1,[]
Gary Felder,2001,3,[]
Gary Gibbons,1995,10,['University of Cambridge']
Gary Horowitz,1995,4,[]
Gary Kleppe,1992,3,[]
Gary Mccartor,1993,13,['SMU']
Gary N. Felder,2001,1,[]
Gary Shiu,1996,28,[]
Gary T. Horowitz,1992,43,[]
Gary W. Gibbons,1992,10,[]
Gaston Giribet,1999,4,[]
Gautam Mandal,1992,31,[]
Gautam Sengupta,1992,8,['IIT Kanpur']
Gautam Trivedi,2002,2,[]
Gavin Duffy,2002,1,[]
Gavin Johnstone,1999,2,"['University of Durham', 'Durham University']"
Gavin Polhemus,1996,2,[]
Gen Yoneda,2000,1,['Waseda U.']
Gen-Di Pang,1994,1,['Universitaet-GH Paderborn']
Genevieve Rollet,1995,1,[]
Geng Cheng,2002,1,[]
Gennaro Miele,1996,7,[]
Gentil O. Pires,1997,1,['CBPF - Rio de Janeiro']
Geoff Harris,1992,1,[]
Geoffrey Dixon,1993,11,[]
Geoffrey F. Chew,2001,1,[]
Geoffrey Harris,1993,3,[]
Geoffrey Mason,1994,2,[]
Geoffrey R. Golner,1998,1,[]
Geon Hyoung Lee,1997,2,[]
Georg Junker,1994,4,"['Institute for Theoretical Physics, University of Erlangen-Nurnberg']"
Georg Keller,1996,1,[]
Georg M. Gandenberger,1998,2,[]
George Chechelashvili,1999,1,[]
George E. A. Matsas,1996,2,[]
George Ellis,1999,1,[]
George Georgiou,2003,1,[]
George Hockney,1995,1,[]
George Jaroszkiewicz,1997,6,"['Mathematics Department, Nottingham University, UK', '1']"
George Jorjadze,1996,8,[]
George K. Savvidy,1999,4,[]
George Khimshiashvili,1996,1,[]
George Lavrelashvili,1993,5,[]
George Leibbrandt,1994,5,"['CERN, Geneva']"
George Papadopoulos,1998,9,[]
George Siopsis,1998,16,[]
George Thompson,1993,16,"['ICTP, Trieste, Italy']"
George Tiktopoulos,1997,1,[]
George Tsoupros,2000,5,[]
George Zoupanos,1994,8,['Kanazawa University']
Georges Girardi,1998,1,[]
Georges Grunberg,1998,1,[]
Georges Pinczon,1994,1,[]
Georgios Kofinas,2001,2,[]
Georgios Metikas,1998,2,[]
Gerald B. Cleaver,1992,11,[]
Gerald Cleaver,1998,1,[]
Gerald Dunne,1992,27,"['UCONN', 'UConn', 'Connecticut']"
Gerald Gilbert,1992,1,[]
Gerald Kelnhofer,1993,9,[]
Gerald V. Dunne,1995,22,"['U. Connecticut', 'University of Connecticut']"
Gerard Clement,1996,5,[]
Gerard T Hooft,1998,12,['Utrecht']
Gerard Watts,1996,5,[]
Gerardo Aldazabal,1995,1,[]
Gerardo L. Rossini,1995,4,"['La Plata University, Argentina', 'Universidad de La Plata', '1', 'MIT']"
Gergana R. Ruseva,2002,1,[]
Gerhard Mack,2000,1,[]
Gerhard Post,1993,1,[]
Gerhard Soff,2000,1,[]
Gerhard Weigt,1992,8,['DESY Zeuthen']
German Sierra,1992,4,['CSIC-Spain']
German V. Shishkin,1993,1,[]
Germar Schroeder,1999,2,[]
Gernot Akemann,1995,3,['Hannover U.']
Gernot Muenster,1996,1,['University of Muenster']
Gernot Munster,1996,3,"['University of M\\""unster']"
Gesualdo Delfino,1997,2,[]
Geza Fulop,1995,3,[]
Geza Levai,2001,1,[]
Gh. Zet,1999,1,[]
Ghenadie N. Mardari,2002,1,[]
Gheorghe Ionesei,1998,1,[]
Gherardo Piacitelli,2002,1,[]
Gia Dvali,1997,16,[]
Giampiero Esposito,1996,42,"['INFN,University of Naples', 'INFN, University of Naples']"
Gian Luigi Alberghi,1999,3,[]
Giancarlo De Pol,2000,1,[]
Giancarlo Jug,1997,1,[]
Giancarlo Rossi,1996,5,[]
Gianfranco Pradisi,1992,11,"[""U. Roma ``Tor Vergata''"", ""Universita' di Roma ``Tor Vergata''"", 'Universita\' di Roma ""Tor Vergata"",INFN, Sezione di Roma ""Tor Vergata""', ""Dipartimento di Fisica,INFN, Universita` di Roma ``Tor Vergata''""]"
Gianguido Dallagata,1997,13,[]
Gianluca Grignani,1992,3,[]
Gianluca Mandanici,2002,3,[]
Gianpiero Mangano,1998,3,[]
Gil Gat,1994,4,[]
Gil Rivlis,1992,1,[]
Gil Schieber,2001,1,"['1,2']"
Gilad Lifschytz,1995,20,"['University of Haifa', 'Brandeis University', 'Princeton University', 'University of Haifa at Oranim']"
Gilmar S. Dias,1996,3,"['UFES,ETFES', 'UFES, Brazil']"
Gino N. J. Ananos,2002,2,[]
Giorgio Calucci,1999,2,[]
Giorgio Immirzi,1992,3,"[""Universita' di Perugia , INFN Perugia, Italy""]"
Giovanni Amelino-Camelia,1996,13,[]
Giovanni Arcioni,2002,1,[]
Giovanni Felder,1993,13,"['D-MATH, ETH Zuerich']"
Giovanni Feverati,2002,3,[]
Giovanni Jona-Lasinio,1999,1,"['Universita\' di Roma ""La Sapienza""']"
Giovanni Landi,1994,3,[]
Giovanni M. Cicuta,1995,1,[]
Giovanni Modanese,1993,5,"['Univ. of Bolzano,CIPA, Palo Alto', 'Center for Theoretical Physics, M.I.T., Cambridge 02139, MA U.S.A.', 'Center for Theoretical Physics, M.I.T., Cambridge, MA U.S.A.', 'Center for theoretical physics, M.I.T.', 'Max-Planck-Institut fuer Physik, Werner-Heisenberg-Institut, Muenchen.']"
Giovanni Morchio,2000,1,[]
Giovanni Salesi,1995,6,[]
Girish S. Setlur,1997,1,[]
Girma Hailu,2002,2,[]
Giuliano Preparata,1995,2,[]
Giulio Magli,1998,1,['Dipartimento di Matematica del Politecnico di Milano']
Giulio Pettini,1997,1,['4']
Giuseppe Albertini,1993,1,[]
Giuseppe Bimonte,2003,2,[]
Giuseppe Bonacina,1992,1,[]
Giuseppe Carlino,1998,4,"['Univ. of Genova', 'Swansea']"
Giuseppe Dappollonio,2000,2,[]
Giuseppe Dito,1996,2,[]
Giuseppe Gonnella,1995,2,[]
Giuseppe Marmo,2002,3,[]
Giuseppe Mussardo,2000,2,[]
Giuseppe Policastro,1998,1,"['Scuola Normale Superiore, Pisa, Italy']"
Giuseppe Pollifrone,1995,4,['CERN']
Giuseppe Vitiello,1993,12,"['Dipartimento di Fisica ""E.R.Caianiello"", Universit\\`a di Salerno, Italy', ""Universita' di Salerno, Italia"", 'Dipartimento di Fisica, Universit\\`a di Salerno', ""Dipartimento di Fisica - Universita' di Salerno,INFN--Napoli""]"
Gleb Arutyunov,2001,2,[]
Gleb Kalinin,1996,2,"['IPhys Group, St-Petersburg']"
Glenn Barnich,1992,16,[]
Glenn D. Starkman,2000,3,[]
Glenn Starkman,2001,1,[]
Gloria Luzon,1998,2,[]
Gloria Mari Beffa,1996,1,['2']
Gokhan Unel,1993,1,[]
Gonzalo Palma,2001,2,"[""Pontificia Universidad Cat\\'olica de Chile""]"
Gor Sarkissian,1998,6,[]
Gordon Chalmers,1994,28,[]
Gordon Chan,2001,2,[]
Gordon Semenoff,1992,5,[]
Gordon W Semenoff,1992,3,['UBC']
Gordon W. Semenoff,1992,18,['University of British Columbia']
Gottfried Curio,1995,18,[]
Gouranga C. Nayak,2000,2,[]
Gouranga. C. Nayak,2000,1,[]
Govindan Rajesh,1996,16,[]
Graeme Robertson,2003,1,[]
Graham D. Kribs,2000,1,[]
Graham G. Ross,2000,3,['Oxford University']
Graziano Vernizzi,2000,1,['NBI']
Green Huang,1992,2,[]
Greg Huey,2000,1,[]
Greg Trayling,1999,2,[]
Gregg J. Zuckerman,1992,4,[]
Gregorio Falqui,1994,1,[]
Gregory Falkovich,1992,2,[]
Gregory Gabadadze,1999,14,[]
Gregory J. Galloway,2000,3,[]
Gregory Langmead,2002,1,[]
Gregory Moore,1992,53,['Rutgers']
Gregory Pelts,1993,3,[]
Gregory Soyez,2001,1,[]
Grigor Peradze,1998,2,[]
Grigorii B. Pivovarov,1998,4,"['INR, Moscow', 'Institute for Nuclear Research, Moscow', 'INR, Moscow , IITAP, Ames']"
Grigoryan G. V.,1994,3,[]
Grigoryan R. P,1995,1,[]
Grigoryan R. P.,1994,2,[]
Grzegorz Duniec,2002,1,[]
Guan Jia,1999,1,"['Institute of Theoretical Physics, Lanzhou University']"
Guang-Hong Chen,2000,5,[]
Guang-Jiong Ni,1995,7,[]
Guang-Jiun Cheng,1993,1,[]
Guenter Scharf,2000,1,[]
Guey-Lin Lin,1999,2,['NCTU']
Guido Cognola,1992,23,[]
Guillaume Ovarlez,1999,1,[]
Guillermo A. Mena Marugan,1996,1,[]
Guillermo A. Silva,2000,2,[]
Guillermo Arreaga,2000,1,[]
Guillermo R. Zemba,1995,6,[]
Gungwon Kang,1996,10,"['KEK', 'Raman Research Institute']"
Gunter M. Schuetz,2001,1,"['IFF, FZ Juelich']"
Gunter Plunien,2000,1,[]
Gunter Scharf,1996,14,[]
Gunter Schuetz,2003,1,[]
Gunter Schutz,1993,1,[]
Guo-Li Wang,2001,1,[]
Guo-Xing Ju,1998,1,[]
Guo-Zhu Liu,2001,2,[]
Guohong Yang,1998,2,[]
Guowen Peng,2001,1,[]
Gustav W Delius,2001,2,[]
Gustav W. Delius,1993,11,[]
Gustavo Dotti,1997,8,[]
Gustavo Lozano,1999,1,[]
Gustavo S Lozano,2002,1,[]
Guy Auberson,2001,1,[]
Guy Bonneau,1994,8,"['LPTHE, Paris']"
Gyan Bhanot,1993,1,[]
Gyeong Yun Jun,2000,2,['Kyungsung Univ']
Gysbert Zwart,1997,5,[]
H B Geyer,1997,2,[]
H Osborn,2000,1,[]
H S Booth,2001,1,[]
H-B Gao,1995,1,[]
H-T. Sato,1993,6,[]
H. A. Chamblin,1999,1,[]
H. A. Kastrup,1998,3,"['RWTH Aachen, Germany', 'RWTH Aachen']"
H. A. Morales-Tecotl,1997,3,[]
H. A. Riggs,1993,1,[]
H. A. Weidenmueller,1999,1,[]
H. Ahmedov,1996,2,[]
H. Aissaoui,1999,1,[]
H. Aoki,1995,5,[]
H. Aratyn,1992,27,[]
H. Arfaei,1993,16,[]
H. Arodz,1993,7,[]
H. Awata,1992,18,[]
H. B. Benaoum,1999,3,['Mainz Uni.']
H. B. Gao,1992,5,[]
H. B. Geyer,1994,3,"['ITP, University of Stellenbosch, Stellenbosch, South Africa']"
H. B. Meyer,2001,1,"['Institute for Theoretical Physics, Lausanne University']"
H. B. Nielsen,1992,13,"['NBI, Copenhagen, Denmark', 'Niels Bohr Institute', 'Department of Physics, Niels Bohr Institute, Copenhagen', '1', 'Department of Physics, Niels Bohr Institute', 'Department of Physics, Niels Bohr Institute, Blegdamsvej', 'Dept. of Physics, Niels Bohr Institute']"
H. B. Nielsen D. A. Ryzhikh,2001,4,"['NBI, Copenhagen, Denmark']"
H. Babujian,1996,9,[]
H. Ballhausen,2003,2,[]
H. Banerjee,1995,3,"['S.N. Bose National Centre, Calcutta']"
H. Belich,1996,10,[]
H. Bennacer,2002,2,[]
H. Blas,1999,2,[]
H. Boschi Filho,1995,1,['Instituto de Fisica - Universidade Federal do Rio de Janeiro']
H. Boschi-Filho,1994,13,[]
H. Bozkaya,2002,1,[]
H. Braden,2001,1,[]
H. C. Baehr,1994,1,[]
H. C. De Godoy Caldas,2001,2,['FUNREI']
H. C. Kao,1995,1,[]
H. C. Lee,1996,2,[]
H. C. Pauli,1995,6,"['MPI Kernphysik, Heidelberg, Germany']"
H. C. Reis,1995,2,[]
H. C. Rosu,2003,2,[]
H. C. Yen,1994,2,[]
H. Caprasse,1994,1,[]
H. Casini,1997,5,[]
H. Cateau,1992,2,[]
H. Collins,2000,1,[]
H. Crater,2001,1,"['Univ. Tennessee Space Institute, Tullahoma']"
H. Czyz,1998,2,[]
H. D. Dahmen,1994,4,"['2', '1']"
H. D. Doebner,1997,1,[]
H. David Politzer,1992,1,[]
H. Dimov,2003,1,[]
H. Dorn,1992,17,"['Humboldt University Berlin', 'Humboldt-Univ. Berlin', 'Humboldt Univ. Berlin']"
H. Dykstra,1992,1,[]
H. E. Boos,1994,5,[]
H. Eberle,2001,1,['University of Bonn']
H. El-Khozondar,1997,1,[]
H. Enger,2001,1,[]
H. Epstein,2001,2,['Institut des Hautes Etudes Scientifiques']
H. F. Dowker,1995,1,[]
H. F. Jones,1993,6,[]
H. Fakhri,2002,2,[]
H. Falomir,1994,12,[]
H. Fanchiotti,2002,1,"['La Plata, UNLP']"
H. Figueroa,1997,1,[]
H. Firouzjahi,2001,1,[]
H. Fort,1994,10,[]
H. Frahm,1994,1,[]
H. Fujisaki,1996,5,['Rikkyo Univ.']
H. G. Dosch,2000,1,[]
H. G. Kausch,1992,3,['1']
H. Garc I A-Compe An,1994,1,[]
H. Garcia-Compean,1994,20,[]
H. Gasparakis,1993,1,[]
H. Ghafarnejad,1997,2,[]
H. Gilho J,1994,1,[]
H. Gopalkrishna Gadiyar,1999,2,[]
H. Grosse,1992,20,[]
H. Guenther,1997,1,[]
H. Gustafsson,1994,5,[]
H. H. Soleng,1992,1,[]
H. Hamidian,1997,2,['Stockholm University']
H. Hata,1993,3,[]
H. Hatanaka,1998,2,[]
H. Hernandez F.,1998,1,[]
H. Hinrichsen,1993,1,[]
H. Hiro-Oka,1993,1,[]
H. Huffel,1993,4,"['Inst. f\\""ur Theor. Phys., Univ. Wien']"
H. I. Arcos,2002,1,[]
H. Igarashi,1996,4,[]
H. Ikemori,1997,5,[]
H. Inoue,1996,1,[]
H. Ishikawa,1993,3,[]
H. Ita,1999,1,[]
H. Itoyama,1992,36,[]
H. J De Vega,2001,1,[]
H. J. Boonstra,1992,9,[]
H. J. De Vega,1992,42,['Paris VI']
H. J. Mosquera Cuesta,2002,1,[]
H. J. Mosquera-Cuesta,2000,1,"['ICTP, CBPF/LAFEX']"
H. J. Munczek,1994,1,[]
H. J. Pirner,1997,3,['University of Heidelberg']
H. J. Rothe,1995,5,[]
H. J. Schnitzer,1993,13,[]
H. J. Shin,1993,16,"['Kyunghee University', 'Kyung Hee Univ.']"
H. J. W. Mueller--Kirsten,1996,2,[]
H. J. W. Mueller-Kirsten,1995,17,[]
H. J. W. Muller--Kirsten,2001,1,[]
H. J. W. Muller-Kirsten,1995,17,['Univ. Kaiserslautern']
H. J. Weber,2001,1,['U Virginia']
H. Jallouli,1996,3,[]
H. Jirari,1995,3,[]
H. Joos,2000,1,[]
H. K. Jassal,1997,6,"['IUCAA, India', 'HRI, Allahabad, India']"
H. Kachkachi,1993,2,[]
H. Kajiura,2000,1,[]
H. Kaldass,1999,7,[]
H. Kanno,1992,10,['Hiroshima Univ.']
H. Kataoka,1999,3,[]
H. Kawabe,1993,3,[]
H. Kawai,1992,19,[]
H. Khajehazad,2002,1,[]
H. Kihara,1998,2,[]
H. Kikuchi,1999,2,['Ohu University']
H. Kleinert,1995,19,"['Freie Universit\\""{a}t Berlin', 'Freie Universit\\""at Berlin', 'http://www.physik.fu-berlin.de/~kleinert/institution.html']"
H. Konno,1994,1,[]
H. Kroger,1999,3,[]
H. Kubo,1996,1,[]
H. Kunitomo,1996,1,[]
H. Kuratsuji,1994,1,[]
H. Kurokawa,1998,1,[]
H. L. Carrion,2001,5,[]
H. L. Wong,1999,1,[]
H. Larsson,2001,1,['Chalmers']
H. Li,2002,1,[]
H. Liebl,1997,4,"['Vienna, Tech. U.']"
H. Liivat,2001,1,[]
H. Liu,1997,1,[]
H. Lu,1992,126,['University of Michigan']
H. Lu. C. N. Pope,1996,1,[]
H. M. Baboujian,1993,1,[]
H. M. Babujian,1993,1,[]
H. M. Bosselmann,1996,1,[]
H. M. Chan,1997,2,['Rutherford Appleton Laboratory']
H. M. Fried,1997,5,['Brown University']
H. M. Sadjadi,2000,1,[]
H. Mathur,1994,1,[]
H. Merabet,1996,1,[]
H. Meyer,2001,1,[]
H. Min,1992,1,[]
H. Minakata,1993,1,[]
H. Minowa,1997,1,[]
H. Miyazaki,1997,2,[]
H. Mohrbach,1996,5,[]
H. Mohseni Sadjadi,1996,5,[]
H. Mohseni. Sadjadi,2000,1,[]
H. Montani,1994,3,[]
H. Morales,1998,2,[]
H. Murayama,2001,1,[]
H. N. Nazareno,2000,1,[]
H. Nakatani,1997,2,[]
H. Nakazato,1993,1,"['Dept. of Phys., Univ. of the Ryukyus']"
H. Nastase,1998,2,[]
H. Neuberger,1997,2,"['Rutgers', '1']"
H. Nicolai,1992,29,"['AEI Potsdam', 'Hamburg University', 'AEI, Potsdam', 'AEI, Golm', 'University of Hamburg']"
H. Nieder,2000,2,[]
H. Nikolic,2000,6,[]
H. Nishino,1992,8,[]
H. Noh,2002,2,[]
H. Nordstrom,1992,1,[]
H. O. Girotti,1992,21,"['Instituto de Fisica - UFRGS', ""Instituto de F\\'isica - UFRGS"", 'UFRGS-Brasil']"
H. Ocampo,1997,1,[]
H. Ochiai,2000,2,[]
H. Ooguri,1993,5,[]
H. Osborn,1993,12,[]
H. Otsu,1997,5,[]
H. Ozaki,1999,1,[]
H. P. Nilles,1993,16,[]
H. P. Noyes,1996,1,['SLAC']
H. Panagopoulos,2002,1,['2']
H. Partouche,1995,13,['Polytechnique']
H. Perez Rojas,1993,3,[]
H. Pierre Noyes,1997,2,['SLAC']
H. Quevedo,2001,2,[]
H. R. Christiansen,1996,9,['C.B.P.F - Rio de Janeiro']
H. R. Christiansen C. Nu~Nez,1998,1,"['CBPF, Rio de Janeiro']"
H. R. Hollmann,1998,1,[]
H. R. Karadayi,1996,2,[]
H. R. Sepangi,1998,1,[]
H. R. Vanaie,2003,1,[]
H. Reinhardt,1996,25,"['Tuebingen', 'Tuebingen U.', 'Tubingen U.']"
H. Rhedin,1999,4,[]
H. Robins,2000,1,[]
H. Roemer,1996,2,['Freiburg U.']
H. Romer,1993,4,[]
H. Ruegg,1993,1,[]
H. S. Blas Achic,1999,1,[]
H. S. Cho,1992,2,[]
H. S. Egawa,2000,1,[]
H. S. Reall,1999,7,"['Cambridge', 'DAMTP, Cambridge']"
H. S. Sharatchandra,1993,11,[]
H. S. Song,1994,2,[]
H. Salehi,1997,5,[]
H. Saleur,1992,23,[]
H. Samtleben,1996,12,[]
H. Sati,1999,6,[]
H. Sato,1994,1,[]
H. Sazdjian,1994,4,[]
H. Schnitzer,1999,6,[]
H. Shimada,2002,1,[]
H. Singh,1995,7,['Saha Institute']
H. Skarke,1993,9,[]
H. Sonoda,1993,1,[]
H. Steinacker,1999,3,[]
H. Storch,2001,2,[]
H. Stuben,1997,1,[]
H. Suelmann,1992,1,[]
H. Suganuma,1995,1,['RCNP']
H. Suzuki,1994,4,['Hokkaido Univ.']
H. T. Cho,1994,4,[]
H. T. Ozer,1996,5,[]
H. T. Sato,2000,1,[]
H. Takahashi,1999,2,[]
H. Takashino,1996,2,[]
H. Terao,1994,1,[]
H. Thomas Williams,1995,1,"['Washington,Lee University']"
H. Tochimura,1997,1,[]
H. Toki,1995,2,['RCNP']
H. Toyoda,2002,1,[]
H. Ujino,1999,1,[]
H. Umetsu,1998,2,[]
H. Umezawa,1993,1,[]
H. Van Dam,1999,3,['University of North Carolina']
H. Verlinde,1994,12,[]
H. Verschelde,2000,12,[]
H. Veschelde,2001,1,[]
H. Vucetich,1992,1,[]
H. W. Braden,1992,14,[]
H. W. Capel,1992,2,['Clarkson University']
H. W. Hamber,1996,4,[]
H. W. L. Naus,1996,3,"['University of Hannover', 'Heidelberg']"
H. W. Lee,1995,37,"['Inje Univ', 'Inje Univ.', 'Inje University']"
H. Weigel,1999,10,[]
H. Y. Cui,2001,1,[]
H. Y. Guo,1996,3,['2']
H. Y. Lee,1992,1,[]
H. Yamada,1996,1,[]
H. Yamakoshi,1998,2,"['Toyama-NCT', 'Toyama National College of Technology']"
H. Yan,1994,2,[]
H. Zerrouki,1994,10,[]
H. Zerrouki.,1995,1,[]
H.-C. Kao,1994,1,[]
H.-C. Pauli,1998,2,[]
H.-J. Lee,1996,1,[]
H.-J. Otto,1992,10,['Humboldt university Berlin']
H.-P. Pavel,1995,11,[]
H.-T. Sato,1993,9,[]
H.-W. Wiesbrock,1998,2,"['FU-Berlin, Germany']"
Hadi Salehi,1997,7,[]
Hae Myoung Kwon,2002,1,[]
Hael Collins,2000,2,['Carnegie Mellon University']
Haewon Lee,1994,6,[]
Hagen Kleinert,1998,8,[]
Hagop Sazdjian,1995,1,[]
Hai Ren,1993,3,[]
Hai-Bao Wen,2002,1,[]
Hai-Cang Ren,1998,6,['The Rockefeller University']
Hai-Sheng Li,1994,2,[]
Haim Goldberg,1995,1,[]
Haisong Yang,1997,3,['UC Santa Barbara']
Haitang Yang,2002,1,[]
Hajime Aoki,1999,4,[]
Hajime Oda,1995,2,[]
Hak-Soo Shin,1995,2,['E-Mail:hsshin@ibm3090. snu.ac.kr']
Hamid Kachkachi,1992,1,[]
Han-Xin He,2002,2,[]
Han-Ying Guo,1992,17,['ITP-AS']
Hanae El Hattab,1997,1,[]
Hang Bae Kim,1997,7,['Lausanne U.']
Hanno Hammer,1997,3,"['DAMTP, University of Cambridge, UK']"
Hanno Sahlmann,2003,1,[]
Hans A. Kastrup,1995,2,[]
Hans Dykstra,1992,2,[]
Hans Henrik Rugh,1996,1,[]
Hans Jockers,2002,1,[]
Hans Peter Nilles,1999,9,"['Bonn U.', 'Univ. Bonn']"
Hans-Christian Pauli,1994,8,"['Max-Planck-Institut f\\""ur Kernphysik, Postfach 10 39 80, D-69029 Heidelberg.', 'Max-Planck-Institut fuer Kernphysik, Heidelberg', 'Max-Planck-Institut f\\""ur Kernphysik, Heidelberg']"
Hans-Juergen Borchers,2000,1,[]
Hans-Peter Nilles,1996,2,[]
Hans-Peter Thienel,1994,2,[]
Hans-Thomas Elze,1994,1,[]
Hans-Werner Wiesbrock,1994,2,['Freie Universitaet Berlin']
Hanying Guo,1994,3,[]
Hao-Gang Ding,1994,1,[]
Haogang Ding,2001,1,[]
Haralambos Marmanis,1996,1,['Brown Un.']
Haralambos Panagopoulos,2001,3,[]
Harald Dorn,1999,8,"['Humboldt-Universitat, Berlin', 'Humboldt Univ. Berlin']"
Harald G. Svendsen,1999,2,[]
Harald Griesshammer,1996,1,[]
Harald Grosse,2000,7,[]
Harald H. Soleng,1992,4,[]
Harald Ita,2000,6,[]
Harald J. W. Mueller-Kirsten,2001,2,['Kaiserslautern Uni.']
Harald Nieder,2000,3,[]
Harald Skarke,1992,13,[]
Harald Stumpf,1995,1,[]
Harald Svendsen,2000,1,[]
Harald W. Griesshammer,1996,1,[]
Haret C. Rosu,1994,1,[]
Harlan Robins,1998,3,[]
Harm Jan Boonstra,1998,2,[]
Harold A. Riggs,1992,5,[]
Harold Blas,2000,4,[]
Harold Roussel,1994,2,[]
Harold Steinacker,1994,9,[]
Harold Widom,1992,7,[]
Harrison J. Sheinblatt,1997,1,[]
Harry Braden,1996,1,[]
Harry W. Braden,1997,2,[]
Hartmann Roemer,1998,1,[]
Hartmut Wachter,2001,2,[]
Haru-Tada Sato,1994,17,"['Heidelberg U.', 'Niels Bohr Institute']"
Haruhiko Terao,1992,12,"['Kanazawa U.', 'Kanazawa University']"
Harunobu Kubo,1996,3,['Univ. of Yokyo']
Harvendra Singh,1994,12,[]
Harvey R. Brown,2000,1,['Oxford']
Harvey S. Reall,1998,8,[]
Hassan Firouzjahi,2000,6,[]
Hassen Jallouli,1995,1,[]
Hatem Widyan,1998,3,[]
Haye Hinrichsen,1992,3,"['Weizmann, Rehovot, Israel']"
He Bing,1999,1,[]
Hector Figueroa,1999,2,[]
Heeyong Park,2003,1,[]
Heinrich Saller,1996,15,"['MPI f. Physik', 'Max-Planck-Institut fuer Physik', 'Max-Planck-Institut f\\""ur Physik', 'MPI fuer Physik, Werner-Heisenberg-Institut, Muenchen', 'MPI fuer Physik', 'MPI Physics, M\\""unchen', 'Max-Planck-Institut f\\""ur Physik und Astrophysik, Werner-Heisenberg-Institut f\\""ur Physik, M\\""unchen, Germany']"
Heinz Dehnen,1999,2,[]
Heinz J. Rothe,1995,4,[]
Heiyoung Shin,1999,1,[]
Helen A. Bridgman,2000,2,[]
Helen Au-Yang,1993,1,[]
Helmut Kroger,2002,1,"['Laval Univ., Canada']"
Helmuth Huffel,1997,6,[]
Hendrik B. Geyer,2002,2,[]
Hendrik Grundling,1994,2,[]
Hendrik Van Dam,1995,1,['UNC at Chapel Hill']
Hendry I. Elim,1998,1,[]
Hendryk Pfeiffer,2000,3,['Cambridge']
Heng Fan,1996,4,[]
Henning Samtleben,1999,8,[]
Henning Wissowski,1995,2,[]
Henri Epstein,2001,2,[]
Henri Ruegg,1993,6,['Geneva University']
Henri Verschelde,1994,5,[]
Henric Larsson,2000,6,[]
Henric Rhedin,1993,12,"['Brandeis Univ.', 'Brandeis University']"
Henriette Elvang,2002,2,[]
Henrik Aratyn,2001,1,[]
Henrik Zinkernagel,2000,1,[]
Henrique Boschi-Filho,1993,8,[]
Henry D. Herce,2002,1,[]
Henry P. Stapp,2001,1,[]
Henryk Arodz,1996,1,[]
Herbert Nachbagauer,1997,3,[]
Herbert Neuberger,1996,3,"['Rutgers University', 'Rutgers']"
Herbert Saleur,1992,3,[]
Herbert W. Hamber,1993,3,['UC Irvine']
Herbert Weigel,2002,1,[]
Heribert Weigert,1996,1,[]
Herman Boos,2000,1,[]
Herman J. Munczek,1996,1,"['Department of Physics,Astronomy, The University of Kansas, Lawrence']"
Herman Verlinde,1993,20,"['Princeton University', 'Princeton University,University of Amsterdam', 'Princeton University, University of Amsterdam']"
Hermann Boos,2003,1,[]
Hermann Hessling,1994,2,['FHTW Berlin']
Hermann Nicolai,1993,15,"['AEI, Potsdam', 'AEI Potsdam', 'Albert-Einstein-Institute, Golm, Germany']"
Hernando Quevedo,2001,3,[]
Herve Partouche,1997,1,[]
Heui-Seol Roh,2000,1,[]
Hideaki Aoyama,1992,13,[]
Hideaki Hiro-Oka,1993,2,[]
Hideaki Kudoh,2001,3,[]
Hideko Nagahiro,1999,4,[]
Hidenaga Yamagishi,1992,2,[]
Hidenori Sonoda,1992,19,[]
Hidenori Takahashi,1996,3,[]
Hideo Kodama,2000,3,['YITP']
Hideomi Totsuka Atomic,1996,1,"['Energy Reserch Institute, Nihon University']"
Hidetoshi Awata,1992,4,[]
Hikaru Kawai,1992,15,['KEK Theory Group']
Hikaru Sato,1999,2,[]
Hikoya Kasari,2001,1,[]
Hilary Booth,1996,1,[]
Hiroaki Kanno,1993,12,"['Dept. Math., Hiroshima Univ.']"
Hiroaki Kodama,1999,1,['Kanazawa U.']
Hiroaki Nakajima,2001,3,['1']
Hiroaki Nakano,1994,2,[]
Hiroaki Terashima,1998,7,"['Dept. of Physics, Univ.of Tokyo', 'Department of Physics, University of Tokyo', 'Univ. of Tokyo']"
Hirofumi Yamada,1993,4,['Tokyo Metropolitan U.']
Hirofumi Yasuta,1996,5,['Ibaraki University']
Hirokazu Tanaka,1997,4,[]
Hiroki Emoto,2002,1,[]
Hiroki Fukutaka,1992,2,[]
Hiroki Hata,2000,1,[]
Hiromi Kase,1998,4,[]
Hiromichi Nakazato,1993,6,"['Univ. of the Ryukyus, Japan', 'Dept. of Phys., Waseda Univ., Japan', 'Waseda Univ.']"
Hiromitsu Takayanagi,2002,3,[]
Hiroo Azuma,1993,2,[]
Hiroshi Igarashi,1996,2,['Ibaraki U.']
Hiroshi Ishikawa,1992,8,"['YITP, Kyoto Univ.', 'Tohoku Univ.', 'Tohoku U.']"
Hiroshi Itoyama,1997,3,[]
Hiroshi Kato,1998,2,[]
Hiroshi Kawabe,1999,2,[]
Hiroshi Kunitomo,1993,8,[]
Hiroshi Nohara,1992,2,[]
Hiroshi Ozaki,2000,3,[]
Hiroshi Shirokura,1993,5,['Osaka University']
Hiroshi Suzuki,1992,22,"['Ibaraki University', 'Ibaraki Univ.']"
Hiroshi Toki,2001,2,['2']
Hiroshi Tsukahara,1998,1,[]
Hiroshi Umetsu,1997,3,[]
Hiroshi Yamamoto,1993,1,[]
Hiroshige Kajiura,1999,6,[]
Hirosi Ooguri,1992,46,"['UC Berkeley/LBNL', 'Caltech', 'UCB/LBNL', 'UC Berkeley/LBL']"
Hirotaka Ochiai,2001,2,[]
Hirotaka Sugawara,1997,2,['Univ. of Hawaii']
Hiroto Kubotani,1995,1,[]
Hiroto So,1999,5,[]
Hiroyuki Abe,2002,1,[]
Hiroyuki Fuji,2000,5,[]
Hiroyuki Fujita,1995,1,[]
Hiroyuki Hata,1994,20,"['Kyoto U.', 'Kyoto Univ.']"
Hiroyuki Kobayashi,1996,3,[]
Hiroyuki Takashino,1995,2,[]
Hiroyuki Takata,1995,7,"['KEK Theory group,Hiroshima U.', 'Matscience, Chennai', 'TIT', 'Hiroshima University, Japan']"
Hiroyuki Yamashita,1999,2,[]
Hisa-Aki Shinkai,2000,2,[]
Hisakazu Minakata,1994,5,['Tokyo Metropolitan University']
Hisaki Hatanaka,1999,4,[]
Hisakzau Minakata,1997,1,['Tokyo Metropolitan Univ.']
Hisamitsu Mukaida,1996,1,[]
Hisao Suzuki,1992,12,['Hokkaido University']
Hisashi Echigoya,2000,2,[]
Hisashi Kikuchi,1993,5,[]
Hisashi Kogetsu,2002,1,['Kyoto U']
Hisashi Yamamoto,1993,2,[]
Hisham Sati,2002,1,[]
Hitoshi Ikemori,1992,2,[]
Hitoshi Ito,2000,4,[]
Hitoshi Konno,1992,8,"['Hiroshima University, Dept. of Math. IAS']"
Hitoshi Miyazaki,1997,2,[]
Hitoshi Murayama,1995,16,"['Univ. of California Berkeley', 'UC Berkeley,LBNL', 'LBL,Tohoku', 'Berkeley', 'UC Berkeley, LBNL']"
Hitoshi Nishino,1992,44,"['UMD', 'Dept. of Physics, Univ. of Maryland,,Dept. of Physics,Astronomy, Howard Univ.', 'Univ. of MD']"
Hitoshi Sato,1993,4,[]
Hm Chan,1997,3,"['Rutherford Appleton Lab', 'Rutherford Appleton Laboratory']"
Hoang Ngoc Long,1994,1,[]
Hodaka Oda,1996,5,[]
Hoi-Kwong Lo,1993,7,['Institute for Advanced Study']
Hoil Kim,1998,8,[]
Hok Kong Lee,2003,1,[]
Holger B. Nielsen,1998,2,['Niels Bohr Institute']
Holger Bech Nielsen,1994,4,[]
Holger Ewen,1992,3,[]
Holger Frahm,1995,1,[]
Holger Gies,1996,13,"['Univ. Tuebingen, Germany', 'Tubingen U.', 'Tubingen U., CERN', 'Heidelberg U, CERN', 'CERN']"
Holger Guenther,1999,2,[]
Holger Lyre,2003,1,[]
Hong Chen Fu,1997,1,[]
Hong Liu,1996,18,"['Case Western Reserve University', 'Imperial College', 'Rutgers', '1']"
Hong Zhang,1999,3,[]
Hong-Bo Teng,1994,5,[]
Honglo Lee,1997,1,[]
Hongsu Kim,1997,15,"[""Ewha Women's Univ., Korea""]"
Hongwei Xiong,2002,1,[]
Hongya Liu,2001,2,[]
Horace Crater,2000,1,"['Univ. of Tennessee, Tullahoma']"
Horace Stoica,2000,5,[]
Horacio Alberto Falomir,1996,1,[]
Horacio E Camblong,2001,1,[]
Horacio E. Camblong,2000,10,[]
Horatiu Nastase,1998,11,[]
Horatiu-Stefan Nastase,1996,1,[]
Horst G. Kausch,1995,5,[]
Horst Stoecker,2000,1,[]
Hoseong La,1992,12,[]
Hossein Motavali,2000,5,[]
Hossein Yavartanoo,2002,2,[]
Hou Bo-Yu,2002,1,[]
Hou Boyuan,1999,1,[]
Hou Defu,1997,2,[]
Houari Merabet,1997,2,[]
Hovik Toomassian,1993,1,[]
Howard Georgi,2001,6,[]
Howard J. Schnitzer,1992,17,"['Brandeis University', 'Brandeis University,Harvard University', 'Brandeis Univ.,Harvard Univ.']"
Hsiang-Nan Li,1993,1,[]
Hsien-Chung Kao,1992,10,[]
Hsin-Chia Cheng,1998,5,[]
Hu Berlin,1994,1,[]
Huan-Xiong Yang,1996,3,[]
Huazhong Zhang,1993,1,[]
Hubert Saleur,1993,7,[]
Hugh F. Jones,2003,1,[]
Hugh Osborn,1998,2,[]
Hugo A. Morales-Tecotl,2001,1,"[""Universidad Aut\\'onoma Metropolitana Iztapalapa""]"
Hugo Christiansen,1998,1,['CBPF - Rio de Janeiro']
Hugo Garcia-Compean,1994,15,[]
Hugo R. Christiansen,1996,2,"['CBPF, Rio de Janeiro, Brazil', 'CBPF-DCP, Rio de Janeiro, Brazil']"
Hugo Reinhardt,1997,1,['Tuebingen Univ.']
Hui-Min Zhang,1996,1,[]
Huidong Guo,2001,1,[]
Humitaka Tamura,1994,1,[]
Huner Fanchiotti,2000,4,[]
Hung Cheng,1996,5,[]
Hung Soo Kim,1995,1,[]
Hungsoo Kim,1998,11,[]
Hwang-H. Kwon,1999,2,[]
Hwang-Hyun Kwon,1997,2,"['DAMTP, University of Cambridge', 'DAMTP, Cambridge, UK']"
Hyeon-Min Johng,1995,1,[]
Hyeong-Chan Kim,1993,6,[]
Hyeonjoon Shin,1994,17,[]
Hyuk-Jae Lee,1993,9,[]
Hyukjae Park,2002,1,[]
Hyun Kyu Lee,1992,2,[]
Hyun Min Lee,2000,14,"['Seoul National University', 'Seoul National Univ.', 'Bonn University']"
Hyun Seok Yang,1995,18,[]
Hyun-Soo Min,1999,1,[]
Hyung Do Kim,1999,5,"['KIAS', 'KAIST']"
Hyungdo Kim,1998,1,[]
Hyunji Cho,2000,2,[]
Hyunsoo Min,1993,8,['Seoul City U.']
I Batalin R Marnelius A Semikhatov,1995,1,[]
I T Drummond,1999,1,[]
I Tsohantjis,1995,3,[]
I Yu Tipunin,1995,7,"['Lebedev Physics Institute', 'P N Lebedev Physics Institute']"
I. A. B. Strachan,1994,6,"['Hull University', 'Hull university']"
I. A. Bandos,1994,1,[]
I. A. Batalin,1992,15,['Lebedev Phys. Inst.']
I. A. Chiosa,2000,1,[]
I. A. Naumov,1997,1,['2']
I. A. Nikolic,2000,1,[]
I. A. Pedrosa,1997,1,[]
I. A. Shovkovy,1994,9,"['Bogolyubov Institute for Theoretical Physics , University of Cincinnati']"
I. Acikgoz,2001,1,[]
I. Allekotte,1992,2,[]
I. Andric,1994,4,[]
I. Antoniadis,1992,59,['CERN']
I. Antoniou,2001,1,[]
I. Arefeva,1996,1,[]
I. B. Khriplovich,1997,3,[]
I. B. Pestov,1999,1,[]
I. B. Samsonov,1999,3,[]
I. Bakas,1992,23,[]
I. Bandos,1995,4,[]
I. Bars,1992,16,[]
I. Bengtsson,1994,1,[]
I. Benkaddour,2000,2,[]
I. Brevik,1996,15,[]
I. Brunner,1996,2,[]
I. Cabrera-Carnero,2001,4,[]
I. Chepelev,1997,5,[]
I. Cherednikov,1997,2,[]
I. D. Lawrie,1996,1,[]
I. Dadic,2003,1,[]
I. Devetak,1999,1,[]
I. Drozdov,2002,1,[]
I. Dymnikova,2000,1,['1']
I. Ennes,1999,4,[]
I. F. Riad,2000,1,[]
I. Filippov,1999,2,[]
I. Floratos,2001,2,[]
I. Fonseca Neto,2002,1,[]
I. Fruhwirth,2002,1,[]
I. G. Avramidi,1995,2,['University of Greifswald']
I. G. Chugunov,1999,2,"[""Department of Theoretical Physics, Peoples' Friendship University of Russia, Moscow, Russia""]"
I. G. Koh,1992,2,[]
I. G. Korepanov,1993,3,[]
I. G. Pirozhenko,1997,11,"['Joint Institute for Nuclear Research, Russia', 'Petrozavodsk State University, Russia']"
I. Gaida,1997,2,[]
I. Giannakis,1994,1,[]
I. H. Brevik,1997,2,[]
I. H. Duru,1994,4,[]
I. Horvath,1992,1,[]
I. I Kogan,1996,1,[]
I. I. Kogan,1992,20,['Oxford Univ.']
I. I. Tkachev,1995,1,[]
I. Ivanov,1995,1,[]
I. J. R. Aitchison,1995,8,[]
I. Jack,1993,9,[]
I. Joichi,1996,2,[]
I. K. Kostov,1993,3,[]
I. Kanatchikov,1995,1,[]
I. Kirsch,2002,1,[]
I. Kishimoto,2002,3,[]
I. Klebanov,1992,5,[]
I. Klich,1999,3,[]
I. Kogan,1993,2,[]
I. Kolokolov,1992,1,[]
I. Kostov,1992,3,[]
I. Krichever,1994,11,[]
I. L. Buchbinder,1993,54,['Tomsk State Pedagogical University']
I. L. Egusquiza,1993,5,[]
I. L. Shapiro,1994,19,"['Univ. of Zaragoza, Spain']"
I. L. Solovtsov,1998,1,[]
I. Lazzizzera,1996,2,['U. of Trento']
I. Lovas,1998,1,['1']
I. M. Anderson,1996,1,[]
I. M. Dremin,1994,1,[]
I. M. Gelfand,1994,2,[]
I. M. Khalatnikov,1998,1,"['Landau Institute for Theoretical Physics, Moscow']"
I. M. Krichever,1992,12,"['Columbia University,Landau Institute for Theoretical Physics']"
I. M. Singer,1993,5,['MIT']
I. Maksymyk,1997,2,[]
I. Marshall,1992,1,[]
I. Martin,1995,14,[]
I. Michael Mandelberg,1996,1,['University of Texas']
I. Mitra,2001,1,[]
I. N. Kondrashuk,1993,2,"['JINR, Dubna']"
I. N. Mcarthur,1994,12,"['The University of Western Australia', 'University of Western Australia', 'Western Australia U.']"
I. N. Nikitin,1995,3,[]
I. Nakamura,2002,1,[]
I. Nandori,1999,3,[]
I. Naumov,1996,1,['2']
I. Negru,1999,5,[]
I. Nemenman,1998,1,[]
I. Oda,1993,2,[]
I. Olasagasti,2002,2,[]
I. Ots,2001,1,[]
I. P. Costa E Silva,1999,3,[]
I. P. Ennes,1995,9,[]
I. P. Volobuev,2002,1,[]
I. P. Zois,1997,5,"['Mathematical Institute, Oxford University', 'Cardiff University, UK', 'Mathematical Institute, Oxford']"
I. Pappa,2000,5,['National Technical University of Athens']
I. Pesando,1993,12,[]
I. Phillips,1992,1,[]
I. Polyubin,1993,1,[]
I. R. Klebanov,1993,26,"['Princeton Univ.', 'Princeton U.']"
I. Roditi,1994,2,[]
I. Rudychev,1997,5,"['Texas A,M']"
I. Runkel,2000,8,[]
I. Sachs,1993,17,"['Dublin Institute for Advanced Studies', 'DIAS']"
I. Sachs ),1995,1,['Dublin Institute for Advanced Studies (DIAS']
I. Schmelzer,2002,1,[]
I. Schmidt,1993,5,[]
I. Scimemi,1996,1,"['Dip. di Fisica, Univ. ""La Sapienza"", Rome, Italy']"
I. Shapiro,1999,1,[]
I. Spagnolatti,1997,1,[]
I. T. Drummond,1996,1,[]
I. T. Dyatlov,1995,1,[]
I. T. Ivanov,1992,3,[]
I. T. Todorov,1994,9,"['MIT, Cambridge MA', 'Institute for Nuclear Research,Nuclear Energy, Sofia, BULGARIA']"
I. Tsutsui,1992,6,[]
I. V. Barashenkov,1998,1,[]
I. V. Gorbunov,1996,5,[]
I. V. Kanatchikov,1996,9,"['II ITP, Univ. of Hamburg']"
I. V. Kostyakov,2001,4,[]
I. V. Lavrinenko,1996,7,[]
I. V. Mamsurov,1998,1,[]
I. V. Shirokov,2001,1,['U. of Omsk']
I. V. Tyutin,1992,28,"['Lebedev Institute', 'Theor. Phys. Dept., Lebedev Institute', 'Lebedev Physical Institute, Moscow, Russia', 'Lebedev Physical Institute', 'Lebedev Phys. Inst.']"
I. V. Vancea,2000,11,"['IFT-Unesp', 'Instituto de Fisica Teorica - Universidade Estadual Paulista']"
I. V. Volovich,1993,28,"['Steklov Math. Inst., Moscow']"
I. Vanzetta,1994,1,[]
I. Vassileva,1993,1,[]
I. Vaysburd,1992,2,[]
I. Vilja,2002,2,[]
I. Volovich,1994,3,[]
I. Y. Park,1998,12,"['Texas A,M']"
I. Ya. Arefeva,1992,55,[]
I. Yakushin,1993,3,[]
I. Yu. Karataeva,1995,2,[]
I. Yu. Krivsky,2002,1,[]
I. Yu. Tipunin,2000,2,[]
I. Z. Rothstein,2001,1,[]
I. Zahed,1993,6,['Stony Brook']
I. Zakout,2002,1,[]
I. Zavala,2001,5,[]
I. Ziyatdinov,2003,1,['Moscow State University']
I.~R. Klebanov,1995,1,[]
Iain W. Stewart,1999,1,[]
Ian Affleck,1993,3,"['1,2']"
Ian D. Lawrie,1998,1,[]
Ian Davies,2001,2,[]
Ian Ellwood,2001,4,['MIT']
Ian G Moss,2000,3,[]
Ian G. Moss,1999,5,['Newcastle U.']
Ian I Kogan,1992,1,[]
Ian I. Kogan,1992,58,"['Oxford U.', 'Oxford U., IHES, Bures,Paris XI']"
Ian Jermyn,1996,1,[]
Ian Kogan,1999,3,[]
Ian Low,2000,3,[]
Ian Marshall,1995,1,[]
Ian R. Pinkstone,1995,1,[]
Ian-Woo Kim,2002,1,[]
Ian. I Kogan,2001,2,['Oxford U.']
Ian. I. Kogan,1995,2,[]
Ichiro Oda,1992,37,['Edogawa Univ.']
Ieke Moerdijk,2002,1,[]
Ignacio Navarro,2003,1,[]
Ignatios Antoniadis,1995,7,[]
Ignazio Lazzizzera,1996,4,"['U. Trento,INFN']"
Igor A. Bandos,1993,16,[]
Igor A. Shovkovy,1997,3,[]
Igor B. Frenkel,1993,2,[]
Igor Bakovic,2002,1,[]
Igor Bandos,1995,27,"['Kharkov Institute of Technology, Kharkov, Ukraine']"
Igor Batalin,1995,16,[]
Igor Filippov,2000,1,[]
Igor Frenkel,1994,1,[]
Igor G. Korepanov,1994,1,[]
Igor Halperin,1998,1,[]
Igor I. Smolyaninov,2001,1,[]
Igor Klebanov,1996,3,['Princeton University']
Igor Kondrashuk,1999,4,[]
Igor Krichever,2001,1,[]
Igor Kulikov,1996,1,[]
Igor N. Nikitin,1999,2,[]
Igor Nikitin,1999,4,[]
Igor O. Cherednikov,2000,3,[]
Igor P. Volobuev,2001,4,[]
Igor Pesando,1992,13,[]
Igor Polyubin,1996,1,[]
Igor Pris,1996,2,[]
Igor R. Klebanov,1992,52,"['Princeton', 'Princeton, IAS']"
Igor Rudychev,1996,2,"['Texas A,M']"
Igor Schnakenburg,2001,3,[]
Igor Tyutin,1997,2,[]
Igor V. Barashenkov,1994,1,['University of Cape Town']
Igor V. Kanatchikov,1993,2,[]
Igor Vaysburd,1994,2,['SISSA']
Iii.,2002,1,[]
Ikuo Ichinose,1994,1,[]
Ikuo Okouchi,1997,3,[]
Ikuo S. Sogami,1997,1,[]
Ikuo Satake,1993,1,[]
Iliana Carrillo-Ibarra,2002,1,[]
Ilinski,1995,1,[]
Ilka Agricola,1998,1,['Humboldt-Universitaet zu Berlin']
Ilka Brunner,1996,20,[]
Ilya L. Shapiro,1995,7,"['1,2', 'Universidade Federal de Juiz de Fora, Brazil', 'Univ. de Zaragoza, Spain']"
Ilya L. Shapiro Hiroyuki Takata,1995,1,"['Univ. de Zaragoza, Spain, shapiro@dftuz.unizar.es']"
Ilya Shapiro,1999,2,[]
Ilya Zakharevich,1993,1,[]
Imran Shah,1997,1,[]
In-Gyu Koh,2002,1,[]
Inbo Kim,1998,2,[]
Indrajit Mitra,2000,8,['Princeton University']
Indranil Dasgupta,1995,3,['Boston University']
Indranil Mitra,2000,2,[]
Ingeborg Entrop,1994,1,[]
Ingemar Bengtsson,1996,3,"['Stockholm U', 'Stockholm']"
Ingo Gaida,1995,12,"['University of Pennsylvania', 'Humboldt University Berlin', 'DAMTP, University of Cambridge']"
Ingo Gaido,1994,1,[]
Ingo Kirsch,2001,4,['HU Berlin']
Ingo Runkel,1998,6,[]
Inyong Cho,1998,6,"['Emory University', 'LPT, Orsay', 'ICN/Unam']"
Inyong Park,1998,1,[]
Ioan A. Popescu,2001,1,[]
Ioannis Bakas,1994,6,['U. of Patras']
Ioannis Giannakis,1994,20,"['Rockefeller University', 'Texas A,M']"
Ioannis P. Zois,1997,6,"['Mathematical Institute, Oxford University', 'Mathematical Institute, Oxford', 'Mathematical Institute, University of Oxford']"
Ioannis Papadimitriou,2002,3,[]
Ioannis Smyrnakis,2001,6,[]
Ioannis Tsohantjis,1996,1,['Tasmania']
Ion I. Cotaescu,2001,1,"['West University of Timisoara, Romania']"
Ion I. Cotuaescu,1999,8,[]
Ion V. Vancea,1995,5,"['Dept. of Theor. Physics, Babes-Bolyai University of Cluj, Romania - ubbmail@hercule.utcluj.ro', 'Dept. of Theor. Physics, Babes-Bolyai University of Cluj, Romania', 'Department of Theoretical Physics, University of Cluj-Napoca, Romania']"
Ioseph Buchbinder,1997,2,[]
Ioseph L. Buchbinder,1997,1,[]
Iosif Bena,1999,16,[]
Iouri Chepelev,1996,7,[]
Ira Rothstein,2001,1,['Carnegie Mellon U.']
Ira Wasserman,2000,9,[]
Ira Z. Rothstein,2000,3,[]
Irina Jakushina,1994,1,[]
Irina Shchepochkina,1997,3,[]
Irina Ya. Arefeva,1998,1,[]
Isabel P. Ennes,1998,2,['Brandeis Univ.']
Isabella Bierenbaum,2001,1,[]
Isao Kishimoto,1997,7,[]
Isbelia Martin,1999,1,[]
Ishwaree P. Neupane,2000,10,"['Seoul Natl. U. , ICTP, Trieste', 'ICTP, Trieste , Seoul Natl. U.']"
Ismail Zahed,1992,8,[]
Israel Gelfand,1994,1,[]
Israel Klich,1999,2,[]
Israel Quiros,2000,5,"['Las Villas Central University. Santa Clara. Cuba', 'Departamento de Fisica, Universidad Central de Las Villas, Santa Clara, Villa Clara, Cuba', 'Universidad Central de Las Villas. Santa Clara. Cuba']"
Issei Nakamura,2002,1,[]
Itaru Yamanaka,1995,3,['UC Davis']
Itsaso Olasagasti,2000,2,[]
Itzhak Bars,1992,44,[]
Ivan Andric,1998,3,[]
Ivan Avramidi,2001,1,[]
Ivan Cherednik,1994,2,[]
Ivan Dadic,2002,1,[]
Ivan G. Avramidi,1994,19,"['University of Iowa', 'University of Greifswald', 'University Greifswald']"
Ivan Herger,1999,1,[]
Ivan J. Muzinich,1995,1,[]
Ivan K. Kostov,1992,20,['CERN']
Ivan Kostov,1996,3,[]
Ivan Schmidt,1999,3,[]
Ivan T. Ivanov,1994,1,[]
Ivan T. Todorov,1996,8,[]
Ivan Todorov,1993,4,[]
Ivanhoe Pestov,2002,1,"['JINR, Dubna']"
Iver Brevik,1998,8,[]
Ivo Sachs,1998,10,[]
Ivo Savonije,2001,2,[]
Iwo Bialynicki-Birula,1993,1,[]
Iyu Tipunin,2000,1,[]
Izabela Prochnicka,2002,1,[]
Izawa K.-I,1993,4,[]
Izawa K.-I.,1996,1,[]
Izumi Ojima,1997,2,[]
Izumi Tsutsui,1993,14,"['Institute for Nuclear Study, University of Tokyo']"
J C Eilbeck,1994,2,[]
J Daboul,1999,1,[]
J Ellis,1993,1,[]
J Hoppe,1994,1,[]
J Lindig,1998,1,[]
J Weyers,1992,1,[]
J-L. Gervais,1995,1,[]
J-M. Maillard,1992,4,[]
J-P Ader,1993,1,[]
J-P. Gazeau,2003,1,[]
J. -M. Chung,1998,2,[]
J. -Q. Liang,1999,2,[]
J. A. Adams,1994,1,[]
J. A. Briginshaw,1997,1,[]
J. A. Casas,1992,4,[]
J. A. De Azcarraga,1993,23,[]
J. A. Dixon,1992,8,[]
J. A. Dominguez Perez,1992,2,[]
J. A. E. Carrillo,1999,1,[]
J. A. Espichan Carrillo,1999,3,[]
J. A. Gracey,1993,26,[]
J. A. Gray,2000,2,[]
J. A. H. Samtleben,1995,2,[]
J. A. Harvey,1992,19,[]
J. A. Helayel-Neto,1995,45,"['CBPF/CCP,Ucp/GFT', 'CBPF', 'CBPF,GFT/Ucp', 'CBPF , UCP, Brazil', '2', 'DCP-CBPF,Grupo de Fisica Teorica-UCP, Brasil', 'CBPF, Rio de Janeiro', 'CBPF,GFT-Ucp', 'UFMA,GFT']"
J. A. Helayel-Neto And M. R. Negrao,2001,1,"['UCP-RJ,CCP/CBPF-RJ']"
J. A. Lopez,2000,1,[]
J. A. Mcneil,1994,2,['Colorado School of Mines']
J. A. Mignaco,1996,2,['1']
J. A. Minahan,1993,7,[]
J. A. Mulvey,1993,2,['University of Durham']
J. A. Nieto,1995,15,[]
J. A. Phillips,2002,1,[]
J. A. S. Lima,1999,1,[]
J. A. Santiago,2002,1,[]
J. A. Teschner,1993,2,[]
J. A. Tjon,1993,1,[]
J. Abad,1994,2,[]
J. Acacio De Barros,1997,1,['1']
J. Acosta,2001,1,[]
J. Adams,1995,1,[]
J. Alexandre,2000,3,[]
J. Alfaro,1992,16,"['Universidad Catolica de Chile', '1']"
J. Ambjorn,1992,46,"['NBI, Copenhagen', 'Niels Bohr Institute', 'NBI']"
J. Ambjorn A. Sedrakyan,1996,1,[]
J. Anandan,1993,2,[]
J. Ananias Neto,2000,5,[]
J. Antonio Garcia,1995,10,[]
J. Arafune,2003,1,[]
J. Audretsch,1997,4,[]
J. Avan,1992,9,['LPTHE Paris VI']
J. Avery,2001,1,[]
J. Baacke,1994,3,[]
J. Baez,1994,1,[]
J. Bagger,1994,2,[]
J. Balog,1993,20,"['Research Institute for Particle,Nuclear Physics, Budapest']"
J. Barcelos-Neto,1993,34,['Federal University of Rio de Janeiro']
J. Barrett,1993,1,[]
J. Beckers,1996,3,[]
J. Bellorin,2000,1,[]
J. Berges,1995,3,[]
J. Besprosvany,2001,4,[]
J. Bijtebier,1998,8,[]
J. Bischoff,1994,1,[]
J. Bjoraker,2000,1,"['Minnesota U , BNL']"
J. Bockenhauer,1995,5,[]
J. Bogaerts,1999,2,[]
J. Boguszynski,1994,2,['1']
J. Bordes,1993,3,['Univ. de Valencia']
J. Borlaf,1996,4,[]
J. Brodie,1997,3,[]
J. Bros,1998,6,"['CEA/Saclay, SPhT, France']"
J. Burzlaff,1995,6,[]
J. C. A. Barata,1996,1,[]
J. C. Breckenridge,1994,6,['1']
J. C. Brunelli,1993,17,[]
J. C. Da Silva,2002,1,"['1,2']"
J. C. Eilbeck,1993,3,[]
J. C. Fabris,1999,5,[]
J. C. Gaite,1992,1,[]
J. C. Le Guillou,1996,6,[]
J. C. Lopez Vieyra,1996,4,[]
J. C. Niemeyer,2002,1,[]
J. C. Osborn,1998,2,[]
J. C. Parikh,1994,1,[]
J. C. Perez Bueno,1996,15,[]
J. C. Plefka,1992,4,[]
J. C. R. Bloch,2002,1,[]
J. C. Rojas,2000,5,[]
J. C. Shaw,1994,2,[]
J. C. Taylor,1993,7,[]
J. C. Varilly,1997,1,[]
J. C. Yera,1996,1,[]
J. Carbonell,2000,6,[]
J. Casahorran,2000,2,"['University of Zaragoza, Spain', 'University of Zaragoza. Spain']"
J. Cespedes,1993,1,[]
J. Cline,1999,1,[]
J. Comellas,1994,1,[]
J. Correia,1999,1,[]
J. Cruz,1995,10,['MIT-CTP']
J. D. Cohn,1992,4,[]
J. D. Correia,1996,1,[]
J. D. Delgado,2001,1,[]
J. D. Edelstein,1995,4,[]
J. D. Hayward,1993,2,[]
J. D. Kim,1992,7,[]
J. D. Laenge,2002,2,[]
J. D. M. Vianna,1998,1,[]
J. D. Vergara,1997,2,[]
J. D. Weckel,1993,1,[]
J. Daboul,1994,1,[]
J. David Vergara,1992,12,['ICN-UNAM']
J. De Boer,1992,14,"['Amsterdam', 'Berkeley', 'Amsterdam Univ.']"
J. De Jaegher,1997,2,[]
J. De Luca,2001,1,[]
J. De Pessemier,2000,1,[]
J. Deboer,2002,1,[]
J. Diemand,2001,1,[]
J. Distler,1992,6,[]
J. Dittrich,2002,1,[]
J. Donin,1994,2,[]
J. Douari,2000,4,[]
J. Dreissig,2002,1,[]
J. Dumoit,1998,1,[]
J. E. Hetrick,1995,4,"['Arizona', 'U. Arizona']"
J. E. Nelson,1992,1,[]
J. E. Paschalis,1995,7,[]
J. E. Roberts,1997,1,[]
J. E. Solomin,1996,1,[]
J. E. Wang,1999,5,[]
J. Ellis,1992,12,['CERN']
J. Ellis. N. Mavromatos,1996,1,[]
J. Engquist,2002,2,[]
J. Erdmenger,1996,6,[]
J. Erickson,1999,1,[]
J. Erler,1992,2,[]
J. Erlich,1997,4,[]
J. Escobedo-Alatorre,2002,1,[]
J. Evslin,1999,4,[]
J. F. Beacom,1997,1,"['Univ. of Wisconsin,Caltech']"
J. F. Bennett,1999,1,[]
J. F. Cai,1996,1,[]
J. F. Cari~Nena,2001,1,[]
J. F. Clark,1995,1,[]
J. F. Cornwell,1994,1,[]
J. F. Donoghue,1996,2,[]
J. F. Gomes,1992,29,[]
J. F. J. Salgado,1997,1,[]
J. F. M. Mendes,2001,1,[]
J. F. Medeiros Neto,2000,1,[]
J. F. Morales,1997,7,"['INFN, Sez. ""Tor Vergata"", Rome, Italy', 'SISSA, Trieste']"
J. F. Plebanski,1994,7,[]
J. F. Sanchez,1999,1,[]
J. F. Sparks,2001,1,[]
J. F. Tighe,2001,2,[]
J. F. Vazquez-Poritz,1999,18,[]
J. F. Wheater,1994,4,[]
J. Faridani,1993,4,[]
J. Feigenbaum,1995,1,[]
J. Feinberg,1996,4,[]
J. Fernando Barbero G,2002,1,[]
J. Fernando Barbero G.,2000,2,[]
J. Finkelstein,1993,1,[]
J. Fjelstad,2002,1,[]
J. Fr/Ohlich,1993,1,[]
J. Franzkowski,1993,1,[]
J. Frenkel,1993,31,[]
J. Froehlich,1994,8,[]
J. Frohlich,1992,8,[]
J. Fromm,1998,1,[]
J. Fuchs,1993,35,[]
J. G. Esteve,1992,3,['Universidad de Zaragoza']
J. G. Pereira,1998,3,"['IFT-UNESP, Sao Paulo, Brazil']"
J. G. Russo,1992,37,['CERN']
J. G. Sumner,2002,1,[]
J. Gaite,1997,2,[]
J. Gamboa,1992,24,[]
J. Garcia-Bellido,2001,1,[]
J. Garriga,1993,3,[]
J. Gattnar,2002,1,[]
J. Gegelia,1995,6,[]
J. Gegenberg,1993,12,"['U. of New Brunswick', 'U. New Brunswick']"
J. Gheerardyn,2001,1,[]
J. Giesen,1994,1,[]
J. Gillard,2003,1,[]
J. Gladikowski,1995,2,[]
J. Goeree,1992,1,[]
J. Gomis,1993,8,[]
J. Gonzalez,1993,2,[]
J. Govaerts,1992,2,[]
J. Grabowski,1993,1,[]
J. Greensite,1992,5,[]
J. Grimstrup,2000,2,[]
J. Grundberg,1992,6,[]
J. Guerrero,1994,12,[]
J. Gutowski,1998,12,[]
J. Guven,2001,1,[]
J. H. Leon,1997,2,"['UAM, Madrid']"
J. H. Lorentsen,1997,1,[]
J. H. Munoz,1998,1,"['1,3']"
J. H. O. Sales,2003,1,[]
J. H. Yee,1994,2,[]
J. H. Yoon,1992,1,[]
J. Hallin,1993,2,[]
J. Harnad,1992,8,[]
J. Herrero,1993,4,[]
J. Hietarinta,1992,2,[]
J. Hiller,1999,1,['University of Minnesota-Duluth']
J. Honkonen,2002,1,[]
J. Hoppe,1997,7,['ETH Zuerich']
J. Horne,1992,1,[]
J. Hurtubise,1992,1,[]
J. Hwang,1996,3,[]
J. I. Kapusta,2001,2,[]
J. I. Latorre,1993,8,[]
J. I. Perez Cadenas,1993,1,[]
J. Iliopoulos,1995,2,[]
J. Isberg,1992,2,[]
J. J. Dugne,2003,1,[]
J. J. Giambiagi,1994,2,[]
J. J. M Verbaarschot,2000,1,['Stony Brook']
J. J. M. Verbaarschot,1992,21,['Stony Brook']
J. J. Manjarin,2002,1,[]
J. J. Mckenzie-Smith,1998,2,[]
J. J. Passos Sobrinho,2000,1,[]
J. J. Rosales,1998,12,[]
J. J. Van Der Bij,1993,3,[]
J. J. Zhang,1993,2,[]
J. Jezierski,1994,1,[]
J. Juan Rosales,1999,1,[]
J. Julve,1994,4,"['imaff,csic']"
J. Jurkiewicz,1992,11,"['U. Krakow', 'Jagellonian Univ.']"
J. K. Erickson,1999,2,[]
J. K. Slingerland,2002,2,[]
J. Kalayci,1998,1,[]
J. Kalkkinen,2003,1,[]
J. Kamnitzer,2000,2,[]
J. Kappeli,2000,3,[]
J. Karkowski,1995,3,['1']
J. Kellendonk,1992,2,[]
J. Khoury,2000,2,['Princeton']
J. Kijowski,1996,4,[]
J. Kijowski G. Rudolph C. Sliwa,2002,1,"['Center for Theoretical Physics, Polish Academy of Sciences, Warsaw, Poland']"
J. Kluson,1999,21,[]
J. Knapp,2003,1,[]
J. Kotanski,2002,1,[]
J. Kowalski-Glikman,1992,9,[]
J. Kubo,1992,4,[]
J. Kuhrs,1998,1,[]
J. Kumar,1997,6,[]
J. Kunz,1998,7,"['Oldenburg U.', 'University Oldenburg', '2']"
J. L Vazquez-Bello,1994,1,[]
J. L. Acebal,2000,2,['PUC-MG']
J. L. Alonso,1998,1,[]
J. L. Boldo,1995,10,"['CBPF, Rio de Janeiro']"
J. L. Cardy,1996,2,[]
J. L. Cortes,1992,11,[]
J. L. Delyra,1992,2,[]
J. L. Dupont,1993,1,['Aarhus']
J. L. F. Barbon,1992,42,[]
J. L. Jacquot,1994,3,[]
J. L. Jaramillo,2001,2,[]
J. L. Lopez,1994,4,[]
J. L. Lucio,1997,1,['IFUG']
J. L. Lucio M.,1993,1,[]
J. L. Matheus-Valle,1993,2,[]
J. L. Miramontes,1992,14,[]
J. L. Nielsen,1998,2,[]
J. L. Petersen,1992,9,[]
J. L. Tomazelli,1994,13,"['Sao Paulo U., Guaratingueta']"
J. L. Trueba,1998,1,[]
J. L. Vazquez-Bello,1992,3,[]
J. Laartz,1992,5,[]
J. Lachapelle,1998,1,[]
J. Lages,2003,1,[]
J. Lauer,1992,1,[]
J. Law,1993,1,[]
J. Lee,1996,2,['Seoul National University']
J. Lee Montag,1992,1,[]
J. Lewandowski,1994,1,[]
J. Liu,1995,2,[]
J. Llosa,2002,1,[]
J. Loeffelholz,1995,1,[]
J. Loffelholz,1994,1,[]
J. Lopez,1992,1,[]
J. Louis,1992,3,[]
J. Luis Miramontes,1992,8,[]
J. Lukierski,1992,23,"['Wroclaw University', 'Wroclaw Univ. ITP', 'Wroclaw University, Inst. of Theor. Phys.', 'Institute of Theoretical Physics, University of Wroclaw, Poland', 'Wroc{\\l}aw', '2', 'Institute for Theoretical Physics, University of Wroc{\\l}aw, Poland', 'Wroclaw', 'Wroclaw Univ.', 'Wroclaw, Poland']"
J. Lukierski P. Maslanka,2000,1,"['Wroclaw University, Poland']"
J. Lykken,1994,2,[]
J. M. A. Ashbourn-Chamblin,1996,1,"['Wolfson College, University of Oxford']"
J. M. Aroca,1994,7,['Universitat Polit\\`ecnica de Catalunya']
J. M. Baptista,2002,1,[]
J. M. Borwein,1996,3,[]
J. M. C. Malbouisson,1996,6,['2']
J. M. Camino,1998,7,[]
J. M. Carmona,1998,5,[]
J. M. Cervero,1997,2,[]
J. M. Cline,1993,4,[]
J. M. Daul,1993,1,[]
J. M. Drummond,2001,3,[]
J. M. Evans,1992,11,"['DAMTP, University of Cambridge', 'DAMTP, Cambridge']"
J. M. F. Gunn,1995,2,[]
J. M. F. Labastida,1992,30,[]
J. M. Figueroa-Ofarrill,1992,12,[]
J. M. Generowicz,1995,1,[]
J. M. Gracia-Bondia,1993,9,"['Mainz Univ.', 'Univ. de Costa Rica']"
J. M. Grimstrup,1999,12,[]
J. M. Haeuser,1998,1,[]
J. M. Hauser,1996,2,[]
J. M. Isidro,1992,19,"['University of Padova, Italy']"
J. M. Izquierdo,1993,12,[]
J. M. L Opez-Romero,1994,1,[]
J. M. Leinaas,1994,1,[]
J. M. Lina,1992,1,[]
J. M. M. Senovilla,2002,1,[]
J. M. Maillard,1996,1,[]
J. M. Maillet,1992,7,"['Laboratoire de Physique Theorique, ENS Lyon, France']"
J. M. Maldacena,1992,5,[]
J. M. Moreno,1999,4,"['CSIC, Madrid']"
J. M. Mourao,1997,1,[]
J. M. Mour~Ao,1993,1,[]
J. M. Mu~Noz Porras,1999,1,[]
J. M. Pawlowski,1996,8,[]
J. M. Pons,1993,5,[]
J. M. Prats,1993,1,[]
J. M. Roman,1995,2,[]
J. M. Salim,2000,3,[]
J. M. Sanchez De Santos,1995,10,[]
J. M. Speight,1996,13,['University of Texas at Austin']
J. M. Stewart,1992,2,"['Cambridge U., DAMTP']"
J. M. Velhinho,1997,4,[]
J. M.. Gracia-Bondia,1995,1,[]
J. Madore,1994,9,[]
J. Maeder,1995,6,[]
J. Magnin,1995,1,[]
J. Maharana,1992,18,[]
J. Maldacena,1999,3,[]
J. Malinsky,2002,1,[]
J. Manes,1992,2,[]
J. Manjavidze,1998,6,[]
J. Mannix,1997,1,"['UC, Santa Cruz']"
J. Martin,2001,1,[]
J. Mas,1992,4,[]
J. Mateos Guilarte,1998,13,"['Universidad de Salamanca', 'U. Salamanca']"
J. Matias,1993,1,[]
J. Mccarthy,1993,7,[]
J. Menezes,2001,2,[]
J. Merkel,1996,1,"['MPI Kernphysik, Heidelberg, Germany']"
J. Meyer,1994,1,[]
J. Mickelsson,1993,4,[]
J. Mostovoy,2002,1,[]
J. Mottershead,1999,1,['3']
J. Mourad,1993,24,[]
J. Mourao,1994,1,[]
J. Mund,1993,1,[]
J. N. Acosta,1999,1,[]
J. N. Pecina-Cruz,1996,1,[]
J. N. Prata,1998,2,[]
J. N. Tavares,1993,3,[]
J. Nasarre,1996,2,[]
J. Naud,1998,1,[]
J. Navarro-Salas,1993,24,[]
J. Negro,2002,1,[]
J. Neu,1995,1,[]
J. Niederle,2000,3,[]
J. Nishimura,1995,15,['NBI']
J. Novotny,1998,1,[]
J. Nuyts,1993,4,[]
J. O. Andersen,1999,1,[]
J. O. Madsen,1992,10,"['ENSLAPP, Annecy', 'Universidade de Santiago de Compostella']"
J. Ord,1997,1,[]
J. Oscar Rosas-Ortiz,1995,1,[]
J. Ovalle,1999,3,[]
J. P. Ader,1996,1,[]
J. P. De Villiers,1996,1,[]
J. P. Garrahan,1994,1,[]
J. P. Gauntlett,1993,7,[]
J. P. Gregory,2002,1,[]
J. P. Lupi,1996,1,[]
J. P. Nunes,1995,8,[]
J. P. Rodrigues,1992,3,[]
J. P. S. Lemos,1996,1,[]
J. P. Van Der Schaar,1996,6,[]
J. P. Vary,1997,6,"['Iowa State U.', 'Iowa St. Univ., Ames']"
J. Panvel,1992,4,[]
J. Papavassiliou,1999,2,[]
J. Paris,1993,1,[]
J. Park,1998,3,[]
J. Pawelczyk,1992,2,[]
J. Pawlowski,1998,1,[]
J. Perez-Mercader,1993,4,"['LAEFF, Madrid']"
J. Phillips,2001,6,[]
J. Plass,1993,3,[]
J. Plefka,1999,6,[]
J. Polchinski,1993,7,[]
J. Polonyi,1996,9,"['Pasteur Univ., Strasbourg, ELTE Budapest']"
J. Pouget,2002,1,[]
J. Przeszowski,1996,1,['Warsaw']
J. Pullin,1992,1,[]
J. Q. Liang,1999,1,[]
J. R. Anglin,1992,4,[]
J. R. Bienkowska,1992,1,[]
J. R. Espinosa,1997,1,[]
J. R. Hiller,1998,12,[]
J. R. Morris,2002,1,[]
J. R. Nascimento,1997,3,[]
J. R. Reyes Martinez,1993,3,[]
J. R. S. Nascimento,1992,11,['UFPB']
J. R. Shepard,1994,2,['University of Colorado']
J. R. Zeni,1994,2,[]
J. Raeymaekers,1998,1,[]
J. Rafelski,1997,1,[]
J. Rahmfeld,1993,20,[]
J. Ramirez Mittelbrun,1993,1,[]
J. Ramirez Mittelbrunn,1993,2,[]
J. Rant,1996,6,[]
J. Rasmussen,1994,14,[]
J. Rau,1994,1,[]
J. Rembielinski,1993,6,[]
J. Reuter,2002,1,['TU Darmstadt']
J. Richert,1994,1,[]
J. Rizos,1993,14,"['Ioannina U.', 'University of Ioannina', 'CERN , SISSA', 'Univ. of Ioannina', 'SISSA', 'Ioannina']"
J. Roca,1993,8,[]
J. Rodrigues,1993,2,[]
J. Rolf,1998,2,['Niels-Bohr-Institute']
J. Rozowsky,2000,1,[]
J. Ruan,1994,1,[]
J. Russo,1992,8,[]
J. S. Apps,1994,7,[]
J. S. Dowker,1992,38,"['University of Manchester, Manchester, UK']"
J. S. Prakash,1996,5,[]
J. S. Rno,1999,1,[]
J. S. Rozowsky,1998,7,[]
J. S. Shim,1994,2,[]
J. S. Valverde,1999,2,"['Sao Paulo, IFT']"
J. Saavedra,1998,3,['USACH']
J. Sakamoto,2001,1,[]
J. Sanchez Guillen,1992,11,[]
J. Sanchez-Guillen,2000,3,[]
J. Santiago,2003,1,[]
J. Saucedo,2003,1,[]
J. Schechter,1998,1,['Syracuse Univ.']
J. Schimmel,2002,1,[]
J. Schnittger,1995,5,[]
J. Segar,1996,1,"['Dept. of Theoretical Phys., University of Madras']"
J. Shiraishi,1992,7,[]
J. Sladkowski,1993,2,[]
J. Sobczyk,1993,7,['4']
J. Socorro,1996,6,[]
J. Soda,2000,1,[]
J. Sonnenschein,1992,43,['TAU']
J. Spinelly,2002,2,[]
J. Stasheff,1997,1,[]
J. Stephany,1993,9,['USB']
J. Strathdee,1992,9,"['ICTP, Trieste', 'ICTP; Trieste']"
J. Striet,2000,5,[]
J. Stubbe,1995,2,[]
J. Suzuki,1993,6,"['Tokyo', 'Shizuoka University', 'University of Tokyo at Komaba']"
J. T. Lenaghan,2001,1,[]
J. T. Liu,1996,1,[]
J. T. Lunardi,1999,3,[]
J. T. Sobczyk,1997,1,[]
J. T. Wheeler,1998,1,['Utah State University']
J. Tannenhauser,2000,1,[]
J. Teschner,1997,13,[]
J. Tolksdorf,1995,3,[]
J. Torres,1998,2,[]
J. Torres A,2001,1,[]
J. Traschen,1993,1,[]
J. Troost,1997,7,['U. of Brussels']
J. Twamley,1994,2,[]
J. Uglum,1993,4,[]
J. Underwood,1995,1,[]
J. Urrestilla,2001,4,[]
J. V Yarevskaya,1995,1,[]
J. V. Mallow,1998,1,[]
J. V. Yarevskaya,1995,1,"['Department of Theoretical Physics Tomsk State Pedagogical Institute, Russia']"
J. Van De Leur,2001,1,[]
J. Van Der Jeugt,1993,7,[]
J. Van Der Jeugt.,1994,1,[]
J. Vaz,1995,3,"['Dpt Fisica,Lecce,IMECC-UNICAMP']"
J. Vaz Jr,1996,1,[]
J. Vaz Jr.,1996,2,[]
J. Verbaarschot,1994,1,[]
J. Vidal,2002,2,[]
J. W. Goodison,1993,3,[]
J. W. Moffat,1993,17,[]
J. W. R. Underwood,1993,1,[]
J. W. Van De Leur,1993,1,[]
J. W. Van Holten,1992,23,['NIKHEF-H']
J. Walcher,1999,10,[]
J. Wambach,2001,1,[]
J. Wang,1999,1,[]
J. Weiss,2000,2,[]
J. Wess,1995,3,[]
J. Weyers,1997,1,[]
J. Wirstam,1997,4,[]
J. Witters,1999,1,"['University of Leuven,Department of Physics']"
J. Wosiek,1996,6,"['Jagellonian University', '2']"
J. Wudka,1995,1,['UC Riverside']
J. X. Lu,1992,24,"['Univ. of Michigan', 'Texas A-M', 'U. of Michigan']"
J. Y. Grandpeix,2001,2,['Laboratoire de Meteorologie Dynamique-Paris']
J. Y. Pasquier,1995,1,[]
J. Yamashita,2002,2,['Toyama Univ.']
J. Zanelli,1994,6,[]
J. Zerouaoui,2001,2,[]
J. Zinn-Justin,1992,6,[]
J.--Q. Liang,1996,1,[]
J.-B. Zuber,1991,17,[]
J.-C. Yera,1997,3,[]
J.-F. Fortin,2003,1,[]
J.-F. Mathiot,2001,1,[]
J.-F. Roussel,1993,1,[]
J.-G. Demers,1993,3,[]
J.-G. Zhou,1996,3,[]
J.-L. Gervais,1995,2,[]
J.-L. Kneur,1995,4,[]
J.-L. Vazquez-Bello,1993,1,[]
J.-M. Chung,1994,7,[]
J.-M. Warzecha,1993,1,[]
J.-P-Dedonder,1994,1,[]
J.-P. Ader,1995,1,[]
J.-P. Boernsen,2002,1,[]
J.-P. Dedonder,1996,1,['3']
J.-P. Derendinger,1994,11,['Neuchatel Univ.']
J.-P. Francoise,2000,2,['Paris VI']
J.-P. Kownacki,1994,2,[]
J.-P. Uzan,2001,1,['LPT']
J.-Pierre Derendinger,1999,1,[]
J.-Q. Liang,1995,12,[]
J.-S. Caux,1995,2,[]
J.-S. Park,1994,3,[]
J.-T. Yee,2001,1,[]
J.-W. Van Holten,2000,1,[]
J.-Y. Lu,1996,1,[]
J.-Y. Thibon,1994,1,[]
J.~C.~Breckenridge,1995,1,[]
Jaap Kalkman,1993,2,[]
Jacek Dziarmaga,1994,5,[]
Jacek Generowicz,1997,1,[]
Jacek Pawel Czyk,1994,2,[]
Jacek Pawelczyk,1996,11,"['IFT, Warsaw University', 'Warsaw Univ.']"
Jacek Szmigielski,1993,4,[]
Jacek Wisniewski,2001,1,[]
Jacek Wosiek,1998,2,['2']
Jack Gegenberg,2003,1,[]
Jack Morse,1992,1,[]
Jack Wentao Xu,1996,1,[]
Jack Y. Ng,1995,1,[]
Jacob D. Bekenstein,1993,3,[]
Jacob Goeree,1992,3,[]
Jacob Katriel,1995,1,[]
Jacob Sagi,1993,1,[]
Jacob Sonnenschein,1994,15,"['TAU', 'Tel Aviv U.']"
Jacobus Verbaarschot,1993,6,[]
Jacqueline Faridani,1996,1,[]
Jacques Bros,1995,7,[]
Jacques C. H. Simon,1995,1,[]
Jacques Distler,1994,15,[]
Jacques H. H. Perk,1993,1,[]
Jadwiga Bienkowska,1992,1,[]
Jae Hyung Yee,1997,20,"['Institute of Physics,Applied Physics, Younsei University, Seoul, Korea', 'Yonsei U.', 'Yonsei univ.', 'Yonsei Univ.', 'Yonsei']"
Jae Kwan Kim,1993,12,"['Korea Advanced Institute of Science,Technology', 'KAIST in KOREA']"
Jae-Kwan Kim,1993,3,[]
Jae-Rok Kahng,1996,1,[]
Jae-Sok Oh,1997,1,[]
Jae-Suk Park,1992,16,[]
Jae-Weon Lee,1998,3,[]
Jaemo Park,1993,23,[]
Jaime Camacaro,1996,1,[]
Jair V. Costa,1997,1,[]
Jakob Yngvason,1994,1,[]
Jakov Pfaudler,1996,2,[]
Jakub Rembielinski,1993,4,"['Lodz University, Poland']"
James A. Feigenbaum,1997,2,[]
James Babington,2001,4,[]
James Ball,1996,1,['U of Utah']
James Bardeen,1999,1,[]
James Baugh,2000,3,['1']
James Bjorken,2001,1,['SLAC']
James C. Sexton,2000,1,[]
James D. Bjorken,2002,1,[]
James D. E. Grant,1992,1,[]
James D. Wells,1998,1,[]
James Dent,2002,1,[]
James E. Hetrick,2003,1,[]
James E. Lidsey,1997,12,"['3', '2']"
James Geddes,2001,1,[]
James Gray,2001,3,[]
James H. Horne,1992,3,[]
James Hockings,2001,2,['Southampton University']
James Hughes,1993,1,[]
James Lepowsky,1993,4,[]
James Lindesay,2002,1,[]
James Lucietti,2003,1,[]
James M. Cline,2000,8,[]
James M. Grochocinski,1992,1,[]
James N. Hormuzdiar,1999,1,[]
James P. Gregory,2000,4,[]
James P. Vary,1998,4,"['IITAP , Iowa State, Ames', '2', 'Iowa State University, Ames']"
James S. Ball,1994,1,[]
James Sparks,2001,3,[]
James Steele,1994,1,[]
James T. Liu,1992,33,['Rockefeller University']
James T. Wheeler,1997,8,[]
James Thevenot,2000,1,[]
James V. Steele,1995,1,[]
Jamil Daboul,1994,5,"['Ben Gurion University, ISRAEL']"
Jamila Douari,2000,1,[]
Jan Ambjorn,1993,5,['Niels Bohr Inst.']
Jan B. Gutowski,2002,2,[]
Jan B. Thomassen,1998,6,['TU Wien']
Jan Bischoff,1996,2,[]
Jan Brugues,2002,2,[]
Jan C. Plefka,1995,5,['Hannover U.']
Jan De Boer,1992,41,['Berkeley']
Jan Fischer,2001,1,[]
Jan Govaerts,1992,14,"['Univ. of Louvain, Belgium', 'UCL, Louvain-la-Neuve, Belgium', 'Catholic Univ. Louvain, Belgium', 'Catholic Univ. Louvain, Belgium,C.N. Yang Inst. Theor. Phys., Stony Brook, USA']"
Jan Gutowski,1999,1,[]
Jan Louis,1992,27,['University of Halle']
Jan M. Pawlowski,1998,12,['DIAS']
Jan Myrheim,1994,4,[]
Jan Naudts,2000,2,[]
Jan O. Conrad,1997,3,[]
Jan Pieter Van Der Schaar,1998,6,['UM']
Jan Plefka,1997,16,"['AEI-Potsdam', 'AEI Potsdam']"
Jan Rafelski,2000,1,[]
Jan Ridky,1995,1,"['Institute of Physics, Academy of Sciences of the Czech Republic,Prague']"
Jan Sladkowski,1993,6,[]
Jan Sobczyk,1994,2,[]
Jan T. Sobczyk,1997,2,[]
Jan Troost,1996,13,[]
Jan-Willem Rombouts,2003,1,[]
Jan-Willem Van Holten,1999,1,[]
Jani Lukkarinen,1997,2,[]
Janna Levin,1994,1,[]
Janos Balog,1999,2,[]
Janos Polonyi,1994,19,[]
Jarah Evslin,2000,7,[]
Jarmo Hietarinta,1998,1,[]
Jaroslaw Mlynik,2002,1,[]
Jaroslaw Piskorski,2000,1,[]
Jason Kumar,1998,7,[]
Jaume Garriga,1994,11,[]
Jaume Gomis,1997,22,"['Rutgers University', 'Caltech']"
Jaume Roca,1996,2,[]
Javier Borlaf,1997,2,"['IFT-UAM/CSIC, Madrid', ""Universidad Aut\\'onoma de Madrid""]"
Javier Mas,1993,8,[]
Javier Negro,1994,1,[]
Javier P. Muniain,1995,3,[]
Jay Wacker,2001,1,[]
Jay Watson,1993,1,[]
Jaydeep Majumder,1999,4,[]
Jayme Vaz,1997,1,[]
Jayprokas Chakrabarti,2000,1,[]
Je-An Gu,2001,3,[]
Jean Alexandre,1997,9,[]
Jean Avan,1992,6,"['LPTHE Paris 6/7, France']"
Jean Carlos Perez-Mosquera,2002,1,"['Caracas, Univ. Central,Texas U.']"
Jean Nuyts,1996,7,[]
Jean Zinn Justin,1996,1,[]
Jean Zinn-Justin,1992,5,"['CEA-Saclay, Service de Physique Theorique']"
Jean-Bernard Zuber,1995,7,[]
Jean-Franc Cois Roussel,1994,3,"[""Laboratoire de Physique th\\'eorique de l'ENS, Paris""]"
Jean-Francois Dufaux,2002,2,[]
Jean-Francois Roussel,1994,1,[]
Jean-Loup Gervais,1992,29,[]
Jean-Luc Lehners,2002,1,[]
Jean-Marc Daul,1993,2,[]
Jean-Marc Luck,2001,1,[]
Jean-Marc Zylinski,1993,1,[]
Jean-Paul Blaizot,1993,1,[]
Jean-Philippe Uzan,2001,5,"['LPT', 'IAP/GReCO, LPT']"
Jean-Pierre Ader,1992,3,[]
Jean-Pierre Derendinger,1995,6,['Neuchatel Univ.']
Jean-Rene Cudell,1993,1,[]
Jean-Vincent Le Be,2002,1,[]
Jean-Yves Ollitrault,1993,1,[]
Jeeva Anandan,1994,3,[]
Jeeva S. Anandan,1998,3,[]
Jeff Murugan,2002,1,[]
Jeffrey A. Harvey,1992,25,[]
Jeffrey Harvey,1992,1,[]
Jeffrey M. Rabin,1993,4,[]
Jeffrey Miller,1992,1,[]
Jeffrey R. Schmidt,1999,1,[]
Jeffry V. Mallow,1998,3,[]
Jemal Guven,2000,3,[]
Jen-Chi Lee,1994,11,"['National Chiao-Tung University, Taiwan']"
Jen-Hsu Chang,2001,1,[]
Jennie Traschen,1992,14,[]
Jens Bockenhauer,1994,4,[]
Jens Erler,1992,5,['UCSC']
Jens Fjelstad,1999,4,[]
Jens Gladikowski,1996,1,[]
Jens Hoppe,1993,25,"['ETH Z{\\""u}rich,Rutgers Univ.']"
Jens Kuester,1996,1,[]
Jens L. Petersen,1999,1,[]
Jens Lyng Petersen,1992,6,[]
Jens Mund,1997,5,['FU Berlin']
Jens Ole Madsen,1992,6,['Universidade de Santiago de Compostela']
Jens Schnittger,1992,7,[]
Jens Uh Petersen,1992,1,[]
Jens-U. H. Petersen,1994,1,[]
Jeong-Hyuck Park,1997,17,[]
Jeonghyeong Park,2000,1,[]
Jeongwon Ho,1999,3,[]
Jeremie Unterberger,2003,1,[]
Jeremie Vinet,2002,3,[]
Jeremy Michelson,1995,17,"['Rutgers University', 'Rutgers']"
Jeremy S. Heyl,1996,2,[]
Jeremy Schiff,1992,7,[]
Jeroen Snippe,1994,1,[]
Jeroen Wijnhout,2002,2,[]
Jerome Gauntlett,1995,2,[]
Jerome Martin,2000,9,['IAP']
Jerome P. Gauntlett,1992,38,[]
Jeronimo Cortez,2002,1,[]
Jerzy A. Przeszowski,1998,3,"['IFTR PAC, Warsaw', 'Warsaw']"
Jerzy F. Plebanski,1994,9,"['CINVESTAV-IPN', 'Cinvestav-Fis']"
Jerzy Kijowski,1994,3,[]
Jerzy Kowalski-Glikman,1996,5,[]
Jerzy Lewandowski,1994,2,[]
Jerzy Lukierski,1993,23,"['Institute of Theoretical Physics, University of Wroclaw, Poland', 'Institute for Theoretical Physics, University of Wroclaw, Poland', 'Institute of Theoretical Physics, University of Wroclaw', 'University of Wroclaw, Wroclaw, Poland']"
Jerzy Lukierski Anatol Nowicki,2002,1,"['Institute of Theoretical Physics, University of Wroclaw, Poland']"
Jerzy Plebanski,1996,2,[]
Jesper Christiansen,1998,1,[]
Jesper Grimstrup,2001,1,[]
Jesper Levinsen,2001,2,[]
Jesper Lykke Jacobsen,2001,3,[]
Jesper M. Grimstrup,2002,1,['Vienna']
Jesper Moller,1995,1,[]
Jesse Thaler,2002,1,[]
Jessie Shelton,2003,1,['MIT']
Jesus Puente Pe~Nalba,1997,9,"['University of Oviedo, Spain', 'U. of Oviedo', 'Universidad de Oviedo, Spain']"
Ji Sun,1999,1,['Peking University']
Ji-Feng Yang,2000,2,"['Fudan Univ., Shanghai, China', 'ECNU, Shanghai, China']"
Ji-Min Wu,2000,1,[]
Ji-Rong Ren,2003,1,[]
Jian Dai,2001,7,[]
Jian Jing,2000,1,[]
Jian-Gang Hao,2002,6,[]
Jian-Ge Zhou,1995,23,['Osaka Univ.']
Jian-Hui Dai,1996,1,[]
Jian-Xin Lu,2002,1,[]
Jian-Zu Zhang,2000,10,"['Kaiserslautern, Bergen, Shanghai', 'Bergen, Shanghai']"
Jiang-Bei Fan,1993,2,[]
Jianming Li,1994,5,[]
Jiannis Pachos,1995,11,"['IJS', 'MIT']"
Jianxun Hu,1996,1,[]
Jianzhong Pan,2003,1,[]
Jie Yang,2003,1,[]
Jie-Jun Tseng,1999,1,[]
Jifeng Yang,1997,8,"['Fudan Univ., Shanghai, P R China', 'Fudan Univ., Shanghai, P. R. China', 'Phys. Dept., Fudan Univ., Shanghai, P. R. China']"
Jihad Mourad,1994,1,[]
Jihn E. Kim,2000,17,[]
Jiliang Jing,2002,2,[]
Jim Goodison,1995,1,[]
Jim Mccarthy,1992,8,[]
Jim Stasheff,1992,3,[]
Jimmy D. Williams,1999,1,[]
Jimmy Williams,1994,2,"['U. of Guelph, Canada']"
Jin Bai-Qi,1994,1,[]
Jin Chen,1994,1,[]
Jin Hong,1998,1,[]
Jin Hur,2002,1,[]
Jin Young Kim,1995,26,"['KNU', 'Dongseo Univ', 'Dongseo University', 'Kunsan University', ""Kunsan Nat'l U."", 'Dongseo U.', 'Dongseo Univ.', 'PNU, Pusan, Korea']"
Jin-Ho Cho,1993,15,[]
Jin-Jiang Liu,2002,1,[]
Jin-Min Shen,1992,1,[]
Jing Jiang,2000,2,[]
Jing Wang,1999,7,[]
Jing-Bo Chen,2001,3,[]
Jinsub Paeng,2000,1,[]
Jintai Ding,1994,1,[]
Jiong-Ming Zhu,2001,1,[]
Jiro Arafune,1997,1,[]
Jiro Hashiba,1998,4,['Yukawa Inst.']
Jiro Sakamoto,1998,2,[]
Jiro Soda,2000,11,[]
Jisuke Kubo,1993,8,[]
Jiunn-Wei Chen,2000,1,[]
Jm Figueroa-Ofarrill,1996,16,[]
Jnan Maharana,1992,1,[]
Jnanadeva Maharana,1992,19,"['Bhubaneswar, Inst. Phys.']"
Jnr,1997,1,[]
Jnr.,1995,1,"['Queen Mary , Westfield College']"
Joachim Kupsch,1997,1,[]
Joachim Lindig,1998,1,[]
Joachim Rahmfeld,1993,4,[]
Joakim Arnlind,2002,1,[]
Joakim Hallin,1993,3,[]
Joan Simon,1997,19,[]
Joan Sola,2000,1,[]
Joan Soto,1996,1,[]
Joanna Gonera,2002,1,[]
Joanna L. Karczmarek,2000,4,['Princeton U.']
Joao Branco,1998,1,[]
Joao Correia,1999,1,[]
Joao D. Correia,1997,1,[]
Joao Magueijo,2001,2,"['Imperial College,Brown University']"
Joao P. Nunes,1997,1,[]
Joao P. Rodrigues,1993,5,[]
Joaquim Fort,1993,1,[]
Joaquim Gomis,1992,25,[]
Joaquin Escalona,1995,2,[]
Joaquin Sanchez-Guillen,2002,2,[]
Jochen Mueller,1995,1,['MPI Heidelberg']
Jochen Rau,1995,1,['ECT* Trento']
Joe Kiskis,1993,2,[]
Joe Lykken,1992,1,[]
Joe Polchinski,1994,1,[]
Joe Sato,1997,2,['University of Tokyo']
Joel Giedt,2000,7,[]
Joel S. Rozowsky,1999,3,[]
Johan Grundberg,1993,1,[]
Johan Van De Leur,1994,6,[]
Johanna Erdmenger,1998,9,['MIT']
Johannes Huebschmann,1993,2,[]
Johannes Kellendonk,1992,1,[]
Johannes Kerimo,2002,1,[]
Johannes Walcher,2002,6,[]
John B. Kogut,2000,1,[]
John Brodie,1996,5,['Princeton University']
John C. Baez,1992,8,[]
John C. Taylor,1994,1,[]
John Cardy,1993,2,[]
John Conley,2002,1,[]
John D. Barrow,1996,5,[]
John D. Smith,1996,1,[]
John Dixon,2003,1,[]
John E. Roberts,2000,2,[]
John E. Wang,2000,5,[]
John Ellis,1992,25,['CERN']
John Ellis N. E. Mavromatos,1993,1,[]
John F. Dawson,1996,1,['UNH']
John F. Donoghue,1994,5,[]
John F. Tighe,1999,4,[]
John F. Wheater,1996,12,[]
John F. X. Ries,1995,1,[]
John H. Brodie,1996,7,"['Perimeter I.', 'Princeton University']"
John H. Connell,2000,1,[]
John H. Schwarz,1992,48,['Caltech']
John Harnad,1992,6,[]
John Hiller,1994,1,[]
John J. Oh,1999,9,[]
John Kogut,1993,1,[]
John L. Cardy,1992,1,[]
John M Charap,1993,1,[]
John M. Cornwall,1995,14,"['Dept. of Physics, UCLA', 'Department of Physics,Astronomy, UCLA', 'Department of Physics, UCLA', 'UCLA']"
John M. Pierre,1995,4,[]
John Madore,1994,6,[]
John Manolis Smyrnakis,1996,1,[]
John March-Russell,1992,9,"['Institute for Advanced Study, Princeton']"
John Mcgreevy,1999,14,[]
John Morgan,1997,2,[]
John Palmer,1993,2,[]
John Pearson,2001,2,[]
John Preskill,1992,6,[]
John R. Hiller,1999,2,[]
John R. Klauder,1995,10,"['Departments of Physics,Mathematics, University of Florida, Gainesville', 'University of Florida', 'Univ. of Florida, Gainesville, USA']"
John Rizos,2000,2,"['Univ. of Ioannina,CERN', 'Ioannina Univ.']"
John Rogers,1992,1,[]
John Schwarz,1993,1,[]
John Son,2000,2,[]
John T. Whelan,1995,1,[]
John Terning,1996,13,"['UC Berkeley', 'Berkeley']"
John Uglum,1995,2,[]
John W. Barrett,1993,4,[]
John W. Lawson,1995,2,[]
John W. Negele,2000,1,[]
Jon Magne Leinaas,1995,5,"['Centre for Advanced Study, Oslo']"
Jon R. Links,1994,2,[]
Jonas Persson,2003,1,[]
Jonathan A. Bagger,1996,2,[]
Jonathan Bagger,1996,14,[]
Jonathan D. Edwards,1994,1,[]
Jonathan Huntley,1998,2,[]
Jonathan L. Feng,2000,1,[]
Jonathan L. Rosner,1993,1,[]
Jonathan Lenaghan,2001,1,[]
Jonathan M. Evans,1992,13,"['DAMTP, Cambridge']"
Jonathan Tannenhauser,1998,4,[]
Jonathan Underwood,1993,2,[]
Jong Hyun Kung,1993,1,[]
Jong-Dae Park,2003,1,['SNU']
Jongsu Sohn,2002,1,[]
Jongwon Park,2001,8,['Caltech']
Jongwook Kim,2003,1,[]
Joo Youl Lee,1998,1,[]
Joohan Lee,1998,2,[]
Joon Ha Kim,1994,1,[]
Joost Zegwaard,1992,1,[]
Jordi Comellas,1995,6,[]
Jordi Molins,2000,1,[]
Jordi Pari S,1998,1,[]
Jordi Paris,1992,9,['K. U. Leuven']
Jorg Schray,1993,3,[]
Jorg Teschner,1995,2,"['Universit""at Hamburg']"
Jorge Alfaro,1994,9,"['Universidad Catolica de Chile', ""Pontificia Universidad Cat\\'olica de Chile""]"
Jorge Ananias Neto,1994,7,"['Physics Department, Universidade Federal de Juiz de Fora, Juiz de Fora, MG, Brasil']"
Jorge Conde,2002,3,[]
Jorge Devoto,1993,1,[]
Jorge Eduardo Solomin,1996,1,[]
Jorge G. Russo,1999,6,"['CERN, Buenos Aires U.']"
Jorge Gamboa,1995,4,[]
Jorge Griego,1993,1,[]
Jorge L. Lopez,1994,1,[]
Jorge Mahecha,2000,3,[]
Jorge Moreno,2001,2,[]
Jorge Pullin,1992,6,[]
Jorge Russo,1998,2,"['Imperial College', 'Univ. of Buenos Aires']"
Jorge Stephany,1994,2,[]
Jorge Zanelli,1992,24,[]
Jorgen Rasmussen,1998,13,[]
Joris Raeymaekers,1996,6,[]
Jorma Louko,1992,4,[]
Jos Gheerardyn,2002,3,[]
Jose A. De Azcarraga,1995,9,[]
Jose A. Helayel-Neto,1997,3,[]
Jose A. Magpantay,1999,3,"['National Institute of Physics, U.P. Diliman Q.C., Philippines', 'National Institute of Physics, University of the Philippines', 'National Institute of Physics, U.P. Diliman']"
Jose Alexandre Nogueira,1996,3,"['Universidade Federal do Espirito Santo, Vitoria-ES, Brazil']"
Jose Antonio Martins Sim~Oes,2002,1,[]
Jose B. Almeida,2002,1,[]
Jose Bordes,1999,1,[]
Jose D. Edelstein,1995,21,['Univ. of Santiago de Compostela']
Jose Daniel Edelstein,1996,1,[]
Jose David Vergara,2001,1,[]
Jose Edelstein,1993,2,[]
Jose F. Cari~Nena,1996,4,[]
Jose F. Morales,1996,16,"['INFN,Sezione di ""Tor Vergata"",Roma,Italy', 'Dipartimento di Fisica , Sezione INFN - Universita\' di Roma ""Tor Vergata""', ""Dipartimento di Fisica,INFN, Universita` di Roma ``Tor Vergata''""]"
Jose Figueroa-Ofarrill,2001,11,[]
Jose Gaite,1993,10,[]
Jose Gonzalez,1993,1,[]
Jose I. Latorre,1993,5,[]
Jose Ignacio Latorre,1994,1,[]
Jose Ignacio Rosado,1994,7,[]
Jose J. Blanco-Pillado,2001,2,[]
Jose L. Cortes,1994,2,[]
Jose Luis Boldo,2003,1,[]
Jose Luis Cortes,1995,3,[]
Jose Luiz Boldo,2003,1,[]
Jose M Figueroa-Ofarrill,1995,3,[]
Jose M. F. Labastida,2001,2,[]
Jose M. Figueroa-Ofarrill,1992,1,[]
Jose M. Gracia-Bondia,1994,11,['Univ. Complutense de Madrid']
Jose M. Isidro,1997,4,[]
Jose M. Izquierdo,2001,8,[]
Jose M. Mourao,1994,1,[]
Jose M. Raya,1996,1,[]
Jose M. Sanchez De Santos.,1995,1,[]
Jose Mour~Ao,1996,1,[]
Jose Navarro-Salas,1999,3,[]
Jose P. S. Lemos,1995,16,"['Observatorio Nacional, Rio de Janeiro, Brazil']"
Jose R. Espinosa,1998,1,[]
Jose Wudka,1997,1,[]
Jose-Luis Lucio-Martinez,1999,1,"['Univ. Guanajuato, Mexico']"
Josep Llosa,2000,1,[]
Josep M. Pons,1995,5,"['DECM, Universitat de Barcelona', 'Barcelona U., ECM']"
Joseph A. Minahan,1992,23,"['Uppsala', 'Caltech', 'IAS', 'USC', 'USC,ITP']"
Joseph Ambrose G. Pagaran,2002,3,[]
Joseph Bernstein,1994,1,[]
Joseph C. Varilly,1994,7,[]
Joseph Conlon,2002,1,['Cambridge']
Joseph D. Lykken,1992,6,[]
Joseph Katz,2000,1,[]
Joseph Kouneiher,1999,1,[]
Joseph Lykken,1997,4,[]
Joseph Polchinski,1992,47,"['U.C. Santa Barbara', 'ITP, UCSB']"
Joseph Schechter,1997,2,"['Syracuse Univ. USA', 'Syracuse U.']"
Josh Gray,1999,1,[]
Joshua Boorstein,1994,2,[]
Joshua Erlich,1996,12,['U. Washington']
Joshua Feinberg,1992,13,"['Department of Physics, The University of Texas at Austin', 'ITP, UC Santa-Barbara', 'Theory Group, Physics Dept. The Univ. of Texas at Austin', 'U. of Haifa,Technion']"
Joshua P. Gray,1998,3,[]
Josif Frenkel,1994,2,[]
Josip Trampetic,2003,1,[]
Jouko Mickelsson,1992,21,"['KTH, Stockholm']"
Jozef M. Namyslowski,1998,1,[]
Jozsef Gyurusi,1995,2,"['Research Ins. for Particle,Nucl. Phys, Budapest']"
Jo~Ao D. Correia,1998,1,[]
Jo~Ao Magueijo,2001,1,[]
Jo~Ao N. G. N. Prata,1997,1,[]
Jo~Ao P. Rodrigues,1994,5,[]
Jr,1992,18,[]
Jr.,1992,41,"['UMD', 'UNICAMP/IMECC, Campinas, Brasil', 'Univ. Maryland, USA', 'Syracuse, USA,Campinas, Brazil', 'Dept. of Physics, Univ. of Maryland']"
Juan A. Mignaco,2000,1,[]
Juan A. Nieto And Octavio Obregon,2001,1,"['Sinaloa University, Mexico']"
Juan Carlos Dolivo,1996,3,"['3', 'ICN-UNAM/Mexico']"
Juan Carlos Lopez V.,2001,1,[]
Juan Crisostomo,2000,1,[]
Juan F. G. Cascales,2003,1,[]
Juan F. Ospina,1996,1,[]
Juan Fernando Ospina Giraldo,2000,4,[]
Juan Garcia-Bellido,1992,6,['CERN']
Juan Jose Manjarin,2000,5,[]
Juan L. Manes,2001,1,"['U. of the Basque Country, Bilbao, Spain']"
Juan M. Maldacena,1994,21,['Princeton University']
Juan M. Romero,2002,3,[]
Juan Maldacena,1996,29,['Harvard U.']
Juan Mateos Guilarte,1995,2,[]
Juan Mateu,1999,1,[]
Juan Mendez,1999,1,[]
Juan Ospina,2000,2,[]
Juan P. Aparicio,1998,1,[]
Juan P. Garrahan,1996,2,[]
Juan Pablo Lupi,1994,1,[]
Juan Pedro Garrahan,1997,1,[]
Juan Perez--Mercader,1996,1,"['LAEFF, Madrid']"
Juan Perez-Mercader,1998,2,"['LAEFF, Madrid']"
Judith Castelino,1997,1,[]
Juerg Froehlich,1995,2,[]
Juergen Baacke,1996,2,[]
Juergen Reuter,2002,1,['Karlsruhe University']
Juergen Tolksdorf,1996,1,[]
Jules Beckers,1997,1,[]
Julian Barbour,1992,1,[]
Julian Lee,1992,12,[]
Julie Blum,1993,1,[]
Julie D. Blum,1994,15,[]
Julie Descheneau,2003,1,[]
Julien F. J. Salgado,1999,1,['University of Dortmund']
Julieta Medina,2002,1,[]
Julio Abad,1995,2,[]
Julio C. Fabris,2001,1,[]
Julius Wess,2000,9,[]
Jun Furukawa,1997,1,[]
Jun Li,2001,1,[]
Jun Liu,1993,1,[]
Jun Murakami,1994,1,[]
Jun Nishimura,1994,12,"['Nagoya Univ. , NBI', 'Nagoya Univ.', 'NBI , Nagoya U.', 'NBI', 'KEK', 'Nagoya U.']"
Jun S. Song,1999,5,['MIT']
Jun-Bao Wu,2002,3,[]
Jun-Chen Su,1998,11,[]
Jun-Ichi Sumi,1998,6,"['Kyoto U.', 'Kyoto U., FIHS']"
Jun-Ichirou Koga,1994,2,[]
Jun-Qin Jiang,2002,1,[]
Junegone Chay,1992,1,[]
Jung Hee Park,1999,1,[]
Jung S. Rno,1999,1,[]
Jung-Ho Cha,1995,1,[]
Jung-Tay Yee,1997,8,['Seoul National University']
Jungjai Lee,1996,2,[]
Junichi Shiraishi,1992,3,[]
Junichi Yokoyama,2001,1,[]
Junji Suzuki,1993,5,[]
Junseong Heo,1996,1,['2']
Junsoo Shin,1997,2,[]
Jurek Lewandowski,1996,1,[]
Jurg Frohlich,1993,2,[]
Jurg Kappeli,2002,2,[]
Jurgen Fuchs,1992,15,[]
Jurgen Schulze,1994,3,[]
Juri Rolf,1996,2,[]
Jurij W. Darewych,2003,1,[]
Jussi Kalkkinen,1994,12,[]
Justin Hayward,1995,1,[]
Justin Khoury,2000,6,[]
Justin R. David,1996,18,['UCSB']
Justo Lopez-Sarrion,2002,1,[]
Jutta Kunz,1995,17,"['U. Oldenburg, Germany', 'U. Oldenburg', '2', '1', 'Oldenburg University, Germany', 'Universit\\""at Oldenburg']"
Jyh-Hao Lee,1997,3,"['Academia Sinica, Taipei']"
K S Fienberg,2000,1,"['School of Mathematics,Physics, University of Tasmania']"
K S Viswanathan,2001,1,[]
K Sankaran Viswanathan,2002,1,[]
K. A. Bronnikov,1997,3,[]
K. A. Kazakov,1998,1,[]
K. A. Meissner,1995,5,[]
K. A. Milton,1995,7,[]
K. A. Oganessyan,1994,1,"['Yerevan Physics Institute, Alikhanian Br.2, 375036, Yerevan, Armenia']"
K. A. Olive,1993,2,[]
K. A. Saraikin,2001,1,[]
K. A. Seaton,1993,2,['La Trobe']
K. A. Smolinski,1993,2,['Lodz University']
K. Abdel-Khalek,1999,1,"['Dpt Fisica,INFN,Lecce,IMECC-UNICAMP']"
K. Agashe,2002,1,[]
K. Aghababaei Samani,2000,3,[]
K. Amano,1992,1,[]
K. Arthur,1995,4,[]
K. B. Alkalaev,1999,4,[]
K. B. Korotchenko,2000,1,"['Tomsk Polytechnical University, Rossia']"
K. B. Varnashev,1998,1,[]
K. Bardakci,1996,4,[]
K. Bautier,1997,2,[]
K. Becker,1992,5,[]
K. Behrndt,1992,22,[]
K. Benakli,1992,5,[]
K. Bering,1995,13,"['IFT', 'MIT', 'Rockefeller U']"
K. Bobkov,2002,2,[]
K. Bresser,1994,2,[]
K. C. Hannabuss,2001,2,['Oxford']
K. C. Wali,2002,2,[]
K. Chadan,1995,2,[]
K. Chaltikian,1995,1,[]
K. Clubok,1993,4,[]
K. D. Rothe,1994,18,[]
K. D. Rothe Comments,1996,1,[]
K. Dasgupta,1999,3,['IAS']
K. Davis,1996,4,['Rutgers University']
K. De Araujo Ferreira,2002,1,[]
K. De Vos,1993,1,[]
K. Demeterfi,1993,4,[]
K. Demmouche,2002,1,['Univ. Oran']
K. E. Evdokimov,1999,1,[]
K. E. Kunze,2000,4,[]
K. E. Osetrin,1998,4,[]
K. Evlampiev,2003,1,[]
K. Ezawa,1994,4,[]
K. Farakos,1997,3,[]
K. Foerger,1997,6,"['CPHT', 'Ecole Polytechnique']"
K. Fredenhagen,1994,6,['1']
K. Frieler,1997,1,[]
K. Fujii,1994,3,[]
K. Fujimura,1993,1,[]
K. Funahashi,1994,1,[]
K. G. Chetyrkin,1995,1,[]
K. G. Joo,1993,2,[]
K. G. Klimenko,1997,3,[]
K. G. Savvidy,1993,10,['Princeton U.']
K. G. Selivanov,1993,13,"['ITEP, Moscow', 'ITEP']"
K. G. Wilson,1994,1,[]
K. Gawcedzki,1992,1,"['IHES, France']"
K. Ghoroku,1999,1,[]
K. Graham,2000,3,[]
K. H. C. Castello-Branco,2002,1,[]
K. H. Cho,1993,2,[]
K. H. Kim,1995,1,[]
K. Haller,1992,3,[]
K. Hamada,1992,5,[]
K. Harada,1992,2,['Kyushu U.']
K. Hasebe,2002,1,[]
K. Hasegawa,1997,1,[]
K. Hayasaka,1997,2,['Hokkaido University']
K. Heitmann,1999,1,[]
K. Higashijima,2003,2,[]
K. Holland,1998,2,[]
K. Hori,1995,1,[]
K. Horie,1998,1,[]
K. Hornfeck,1992,7,[]
K. Hosomichi,1998,2,['Univ. of Tokyo']
K. I. Bolotin,2000,1,[]
K. Ikegami,1992,3,[]
K. Imilkowska,2003,1,[]
K. Intriligator,1992,16,[]
K. Iohara,1994,2,[]
K. Ishikawa,1995,2,[]
K. Isler,1993,1,[]
K. Itakura,1995,4,"['Tokyo Univ.', 'YITP, Kyoto']"
K. Ito,1992,2,[]
K. J. Barnes,1995,3,[]
K. J. M. Moriarty,1999,2,[]
K. Johnson,1992,2,[]
K. Juenemann,2001,1,[]
K. K. Wren,1997,1,"['DAMTP, Cambridge']"
K. Kamimura,1993,8,[]
K. Kanakoglou,1999,1,[]
K. Kaneko,1999,1,[]
K. Kaviani,1994,6,[]
K. Kawano,2000,1,[]
K. Kirsten,1994,24,"['Leipzig University', 'Institute for Theoretical Physics, Leipzig University, Germany', 'University of Leipzig', 'Leipzig']"
K. Kleidis,1998,2,[]
K. Knecht,2001,3,[]
K. Kobayashi,2003,1,[]
K. Koepsell,1996,6,[]
K. Koizumi,2002,2,[]
K. Kokkotas,1993,1,[]
K. Konishi,1996,6,"['U. of Pisa', 'Univ. of Genova', 'Univ. of Pisa']"
K. Krasnov,1999,2,[]
K. Kuijken,1993,1,[]
K. L. Vaninsky,2000,1,[]
K. Landsteiner,1993,13,[]
K. Langfeld,1996,3,[]
K. Lazarow,1997,1,[]
K. Lechner,1993,11,[]
K. Lee,1994,4,[]
K. M. Apfeldorf,1994,1,[]
K. M. Aringazin,1998,1,['1']
K. M. Benson,1994,2,[]
K. M. Shekhter,1996,5,[]
K. Maeda,1992,4,['UCSB']
K. Mano,2001,1,[]
K. Meissner,1992,2,[]
K. Morita,1995,1,[]
K. Mukherjee,1996,1,[]
K. Murakami,1997,8,[]
K. N. Anagnostopoulos,1992,10,"['U.Crete', 'Univ. of Crete', 'Niels Bohr Institute']"
K. N. Ilinski,1994,6,[]
K. N. Zyablyuk,1994,5,[]
K. Nakagawa,1996,4,[]
K. Narayan,2001,4,['Cornell U.']
K. Nguyen,1997,1,['University of Western Ontario']
K. Nishijima,2000,3,[]
K. Nittoh,1998,1,[]
K. Noui,2002,1,[]
K. Ogure,2003,1,[]
K. Ohnishi,2000,1,[]
K. Ohta,1994,2,[]
K. Okano,1993,2,[]
K. Okumura,1994,1,[]
K. Olaussen,1994,2,[]
K. Orginos,1995,1,[]
K. Osterwalder,1994,1,[]
K. P. Yogendran,1999,2,[]
K. Palamarchuk,1998,1,[]
K. Palo,1993,3,['Uppsala University']
K. Peeters,1995,4,[]
K. Pilch,1993,6,[]
K. Pohlmeyer,1998,2,[]
K. R. Kristjansson,2002,1,[]
K. Ranganathan,1992,2,[]
K. Rao,2000,1,[]
K. Rebora,2000,3,[]
K. Riesselmann,1993,1,[]
K. Roland,1992,6,"['Niels Bohr Institute, Copenhagen']"
K. S. Ahluwalia,1993,1,[]
K. S. Gupta,1992,8,['Saha Inst. of Nuclear Physics']
K. S. Narain,1992,25,"['ICTP, Trieste', 'ICTP, Trieste, Italy']"
K. S. Stelle,1992,39,"['Imperial College', 'Imperial College, London', 'Imperial College,CERN']"
K. S. Virbhadra,1994,3,[]
K. S. Viswanathan,1993,34,"['Physics Department, Simon Fraser University, Burnaby, B.C., Canada', 'Department of Physics,Simon Fraser Universitya, Burnaby. B.C, Canada']"
K. Sailer,1995,10,"['Kossuth Lajos University, Debrecen', '1', 'Univ. Debrecen']"
K. Saririan,1998,2,[]
K. Sato,1996,3,['U. of Tokyo']
K. Savvidy,1992,2,[]
K. Saygili,1997,1,[]
K. Schalm,1998,3,[]
K. Scharnhorst,1993,5,['Humboldt University Berlin']
K. Schleich,1999,1,[]
K. Schoutens,1992,10,"['Amsterdam', 'University of Amsterdam']"
K. Selivanov,1997,10,['ITEP']
K. Semenov-Tian-Shansky,2003,1,['2']
K. Sfetsos,1992,29,['USC']
K. Sh. Turashvili,1999,1,[]
K. Shigemoto,1994,1,[]
K. Shima,2001,5,[]
K. Shiokawa,1995,2,[]
K. Sibold,1999,2,[]
K. Singh,1994,5,[]
K. Skenderis,1994,5,['Leuven']
K. Sogut,2001,2,[]
K. Splittorff,1998,4,[]
K. Stepanyantz,1996,10,[]
K. Strobl,1994,1,[]
K. Suehiro,1998,1,[]
K. Sugiyama,1996,2,['Kyoto Univ.']
K. Sumiyoshi,1992,1,[]
K. Sveshnikov,1994,5,[]
K. Svozil,1994,2,[]
K. T. Mahanthappa,1993,2,[]
K. Takahashi,1999,1,['Univ. of Tsukuba']
K. Takasaki,1995,5,"['Dept. Fund. Sci., Kyoto', 'Univ. Kyoto']"
K. Takenaga,1998,7,"['Kobe University', 'Dublin Inst.', 'DIAS', 'Bohr Inst.', 'I.N.F.N, Pisa']"
K. Tamvakis,1993,11,['Univ. of Ioannina']
K. Tanaka,1997,3,['the Ohio State University']
K. Thielemans,1993,3,[]
K. Torokoff,2001,2,[]
K. Turashvili,1995,2,[]
K. Ulker,1998,5,[]
K. Uzawa,2000,1,[]
K. V. Shajesh,1996,4,"['IMSc, Chennai']"
K. V. Stepanyantz,1994,5,[]
K. V. Tabunshchyk,1998,1,[]
K. Van Acoleyen,2001,5,[]
K. W. Xu,1992,10,[]
K. Wakatsuki,2001,1,[]
K. Wendland,1999,1,['Bonn U.']
K. Wu,1996,2,[]
K. Y. Wee,1995,1,[]
K. Yamagishi,1993,1,[]
K. Yamamoto,1995,1,[]
K. Yamawaki,1997,1,['Nagoya']
K. Yazaki,2000,1,"[""Tokyo Woman's Christian University""]"
K. Yoshida,1992,13,[]
K. Yu. Rulik,2002,1,[]
K. Yuan,1992,1,[]
K. Z. Hatsagortsyan,2003,1,[]
K. Z. Win,1997,3,[]
K. Zarembo,1993,37,['Uppsala']
K. Zheltukhin,1999,1,[]
K.-H. Rehren,1993,11,"['Univ. Hamburg', 'Univ. Goettingen', 'Hamburg University']"
K.-I. Izawa,1993,6,[]
K.-I. Kondo,1993,9,['Chiba Univ.']
K.-W. Xu,1994,4,[]
Kaa Re Olaussen,1995,1,[]
Kaare Borchsenius,2001,1,[]
Kaare Olaussen,1994,3,['Trondheim-Oslo']
Kai Chen,2000,5,[]
Kai Kratzert,2003,1,[]
Kai-Ming Lee,1993,5,[]
Kailash Kumar,2002,1,[]
Kaj Roland,1994,5,[]
Kajia Yuan,1994,2,[]
Kam-Yuen Kwong,2000,1,[]
Kamal L. Panigrahi,2001,3,[]
Kamal Lochan Panigrahi,2000,3,"['IOP, Bhubaneswar, India']"
Kameshwar C. Wali,1992,7,"['Syracuse University', 'Physics Department, Syracuse U.']"
Kamran Diba,2001,2,[]
Kamran Kaviani,1997,1,[]
Kamran Saririan,1996,6,[]
Kanazawa-94-01,1995,1,[]
Kanehisa Takasaki,1992,19,"['Kyoto Univ', 'Kyoto University']"
Kang Li,1997,6,[]
Kang-Jie Shi,1996,9,[]
Kang-Sin Choi,2002,3,[]
Kangjie Shi,1995,1,[]
Kanji Fujii,1997,1,['1']
Kanokkuan Chaicherdsakul,2002,1,[]
Kaoru Takagi,2000,1,[]
Karabegov Alexander,1995,1,[]
Kareljan Schoutens,1993,6,[]
Karen D. Chaltikian,1993,2,[]
Karen Elsner,2001,1,[]
Kari Enqvist,2000,2,[]
Karim A. Malik,2000,2,[]
Karim Ait Moussa,2001,1,[]
Karim Benakli,1995,6,"['Texas A,M']"
Karin Bautier,1998,3,[]
Karl Landsteiner,1996,10,[]
Karl Millar,2000,1,[]
Karl Strobl,1996,1,[]
Karl Svozil,2001,1,[]
Karl Yee,1993,1,[]
Karl-Georg Schlesinger,2000,5,[]
Karl-Henning Rehren,1997,1,[]
Karmadeva Maharana,1995,2,[]
Karsten Bormann,1996,4,[]
Karyn M. Apfeldorf,1993,2,[]
Kasper J. Eriksen,1995,1,[]
Kasper Olsen,1996,11,[]
Kasper Peeters,1997,12,[]
Katarzyna Bolonek,2002,2,[]
Katarzyna Zuleta,2001,1,[]
Katherine A Seaton,2000,1,['La Trobe']
Katherine A. Seaton,2001,2,[]
Katherine Benson,2001,3,[]
Katherine Brading,2000,1,['Oxford']
Katherine Freese,2000,3,[]
Katherine M. Benson,2001,1,['Emory University']
Katri Huitu,1992,1,[]
Katrin Becker,1994,19,[]
Katrin Heitmann,1996,2,[]
Katrin Wendland,2000,4,['Bonn University']
Katsuhiko Ohnishi,2000,3,[]
Katsumi Itoh,1992,10,[]
Katsumi Shigura,1997,1,['Tokyo Institute of Technology']
Katsunori Kawamura,2001,1,[]
Katsusada Morita,1995,8,[]
Katsushi Ito,1992,27,"['University of Tsukuba', 'Univ. of Tsukuba', 'Tokyo Institute of Technology']"
Katsuyuki Sugiyama,1993,18,['Kyoto Univ.']
Kaupo Palo,1993,2,[]
Kayoko Fujimura,2002,1,[]
Kayoko Maeda,1996,2,[]
Kazuhiko Nishijima,1999,2,[]
Kazuhiko Odaka,1992,4,[]
Kazuhiko Suehiro,1996,2,[]
Kazuhiro Hikami,1994,4,[]
Kazuhiro Kimura,1992,1,[]
Kazuhiro Sakai,2002,2,[]
Kazuki Ohmori,2001,6,[]
Kazumi Okuyama,1997,23,"['EFI, Univ. of Chicago', 'Univ. of Tokyo', 'KEK', 'EFI, U. of Chicago']"
Kazunari Kaneko,1995,2,[]
Kazunari Shima,1998,6,[]
Kazunobu Haga,1996,1,[]
Kazunori Itakura,1994,4,"['Yukawa Institute, Kyoto', 'Univ. of Tokyo, Komaba']"
Kazunori Takenaga,1997,6,"['Dublin inst.', 'Kobe University', 'INFN, Pisa']"
Kazunori Wakatsuki,1999,2,[]
Kazuo Fujikawa,1994,30,"['Department of Physics, Univ. of Tokyo', 'Department of Physics, University of Tokyo', 'Univ. of Tokyo', 'Dept. of Physics, Univ. of Tokyo', 'Dept. of Phys., Univ. of Tokyo']"
Kazuo Ghoroku,1993,21,[]
Kazuo Hosomichi,1997,10,['YITP']
Kazuto Oshima,1994,6,[]
Kazutoshi Ohta,1997,12,[]
Kazuya Koyama,2000,10,[]
Kazuya Satoh,1996,1,[]
Kazuya Yuasa,1996,2,[]
Kazuyasu Shigemoto,1993,1,[]
Kazuyoshi Takahashi,2003,1,[]
Kazuyoshi Yamamoto,1994,1,[]
Kazuyuki Fujii,1995,10,[]
Kazuyuki Furuuchi,1996,7,"['Osaka Univ.', 'PIMS , UBC']"
Ke Wu,1994,19,[]
Kee Yong Kim,1994,2,[]
Kefeng Liu,1994,1,[]
Kei Ito,1997,3,[]
Kei Miki,1992,3,[]
Kei Shigetomi,1999,1,['Nagoya Univ.']
Kei-Ichi Kondo,1994,25,"['Chiba Univ.', 'Chiba Univ., JAPAN', 'Chiba University', 'Chiba/Oxford University', 'Chiba Univ./HLRZ, KFA', 'Chiba Univ., Japan']"
Kei-Ichi Maeda,1994,10,"['Waseda University', 'Waseda']"
Keiichi Akama,2000,4,[]
Keiichi Morikawa,1998,5,['Kanazawa U.']
Keiichi Nagao,2002,3,[]
Keiji Kikkawa,1994,3,[]
Keiji Oguiso,2002,1,[]
Keisuke Ohashi,2001,4,[]
Keitaro Takahashi,2002,2,[]
Keith A. Olive,1995,5,[]
Keith Debell,1992,1,[]
Keith G. Joshi,1992,2,[]
Keith Norton,1997,5,"['1', 'Mathematics Department, Nottingham University, UK']"
Keith R. Dienes,1992,21,"['Institute for Advanced Study, Princeton', 'McGill Univ.', 'IAS, Princeton']"
Keith S. M. Lee,2002,1,[]
Keizo Matsubara,2000,2,[]
Keke Li,1993,2,['IAS']
Kelly Jay Davis,1993,2,[]
Kelly Kirklin,2000,1,[]
Ken D. Olum,1996,4,[]
Ken Halpern,1995,1,[]
Ken Intriligator,1992,10,"['UC San Diego, Inst. for Adv. Study']"
Ken Kashima,2000,1,[]
Ken Kiers,1993,1,[]
Ken-Ichi Aoki,1998,6,['Kanazawa U.']
Ken-Ichi Hiraizumi,1995,1,[]
Ken-Ichi Ishikawa,1996,1,[]
Ken-Ichi Kubota,1999,1,['Kanazawa U.']
Ken-Ichi Tezuka,2001,3,['Chiba Univ.']
Ken-Ji Hamada,1993,14,['KEK']
Kengo Maeda,2000,5,[]
Kenichi Horie,1994,5,"['Institut f""ur Physik, Johannes Gutenberg--Universit""at Mainz, D--55099 Mainz, Germany', 'Mainz Univ.', 'KEK Japan']"
Kenichi Konishi,1994,13,"['University of Pisa', 'Univ. of Pisa', 'Pisa, Washington', 'SNS, Univ. Pisa', 'Univ. Pisa', 'University of Pisa,University of Washington']"
Kenichiro Aoki,1993,5,[]
Kenichro Aoki,1992,1,[]
Kenji Fukazawa,1996,1,[]
Kenji Hotta,1997,5,[]
Kenji Ikegami,1994,4,[]
Kenji Iohara,1992,3,[]
Kenji Ito,1999,3,[]
Kenji Mohri,1993,9,"['Univ. of Tsukuba', 'KEK']"
Kenji Sakamoto,2002,3,[]
Kenji Suzuki,1996,5,"['Department of physics, Tokyo Institute of Technology']"
Kenji Yamamoto,1996,1,[]
Kenneth G. Wilson,1994,4,"['Department of Physics, The Ohio State University']"
Kenneth Halpern,1994,2,[]
Kenneth Intriligator,1996,13,[]
Kenneth J. Lovis,2000,3,[]
Kenneth Johnson,1992,4,[]
Kensuke Yoshida,2002,1,[]
Kentaro Hori,1994,35,['UC Berkeley/LBNL']
Kentaroh Yoshida,2000,10,['Kyoto Univ.']
Kento Ichikawa,2001,1,[]
Kenzo Ogure,1997,2,['Institute for Cosmic Ray Research']
Kerson Huang,1994,2,['Massachusetts Institute of Technology']
Kerstin E. Kunze,1996,3,[]
Keshav Dasgupta,1995,25,"['IAS, Princeton']"
Keun-Young Kim,2000,3,[]
Kevin Cahill,2001,2,[]
Kevin E. Thompson,1996,1,[]
Kevin Goldstein,2001,3,[]
Kevin Iga,2002,1,[]
Kezuhiro Yamamoto,1996,1,[]
Kh. S. Nirov,1994,2,[]
Kh. Saaidi,2000,5,[]
Khaled Abdel-Khalek,1996,11,"['Physics Department, Lecce University', 'INFN/Lecce Univ.', 'Lecce\\Italy', 'Phys. Dept./Lecce Univ.', 'Lecce', 'Lecce, Italy', 'Lecce Univ.']"
Khaled Saaidi,2000,3,[]
Khalil M. Bitar,1997,1,[]
Khazret Nirov,1997,3,[]
Khazret S. Nirov,1994,7,[]
Khosrow Chadan,1998,1,[]
Ki Boum Eom,2002,1,[]
Ki Hyuk Yee,2002,1,[]
Ki-Myeong Lee,1993,1,[]
Kim Baskerville,1997,2,[]
Kimball A. Milton,1992,22,"['University of Oklahoma', 'Department of Physics,Astronomy, University of Oklahoma, Norman, OK 73019-0225, USA', 'Department of Physics,Astronomy, The University of Oklahoma, Norman OK, USA; kmilton@uoknor.edu']"
Kimio Ueno,1994,1,[]
Kimyeong Lee,1992,50,"['KIAS', 'Columbia Univ.']"
Kimyeong M. Lee,2002,2,[]
Kin-Wang Ng,1997,2,[]
Kin-Ya Oda,2002,1,[]
Kings College,1995,1,[]
Kirill A. Kazakov,1999,7,[]
Kirill Ilinski,1996,2,['University of Birmingham']
Kirill Krasnov,1997,12,"['AEI', 'UCSB', 'Penn State']"
Kirill Melnikov,2001,2,[]
Kirill Saraikin,1999,2,[]
Kirill V. Krasnov,1997,1,[]
Kirill. A. Kazakov,1998,2,[]
Kirk Kaminsky,2000,4,[]
Kiwoon Choi,1997,4,"['Korea Advanced Institute of Science,Technology']"
Kiyokazu Nagatomo,1997,2,['Osaka University']
Kiyonori Gomi,2001,2,[]
Kiyonori Yamada,1993,1,[]
Kiyoshi Ezawa,1993,8,[]
Kiyoshi Hayasaka,1999,2,[]
Kiyoshi Higashijima,1997,18,['Osaka Univ.']
Kiyoshi Kamimura,1992,18,[]
Kiyoshi Okuyama,1996,7,[]
Kiyoshi Shiraishi,2000,5,['Yamaguchi University']
Kiyoung Lee,2003,1,[]
Klaus Behrndt,1994,43,[]
Klaus Bering,1999,1,[]
Klaus D. Rothe,1997,6,[]
Klaus Fredenhagen,1997,4,[]
Klaus Hasselmann,1998,1,[]
Klaus Junemann,1997,3,[]
Klaus Kirstem,1995,1,[]
Klaus Kirsten,1993,30,[]
Klaus Lang,1993,1,[]
Klaus Lucke,1993,2,[]
Klaus Sibold,1995,11,"['ITP, Leipzig', '1']"
Ko Furuta,2000,5,['1']
Koenraad Schalm,1997,11,[]
Koh-Ichi Nittoh,2000,3,[]
Kohzo Nishida,2002,1,[]
Koichi Hayashi,1994,1,[]
Koichi Murakami,1997,1,[]
Koichi Ohta,1994,1,[]
Koichi Seo,2001,1,[]
Koichi Yamawaki,1994,6,['Nagoya University']
Koichi Yoshioka,1998,1,[]
Koji Harada,1993,7,['1']
Koji Hashimoto,1997,27,[]
Kong-Ju-Bock Lee,1994,2,[]
Konrad Urlichs,2003,1,[]
Konstadinos Sfetsos,1992,29,['CERN']
Konstantin G. Boreskov,2001,1,[]
Konstantin G. Savvidy,1998,7,"['The Niels Bohr Institute', 'Princeton University']"
Konstantin G. Zloshchastiev,1997,9,"['Dnepropetrovsk University, Ukraine']"
Konstantin Glaum,2001,2,[]
Konstantin Savvidy,2002,1,[]
Konstantin Selivanov,1995,3,[]
Konstantin Zyablyuk,1997,2,[]
Konstantinos Anagnostopoulos,1993,1,[]
Konstantinos Kyritsis,2003,1,[]
Konstantinos Zoubos,2002,1,[]
Koos De Vos,1995,1,[]
Kor Van Hoof,1999,3,[]
Kordian A. Smolinski,1993,1,[]
Kordian Andrzej Smolinski,1993,1,[]
Korkut Bardakci,1992,9,[]
Kornel Szlachanyi,1995,2,[]
Kost Ilienko,1999,1,['Oxford']
Kost Ilyenko,2001,1,"['IRE NASU, Kharkiv, Ukraine']"
Kostantin Styrkas,1994,1,[]
Kostas D. Kokkotas,2003,1,[]
Kostas N. Orginos,1996,1,[]
Kostas Skenderis,1994,34,"['Leuven', 'Spinoza Institute', 'Leuven U.']"
Kostas Vlachos,1993,1,[]
Kostyantin Ilienko,1997,1,[]
Kostyantin Ilyenko,2001,1,"['Institute for Radiophysics,Electronics, NASU']"
Kota Yoshioka,2000,1,[]
Kouichi Toda,2002,2,[]
Koumarane Valavane,2000,1,[]
Koushik Ray,1994,12,"['Univ. Roma2, Rome, Italy', 'Institute of Physics, Bhubaneswar, India.']"
Kresimir Demeterfi,1993,1,[]
Krev Simir Demeterfi,1993,2,[]
Kris Thielemans,1993,5,[]
Krishna Rai Dastidar,1999,2,"['Indian Association for the Cultivation of Science, Calcutta, India']"
Krishnendu Dasgupta,1999,1,[]
Krishnendu Mukherjee,1997,1,[]
Kristian D. Kennaway,2002,3,[]
Kristin Foerger,1996,3,[]
Kristin Forger,1996,1,[]
Kristin Schleich,2001,1,[]
Krzysztof A. Meissner,1993,11,['CERN']
Krzysztof Galicki,1998,1,[]
Krzysztof Gawcedzki,1992,1,[]
Krzysztof Gawedzki,1992,15,[]
Krzysztof Kowalski,1992,1,[]
Krzysztof Meissner,1997,1,[]
Krzysztof Pilch,1992,10,[]
Kumar Rao,1999,4,[]
Kumar S. Gupta,2000,10,"['SINP, Calcutta']"
Kumar S. Narain,2002,1,[]
Kun Shen,1998,1,[]
Kuniharu Kubodera,2000,1,[]
Kunihiko Uehara,1996,4,[]
Kunio Funahashi,1995,3,[]
Kuo-Cheng Lee,1993,1,[]
Kurt Haller,1992,17,['University of Connecticut']
Kurt Just,2000,3,[]
Kurt Langfeld,2002,2,['Tubingen U']
Kurt Lechner,1995,14,[]
Kwan-Leung Chan,1995,4,[]
Kwang-Sup Soh,1995,10,"['E-Mail:kssoh@phyb.snu.ac.kr', 'Seoul National University']"
Kwanghoon Hahm,1997,1,[]
Kyoichi Tsurusaki,1992,1,[]
Kyoungho Han,1997,2,[]
Kyoungtae Kimm,1995,6,[]
Kyriakos Tamvakis,2001,2,['Univ. of Ioannina']
Kyun Nahm,2001,3,[]
Kyung Hyun Cho,1995,1,[]
Kyung-Hyun Cho,1993,2,[]
Kyung-Seok Cha,2002,1,[]
Kyungho Oh,1997,23,[]
Kyungsun Moon,2001,1,[]
Kyungsung Woo,2000,3,[]
Kyuwan Hwang,2003,1,[]
L Baulieu,1998,1,"['CERN,LPTHE']"
L. A. Abramyan,1996,1,['1']
L. A. Dickey,1992,6,[]
L. A. Ferreira,1992,27,[]
L. A. J London,1992,1,[]
L. A. J. London,1993,2,[]
L. A. Malysheva,2002,1,[]
L. A. Manzoni,1998,5,[]
L. A. Pando Zayas,2000,3,[]
L. A. S. Machado,2002,2,[]
L. A. Sadun,1997,1,[]
L. Accardi,1994,5,[]
L. Akant,2001,3,[]
L. Alejandro Correa-Borbonet,2000,4,[]
L. Alvarez-Gaume,1992,14,[]
L. Andrianopoli,1996,25,[]
L. Anguelova,2002,5,[]
L. B. Drissi,2003,1,[]
L. Balart,2002,1,['1']
L. Baulieu,1993,10,"['Paris U. IV-VII , Chicago U.', 'CERN,LPTHE', 'LPTHE', 'CERN']"
L. Begin,1992,6,['Laval']
L. Belardinelli,1995,1,[]
L. Benoit,1992,1,[]
L. Bergamin,2000,5,[]
L. Bergstrom,2002,1,[]
L. Birke,1999,1,[]
L. Bonora,1992,41,[]
L. Borisov,1997,1,[]
L. Boulton,2002,1,[]
L. Brink,1992,4,[]
L. Bruecher,1993,1,[]
L. Burakovsky,1994,8,[]
L. C. Albuquerque,1994,1,[]
L. C. Biedenharn,1993,2,[]
L. C. Costa,2002,2,[]
L. C. De Albuquerque,1994,3,[]
L. C. Garcia De Andrade,1998,8,"['UERJ', 'Dept.Fisica Teorica-IF-UERJ', 'Departamento de Fisica Teorica-IF-UERJ', 'Departamento de Fisica Teorica-UERJ']"
L. C. Kretly,1998,1,[]
L. C. Kwek,1995,4,[]
L. C. Liu,2002,1,[]
L. C. Malacarne,1997,4,[]
L. C. Martin,1996,1,[]
L. C. Q. Vilar,1995,17,[]
L. C. Q. Villar,1999,1,[]
L. C. R. Wijewardhana,1999,2,[]
L. C. T. De Brito,2003,1,[]
L. Caneschi,1996,1,[]
L. Canet,2002,2,[]
L. Cantini,2000,3,[]
L. Cappiello,1995,6,[]
L. Castellani,1992,7,[]
L. Cerny,1992,1,[]
L. Cervi,2001,1,['Parma U.']
L. Chandar,1993,8,[]
L. Chao,1995,1,[]
L. Chekhov,1992,16,"['Steklov Math. Inst., Moscow', 'Steklov Mathematical Institute']"
L. Chen,1994,1,[]
L. Cooper,1997,1,[]
L. Cornalba,1998,9,"['Amsterdam U.', 'IHES', 'I.H.E.S.', 'U. Amsterdam', 'ENS', 'E.N.S. Paris', 'Princeton U.']"
L. Cosmai,1995,2,[]
L. Crane,1994,1,[]
L. D. Faddeev,1993,13,"['St.Petersburg Branch of Steklov Mathematical Institute, Research Institute for Theoretical Physics University of Helsinki']"
L. D. Lantsman,2002,1,[]
L. D. Paniak,1995,15,"['Princeton', 'Princeton University']"
L. D. Soloviev,1995,1,[]
L. Da Rold,2001,2,[]
L. Dabrowski,1993,1,[]
L. Del Debbio,2002,1,['1']
L. Demopoulos,1993,1,[]
L. Di Fiore,1993,2,[]
L. Dixon,1993,9,[]
L. Dolan,1992,10,['UNC Chapel Hill']
L. Driesen,1998,2,[]
L. E. Ibanez,1994,19,[]
L. E. Oxman,1995,13,['UFRJ Rio de Janeiro Brasil']
L. E. Saltini,1993,1,[]
L. Everett,1997,2,[]
L. F. Alday,2002,3,[]
L. F. Blazhyjevskii,1999,1,[]
L. F. Cugliandolo,1992,2,[]
L. F. Urrutia,1993,8,"['Universidad Nacional Autonoma de Mexico', 'Universidad Autonoma Metropolitana-I, Universidad Nacional Autonoma de Mexico']"
L. Faddeev,1993,7,[]
L. Fatibene,2001,2,[]
L. Feher,1992,19,[]
L. Frappat,1992,7,[]
L. Freidel,1999,2,[]
L. G. Mardoyan,1994,6,[]
L. G. Zastavenko,1993,1,[]
L. Galli,1996,1,[]
L. Gallot,1996,7,[]
L. Girardello,1992,21,[]
L. Griguolo,1993,29,"['MIT', 'Parma U.']"
L. Gualtieri,1998,4,[]
L. Guieu,1994,1,[]
L. H. Ford,1994,2,['Tufts Univ.']
L. H. Kauffman,1996,1,['Univ. Illinois']
L. H. Ryder,1994,1,[]
L. H. Yu,1993,1,[]
L. Hadasz,1995,4,[]
L. Hernandez,2000,1,[]
L. Hlavaty,1993,3,[]
L. Hoffmann,2000,6,[]
L. Houart,1992,7,[]
L. Hua,1996,1,[]
L. Huiszoon,1998,1,[]
L. Ibanez,1992,1,[]
L. J. Romans,1992,1,[]
L. Jenkovszky,1994,1,[]
L. Jonke,1994,6,"['Rudjer Boskovic Inst., Croatia']"
L. K. Balazs,1997,1,[]
L. K. Hadjiivanov,1999,4,[]
L. K. Hoevenaars,2000,2,[]
L. Koziel,2000,1,['2']
L. L. Jenkovszky,1995,1,[]
L. L. Salcedo,1994,14,['U. Granada']
L. Laperashvili,2000,4,"['ITEP, Moscow, Russia']"
L. Lapointe,2001,5,[]
L. Leal,1995,1,[]
L. Losano,2001,5,[]
L. Lukaszuk,1994,3,"['1', 'Soltan Institute for Nuclear Studies, Warsaw']"
L. Lusanna,1997,7,"['Firenze Univ.', 'INFN, Firenze', 'Firenze INFN']"
L. M. Abreu,2002,1,[]
L. M. Baker,1999,3,['University of Durham']
L. M. Bernardo,1996,2,[]
L. M. C. S. Rodrigues,1994,2,[]
L. M. De Moraes,1999,1,[]
L. M. Kruczenski,1994,1,[]
L. M. Morato,1998,1,[]
L. M. Slad,2000,3,[]
L. Magnea,1993,5,[]
L. Maharana,2002,2,[]
L. Maiani,1997,1,[]
L. Mangiarotti,1999,5,[]
L. Mannelli,2002,1,"['Santa Cruz Institute for Particle Physics, UC Santa Cruz']"
L. Marinatto,2000,1,[]
L. Martin,1996,1,[]
L. Martina,1993,8,['1']
L. Martinovic,1998,6,"['Inst. of Physics, Bratislava', 'Institute of Physics, Bratislava']"
L. Martucci,2002,4,[]
L. Masperi,1993,2,[]
L. Mcallister,2002,1,[]
L. Mersini,2002,2,[]
L. Mesref,2000,8,[]
L. Molinari,1994,2,[]
L. Moriconi,1995,1,[]
L. N. Alejo-Armenta,2000,1,[]
L. N. Epele,2002,1,"['La Plata, UNLP']"
L. N. Granda,1996,5,[]
L. N. Lipatov,1993,3,[]
L. Nesic,2001,1,[]
L. Nocetti,2000,1,[]
L. O. Buffon,1996,2,[]
L. O. Chekhov,2001,1,[]
L. O. Raifeartaigh,1998,1,[]
L. Oraifeartaigh,1992,18,['Dublin Institute for Advanced Studies']
L. P. Colatto,1995,10,['IF/Unb']
L. P. Csernai,2002,1,[]
L. P. Horwitz,1993,28,[]
L. P. Singh,1998,2,"['Physics Department, Utkal University, Vani Vihar, Bhubaneswar, India']"
L. Palacios,1992,3,[]
L. Palla,1992,27,['Inst. for Theor. Phys. Eotvos Univ.']
L. Pando Zayas,2001,1,[]
L. Paniak,1997,1,[]
L. Parkes,1993,1,[]
L. Perivolaropoulos,2000,3,[]
L. Pilo,1996,3,[]
L. Popp,2000,11,[]
L. R. Baboukhadia,1997,1,[]
L. R. Huiszoon,1999,6,[]
L. R. U. Manssur,1998,4,[]
L. R. Williamson,1999,1,[]
L. Rana,1994,2,[]
L. Randall,1998,3,[]
L. Rastelli,1999,1,[]
L. Rosa,1993,3,[]
L. Rozansky,1994,2,[]
L. S. Boulton,2001,1,[]
L. S. Georgiev,1995,4,['Bulgarian Academy of Sciences']
L. S. Petropoulos,1993,1,[]
L. Salasnich,1994,3,[]
L. Saliu,2000,2,[]
L. Sandoval Jr,1999,2,[]
L. Schuelke,1994,1,[]
L. Schulke,1993,2,[]
L. Sh. Grigoryan,2002,1,[]
L. Silvestrini,2001,1,[]
L. Snobl,2001,2,[]
L. Solombrino,1996,2,[]
L. Sommovigo,2000,2,[]
L. Sorbo,1998,1,[]
L. Sow Cire,1995,1,[]
L. Spanu,2001,1,"['Univ. of Pisa, INFN, Pisa']"
L. Sriramkumar,1996,3,[]
L. Stodolsky,2002,2,[]
L. Susskind,1992,30,"['Stanford', 'Stanford U.']"
L. Szymanowski,1994,3,[]
L. T. Kelleyane,2002,1,[]
L. Tataru,1993,5,[]
L. Tedesco,1994,2,"[""Universita' di Bari,INFN""]"
L. Thorlacius,1992,17,[]
L. Tomio,1997,1,[]
L. Turban,1993,1,[]
L. V. Avdeev,1993,5,[]
L. V. Belvedere,1995,9,[]
L. V. Bogdanov,1994,1,"['International Institute for Nonlinear Sciences, the Russian branch']"
L. V. Joukovskaya,2003,1,[]
L. V. Laperashvili,1999,7,"['ITEP, Moscow, Russia']"
L. V. Sabinin,2000,1,[]
L. Vaidman,1993,2,[]
L. Vanzo,1995,7,[]
L. Velazquez,1992,3,[]
L. Vergara,1995,3,[]
L. Vinet,1993,1,[]
L. Viola,1995,2,[]
L. Von Smekal,2003,1,[]
L. Wenham,1995,1,[]
L. Y. Hu,2000,1,"['Dongbei University of Finance,Economics']"
L. Ya. Kobelev,2000,1,[]
L. Z. Hu,2000,2,['Peking University']
L. Zhao,1996,4,"['Northwest Univ.', 'Xibei U.']"
Lachezar S. Georgiev,2000,1,[]
Ladislav Hlavaty,1992,2,[]
Lai-Him Chan,2001,1,[]
Lambodar P. Singh,1995,1,[]
Lambodhar P. Singh,1994,1,[]
Lando Caiani,1997,1,['1']
Lapo Casetti,1997,2,"['2,3']"
Lara De Nardo,1996,2,[]
Larisa Jonke,1998,8,"['Rudjer Boskovic Institute, Croatia']"
Larry Mclerran,1995,1,[]
Lars Andersson,2002,1,[]
Lars Brink,1993,7,[]
Lars Goerlich,1998,8,[]
Lars Hernquist,1996,2,[]
Lars Kjaergaard,1999,3,[]
Larus Thorlacius,1992,9,['Princeton University']
Laszlo A. Gergely,2003,1,[]
Laszlo Feher,1995,5,[]
Laszlo Palla,2000,1,[]
Laur Jarv,2000,3,[]
Laura Andrianopoli,1998,8,[]
Laura E. Morales,1994,1,[]
Laura Mersini,1999,4,[]
Laura Pomerance,2002,1,[]
Laura Tamassia,2001,1,[]
Laurence G. Yaffe,2000,3,[]
Laurent Baulieu,1992,25,"['Paris U. IV-VII , Chicago U.', 'CERN,LPTHE', 'LPTHE']"
Laurent Freidel,1992,9,"['PI, ENS-Lyon', 'ENS-Lyon', 'PI', 'ENS, Lyon']"
Laurent Houart,1993,14,[]
Laurent Moyaerts,2002,2,['Tubingen U']
Laurent Nottale,2001,2,['Observatoire de Paris-Meudon']
Lautaro Vergara,1996,1,[]
Lawrence J. Hall,2001,3,[]
Lawrence M. Krauss,1996,2,['1']
Lay Nam Chang,1992,12,[]
Le Tu Quoc Thang,1994,1,[]
Lech Szymanowski,1994,1,[]
Lee Brekke,1992,4,[]
Lee Smolin,1992,29,[]
Leith Cooper,1996,3,[]
Leon A. Takhtajan,1995,2,"['Dept. of Mathematics, SUNY at Stony Brook']"
Leon Takhtajan,1993,6,['SUNY at Stony Brook']
Leonard Parker,1995,2,[]
Leonard Susskind,1992,37,['Stanford University']
Leonardo Castellani,1992,14,[]
Leonardo Gualtieri,1999,8,[]
Leonardo Modesto,2002,2,[]
Leonardo Patino,2003,1,[]
Leonardo Rastelli,1998,20,[]
Leonardo Setaro,1993,1,[]
Leonid D. Lantsman,2001,1,"['Wissenschaftliche Gesellschaft ZWST,Judische Gemeinde zu Rostock, Rostosk, Germany']"
Leonid Dickey,1992,2,[]
Leonidas Sandoval Jr,2001,2,[]
Leopoldo A. Pando Zayas,1997,16,"['Department of Theoretical Physics at Moscow State University', 'University of Wisconsin--Green Bay']"
Leopoldo Milano,2003,1,[]
Leping Han,1992,2,[]
Leszek Hadasz,1994,7,"['Jagellonian Univ., Cracow', 'Jagellonian Univ.']"
Leszek Lukaszuk,1996,1,[]
Leticia F Cugliandolo,2002,1,[]
Leung Chim,1994,6,[]
Lev Kofman,1994,16,['CITA']
Lev Rozansky,1992,8,[]
Lev V. Sabinin,2000,1,[]
Lev Vaidman,1993,11,[]
Lev. V. Sabinin,2000,1,[]
Levon Pogosian,2001,5,[]
Lewis H. Ryder,1998,2,[]
Lewis P. Fulcher,1997,1,"['Bowling Green State University, Ohio, USA']"
Leznov A. N.,1997,1,[]
Li Hua Yu,1993,2,[]
Li Jiang,2000,2,[]
Li Jiarong,1997,1,[]
Li Xianhui,1999,1,[]
Li-Bin Fu,2001,1,[]
Li-Hui Xue,2002,2,[]
Li-Sheng Tseng,2001,3,[]
Li-Xin Li,2001,1,[]
Lialia Nikitina,2001,2,[]
Lian-You Shan,1999,1,[]
Liang-Gang Liu,1998,1,[]
Liat Maoz,1999,4,[]
Libin Fu,1999,5,[]
Lies De Fosse,2001,1,[]
Lilia Anguelova,2002,1,[]
Lin He,1999,1,[]
Lin Zhang,1997,1,[]
Lin-Yuan Chen,1995,1,[]
Linda Baker,1999,1,[]
Ling-Lie Chau,1995,4,['UCD']
Lionel Carminati,1996,3,[]
Lisa Dyson,2002,3,[]
Lisa Everett,1998,1,[]
Lisa Freyhult,2001,2,[]
Lisa M. Dyson,2001,1,[]
Lisa Randall,1994,18,[]
Liu Chao,1995,2,[]
Liu Yufen,1999,2,[]
Liu Zhao,1996,5,"['IMP-NWU, Xian']"
Liviu Tatar,1997,1,[]
Liviu Tataru,1998,1,['Univ. of Miami']
Liviu Tuataru,1996,1,[]
Lj. Nesic,2000,2,[]
Lloyd Alty,1993,1,[]
Lochlainn Oraifeartaigh,1992,2,[]
London,1995,1,[]
Lorenzo Cornalba,1997,7,['ENS']
Lorenzo Fatibene,1998,2,['Univ. Torino']
Lorenzo Hernandez,2000,5,[]
Lorenzo Leal,1996,9,"['Caracas Universidad Central', 'Universidad Central de Venezuela', 'Universidad Central de Venezuela,Universidad Autonoma de Madrid', 'Caracas, Univ. Central,Madrid, Autonoma U.']"
Lorenzo Magnea,1996,4,[]
Lorenzo Sorbo,1998,5,['IAP']
Lori Paniak,1995,1,['University of British Columbia']
Louis Crane,1993,9,[]
Louis H. Kauffman,1993,4,[]
Louis Paulot,2002,3,"[""Laboratoire de Physique Th{\\'e}orique ENS Paris""]"
Louis Witten,1992,4,[]
Louis-Pierre Arguin,2001,2,[]
Louise C. Martin,2003,1,[]
Louise Dolan,1998,7,[]
Lu,1999,1,[]
Lu Yu,1996,1,[]
Lubna Rana,1994,9,[]
Lubomir Martinovic,1998,1,['1']
Lubos Motl,1995,16,[]
Luc Marleau,2002,1,[]
Luc Vinet,1993,4,[]
Luca Carlevaro,2002,1,[]
Luca Consoli,1996,1,[]
Luca Griguolo,1993,3,['Parma University']
Luca Lusanna,1994,17,"['INFN, Florence', 'INFN, Sezione di Firenze', 'INFN, Firenze', 'Sezione INFN di Firenze', 'INFN Florence']"
Luca Martucci,2002,3,[]
Luca Mazzucato,2002,1,[]
Luca Mezincescu,1992,17,[]
Luca Molinari,1995,1,[]
Luca Salasnich,1995,1,"['Univ. Padova , Univ. Complutense Madrid']"
Luca Tagliacozzo,2003,1,[]
Luca Vergnano,1997,1,[]
Luciano Barosi,2003,1,[]
Luciano Di Fiore,2003,1,[]
Luciano Girardello,1994,2,[]
Luciano Vanzo,1992,14,['Dept. Phys. Univ. Trento Italy']
Lucio Fassarella,2001,2,[]
Ludde Edgren,2002,1,[]
Ludger Hannibal,1999,1,[]
Ludmil Hadjiivanov,2000,3,[]
Ludmil K. Hadjiivanov,1996,2,[]
Ludvig Faddeev,1998,3,[]
Ludwik Dabrowski,1994,3,[]
Ludwik Turko,2000,4,[]
Luigi Cantini,2000,4,"['Scuola Normale Superiore, Pisa']"
Luigi Del Debbio,2001,3,[]
Luigi Pilo,1998,5,"['DAMTP, University of Cambridge', 'Scuola Normale Superiore, Pisa']"
Luigi Rosa,2003,1,[]
Luigi Tedesco,1996,3,"['Bari U. , INFN, Bari']"
Luis A. Cabral,1999,1,[]
Luis Alvarez-Consul,1996,1,[]
Luis Alvarez-Gaume,1992,7,[]
Luis Anchordoqui,2000,3,[]
Luis E. Ibanez,1992,3,[]
Luis F. Urrutia,1994,10,"[""Universidad Aut\\'onoma Metropolitana-I, M\\'exico"", ""Universidad Nacional Aut\\'onoma de M\\'exico""]"
Luis Gonzalez-Mestres,2002,2,[]
Luis J Boya,1994,1,[]
Luis J. Boya,1994,3,['Universidad de Zaragoza']
Luis J. Garay,1995,3,[]
Luis M. A. Bettencourt,1996,2,[]
Luis M. Bernardo,1995,1,[]
Luis M. Nieto,1994,2,[]
Luis N. Epele,2000,4,[]
Luis Velazquez,1995,1,[]
Luisa Doplicher,2001,2,[]
Luiz A. Ferreira,1997,2,[]
Luiz A. Manzoni,2001,1,[]
Luiz C. De Albuquerque,1998,4,['University of Sao Paulo']
Luiz C. Q. Vilar,1998,1,[]
Luiz Claudio M. De Albuquerque,1993,1,[]
Luiz Claudio Queiroz Vilar,1994,1,[]
Luiz Eduardo Silva Souza,2002,2,"['Rio de Janeiro Federal University', 'Universidade Federal do Rio de Janeiro']"
Luka Sustersic,1997,7,"['Jozef Stefan Institute, Ljubljana, Slovenia']"
Lukas Nellen,1995,2,[]
Lukas Popp,2001,1,[]
Lukasz Bratek,2002,1,[]
Lusheng Chen,1995,6,[]
Lutz Moller,2001,1,[]
Luuk Hoevenaars,2002,1,[]
M A Grigoriev,1997,5,['Lebedev Physics Institute']
M Bordag,1998,2,[]
M Gasperini,1993,1,[]
M Govender,2001,1,[]
M L Roberts,2003,1,[]
M Lavelle,2002,1,[]
M Lledo,2002,1,[]
M Luebcke,2003,1,[]
M Oloughlin,1997,1,[]
M T Batchelor,1996,1,[]
M Tomaselli,2002,1,[]
M. A,1993,1,[]
M. A. Aguilar,1998,1,[]
M. A. Anacleto,2000,2,[]
M. A. C. Kneipp,1994,4,[]
M. A. Clayton,1993,2,[]
M. A. De Andrade,1994,14,"['1,2', '1']"
M. A. Del Olmo,1993,11,[]
M. A. El Gradechi,1992,1,[]
M. A. Gonzalez Leon,2000,8,['U. Salamanca']
M. A. Grebeniuk,1998,3,[]
M. A. Grigoriev,2000,4,[]
M. A. Guest,1993,2,[]
M. A. H. Vozmediano,1993,1,[]
M. A. Halasz,1995,1,[]
M. A. Hartman,1999,1,[]
M. A. Jafarizadeh,1997,4,[]
M. A. Lledo,1994,17,[]
M. A. Lomholt,2001,1,[]
M. A. M. Gomes,2000,1,[]
M. A. Manko,1993,2,[]
M. A. Martin-Delgado,1992,3,[]
M. A. Mestvirishvili,1997,1,[]
M. A. Muschietti,1996,1,[]
M. A. Olshanetsky,1993,4,[]
M. A. Per,2002,1,[]
M. A. R. Osorio,1992,11,['Oviedo U.']
M. A. Rego-Monteiro,2000,4,[]
M. A. Robson,1994,2,[]
M. A. Rodr I Guez-Segura,1994,1,[]
M. A. Rodriguez,1994,5,[]
M. A. Santos,1999,5,"['Departamento de Fisica-UFRRJ, Brasil']"
M. A. Semenov-Tian-Shansky,1993,3,[]
M. A. Shifman,1997,1,[]
M. A. Singer,2002,1,[]
M. A. Sokolov,1994,1,[]
M. A. Soloviev,1992,3,[]
M. A. Valle Basagoiti,1993,1,[]
M. A. Valle-Basagoiti,1996,1,[]
M. A. Van Eijck,1994,2,[]
M. A. Van Ejick,1993,1,[]
M. A. Vasiliev,1992,23,"['P.N.Lebedev Physical Institute', 'Lebedev Physical Institute']"
M. A. Vazquez-Mozo,1992,22,"['IAS, Princeton']"
M. A. Walton,1992,12,['University of Lethbridge']
M. A. Wisse,1992,1,[]
M. A. Zubkov,1995,3,[]
M. Ablikim,2000,1,[]
M. Abolhassani,1994,1,[]
M. Abou Zeid,1996,6,[]
M. Abou-Zeid,2001,1,[]
M. Abud,1995,1,[]
M. Ademollo,1992,1,[]
M. Adler,1996,2,[]
M. Aguado,2000,3,[]
M. Alexandrov,1995,1,[]
M. Alimohammadi,1993,18,[]
M. Alishahiha,1995,7,[]
M. Alvarez,1993,6,"['Center for Theoretical Physics, MIT']"
M. Alves,1999,3,['UFRJ - Brazil']
M. Ameduri,1995,1,[]
M. Anazawa,1994,3,[]
M. Araki,1996,2,[]
M. Arik,1993,6,[]
M. Asorey,1992,14,[]
M. Atiyah,2000,1,[]
M. Awada,1995,3,[]
M. Axenides,2000,3,[]
M. B. Altaie,2003,1,[]
M. B. Barbaro,1996,1,[]
M. B. D. S. M. Porto,2000,1,"['CBPF/CCP,Ufrrj']"
M. B. D. Silva,1994,1,[]
M. B. D. Silva Maia Porto,1998,1,[]
M. B. Green,1995,8,"['DAMTP, University of Cambridge, UK', 'DAMTP, University of Cambridge, U.K.']"
M. B. Halpern,1992,34,"['Berkeley', 'UC Berkeley, LBNL']"
M. B. Hindmarsh,2001,2,[]
M. B. Hott,1999,1,[]
M. B. Johnson,1993,3,[]
M. B. Jonnson,1993,1,[]
M. B. Paranjape,1993,12,[]
M. B. Sedra,2000,4,"['ICTP, Trieste, Italy']"
M. B. Silva Neto,1996,5,[]
M. B. Silva-Neto,1997,1,[]
M. B. Voloshin,1997,3,[]
M. Bachmann,1999,2,[]
M. Baig,1994,2,[]
M. Baker,1994,2,[]
M. Banados,1998,8,[]
M. Bando,1996,1,[]
M. Barrio,1998,1,[]
M. Bastero-Gil,2002,2,[]
M. Bauer,1992,3,[]
M. Becker,1992,5,[]
M. Bellon,1993,1,[]
M. Bennai,2000,1,[]
M. Berg,2000,2,[]
M. Berkooz,1995,9,"['IAS, Princeton']"
M. Bershadsky,1992,12,[]
M. Bertola,1999,3,[]
M. Bertolini,1994,23,[]
M. Beyer,2001,1,['U Rostock']
M. Bianchi,1994,7,['1']
M. Billo,1992,22,['SISSA']
M. Billo`,2000,2,[]
M. Blagojevic,1993,14,[]
M. Blasone,1996,2,[]
M. Blau,1992,2,[]
M. Bojowald,1999,2,[]
M. Bonini,1992,15,[]
M. Bordag,1993,31,['Leipzig']
M. Bordemann,1992,4,[]
M. Borhani,2003,1,[]
M. Borunda,1998,2,[]
M. Botta Cantcheff,2000,11,"['CBPF', 'CBPF-GFT', 'CBPF, Rio de Janeiro -Brazil-', 'CBPF, GFT']"
M. Bouhmadi-Lopez,2001,4,[]
M. Bourdeau,1993,1,[]
M. Bowick,1996,1,[]
M. Boz,2000,1,['Hacettepe']
M. Bremer,1998,1,[]
M. Buric,2001,1,[]
M. Burkardt,1997,4,"['New Mexico State University', 'NMSU']"
M. C. Ashworth,1995,1,"['UC, Davis']"
M. C. B. Abdalla,1992,20,['IFT-Unesp']
M. C. Baldiotti,2001,1,['U. of Sao Paulo']
M. C. Bento,2002,1,[]
M. C. Birse,1998,1,"['University of Manchester, U.K.']"
M. C. Daflon Barrozo,1999,1,"['DAMTP, University of Cambridge']"
M. C. Diamantini,1993,12,['CERN']
M. C. Falleiros,2001,1,[]
M. C. Land,1993,4,[]
M. C. Marin,2000,1,[]
M. C. Neacsu,1999,1,[]
M. C. Nemes,1993,15,"['UFMG', 'UFMG-Brazil', 'UFMG - Brasil', 'Physics Dept. UFMG-Brazil']"
M. C. Rocca,1996,6,[]
M. C. Von Reichenbach,1994,2,[]
M. Cadoni,1993,18,[]
M. Caffo,1998,2,[]
M. Caicedo,2002,1,[]
M. Caldarelli,2000,2,[]
M. Calixto,1994,19,[]
M. Calixto.,1995,1,[]
M. Campostrini,1995,2,[]
M. Carfora,1992,5,[]
M. Carvalho,1995,5,['1']
M. Caselle,1992,19,[]
M. Cassandro,1993,1,[]
M. Cataldo,2000,3,[]
M. Cavaglia,2001,2,[]
M. Cavicchi,1993,2,[]
M. Cederwall,1994,2,[]
M. Chabab,2000,3,"['Cadi Ayyad Univ., Marrakech , Rabat Univ.', 'Marrakech Univ., Rabat Univ.', 'Marrakesh , Rabat Univ.']"
M. Chaichian,1992,40,['University of Helsinki']
M. Chaves,1998,4,[]
M. Chemtob,1994,2,[]
M. Christensen,1998,2,[]
M. Chu,1994,1,[]
M. Ciafaloni,1992,5,[]
M. Cirafici,2002,3,[]
M. Comi,2001,1,['Phys. Dept. of Milano Bicocca Univ.']
M. Consoli,1994,4,['INFN Catania']
M. Costantini,1994,1,[]
M. Crescimanno,1992,4,[]
M. Cristina Diamantini,1998,1,[]
M. Crivelli,1993,1,[]
M. Cvetic,1992,57,[]
M. Cvetiv C,1992,2,[]
M. Cvetivc,1992,1,[]
M. Cvitan,2002,2,[]
M. D. Freeman,1992,4,[]
M. D. Gould,1993,1,[]
M. D. Maia,1998,6,[]
M. D. Scadron,2001,1,[]
M. Daoud,2000,2,[]
M. Daszkiewicz,1997,4,[]
M. Dattanasio,1993,7,[]
M. De Francia,1994,6,[]
M. De Innocentis,2001,1,[]
M. De La Torre Mayado,2000,3,[]
M. De Montigny,1993,1,[]
M. De Roo,1992,23,[]
M. De Wild Propitius,1993,2,[]
M. Degli Esposti,1995,1,[]
M. Dehghani,2002,1,[]
M. Derix,1998,2,[]
M. Desoil,2000,1,[]
M. Dine,1992,4,[]
M. Disertori,1998,1,[]
M. Dobroliubov,1993,1,[]
M. Dorca,2000,4,[]
M. Doresic,1993,2,[]
M. Douglas,2000,1,[]
M. Doyle,1992,1,[]
M. Dubois-Violette,1992,2,[]
M. Duetsch,1998,5,[]
M. E. Bowers,1998,1,[]
M. E. Carrington,1996,5,"['Brandon U.', '1']"
M. E. Convery,1993,1,[]
M. E. Fouladvand,2002,1,[]
M. E. Knutt,2000,1,[]
M. E. Knutt-Wehlau,1996,4,[]
M. E. Noz,1997,1,[]
M. E. Ortiz,1992,3,[]
M. E. Wehlau,1995,4,[]
M. E. X. Guimaraes,2003,2,"['IFT/Unesp', 'MAT/Unb,IFT/Unesp']"
M. E. X. Guimar~Aes,1995,1,[]
M. El Baz,2003,1,[]
M. Eliashvili,1994,8,[]
M. Engelhardt,1999,5,['Tuebingen']
M. Ertl,2000,3,[]
M. Evans,1992,1,[]
M. F. Ertl,1997,1,[]
M. F. Jorgensen,1995,1,[]
M. F. Mourad,1995,1,[]
M. F. Parry,2002,1,[]
M. Fabbrichesi,1992,6,[]
M. Faber,1997,17,['TU Vienna']
M. Fabinger,2002,1,[]
M. Faux,1993,12,[]
M. Ferraris,1998,2,[]
M. Fichtmueller,1995,1,[]
M. Finkelberg,1994,1,[]
M. Flato,1994,1,[]
M. Fleck,1994,2,[]
M. Forger,1992,5,[]
M. Francaviglia,1998,3,[]
M. Frau,1996,16,[]
M. Freeman,1993,1,[]
M. Fukuma,1992,10,[]
M. Furuta,1993,1,[]
M. G. A. Walter,2002,2,[]
M. G. C. Eenink,2002,1,[]
M. G. Harris,1994,5,[]
M. G. Ivanov,1997,9,[]
M. G. Knepley,1993,1,[]
M. G. Mocioaca,2000,1,[]
M. G. Negrao,1998,1,[]
M. G. Olsson,1999,1,[]
M. G. Schmidt,1993,6,"['Heidelberg U., ITP', 'Uni. Heidelberg']"
M. Gaberdiel,1993,3,[]
M. Garcia Perez,1999,3,[]
M. Gasperini,1992,26,[]
M. Gasperini R. Ricci G. Veneziano,1993,1,[]
M. Gattobigio,1998,2,"['INFN, Pisa , Pisa U.']"
M. Gaudin,1993,2,[]
M. Ghilardi,2000,1,[]
M. Giovannini,1995,8,[]
M. Gockeler,1997,1,[]
M. Gogberashvili,2000,1,[]
M. Golenishcheva-Kutuzova,1998,1,[]
M. Gomes,1992,27,['1']
M. Gomez-Reino,2002,1,[]
M. Grigoriev,1999,3,[]
M. Grisaru,1996,2,[]
M. Gunaydin,1997,6,['Penn State U.']
M. Gungormez,1996,2,[]
M. Gurses,1999,1,[]
M. Gutperle,1996,4,"['Stanford', 'Princeton University, USA', 'DAMTP, University of Cambridge, U.K.']"
M. H. Dehghani,2001,11,[]
M. H. Pacheco,2003,1,[]
M. H. Sarmadi,1992,6,"['ICTP, Trieste']"
M. H. Thoma,1996,2,"['Institut fuer Theoretische Physik, Universitaet Giessen']"
M. H. Yavartanoo,2000,1,[]
M. Hachemane,2001,1,[]
M. Hage Hassan,1994,1,[]
M. Haghighat,2001,2,[]
M. Haouchine,1999,1,"[""D\\'epartement de Physique Th\\'eorique, Institut de Physique, Constantine, Algeria""]"
M. Hasenbusch,1999,5,[]
M. Haskins,1998,2,[]
M. Hasler,1998,1,[]
M. Hassaine,1997,4,[]
M. Hassan,1997,3,[]
M. Hayakawa,1999,4,[]
M. Hayashi,1995,1,[]
M. Hayes,1997,3,[]
M. Heller,1999,1,[]
M. Hellmund,1999,1,[]
M. Henneaux,1992,30,"[""Universit\\'e Libre de Bruxelles"", 'ULB, Brussels', 'U.L.B., Bruxelles']"
M. Henningson,1994,7,[]
M. Heusler,1996,2,[]
M. Hillbrand,2003,1,[]
M. Hindmarsh,1994,1,[]
M. Hirayama,1997,6,"['Toyama Univ.', 'Toyama U.']"
M. Hirsch,1995,1,[]
M. Horibe,1994,1,[]
M. Hortacsu,1998,3,[]
M. Hossein Partovi,1993,1,[]
M. Hott,2001,2,['FEG/Unesp']
M. Hotta,1993,5,['Tohoku Univ.']
M. Hssaini,2000,2,[]
M. Huerta,2003,1,[]
M. I. Caicedo,1995,7,[]
M. I. Dobroliubov,1992,2,[]
M. I. Gorenstein,1998,1,[]
M. I. Leeming,1994,1,[]
M. I. Polikarpov,1995,10,[]
M. Iacomi,1995,1,[]
M. Ikehara,1994,3,[]
M. Ishi-I,1997,2,[]
M. J Rodriguez-Plaza,1992,1,[]
M. J. Bergvelt,1992,1,[]
M. J. Bowick,1992,2,[]
M. J. Cassidy,1997,1,[]
M. J. De La Plata,1996,1,[]
M. J. Duff,1992,54,[]
M. J. Hopkins,2000,1,[]
M. J. Lavelle,1994,1,[]
M. J. Martins,1992,11,[]
M. J. Menon,1998,1,[]
M. J. Mithaiwala,1999,1,[]
M. J. Morgan,1998,1,[]
M. J. Oloughlin,1998,1,[]
M. J. Orourke,1995,1,[]
M. J. Perry,1993,10,"['Cambridge U., DAMTP']"
M. J. Rodriguez-Plaza,1994,1,[]
M. J. Slater,1997,2,['Durham']
M. J. Slupinski,1996,4,[]
M. J. Strassler,1994,8,"['Rutgers University', 'U.Pennsylvania', 'Rutgers Univ.']"
M. J. Thatcher,1998,1,[]
M. Jimbo,1992,8,[]
M. Jinzenji,1996,2,"['U. of Tokyo', 'Univ. of Tokyo, Math. Dept']"
M. K. C Sener,1996,1,[]
M. K. Gaillard,1995,1,[]
M. K. Mak,1999,8,[]
M. K. Murray,1994,4,['1']
M. K. Pidcock,1996,1,['Oxford Brookes University']
M. K. Sener,1997,2,[]
M. Kachkachi,1997,3,"['F.S.T.S. Settat, Morocco']"
M. Kamela,1998,2,[]
M. Kanno,1998,2,['Toyama U.']
M. Karowski,1992,13,[]
M. Kato,1993,2,[]
M. Kawamura,1995,1,[]
M. Khalili,1999,1,[]
M. Khlopov,2000,1,"['2,3']"
M. Khorrami,1993,18,"['IPM,Tehran,Iran']"
M. Kibler,1994,8,[]
M. Kirchbach,2000,3,[]
M. Klein,2002,1,[]
M. Klein-Kreisler,1996,1,[]
M. Klimek,1997,1,[]
M. Knecht,1995,1,[]
M. Kobayashi,1994,3,[]
M. Koike,1994,2,[]
M. Kolanovic,1999,2,[]
M. Komarova,2002,1,[]
M. Kontsevich,1994,4,[]
M. Kormos,2002,1,[]
M. Koseki,1993,5,[]
M. Kotani,1993,1,[]
M. Kreuzer,1993,11,[]
M. Kruczenski,1996,1,['CNEA Buenos Aires Argentina']
M. Kruger,1996,1,[]
M. Kudinov,1999,1,['Baruch College of the City University of New York']
M. L. Ciccolini,2000,2,[]
M. L. Horner,1997,1,[]
M. L. Levinas,2000,1,[]
M. L. Roberts,2001,1,[]
M. L. Trobo,1994,6,['Universidad Nacional de La Plata']
M. L. Walker,1999,5,[]
M. La Camera,2001,1,[]
M. Lagraa,2001,2,['Univ. Oran Es-SEnia']
M. Laidlaw,2001,4,[]
M. Laine,1999,1,['CERN']
M. Langer,1992,3,[]
M. Langham,1997,3,[]
M. Lashkevich,1996,1,[]
M. Lavelle,1995,2,[]
M. Lazar,1999,2,[]
M. Leblanc,1992,6,[]
M. Legare,1995,3,['U.of Alberta']
M. Leibundgut,1997,1,[]
M. Leo,1999,1,[]
M. Li,1994,3,['Brown University']
M. Lippert,2001,1,[]
M. Loewe,1994,10,[]
M. Lubcke,2001,1,[]
M. Lubo,1998,6,[]
M. Lukin,1993,1,[]
M. Lygren,1996,2,[]
M. Lynker,1996,2,[]
M. Lysiansky,1996,1,[]
M. M. Akbar,2003,2,['DAMTP']
M. M. Caldarelli,2001,1,[]
M. M. Deminov,1999,2,[]
M. M. Ferreira,2002,2,[]
M. M. Ferreira Jr,2000,3,[]
M. M. Ferreira Jr.,2001,2,[]
M. M. Islam,1996,1,['University of Connecticut']
M. M. Leite,1994,3,"['IFT/UNESP, Sao Paulo']"
M. M. Musakhanov,1994,3,[]
M. M. Robinson,1993,1,[]
M. M. Santos,2001,2,[]
M. M. Sheikh Jabbari,1996,1,[]
M. M. Sheikh-Jabbari,1996,37,[]
M. M. Smirnov,1994,1,[]
M. M. Taylor-Robinson,1997,3,"['DAMTP, University of Cambridge']"
M. M. Tsulaia,1999,1,[]
M. Maceda,2002,1,[]
M. Maggiore,1996,2,[]
M. Magro,1995,5,[]
M. Majumdar,2001,1,[]
M. Manas,1993,1,[]
M. Mandelberg,1995,3,[]
M. Mangin-Brinet,2000,6,[]
M. Mansour,2000,2,[]
M. Marcu,1992,1,[]
M. Marino,1994,6,[]
M. Mari~No,1994,5,[]
M. Martellini,1992,29,['University of Milan']
M. Marucho,2002,1,['The Maurice Morton Institute of Polymer Science - University of Akron']
M. Maruyama,1998,2,[]
M. Massar,1997,4,[]
M. Materassi,1998,3,"['U. of Perugia', 'University of Perugia']"
M. Matone,1993,16,[]
M. Matsunaga,2003,1,[]
M. Mattes,2003,1,[]
M. Mattis,1996,1,['Los Alamos']
M. Maul,1999,1,"['NORDITA, Lund U']"
M. Maule,1997,1,[]
M. Mazza,2001,1,[]
M. Medina,1995,1,[]
M. Mekhfi,1995,3,[]
M. Micu,1993,1,"['Dept. theor. phys., Inst. Atomic Phys., Bucharest MG-6, Romania']"
M. Mihailescu,1997,5,[]
M. Milekovic,1994,3,[]
M. Mineev-Weinstein,2000,1,[]
M. Mintchev,1994,10,"['INFN, Pisa , Pisa U.']"
M. Mirumyan,2001,1,[]
M. Modugno,1994,1,[]
M. Mojiri,2001,2,[]
M. Mondragon,2000,1,['2']
M. Monemzadeh,2003,1,[]
M. Morara,1999,1,[]
M. Moreno,2001,1,[]
M. Moriconi,1995,12,"['Princeton University', 'ICTP', 'ICTP, Trieste']"
M. Moshe,1996,2,['Technion']
M. Moshinsky,1995,1,[]
M. Mozrzymas,2003,1,['Wroclaw Univ.']
M. Mueller-Preussker,1999,1,['Humboldt-U.']
M. N. Chernodub,1995,13,"['ITEP, Moscow']"
M. N. Stoilov,1997,3,[]
M. Nagy. M. K. Volkov,1994,1,[]
M. Naka,2001,1,['U. Tokyo']
M. Nakahara,1998,1,['Kinki Univ.']
M. Nakamura,1997,1,[]
M. Nalimov,2002,1,[]
M. Narita,2001,1,['Waseda Univ.']
M. Natsuume,1992,1,[]
M. Navarro,1993,12,[]
M. Nazah,1997,1,[]
M. Nazarov,1993,2,[]
M. Nest,1998,1,['Universitaet Oldenburg']
M. Niedermaier,1996,10,['University of Pittsburgh']
M. Nikbakht-Tehrani,1996,3,[]
M. Ninomiya,1993,3,[]
M. Nishimura,1998,4,[]
M. Nitta,2002,1,[]
M. Noga,1994,1,[]
M. Nolasco,1992,1,[]
M. Noumi,1993,2,[]
M. Novello,2000,4,[]
M. O Loughlin,1992,1,['Rutgers U']
M. O. Katanaev,1997,3,"['Steklov Mathematical Institute, Moscow']"
M. Olechowski,1997,8,[]
M. Oleszczuk,1994,1,[]
M. Oloughlin,1992,8,[]
M. Olshanetsky,1992,5,"['ITEP, Lebedev Physical Institute']"
M. Omote,1996,2,[]
M. Orselli,2001,3,[]
M. Ortiz,1998,3,[]
M. Oswald,2001,1,[]
M. P. Bellon,1992,1,[]
M. P. Blencowe,1997,1,[]
M. P. Fry,1993,8,"['School of Mathematics, Trinity College, Dublin']"
M. P. Garcia Del Moral,2001,3,[]
M. P. Grabowski,1994,4,[]
M. P. Infante,1999,2,"['1,2']"
M. P. Mattis,1996,15,['Los Alamos']
M. Parry,2000,1,[]
M. Paschke,1997,2,['Univ. Mainz']
M. Passare,1996,1,[]
M. Patriarca,1994,1,[]
M. Pauri,2001,2,"['Univ. Parma', 'Parma Univ.']"
M. Pavsic,2001,2,[]
M. Pawlowski,1998,4,[]
M. Peloso,1999,1,[]
M. Perelstein,1998,6,[]
M. Perelstien,2000,1,[]
M. Perez-Victoria,1997,7,[]
M. Perkins,1999,1,[]
M. Pernici,1993,8,[]
M. Petrini,1997,12,[]
M. Petropoulos,1996,4,[]
M. Piai,2002,1,[]
M. Picariello,2000,6,[]
M. Picco,1993,4,[]
M. Pickles,2001,3,[]
M. Pillin,1997,4,"[""King's College, London"", ""King's College London""]"
M. Pitkanen,1994,7,"['Helsinki,Finland']"
M. Pitschmann,2002,1,[]
M. Plyushchay,1995,1,[]
M. Porrati,1992,38,"['Department of Physics, NYU']"
M. Przanowski,1994,5,[]
M. Puchin,1992,2,[]
M. Quandt,1996,8,[]
M. Quiros,1994,12,[]
M. R-Monteiro,1993,3,[]
M. R. Abolhasani,1997,1,[]
M. R. Abolhassani,1993,1,[]
M. R. Adams,1992,1,[]
M. R. Douglas,1992,4,['Rutgers University']
M. R. Gaberdiel,1994,17,['Cambridge']
M. R. Garousi,1998,4,[]
M. R. Kibler,1994,2,[]
M. R. Negrao,1998,6,[]
M. R. Niedermaier,1994,7,[]
M. R. Pennington,1998,2,[]
M. R. Plesser,1994,6,[]
M. R. Rahimi Tabar,1995,11,[]
M. R. Rahimitabar,1995,1,[]
M. R. Setare,2000,20,[]
M. Rachidi,1997,3,[]
M. Raciti,1995,6,[]
M. Rakowski,1993,2,[]
M. Ramon Medrano,1993,6,[]
M. Rasetti,1993,3,[]
M. Rausch De Traubenberg,1994,14,[]
M. Redi,2003,1,[]
M. Reenders,1997,1,[]
M. Regini,1999,1,[]
M. Requardt,1997,1,[]
M. Reuter,1994,22,[]
M. Revzen,1999,3,[]
M. Reyes,2003,1,[]
M. Reza Rahimi Tabar,1998,1,[]
M. Rinaldi,1994,7,[]
M. Rios,1994,2,[]
M. Rocca,1995,1,[]
M. Rocek,1994,16,[]
M. Rogatko,2002,1,[]
M. Rojas,1999,6,['1']
M. Ronen Plesser,1994,9,[]
M. Rooman,1997,5,[]
M. Rosenbaum,1996,3,[]
M. Rosgen,1993,2,[]
M. Rossi,1995,1,[]
M. Routhier,1994,1,[]
M. Rudolph,1996,4,[]
M. Ruiz--Altaba,1993,1,[]
M. Ruiz-Altaba,1997,3,['IFUNAM']
M. S. Berger,2001,1,[]
M. S. Bremer,1997,1,[]
M. S. Causo,1996,1,[]
M. S. Costa,1996,3,[]
M. S. Cunha,1997,4,"['1,2']"
M. S. El Naschie,2000,1,[]
M. S. Goes-Negrao,1998,4,['UCP-RJ']
M. S. Marinov,1994,2,['Technion']
M. S. Morris,1992,1,[]
M. S. Ody,1994,1,[]
M. S. Plyushchay,1994,2,[]
M. S. Sarandy,2000,12,[]
M. S. Shikakhwa,1995,3,"['Department of Physics, Middle East Tech. Univ., Ankara-Turkey', 'University of Jordan']"
M. S. Sriram,1996,2,[]
M. S. Volkov,1993,4,[]
M. Saadat,2000,4,[]
M. Saadi,1994,2,[]
M. Sabido,1999,4,[]
M. Sadzikowski,1998,1,[]
M. Sakaguchi,1998,2,[]
M. Sakamoto,1992,9,['Kobe Univ.']
M. Sakellariadou,1993,1,[]
M. Sakmaoto,1994,1,[]
M. Salizzoni,2000,6,[]
M. Sami,1999,8,"['Jamia Millia Islamia, New Delhi, INDIA', 'Jamia Millia Islamia, New Delhi, INDIA.']"
M. Sampaio,2000,3,[]
M. Santander,1993,9,[]
M. Sarbishaei,2000,1,[]
M. Sarih,1997,1,"[""D\\'epartement de Math\\'ematiques, Universit\\'e Hassan 1er, Settat, Morocco""]"
M. Sato,1993,2,[]
M. Sawaguchi,2002,2,[]
M. Sawicki,1993,1,[]
M. Scandurra,2000,5,"['Leipzig U.', 'Pisa U.', 'Leipzig U., Inst. Theo. Physics']"
M. Schaden,1994,1,[]
M. Scheunert,1993,2,[]
M. Schiffer,1993,1,[]
M. Schlieker,1994,2,[]
M. Schmidt,2002,1,[]
M. Schnabl,1998,4,[]
M. Schulz,2002,1,[]
M. Schumann,1998,1,[]
M. Schweda,1992,39,['TU-Wien']
M. Schwetz,1996,3,"['Yale University', 'Rutgers Univ.']"
M. Seeger,1996,2,"['Institut fuer Theoretische Physik, Universitaet Erlangen-Nuernberg']"
M. Semenov-Tian-Shansky,2001,1,[]
M. Serone,1997,8,[]
M. Shaposhnikov,1999,2,['Lausanne']
M. Sheppeard,1995,1,[]
M. Shifman,1994,39,[]
M. Shimojo,2001,1,[]
M. Shino,1994,1,[]
M. Shiotani,1999,2,"['Kobe Univ.', 'Kobe U.']"
M. Shmakova,1997,1,[]
M. Simionato,1996,2,[]
M. Simoes,1999,1,[]
M. Sivakumar,1992,10,"['School of Physics, University of Hyderabad, Hyderabad, India', '1', 'Uni. Hyderabad', 'Univ. of Hyderabad']"
M. Slusarczyk,2002,1,[]
M. Smedback,2000,1,[]
M. Socolovsky,1994,2,[]
M. Sorg,2003,1,[]
M. Spalinski,1992,6,[]
M. Spreafico,1992,6,[]
M. Srednicki,1992,1,[]
M. Stanishkov,1993,8,['INFN Bologna']
M. Staudacher,1996,6,[]
M. Stern,1995,2,[]
M. Stingl,1995,3,"['University of Muenster, Germany']"
M. Stoilov,1993,2,[]
M. Stojic,1996,1,[]
M. Sugiura,1996,1,['Nagoya University']
M. T. Batchelor,1994,7,['ANU']
M. T. D. Orlando,2002,2,[]
M. T. Grisaru,1992,25,[]
M. T. Johnsson,1997,1,[]
M. T. Miauta,2001,3,[]
M. T. Thomaz,1999,1,[]
M. Tabuse,1992,2,[]
M. Tachibana,1994,6,"['Kobe Univ.', 'MIT']"
M. Tahic,2002,1,[]
M. Tahiri,2002,1,[]
M. Takook,2003,1,[]
M. Talon,1992,7,[]
M. Tanaka,1996,2,[]
M. Tarlini,1992,8,"['Dipartimento di Fisica, Universita` di Firenze,INFN--Firenze, Dipartimento di Matematica, Universita` di Bologna.']"
M. Tekmen,1998,1,[]
M. Temple-Raston,1992,9,[]
M. Terhoeven,1992,1,[]
M. Testa,1997,2,[]
M. Thies,1994,6,"['University of Erlangen-Nuernberg', 'University of Erlangen-N\\""urnberg', 'MIT,University of Erlangen-N\\""urnberg']"
M. Toller,2003,1,[]
M. Tonin,1993,13,[]
M. Trapletti,2002,4,[]
M. Trigante,2000,1,[]
M. Trigiante,1996,18,[]
M. Trodden,1993,1,['Brown University']
M. Trunk,1999,2,[]
M. Tsuda,2001,5,[]
M. Tsulaia,1996,15,[]
M. Ueno,1998,3,"['Toyama U.', 'Toyama Univ.', 'Toyama University']"
M. Umeki,1993,1,[]
M. Umezawa,1994,1,[]
M. V. Altaisky,2000,1,[]
M. V. Chizhov,1993,2,[]
M. V. Cougo-Pinto,1993,10,[]
M. V. Gallas,1994,5,[]
M. V. Ioffe,1993,9,"['2', '1', 'St.Petersburg']"
M. V. Libanov,1996,2,[]
M. V. Manias,1996,4,[]
M. V. Pavlov,2001,1,[]
M. V. Pomazanov,1996,1,[]
M. V. Rogal,2001,1,[]
M. V. Saveliev,1993,6,[]
M. V. Terentiev,1994,6,[]
M. V. Zyskin,1995,1,[]
M. Van Raamsdonk,1998,1,[]
M. Vanderkelen,2001,1,[]
M. Varadarajan,1997,2,['Raman Research Institute']
M. Varagnolo,1994,1,[]
M. Vargas,1993,1,[]
M. Vasilic,1993,4,[]
M. Vasiliev,1994,2,[]
M. Veltman,1997,1,"['Department of Physics, University of Michigan, Ann Arbor, USA,CERN, Geneva, Switzerland']"
M. Villasante,1993,1,[]
M. Voloshin,1998,1,[]
M. Vonk,2002,3,[]
M. W. De Oliveira,1994,3,['2']
M. W. Evans,1996,1,[]
M. Wadati,1999,1,[]
M. Walton,1992,2,[]
M. Walze,1996,1,[]
M. Weis,1994,2,[]
M. Welling,1997,1,[]
M. Wellmann,1999,3,[]
M. Werneck De Oliveira,1993,2,[]
M. Wickenhauser,2002,2,[]
M. Ya. Palchik,1997,1,[]
M. Yakimov,1995,1,"['Sofia University, Bulgaria']"
M. Yamaguchi,1997,2,[]
M. Yamamoto,1999,1,[]
M. Yamanobe,1995,2,[]
M. Yoshimura,1993,6,[]
M. Yu,1995,6,[]
M. Yu. Kalmykov,1994,14,[]
M. Yu. Kuchiev,1994,5,"['University of New South Wales, Sydney, Australia', 'School of Physics, University of New South Wales. On leave from A.F.Ioffe Physical-Technical Institute']"
M. Yu. Lashkevich,1993,6,[]
M. Yu. Zotov,1997,2,"['INP, Moscow State University']"
M. Yurova,1996,4,[]
M. Z. Iofa,1996,3,"['Nuclear Physics Institute, Moscow State University']"
M. Z. Iofa And L. A. Pando Zayas,1997,1,"['Nuclear Physics Intitute, Moscow State University']"
M. Zach,1998,3,"['Vienna Techn. Univ.', 'Vienna Techn.Univ.']"
M. Zagermann,1998,3,[]
M. Zamaklar,2000,2,[]
M. Zebarjad,1998,1,[]
M. Zeni,1994,5,[]
M. Znojil,2000,1,[]
M. Zyskin,1995,6,[]
M.-. Wisse,1992,1,[]
M.-A. Vachon,2003,1,[]
M.-A. Wisse,1992,3,[]
M.-H. Saito,1999,1,[]
M.-L. Yan,2000,1,[]
M.~Ruiz--Altaba,1992,1,[]
Ma Zhong-Qi,1994,1,"['Institute of High Energy Physics, Beijing, P. R. of China']"
Ma Zhongqi,1999,1,[]
Maans Henningson,1992,3,[]
Maarten Golterman,2002,1,[]
Machiko Hatsuda,1997,16,[]
Maciej A. Nowak,1997,1,[]
Maciej Kuna,2000,2,[]
Maciej Pindor,1999,1,"['Institute of Theoretical Physics, Warsaw University']"
Maciej Przanowski,1995,5,['University of Lodz']
Maciej Slusarczyk,1999,1,[]
Madoka Nishimura,2000,2,[]
Magnus Holm,1996,5,[]
Mahbub Majumdar,2002,3,[]
Mahdi Golshani,2000,1,[]
Maher S. Rashid,1994,1,[]
Mairi Sakellariadou,1995,1,"['Universit\\""at Z\\""urich']"
Maja Buric,2000,3,[]
Makoto Hiramoto,1996,3,[]
Makoto Idzumi,1992,3,[]
Makoto Nakamura,2000,1,['Toyama Univ']
Makoto Narita,2000,1,[]
Makoto Natsuume,1993,12,"['Univ. of Pennsylvania/KEK', 'KEK', '1']"
Makoto Sakaguchi,1993,15,['Osaka Univ.']
Makoto Sakamoto,1992,14,['Kobe univ.']
Makoto Tsuzuki,2000,1,['Osaka Univ.']
Makoto Umeki,1993,1,[]
Malcolm Fairbairn,2000,3,['University of Sussex']
Malcolm J. Perry,1992,10,"['D.A.M.T.P./ University of Cambridge', 'Cambridge University']"
Malcolm Perry,1992,7,[]
Malgorzata Bakalarska,1998,6,"['Department of Theoretical Physics, University of Lodz']"
Malgorzata Klimek,1995,1,[]
Malik Rakhmanov,1993,1,[]
Malte Henkel,1992,8,[]
Manfred Herbst,2001,2,[]
Manfred Requardt,1996,7,[]
Manfred Salmhofer,1993,1,[]
Manfred Schweda,2001,1,[]
Manfried Faber,1999,2,[]
Manko,1994,1,[]
Mannque Rho,1992,2,[]
Manoelito M De Souza,1997,5,[]
Manoelito M. De Souza,1995,12,[]
Mans Henningson,1994,17,[]
Manu Mathur,1997,3,[]
Manuel A. Cobas,2002,1,[]
Manuel Asorey,2001,1,[]
Manuel Barriola,1993,1,[]
Manuel Barros,2002,1,[]
Manuel Calixto,1996,2,['Granada U.']
Manuel Donaire,2000,1,[]
Manuel F. Ra~Nada,2002,1,[]
Manuel Manas,1993,1,[]
Manuel Ma~Nas,1993,2,[]
Manuel Perez-Victoria,2001,2,[]
Manuel Reenders,1999,3,[]
Manuel Toharia,2002,1,['UC Davis']
Manuel Torres,1995,6,"['2', 'UNAM']"
Mao-Chuang Yeh,2001,2,[]
Mar Bastero-Gil,2001,2,[]
Marc Bellon,2001,3,[]
Marc Chemtob,1997,1,[]
Marc De Montigny,1994,2,[]
Marc Grisaru,1994,1,[]
Marc Henneaux,1992,45,[]
Marc Kamionkowski,1992,2,[]
Marc-Andre Lewis,1999,2,[]
Marcel Reginatto,2002,1,[]
Marcello B. Silva Neto,2000,1,[]
Marcello Ciafaloni,1995,2,"['Dipartimento di Fisica, Universit\\`a di Firenze,I.N.F.N., Sezione di Firenze, Italy']"
Marcelo Carvalho,1994,2,[]
Marcelo De Francia,2000,2,[]
Marcelo Gleiser,2002,1,[]
Marcelo Gomes,2001,1,[]
Marcelo Hott,1994,10,['UNESP / Campus de Guaratingueta']
Marcelo M. Leite,1996,2,[]
Marcelo R. Ubriaco,1993,6,[]
Marcelo S. Sarandy,2000,1,[]
Marcia E. Knutt,2000,1,[]
Marcia E. Knutt-Wehlau,1997,3,[]
Marcia E. Wehlau,1994,2,[]
Marcin Daszkiewicz,1999,2,[]
Marcin P. Flak,2003,1,[]
Marcio J. Martins,1992,3,[]
Marco A. C. Kneipp,1993,5,[]
Marco A. R-Monteiro,1993,3,[]
Marco Ameduri,1998,1,[]
Marco Astorino,2002,1,[]
Marco Bertola,1995,2,[]
Marco Billo,1993,10,[]
Marco Bochicchio,1995,7,[]
Marco Bruni,2002,1,[]
Marco Cariglia,2002,1,[]
Marco Cavaglia,1994,19,"['AEI, Potsdam', 'AEI Potsdam', 'Tufts University']"
Marco Cavaglia.,1995,1,[]
Marco Dattanasio,1996,3,[]
Marco Fabbrichesi,1998,3,[]
Marco Falcioni,1993,2,[]
Marco Ferraris,1998,1,[]
Marco Frasca,1994,3,[]
Marco Krohn,2002,1,[]
Marco Laucelli Meana,1997,6,[]
Marco M. Caldarelli,1998,4,[]
Marco Maceda,2001,1,[]
Marco Matone,1993,20,"['Padova U.,INFN, Padova']"
Marco Patriarca,1992,1,[]
Marco Peloso,2001,3,[]
Marco Pettini,1997,1,['5']
Marco Picariello,2000,4,['1']
Marco Picco,1994,6,[]
Marco Raiteri,1998,1,[]
Marco Reyes,1994,1,[]
Marco Rossi,2001,4,"['Heriot-Watt Un.', 'Heriot-Watt U.']"
Marco Scandurra,1998,2,['Leipzig U.']
Marco Serone,1996,17,['ISAS-SISSA']
Marco Spaans,1998,2,['Harvard CfA']
Marco Tarlini,1992,1,[]
Marco Vekic,1994,1,[]
Marco Zagermann,1999,9,['Halle']
Marcos Alvarez,1997,5,[]
Marcos Jardim,1996,1,[]
Marcos Marino,1996,31,[]
Marcos Rigol,1999,2,[]
Marcos Sampaio,1996,5,[]
Marcus B. Pinto,1995,1,['Montpellier U.']
Marcus Berg,2001,4,[]
Marcus Spradlin,1999,14,[]
Marcus T. Grisaru,1994,8,['Brandeis U.']
Marek Czachor,1997,4,[]
Marek Karliner,1992,1,[]
Marek Mozrzymas,2002,1,"['Institute for Theoretical Physics, University of Wroclaw, Poland']"
Marek Olechowski,1999,6,[]
Marek P. Grabowski,1994,1,[]
Marek Pawlowski,1994,2,"['Soltan Institute for Nuclear Studies, Warsaw']"
Marek Rogatko,1998,13,"['Tech.Un.of Lublin', 'Technical Un. of Lublin', 'UMCS-Lublin', 'Techn.Un.of Lublin', 'Tech.Un.-Lublin', 'Tech. Un. of Lublin', 'Technical University of Lublin']"
Marek Szydlowski,2002,1,[]
Marek Wieckowski,1997,2,"['Institute of Theoretical Physics, Warsaw University']"
Margaret E. Wessling,2001,1,[]
Maria Amelia Muschietti,1996,1,[]
Maria Antonia Lledo,2002,1,[]
Maria Asprouli,1998,1,[]
Maria E. Angulo,2002,1,[]
Maria Rodriguez-Martinez,2001,3,"['IAP, Paris']"
Maria Suarez,2000,2,"['University of Oviedo, Asturias, Spain']"
Maria Tashkova,2002,1,[]
Maria Yurova,1997,1,[]
Marialuisa Frau,1993,3,[]
Marian Stanishkov,1993,5,['Ewha']
Mariana Grana,2002,1,[]
Mariana Gra~Na,2000,4,"['UC, Santa Barbara']"
Marianna Larosa,2001,2,"['U. Roma ""Tor Vergata""']"
Mariano Cadoni,1994,12,[]
Mariano J. Salvay,2002,1,[]
Mariano Quiros,1992,1,[]
Mariano Salvay,2001,1,[]
Mariano Santander,1996,1,[]
Marie K. Oh,2000,1,[]
Marie-Noelle Celerier,2001,2,[]
Marija Dimitrijevic,2001,1,[]
Marija Zamaklar,1999,6,[]
Marijan Milekovic,1993,5,"['PMF,Zagreb']"
Marijan Ribaric,1997,7,[]
Marika Taylor,2002,4,[]
Marika Taylor-Robinson,1996,9,"['DAMTP, University of Cambridge']"
Marilyn E. Noz,1999,1,[]
Marina Huerta,1999,1,"['Instituto Balseiro, Bariloche, Argentina']"
Marina Shmakova,1996,10,[]
Mario Atance,1996,1,[]
Mario Belloni,1995,2,[]
Mario Bergeron,1993,3,[]
Mario Paschke,1997,1,[]
Mario Pernici,2000,1,[]
Mario Rasetti,1992,1,[]
Mario Serna,2002,1,[]
Mario Tonin,1993,22,[]
Mario Trigiante,1998,7,[]
Marion Wirschins,1998,2,['Oldenburg U.']
Marios Petropoulos,1992,1,[]
Mariusz P. Dabrowski,1996,10,[]
Mark A. Stern,2002,1,[]
Mark A. Walton,1994,7,[]
Mark Adler,1997,1,[]
Mark Alford,1992,1,[]
Mark B. Hoffman,2001,1,[]
Mark B. Wise,1999,5,"['Caltech', 'Cal Tech']"
Mark Bowick,1992,4,[]
Mark Burgess,1994,4,[]
Mark D. Gould,1993,16,[]
Mark D. Roberts,1999,5,[]
Mark De Wild Propitius,1992,7,[]
Mark Doyle,1992,1,['Princeton University']
Mark Evans,1994,3,['Rockefeller']
Mark G. Jackson,2001,4,[]
Mark Gross,1995,3,[]
Mark Hale,2000,1,"['Durham, UK']"
Mark Hindmarsh,1992,3,[]
Mark J. Bowick,1992,1,[]
Mark Laidlaw,2000,1,[]
Mark Langer,1994,1,[]
Mark Rakowski,1993,7,[]
Mark Raugas,1998,3,[]
Mark S. Swanson,1994,2,[]
Mark Srednicki,1992,5,[]
Mark Staley,1995,1,['Guelph']
Mark Stern,1997,10,[]
Mark Trodden,1997,10,[]
Mark Van Raamsdonk,1997,18,"['Princeton', 'Stanford']"
Mark W. Meckes,2002,1,[]
Mark Walton,1999,1,[]
Mark Wellmann,1998,1,[]
Mark Wexler,1993,4,[]
Mark Windoloski,2000,1,"['UMass, Amherst']"
Mark Wyman,2003,1,[]
Mark. D. Gould,2001,2,[]
Marko Kolanovic,2000,5,[]
Markus A. Luty,1995,12,['MIT']
Markus Gut,2001,1,[]
Markus H. Thoma,1998,1,[]
Markus J. Pflaum,1994,1,[]
Markus Lazar,2000,1,[]
Markus Luty,2001,1,[]
Marta Gomez-Reino,1999,6,[]
Marta L. Trobo,1997,1,['Univ. Nac. de La Plata']
Marta Orselli,2001,2,[]
Marta Trobo,2001,1,[]
Marti Ruiz-Altaba,2003,1,['Universite de Geneve']
Martijn Derix,1999,2,[]
Martijn G. C. Eenink,2002,2,[]
Martijn Wijnholt,1999,4,[]
Martin B. Einhorn,2000,4,[]
Martin Bojowald,1999,3,[]
Martin Bordemann,1993,4,[]
Martin Bucher,1993,4,"['DAMTP, U. of Cambridge', 'DAMTP, University of Cambridge']"
Martin Cederwall,1992,37,[]
Martin Fleck,2000,1,[]
Martin Florig,1999,1,[]
Martin Franz Ertl,2001,1,[]
Martin G. Harris,1995,3,[]
Martin Gremm,1997,9,[]
Martin Haft,1996,2,[]
Martin Hasenbusch,2000,1,[]
Martin Joerss,1996,1,[]
Martin Jorss,1995,1,[]
Martin Koehler,1994,1,[]
Martin Kruczenski,1996,14,[]
Martin Lavelle,1993,17,[]
Martin Leblanc,1993,2,[]
Martin Lemoine,2000,3,['IAP']
Martin Luscher,2001,1,[]
Martin Markl,1993,8,[]
Martin Oloughlin,1995,7,[]
Martin Olsson,2002,1,[]
Martin Porrmann,2000,3,[]
Martin R. Zirnbauer,1999,1,[]
Martin Reuter,1996,3,[]
Martin Rivas,1997,1,"['Dpto. de Fisica Teorica, Universidad del Pais Vasco, Spain']"
Martin Rocek,1993,14,[]
Martin Rov Cek,1994,2,[]
Martin S. Sloth,2002,1,[]
Martin Schaden,1993,9,"['NYU', 'New York University']"
Martin Schlichenmaier,1992,5,[]
Martin Schmaltz,1995,13,"['Boston University', 'Boston U.', 'Boston Univ.']"
Martin Schnabl,2000,5,[]
Martin Schvellinger,2000,7,"['MIT-LNS', 'Oxford U.', 'Oxford U.,MIT']"
Martin Wolf,2002,3,[]
Martina Brisudova,1994,1,[]
Martina M. Brisudova,1998,1,['Los Alamos National Laboratory']
Marvin Weinstein,2001,3,[]
Mary K. Gaillard,1992,20,"['UC Berkeley, LBNL']"
Masa-Aki Sakagami,2002,1,[]
Masa-Aki Taniguchi,1993,6,[]
Masafumi Fukuma,1993,12,[]
Masafumi Hasegawa,1997,1,[]
Masahiko Miyamoto,1996,1,['Tsukuba University']
Masahiro Anazawa,1997,7,"['YITP, Kyoto Univ.']"
Masahiro Kubo,1998,1,[]
Masahiro Maeno,1993,2,[]
Masahiro Morikawa,1996,1,[]
Masahiro Shiroishi,1998,1,[]
Masahiro Yamaguchi,1996,1,[]
Masakazu Yamashita,1993,1,[]
Masaki Oshikawa,1996,1,['1']
Masaki Shigemori,2001,4,[]
Masaki Sugiura,1994,1,[]
Masaki Taniguchi,1998,1,[]
Masaki Yasue,1999,5,['Tokai U.']
Masako Asano,1993,14,"['Univ. of Tokyo, Hongo', 'KEK']"
Masako Fujita,2003,1,[]
Masako Kawamura,1993,6,[]
Masamichi Kojima,1996,1,[]
Masamichi Sato,1996,4,"['3', 'Tokyo Institute of Technology']"
Masanobu Nojiri,1996,1,[]
Masanobu Yahiro,1993,9,['National university of fisheries']
Masanori Nunami,2001,1,[]
Masao Jinzenji,1994,9,"['Univ. of Tokyo, Math. Dept.', 'Univ. of Hokkaido, Math. Dept.', 'U. of Hokkaido']"
Masao Ninomiya,1992,5,['Yukawa Institute for Theoretical Physics']
Masaomi Kimura,1996,2,[]
Masaru Ishi-I,2001,1,[]
Masaru Kamata,1993,6,[]
Masaru Nagura,1993,3,"['Department of Phisics, The University of Tokyo, Japan', 'Department of Phisics, The University of Tokyo']"
Masaru Onoda,1993,1,[]
Masaru Shibata,2000,1,"['UIUC , Osaka']"
Masashi Hamanaka,2000,7,"['Univ. of Tokyo, YITP']"
Masashi Hashimoto,2000,1,['Univ. of Tokyo']
Masashi Naganuma,1999,10,[]
Masashi Shiotani,2000,1,[]
Masashi Tomoyose,1999,3,['Kanazawa U.']
Masato Arai,1996,7,[]
Masato Hisakado,1996,7,[]
Masato Ishibashi,2001,1,"['Dept. of Physics, Univ. of Tokyo']"
Masato Ito,2001,7,['Nagoya Univ.']
Masato Okado,1995,1,[]
Masato Shimono,1994,1,[]
Masatoshi Nozaki,2000,5,[]
Masatoshi Sato,1994,12,[]
Masayoshi Tabuse,1992,2,[]
Masayoshi Yamamoto,2000,6,['Chuo Univ.']
Masayuki Matsuzaki,1994,1,[]
Masayuki Noguchi,1995,3,[]
Masayuki Sano,2000,1,[]
Masayuki Tanimoto,1993,1,[]
Masoud Alimohammadi,1993,3,[]
Masoud Soroush,2002,2,[]
Massimiliano Ciuchini,1995,1,[]
Massimiliano Rinaldi,2001,3,[]
Massimo Bianchi,1995,25,"[""Dipartimento di Fisica, Universit\\`a di Roma ``Tor Vergata''"", ""Universita' di Roma ``Tor Vergata''"", ""DAMTP University of Cambridge,Universita` di Roma ``Tor Vergata''"", ""Dipartimento di Fisica, Universita` di Roma ``Tor Vergata''""]"
Massimo Blasone,1998,7,[]
Massimo Campostrini,2002,1,['1']
Massimo Di Pierro,1996,1,[]
Massimo Giovannini,1997,14,"['Departement of Applied Mathematics,Theoretical Physics, Cambridge', 'DAMTP, University of Cambridge, UK', 'Institute for Theoretical Physics, Lausanne University', 'Dep. of Applied Mathematics,Theoretical Physics, University of Cambridge, UK', 'Tufts University, Institute of Cosmology']"
"Massimo Giovannini ,,Departamento De Fisica Teorica, Universitad Complutense, Madrid )",1996,1,"['DAMTP, Cambridge (UK']"
Massimo Materassi,1999,2,['University of Perugia']
Massimo Pauri,2000,1,[]
Massimo Pietroni,1996,3,['INFN Padova']
Massimo Porrati,1993,12,[]
Masud Chaichian,1998,11,[]
Masumeh Ghasemkhani,2002,1,[]
Matej Pavsic,1996,5,[]
Mathias Klein,2000,1,[]
Mathias Pillin,1993,4,"[""King's College, London"", ""King's College London"", 'Max-Planck-Institut fuer Physik, Werner-Heisenberg-Institut, Foehringer Ring 6, D-80805 Muenchen, Germany']"
Mathieu Ribordy,1995,1,[]
Mathijs S. Dijkhuizen,1994,1,[]
Matias Libedinsky,1997,1,[]
Matilde Marcolli,2002,1,['MPI']
Matin Gurses,2003,1,['Bilkent University']
Matsuo Sato,2001,2,[]
Matt Kleban,2000,1,[]
Matt Visser,1992,20,"['Washington University', 'Victoria University of Wellington', 'Washington University in Saint Louis']"
Matteo A. Cardella,2002,1,[]
Matteo Beccaria,1995,1,[]
Matteo Bertolini,1998,2,[]
Matthew D. E. Szyndel,2000,1,[]
Matthew D. Schwartz,2000,7,[]
Matthew G. Baring,2000,1,[]
Matthew Headrick,2001,5,[]
Matthew J. Slater,1997,2,[]
Matthew J. Strassler,1995,19,"['Institute for Advanced Study', 'Inst. for Advanced Study', 'IAS', 'Institute for Advanced Studies', 'U.Washington', 'Rutgers University', 'U. Pennsylvania', 'Inst. for Adv. Study']"
Matthew Kleban,2000,7,[]
Matthew Lippert,2002,1,[]
Matthias Arnsdorf,2001,1,[]
Matthias Blau,1993,20,[]
Matthias Braendle,2000,1,[]
Matthias Brandle,2001,2,[]
Matthias Burkardt,1993,6,"['Las Cruces', 'New Mexico State University']"
Matthias Doerrzapf,1994,9,"['Harvard', 'DAMTP']"
Matthias Heyssler Alex C. Kalloniatis,1995,1,"['Department of Physics, Durham']"
Matthias Ihl,2002,1,[]
Matthias Klein,1997,12,[]
Matthias R Gaberdiel,1998,13,[]
Matthias R. Gaberdiel,1996,18,[]
Matthias Staudacher,1992,20,"['CERN', 'ENS']"
Matthieu Lefrancois,2003,2,[]
Matti Pitkanen,1994,2,[]
Mattia Jona-Lasinio,2002,1,[]
Mattias N. R. Wohlfarth,2002,4,"['DAMTP, Cambridge']"
Maulik K. Parikh,1999,8,[]
Mauri Miettinen,1995,5,['Uppsala University']
Maurice Kibler,1994,1,[]
Maurice R. Kibler,1994,1,[]
Mauricio Ayala,2001,2,"['Universidad de los Andes, Bogota - Colombia']"
Mauricio Cataldo,1999,2,[]
Mauricio Contreras,1999,2,[]
Maurizio Martellini,1992,11,[]
Mauro Brigante,2002,1,[]
Mauro Carfora,1992,1,[]
Mauro Francaviglia,1998,2,['Univ. Torino']
Mauro Napsuciale,2002,1,[]
Mauro Zeni,1995,6,[]
Max Welling,1995,2,['Institute of Theoretical Physics Utrecht']
Max Zucker,1999,3,['Bonn U.']
Maxim Braverman,1994,1,[]
Maxim Grigoriev,2002,1,[]
Maxim Kontsevich,1994,2,[]
Maxim Zabzine,1997,19,"['Stockholm U.', 'Stockholm U', 'Stockholm U , IHP, Paris', 'Stockholm University']"
Maxime Bagnoud,2002,2,[]
Maxime Kudinov,1996,2,[]
Maximilian F. Hasler,1996,1,['C.P.T. Marseille']
Maximilian Hasler,1997,1,[]
Maximilian Kreuzer,1992,15,[]
Maximo Banados,1994,13,[]
Maximo Ba~Nados,1992,1,[]
Mayburov S.,2000,1,"['Lebedev Institute of Physics, Moscow']"
Mees De Roo,1996,4,[]
Mehdi Golshani,2000,4,[]
Mehmet Simsek,2001,1,[]
Meifang Chu,1994,1,[]
Meik Hellmund,1996,1,[]
Meinulf Goeckeler,1998,1,[]
Melanie Becker,1994,17,[]
Melissa A. Lampert,1996,1,[]
Merab Gogberashvili,2001,5,[]
Merav Hadad,1997,1,[]
Merced Montesinos,2001,1,[]
Meshcheryakov V. A,1997,1,[]
Metin Arik,1993,2,[]
Metin Gurses,1995,2,[]
Miao Li,1992,52,"['Univ. of Chicago', 'Department of Physics, Brown University', 'Brown University', 'Enrico Fermi Institute', 'UC Santa Barbara', 'ITP,NTU']"
Micha Berkooz,1996,26,"['IAS, Princeton', 'Princeton University', 'IAS', 'Institute for Advanced Study, Princeton', 'Princeton', 'Rutgers University', 'Princeton U.']"
Michael A. I. Flohr,1993,3,[]
Michael A. Ivanov,2002,1,[]
Michael Atiyah,2001,2,[]
Michael B Green,2002,1,[]
Michael B. Green,1992,39,"['DAMTP, University of Cambridge, UK', 'DAMTP, Cambridge', 'DAMTP', 'DAMTP, Cambridge, UK', 'DAMTP, Cambridge, U.K.']"
Michael B. Schulz,2002,1,[]
Michael Bachmann,2001,1,[]
Michael Bershadsky,1994,9,[]
Michael Chesterman,2002,2,"['Queen Mary, London']"
Michael Crescimanno,1993,5,[]
Michael Creutz,2003,1,[]
Michael D. Turner,1997,2,[]
Michael D. Weiner,1994,2,[]
Michael Danos,1997,2,[]
Michael Dine,1992,27,[]
Michael Douglas,1997,1,[]
Michael Duetsch,1996,5,"['e-mail: duetsch@physik.unizh.ch', 'e-mail:duetsch@physik.unizh.ch']"
Michael Dutsch,1996,4,[]
Michael E. Peskin,1995,4,[]
Michael Eastwood,2002,1,[]
Michael Engelhardt,1995,6,"['Tuebingen', 'Weizmann Institute']"
Michael Faux,1998,7,[]
Michael Flohr,1992,13,[]
Michael Forger,1999,2,[]
Michael Freeman,1993,3,[]
Michael G. Schmidt,1995,15,['Heidelberg U.']
Michael Goodband,1996,1,[]
Michael Grady,1994,2,[]
Michael Graesser,1997,3,[]
Michael Green,1996,1,[]
Michael Gutperle,1995,33,"['Dept. of Physics, Harvard University, USA', 'Harvard University', 'DAMTP, University of Cambridge, UK', 'Princeton U.', 'Princeton University', 'DAMTP, University of Cambridge', 'DAMTP, Cambridge', 'DAMTP, Cambridge, U.K', 'Princeton University, USA', 'DAMTP, Cambridge, U.K.', 'Harvard', 'DAMTP,Cambridge,UK']"
Michael Haack,1998,10,"['Martin-Luther-U., Halle-Wittenberg', 'Halle U.']"
Michael Hewitt,2002,2,[]
Michael J Morgan,1996,1,[]
Michael J. Booth,1998,1,[]
Michael J. Dugan,1994,1,[]
Michael J. May,2002,1,[]
Michael J. W. Hall,2002,1,[]
Michael John Pfenning,2000,1,[]
Michael K. Murray,1996,3,['2']
Michael Krasnitz,1996,6,[]
Michael Kroyter,2000,3,[]
Michael L. Graesser,2000,1,[]
Michael L. Schmid,1999,1,[]
Michael Lashkevich,1997,4,"['Landau Institute', 'Landau Institute for Theoretical Physics']"
Michael Lassig,1992,1,[]
Michael Martin Nieto,1992,11,[]
Michael Maziashvili,2002,3,[]
Michael Mcguigan,1992,2,[]
Michael Meyer-Hermann,2000,1,[]
Michael Monastyrsky,1997,1,[]
Michael Moser,1997,3,[]
Michael Mueger,1996,5,[]
Michael Murray,1995,2,[]
Michael P. Mattis,1993,5,[]
Michael P. Tuite,1992,3,[]
Michael Penkava,1992,2,[]
Michael Perkins,1998,1,[]
Michael Plumacher,1999,2,[]
Michael R. Douglas,1993,52,"['Rutgers', 'Rutgers/IHES/INI', 'Rutgers,IHES', 'Rutgers, IHES']"
Michael R. Gallis,1993,1,[]
Michael S. Turner,1997,1,[]
Michael Salem,2002,1,[]
Michael Schreiber,2003,1,[]
Michael Schulz,2000,3,[]
Michael Singer,1999,1,[]
Michael Spalinski,1997,1,[]
Michael Strickland,1995,6,[]
Michael Teper,1998,1,['Oxford']
Michael Terhoeven,1992,2,[]
Michael Thies,2000,8,['University of Erlangen-Nuernberg']
Michael Trunk,1995,2,"['University of Freiburg, Germany']"
Michael Wohlgenannt,2001,2,[]
Michael Wolf,1992,1,[]
Michael Yu. Lashkevich,1996,1,[]
Michaela Oswald,2001,1,[]
Michail D. Todorov,2001,1,[]
Michal Demetrian,2001,2,[]
Michal Fabinger,2000,7,"['Stanford', 'Stanford University,SLAC']"
Michal Spalinski,1996,3,['Harvard University']
Michel Bauer,1993,6,[]
Michel Capdequi Peyranere,2001,1,[]
Michel Carreau,1992,2,['Boston University']
Michel Droz,1993,1,[]
Michel Dubois-Violette,1992,5,[]
Michel H. G. Tytgat,1999,5,"['Brussels', 'ULB']"
Michel Planat,2002,1,[]
Michel Pleimling,2001,2,[]
Michel Rausch De Traubenberg,2000,2,[]
Michela Petrini,1997,9,[]
Michele Arzano,2001,2,[]
Michele Bourdeau,1994,5,['CERN']
Michele Caselle,2000,1,[]
Michele Maggiore,1993,10,"['INFN,Dept. of Phys., Pisa']"
Michele Modugno,1997,1,"['Departement de Physique Theorique, Universite de Geneve, Switzerland']"
Michele Morara,1998,1,[]
Michele Redi,2003,1,[]
Michele Simionato,1998,4,[]
Michiaki Takama,1992,2,[]
Michihiko Sakamoto,1997,1,[]
Michihiro Naka,2000,7,['U. Tokyo']
Michio Hashimoto,1998,1,[]
Michio Ikehara,1995,1,"['KEK, Univ. of Tokyo']"
Michio Jimbo,1992,7,[]
Michio Kaku,1993,6,['City College of New York']
Michitomo Nishizawa,1994,1,[]
Mico Durdevic,1993,1,[]
Miguel A. Martin-Delgado,1995,1,[]
Miguel A. Rodriguez,1995,3,"['1', 'Dept. of Theoretical Physics II, Universidad Complutense, Madrid']"
Miguel D. Bustamante,2002,2,[]
Miguel E. Ortiz,1994,7,[]
Miguel Navarro,1996,2,"['Granada U., Madrid, IMAFF']"
Miguel Ortiz,1992,6,[]
Miguel Rios,1995,2,[]
Miguel S. Costa,1996,16,"['Ecole Normale Superieure', 'Princeton University', 'D.A.M.T.P./ University of Cambridge', 'ENS']"
Miguel Tierz,2002,1,[]
Mihai Visinescu,1993,16,"['Department of Theoretical Physics, Institute of Atomic Physics, P.O.Box MG-6, Magurele,Bucharest,Romania']"
Mihail Mihailescu,1999,6,[]
Mihail Mintchev,1997,5,"['INFN, Pisa , University of Pisa']"
Miho Koma,2001,2,['2']
Mikael Smedback,2001,1,[]
Mike A. Clayton,1993,1,[]
Mike Freeman,1993,1,[]
Mike P. Ryan,2001,1,[]
Mikhail A. Vasiliev,1993,1,[]
Mikhail Alexandrov,1995,1,[]
Mikhail I. Dobroliubov,1993,1,[]
Mikhail Khovanov,1994,1,[]
Mikhail N. Smolyakov,2001,4,[]
Mikhail Plyushchay,1995,17,[]
Mikhail S. Plyushchay,1993,25,[]
Mikhail S. Volkov,1993,21,[]
Mikhail Saveliev,1992,2,[]
Mikhail Shaposhnikov,1998,9,[]
Mikhail Shifman,1995,5,[]
Mikhail V. Saveliev,1992,8,[]
Mikhail Vasiliev,1995,12,"['2', 'Lebedev Physics Institute', 'Lebedev Physical Institute']"
Mikhail Voloshin,2000,1,[]
Mikhail Z. Iofa,1997,8,"['Skobeltsyn Institute of Nuclear Physics, Moscow State University', 'Nuclear Physics Institute at Moscow State University']"
Miki Wadati,1994,7,[]
Mikio Nakahara,1998,1,['Kinki University']
Mikio Namiki,1994,1,[]
Mikkel Nielsen,1999,8,[]
Mikolaj Sawicki,1994,1,[]
Milan Mijic,1993,1,[]
Milan Petras,1999,1,['Bratislava']
Miloslav Znojil,2000,7,[]
Min-Ho Lee,1993,5,[]
Min-Tsung He,1995,1,[]
Min-Xin Huang,2002,5,[]
Min-Young Choi,2003,1,[]
Mina Aganagic,1996,18,[]
Mine Temurhan,2002,1,[]
Ming Yu,1993,4,"['Inst. of Theor. Phys., Academia Sinica', 'CCAST,Institute of Theoretical Physics, Academia Sinica']"
Ming-Hsien Tu,2001,3,"['National Chung-Cheng Univ., Taiwan']"
Mingliang Cai,2000,2,[]
Minoru Eto,2002,1,[]
Minoru Hirayama,1994,4,[]
Minoru Horibe,1993,2,[]
Minoru Wakimoto,1994,3,[]
Minos Axenides,1993,6,[]
Minu Joy,2000,2,[]
Mircea Pigli,1995,2,['University of Chicago']
Mirian Tsulaia,2001,2,[]
Mirjam Cvetic,1992,62,"['University of Pennsylvania', 'University of Pennsylvania,ITP, University of CA, Santa Barbara']"
Mirjam Cvetiv C,1994,3,[]
Mirjam Cvetivc,1992,2,[]
Miroslav Doresic,1994,2,[]
Misao Sasaki,1999,8,"['Osaka', 'Osaka U., Dept. Earth , Space Sci.']"
Misha Stephanov,1998,1,[]
Misha Verbitsky,1995,1,[]
Mitsuaki Fukae,1999,1,[]
Mitsuhiro Kato,1992,5,[]
Mitsuko Abe,1993,8,[]
Mitsuo Abe,1997,9,[]
Mitsuo J. Hayashi,2001,1,[]
Mitsuru Yamada,2001,2,[]
Miyuki Katsuki,1995,2,[]
Miyuki Kawamura,1996,1,[]
Miyuki Nishikawa,2001,3,[]
Mo-Lin Ge,1992,2,[]
Moataz Emam,2000,1,[]
Mofazzal Azam,2001,2,"['BARC, MUMBAI, INDIA']"
Mohab Abou Zeid,1999,1,[]
Mohab Abou-Zeid,1999,5,[]
Mohamed Benarous,1997,2,[]
Mohamed Bennai,2002,1,[]
Mohammad A. Ganjali,2002,1,[]
Mohammad Khorrami,1998,6,[]
Mohammad M. Sheikh-Jabbari,2002,8,[]
Mohammad Nouri-Zonoz,2002,1,[]
Mohammad R. Garousi,1995,12,[]
Mohammad R. Setare,2003,1,[]
Mohammad Reza Abolhasani,1996,1,[]
Mohammed Daoud,2000,1,[]
Mohsen Alishahiha,1996,26,[]
Mohsen Shiri-Garakani,2003,1,['1']
Moises Picon,2002,1,[]
Mojtaba Mohammadi,2002,1,[]
Mokhtar Hassaine,2001,2,[]
Monica Borunda,1998,2,['ISAS-SISSA']
Monica M. Guica,2003,1,[]
Monika Lynker,1995,4,[]
Monika Marquart,2000,2,[]
Monika Syty,2001,1,[]
Moninder Singh Modgil,2001,1,[]
Mordechai Spiegelglas,1992,1,[]
Morris Beatty,1993,1,[]
Morten Krogh,1997,12,['Princeton University']
Morten Nielsen,1999,2,[]
Morten Weis,1998,1,[]
Moshe Flato,1994,7,['Dijon']
Moshe Moshe,1992,7,"['Technion', 'Technion-Israel, Fermilab-USA']"
Moshe Rozali,1994,21,"['Rutgers', 'UBC']"
Moshe Rozali.,1995,1,[]
Motoi Tachibana,1995,7,"['Kobe Univ.', 'Kobe University']"
Motomu Tsuda,2000,4,[]
Motowo Yamanobe,1994,3,[]
Moulay Brahim Sedra,1997,1,"[""Universit\\'e Ibn Tofail, K\\'enitra Morocco""]"
Mourad Laoues,1998,2,"['Universite de Bourgogne, France']"
Moustafa Awada,1994,5,['University of Cincinnati']
Mu- In Park,2002,1,['CCNY']
Mu-In Park,1994,19,"['CTP,SNU', 'CCNY', 'MIT , LNS']"
Mu-Lin Yan,1999,3,[]
Muhittin Mungan,1993,1,[]
Mukund Rangamani,1998,14,"['Princeton University', 'Princeton U.']"
Muneto Nitta,1997,26,"['KEK, Osaka Univ.', 'Tokyo Inst. Tech.', '2', 'Purdue Univ.', 'Tokyo Inst. of Tech.', 'Osaka Univ.']"
Murat Gunaydin,1992,22,"['PSU', 'Penn State Univ., USA']"
Murat Tas,2001,1,[]
Murray Gerstenhaber,1994,1,[]
Musongela Lubo,1999,2,['U. Mons-Hainaut']
Mustapha Mekhfi,2002,1,[]
Myck Schwetz,1997,3,"['Yale', 'Yale,Rutgers', 'Rutgers U.']"
Myckola Schwetz,1995,4,"['Yale U', 'Yale']"
Myriam Mondragon,1994,5,[]
Myron Bander,1993,2,[]
Myung Geun Jeong,1998,1,[]
Myung Seok Yoon,1997,6,[]
Myung-Ho Kim,1994,4,[]
Myungseok Yoon,1997,1,[]
N A Kostov,1994,1,[]
N Dadhich,2001,1,[]
N Dombey,2000,1,[]
N E Mavromatos,1993,1,[]
N Graham,1998,1,[]
N Linden A J Macfarlane J W Van Holten,1995,1,"['DAMTP, Cambridge']"
N S Manton,1995,1,[]
N. A. Ansari,1994,1,[]
N. A. Batakis,1995,2,[]
N. A. Gromov,1994,6,[]
N. A. Kiknadze,1997,1,[]
N. A. Kivel,1993,2,[]
N. A. Lemos,1995,4,"['Instituto de Fisica, Universidade Federal Fluminense']"
N. A. Nekrasov,2001,1,[]
N. A. Obers,1992,29,"['Utrecht', 'Nordita,NBI', 'Spinoza, ITF', 'Nordita, NBI', 'Spinoza, Utrecht', 'CERN, Nordita', 'CERN']"
N. A. Papadopoulos,1993,4,[]
N. A. Peskov,1998,2,[]
N. A. Saulina,1994,5,[]
N. A. Slavnov,1992,8,"['Steklov Mathematical Institute, Moscow, Russia']"
N. A. Sveshnikov,1998,1,[]
N. Abdellatif,2002,1,[]
N. Aizawa,1993,8,[]
N. Alonso-Alberca,2000,7,[]
N. Alves,1998,1,[]
N. Ano,1995,3,"['Tokyo Metropolitan U.', 'Tokyo Metro. U.']"
N. B. Narozhny,1999,4,[]
N. B. Pomeroy,2001,2,[]
N. B. Skachkov,2002,1,[]
N. Banerjee,1993,6,[]
N. Beisert,2002,3,[]
N. Belaloui,1999,3,[]
N. Berkovits,1997,8,[]
N. Boulanger,2001,2,[]
N. Bralic,1993,4,['PUC-Chile']
N. Brambilla,1994,2,[]
N. C. Leung,1997,1,[]
N. C. Ribeiro,2003,1,[]
N. C. Tsamis,2001,1,['University of Crete']
N. Chair,1992,2,[]
N. Chepilko,1997,4,['Physics Institute of the Ukrainian Academy of Sciences']
N. Ciccoli,1994,1,[]
N. Cruz,2000,1,[]
N. D. Hari Dass,1995,10,"['IMSc, Chennai, India', 'IMSc, Chennai']"
N. D. Lambert,1994,31,[]
N. D. Tracas,1996,1,[]
N. D. V1Achos,2003,1,[]
N. D. Vlachos,1998,3,[]
N. Dadhich,2003,1,[]
N. Debergh,1996,4,[]
N. Devaux,1995,1,[]
N. Djeghloul,2002,1,[]
N. Dorey,1992,21,"['Washington, Swansea', 'Seattle,Swansea', 'Swansea']"
N. Dragon,1997,4,[]
N. E. J Bjerrum-Bohr,2002,1,[]
N. E. J. Bjerrum-Bohr,2002,2,[]
N. E. Mavromatos,1992,51,"[""King's Coll. London"", 'Oxford', ""Kings's Colleg e, London"", ""CERN,King's College, London""]"
N. El Biaze,2001,1,[]
N. Emmenegger,2001,1,[]
N. Evans,1996,3,[]
N. F. Svaiter,1994,24,"['CBPF', 'C.B.P.F.', ""Centro Brasileiro de Pesquisas F'i sicas-CBPF""]"
N. Fleury,1995,1,[]
N. Fumita,1995,1,[]
N. G. Pletnev,1995,6,[]
N. G. Stefanis,1996,2,[]
N. Graham,1998,13,[]
N. Grandi,1999,6,[]
N. Gurappa,1996,4,[]
N. Haba,2003,1,[]
N. Hambli,1995,5,"['ICTP, Trieste', 'U. of British Columbia']"
N. I. Abarenkova,1998,1,[]
N. I. Kochelev,1996,1,[]
N. I. Stoilova,1993,9,[]
N. I. Troitskaya,1997,8,['Vienna Techn. Univ.']
N. Ilieva,1998,4,[]
N. Irges,2000,2,[]
N. Ishibashi,1993,9,['KEK']
N. Itzhaki,1994,28,[]
N. J. Kim,1998,8,"['Inje Univ', 'Inje Univ.']"
N. J. Mackay,1992,14,['U of Sheffield']
N. J. Watson,1994,1,[]
N. K. Nielsen,1995,4,"['Odense Universitet, SDU, Denmark', 'Fysisk Institute, Odense University, Denmark', 'Department of Physics, University of Southern Denmark, Odense University, Denmark']"
N. K. Pak,1995,4,"['METU', 'Middle East Technical University']"
N. Kaloper,1993,5,[]
N. Kawamoto,1993,3,[]
N. Khviengia,1996,3,[]
N. Kiknadze,1995,6,[]
N. Kim,1997,3,[]
N. Kitanine,2002,4,[]
N. Kitazawa,1998,1,[]
N. L. Harshman,1999,1,[]
N. L. Khviengia,1992,1,[]
N. M. Chepilko,1997,2,"['2', 'Ukr. Inst. of Phys.']"
N. M. Muller,1998,2,[]
N. M. Rom~Ao,1999,1,"['DAMTP, University of Cambridge']"
N. Maggiore,1999,4,['Genoa U.']
N. Magnoli,1995,6,[]
N. Mankoc Borstnik,1999,5,"['Univ. of Ljubljana', 'Univ. of Ljubljana, Jozef Stefan Institute', 'Department of Physics, University of Ljubljana,,Primorska Institute for Natural Sciences,Technology, Koper, Slovenia']"
N. Manojlovic,1992,1,[]
N. Mavromatos,1993,2,[]
N. Mcnair,2001,2,[]
N. Mebarki,1999,1,[]
N. Michael Davies,1999,3,[]
N. Mohammedi,1992,15,"['U. of Tours', 'University of Tours, France']"
N. Morales,1996,1,['Universidad Autonoma Metropolitana-I']
N. N. Khuri,1994,4,['Rockefeller Univ.']
N. N. Nikolaev,1994,1,"['1,2']"
N. N. Scoccola,1994,2,[]
N. Nakazawa,1994,2,[]
N. Nekrasov,1993,15,[]
N. O. Agasian,1997,1,[]
N. Obers,1994,2,[]
N. Ogawa,1997,2,['1']
N. Ohta,1994,7,"['Osaka U.', 'Osaka Univ.']"
N. Ohtsubo,1993,3,[]
N. Okamoto,1997,1,[]
N. Ozturk,2000,1,['U. Wisconsin']
N. P. Chitaia,1997,4,[]
N. P. Landsman,1993,7,[]
N. P. Warner,1992,29,['U.S.C']
N. Panchapakesan,1998,3,[]
N. Pantoja,1994,1,[]
N. Panza,1998,3,[]
N. Pinamonti,2003,2,['Trento U.']
N. Pinto-Neto,2002,1,[]
N. Quiroz,2001,1,[]
N. R. Bruno,2001,1,[]
N. R. Constable,1999,4,[]
N. R. F. Braga,1994,4,[]
N. R. Khusnutdinov,2000,2,['Kazan State Pedagogical University']
N. R. Stewart,1992,2,[]
N. Read,1992,3,[]
N. Regnault,2000,1,[]
N. Reshetikhin,1995,1,[]
N. Riazi,2002,2,['Shiraz Univ.']
N. Rius,1993,1,[]
N. S. Ananikian,1994,1,[]
N. S. Deger,1999,5,[]
N. S. Han,1993,1,[]
N. S. Mankoc Borstnik,2001,1,"['Department of Physics, University of Ljubljana,,Primorska Institute for Natural Sciences,Technology, Slovenia']"
N. S. Manton,1993,14,[]
N. Sakai,1992,9,[]
N. Sanchez,1992,33,"['Obs. de Paris', 'Observatoire de Paris-DEMIRM, Paris, France', 'Obs. de Paris, DEMIRM', '1']"
N. Sasakura,1994,4,['Kyoto Univ.']
N. Sato,1999,1,[]
N. Scheu,1999,1,[]
N. Seiberg,1994,23,[]
N. Sh. Izmailian,1996,1,[]
N. Shaji,1992,2,[]
N. Shnerb,1993,1,[]
N. Shtykov,1994,2,[]
N. Slavnov,1996,2,[]
N. Sochen,1992,3,[]
N. Sochen J. Sonnenschein,1992,1,[]
N. Sousa,1999,4,[]
N. Stoilova,1994,1,[]
N. Straumann,1995,2,[]
N. T. Yilmaz,2003,1,[]
N. Tanimura,1996,4,"['Kyushu Univ. Fukuoka, Japan', 'Kyushu Univ.']"
N. Tell,1999,1,[]
N. Terzi,2000,2,[]
N. Tetradis,1994,15,"['3', 'Univ. of Athens,Univ. of Crete', 'University of Athens']"
N. Toumbas,2000,4,[]
N. Tsuda,1995,3,[]
N. Turok,1993,2,[]
N. Unal,2002,1,[]
N. V. Borisov,1996,1,[]
N. V. Romanenko,1995,1,"['Petersburg Nuclear Physics Institute, Gatchina']"
N. Vanegas,1995,2,[]
N. W. Park,1994,1,[]
N. Warner,1995,4,[]
N. Weiss,1992,5,[]
N. Wschebor,2001,4,[]
N. Wyllard,2002,3,[]
N. Yokoi,1999,1,[]
N. Yu Reshetikhin,1993,1,[]
N.~Shtykov,1995,1,[]
Nadav Drukker,1999,8,[]
Nadeem A. Ansari,1993,2,[]
Nadejda A. Liskova,1992,3,[]
Nadejda A. Vicol,2000,1,[]
Nadja Kutz,1996,1,[]
Nahomi Kan,2002,2,['Yamaguchi Univ.']
Nahum Zobin,2002,1,"['William,Mary']"
Nail R. Khusnutdinov,2002,2,[]
Nakwoo Kim,1997,20,[]
Nam Jong Moh,1998,1,[]
Nam-Jong Moh,2003,1,[]
Namil Park,2002,1,['Sungkyunkwan U.']
Nandinii Barbosa-Cendejas,2002,1,[]
Naofumi Kitsunezaki,1997,4,[]
Naohisa Ogawa,1997,6,[]
Naohito Nakazawa,1994,6,[]
Naoki Sasakura,1993,18,"['Niels Bohr Inst.', 'YITP, Kyoto Univ.', 'Kyoto Univ.', 'KEK', 'Tohoku Univ.']"
Naoki Tanimura,1996,2,"['Department of Physics, Kyushu University']"
Naoto Yokoi,1997,6,[]
Naotoshi Okamura,2001,4,[]
Narayan Banerjee,2000,1,[]
Narendra Sahu,2002,1,[]
Naresh Dadhich,1999,10,"['IUCAA, India', 'IUCAA', 'IUCAA, Pune']"
Naruhiko Aizawa,1997,1,[]
Natalia Saulina,2000,3,[]
Nathalie Deruelle,2000,1,[]
Nathan Berkovits,1992,59,"['IFT/UNESP. Sao Paulo', 'IFT, Sao Paulo', 'IFT/UNESP, Sao Paulo', 'IFT/UNESP']"
Nathan F. Lepora,1999,5,[]
Nathan Poliatzky,1993,4,[]
Nathan Salwen,1999,4,"['Harvard Univ.', 'Harvard', 'Harvard U.']"
Nathan Seiberg,1992,45,['IAS']
Nathan Weiss,1992,7,"['Weizmann Institute,University of British Columbia', 'weiss@physics.ubc.ca']"
Nathan. F. Lepora,1999,1,[]
Natxo Alonso-Alberca,2000,2,[]
Naureen Goheer,2002,1,[]
Neal Weiner,2002,2,[]
Neda Sadooghi,2000,4,[]
Neil D. Lambert,1998,6,[]
Neil Lambert,2003,1,[]
Neil Marcus,1992,8,['U of Tel-Aviv']
Neil R. Constable,1999,11,[]
Neil Turok,1997,19,"['DAMTP, Cambridge']"
Neil. D. Lambert,1999,2,[]
Nelson A. Alves,1999,1,[]
Nelson Pinto Neto,2001,1,[]
Nelson Pinto-Neto,2002,3,['CBPF']
Nelson R. F. Braga,1994,23,[]
Nelson Vanegas,1999,1,[]
Nemani V Suryanarayana,2001,2,['Tata Institute']
Nemani V. Suryanarayana,1999,10,"['Tata Institute, Mumbai']"
Nemanja Kaloper,1992,34,[]
Nematollah Riazi,2001,1,[]
Netanel H. Lindner,2003,1,[]
Nevena Ilieva,2001,1,[]
Nevidita Deo,1992,1,[]
Ngee Pong Chang,1995,1,"['Physics Dept, CCNY']"
Nguyen Ai Viet,1994,7,[]
Nguyen Anh Ky,1993,2,[]
Nguyen Suan Han,1994,2,[]
Nguyen Tien Binh,2003,1,[]
Niall J. Mackay,2001,1,[]
Niall Mackay,1992,2,[]
Niann-Chern Lee,2001,1,[]
Niccolo Terzi,1999,2,[]
Nicholas D. Tracas,1994,1,[]
Nicholas D. Vlachos,1998,1,[]
Nicholas Dorey,1993,2,[]
Nicholas Jones,2000,3,[]
Nicholas Manton,1997,1,[]
Nicholas P. Warner,1997,14,[]
Nicholas Read,2002,1,[]
Nicholas T. Jones,2002,2,[]
Nick Dorey,1999,14,[]
Nick E. Mavromatos,1995,18,"[""King's Coll. London"", ""King's College London""]"
Nick Evans,1995,21,"['Boston University', 'Boston U.', 'Southampton University', 'Boston Univ.']"
Nick Halmagyi,2002,2,[]
Nick Manton,1994,1,[]
Niclas Engberg,1993,3,[]
Niclas Sandstrom,1998,4,[]
Niclas Wyllard,1996,16,[]
Nicodemo Magnoli,1996,3,[]
Nicola Grillo,1999,6,"['Institute for Theoretical Physics, Zurich University']"
Nicola Maggiore,1992,14,[]
Nicolai Reshetikhin,1994,2,[]
Nicolaos Toumbas,1999,5,[]
Nicolas Andruskiewitsch,1993,1,[]
Nicolas Boulanger,2000,9,[]
Nicolas Couchoud,2001,3,"['LPTHE,LPTENS, Paris']"
Nicolas E. Grandi,2002,1,[]
Nicolas Macris,2001,1,[]
Nicolas Moeller,2000,10,[]
Nicolas Roy,1996,1,[]
Nicolaus W. P. Turner,2002,2,[]
Nicole Marshall,1994,1,[]
Niels Emil Jannik Bjerrum-Bohr,2002,1,[]
Niels Obers,2002,1,['NBI']
Niels Tuning,1996,1,[]
Nigel Goldenfeld,1995,1,[]
Nihat Sadik Deger,2002,2,[]
Nikita A. Nekrasov,1999,14,"['IHES, ITEP']"
Nikita Agasian,2001,1,"['ITEP, Moscow']"
Nikita Nekrasov,1994,14,['Harvard U.']
Nikita Nekrassov,1998,1,[]
Nikita O. Agasian,2001,1,"['ITEP, Moscow']"
Nikita Slavnov,1997,1,"['Steklov Mathematical Institute, Russia']"
Niklas Beisert,2002,1,[]
Nikolaj M. Glazunov,2001,1,[]
Nikolaos A Batakis,1995,2,[]
Nikolaos A. Batakis,1995,2,[]
Nikolaos Irges,2000,1,[]
Nikolaos Kalogeropoulos,1993,2,[]
Nikolaos Prezas,2000,6,[]
Nikolay M. Nikolov,2000,3,[]
Nikolay N. Aksenov,1995,2,[]
Nikos Irges,2001,1,[]
Niky Kamran,1996,3,"['2', 'The Fields Institute, Toronto']"
Nils R. Scheithauer,1998,1,[]
Nils-Peter Skoruppa,1994,3,[]
Nima Arkani-Hamed,1997,20,[]
Nina Byers,1994,1,"['Physics Dept., UCLA']"
Ning Wu,2001,8,[]
Ninoslav Bralic,1995,1,"[""Pontificia Universidad Cat\\'olica de Chile""]"
Nir Sochen,1996,1,[]
Nissan Itzhaki,1998,3,[]
Nistor Nicolaevici,1999,2,[]
Noah Graham,1998,4,[]
Noah Linden,1992,1,[]
Noboru Kawamoto,1993,7,[]
Noboru Nakanishi,1997,9,[]
Nobuaki Nagao,1996,1,[]
Nobuchika Okada,2001,3,[]
Nobuhiro Maekawa,1997,1,[]
Nobuhiro Uekusa,2002,2,[]
Nobuhito Maru,1996,11,[]
Nobuki Maeda,1995,1,[]
Nobuyoshi Ohta,1992,48,"['NBI,Osaka Univ.']"
Nobuyuki Ishibashi,1993,8,['KEK']
Nobuyuki Motoyui,2001,2,[]
Nobuyuki Sakai,1995,2,[]
Nora Breton,1995,3,[]
Norbert Dragon,1996,6,"['Hannover U.', 'ITP Hannover, Germany']"
Norbert Duechting,1998,2,[]
Norbert Scheu,1998,1,[]
Norbert Straumann,1997,2,['University of Zurich']
Noriaki Ano,1995,1,[]
Noriaki Ikeda,1993,14,[]
Noriaki Kitazawa,1996,9,['Tokyo Metropolitan University']
Noriaki Sato,1999,1,[]
Noriaki Yoshino,1993,1,[]
Norihiro Iizuka,2001,3,[]
Norihito Sasaki,1993,3,[]
Noriko Nakayama,2001,3,[]
Noriko Saitoh,1994,1,[]
Noriko Shiiki,1999,1,[]
Norisuke Sakai,1992,34,"['T.I.T, Japan']"
Noriyuki Fumita,1994,1,[]
Noriyuki Shimoyama,1999,1,[]
Norma G. Sanchez,2002,4,[]
Norma Mankoc Borstnik,1996,4,[]
Norma Mankov C Borv Stnik,1994,3,[]
Norma Mankovc Borvstnik,1995,1,[]
Norma Quiroz-Perez,1996,1,[]
Norman Cruz,2001,1,[]
Norman Dombey,1999,2,['Univ.Sussex']
Noureddine Chair,1997,2,"['Al al-Bayt University, Jordan']"
Noureddine Hambli,1997,1,['IHES']
Noureddine Mohammedi,1992,11,"['Tours University', 'Tours University, France']"
Nuno B. B. Reis,2001,1,[]
Nuno Barros E Sa,2000,1,['Acores U.']
Nuno D. Antunes,2002,1,[]
Nuno M. Rom~Ao,2000,1,[]
Nuno Reis,2002,2,[]
Nurcan Ozturk,2001,1,"['Univ. of Bergen, Ankara Univ.']"
Nuria Rius,1992,2,[]
O Yvind Tafjord,1996,1,[]
O-Kab Kwon,2000,6,[]
O. A. Battistel,1998,7,['UFSM']
O. A. Castro Alvaredo,2000,1,[]
O. A. Castro-Alvaredo,1999,11,[]
O. A. Gelfond,2003,1,[]
O. A. Olkhov,2002,3,"['Institute of Chemical Physics, Moscow']"
O. A. Rytchkov,1996,7,[]
O. A. Soloviev,1993,13,['Queen Mary College']
O. Abe,1997,3,[]
O. Aharony,1992,13,[]
O. Andreev,1998,1,[]
O. B. Zaslavskii,1998,10,"['Department of Physics, Kharkov State University', ""Department of Physics, Kharkov Karazin's National State University""]"
O. Babelon,1992,12,[]
O. Baerwald,1999,3,[]
O. Barwald,1997,1,"[""King's College, London""]"
O. Bergman,1993,16,"['Brandeis, Harvard', 'Caltech', 'Harvard']"
O. Bertolami,2002,1,[]
O. Bohr,2001,1,[]
O. Brodbeck,1995,3,[]
O. Casta~Nos,1994,4,[]
O. Chandia,1999,3,"['IFT/UNESP, Sao Paulo']"
O. Coceal,1996,2,[]
O. Corradini,2000,2,[]
O. Coussaert,1993,2,[]
O. Dewolfe,1999,1,[]
O. Espinosa,1997,2,[]
O. F. Dayi,1992,13,[]
O. F. Dorofeyev,1999,1,[]
O. Foda,1994,3,[]
O. Ganor,1992,7,[]
O. Golinelli,1995,3,[]
O. Grandjean,1995,4,[]
O. H. G. Branco,1993,1,[]
O. I. Vasilenko,2001,1,[]
O. I. Zavialov,1998,1,[]
O. J. Ganor,2000,2,['Princeton U.']
O. J. P. Eboli,1995,1,[]
O. Jahn,1996,2,[]
O. Jofre,1993,1,[]
O. K. Kalashnikov,1993,2,[]
O. K. Pashaev,1993,7,['2']
O. Kechkin,1996,7,[]
O. Kenneth,1999,3,[]
O. L. Battistel,1999,1,[]
O. Lauscher,2000,5,[]
O. Lebedev,2001,1,[]
O. Lechtenfeld,1993,8,[]
O. Lipan,1996,1,[]
O. Lisovy,2001,1,[]
O. Lunin,1998,8,[]
O. M. Del Cima,1994,18,"['1,2', 'CBPF,GFT']"
O. M. Khudaverdian,1993,4,['Yerevan State University']
O. Megged,1997,2,[]
O. Miskovic,1998,2,['Vinca Inst.']
O. Moritsch,1993,10,[]
O. N. Khudaverdian,1992,1,[]
O. Navratil,1992,2,[]
O. O. Lisovy,2001,1,[]
O. Obregon,1995,16,[]
O. Ogievetsky,1992,3,[]
O. Oliveira,2001,2,[]
O. P. Santillan,2002,1,[]
O. Pelc,1993,2,[]
O. Piguet,1992,12,[]
O. Pujolas,2003,2,[]
O. Raetzel,1998,2,[]
O. Ragnisco,1994,2,[]
O. Rojas Santos,1999,1,[]
O. Ruchayskiy,2001,1,[]
O. S. Ventura,1997,12,[]
O. Santillan,2001,1,[]
O. Sarioglu,1997,2,[]
O. Schnetz,1996,1,[]
O. Schroeder,2002,1,[]
O. Sheinman,1995,1,[]
O. Steinmann,1994,1,"['Universitaet Bielefeld, Fakultaet fuer Physik, D-33501 Bielefeld, Germany']"
O. T. Turgut,1993,6,"['1,2', 'University of Rochester, Rochester, NY']"
O. Tabata,1997,1,"['Hokkaido U. of Educ., Asahikawa Campus']"
O. Teoman Turgut,2001,3,"['Bogazici Univ, Istanbul, Feza Gursey Inst, Ist,KTH, Stockholm', 'Bogazici University, Istanbul,,KTH, Stockholm,,Feza Gursey Institute, Istanbul']"
O. Tirkkonen,1992,9,[]
O. V. Dodlov,1993,1,[]
O. V. Kechkin,1994,4,[]
O. V. Manko,1993,1,[]
O. V. Ogievetsky,2000,1,[]
O. V. Shaynkman,2000,3,[]
O. V. Tarasov,1996,1,['DESY-Zeuthen']
O. Veretin,2000,1,[]
O. Verhoeven,1998,2,[]
O. W. Greenberg,1994,8,"['University of Maryland, College Park']"
O. Winkler,2000,3,[]
O. Yu. Shevchenko,1996,6,[]
O. Yu. Shvedov,1997,8,[]
O. Zaboronsky,1995,1,[]
Octavio A. Mattos,1992,1,[]
Octavio Obregon,1995,7,[]
Odd Magne Ogreid,1998,2,[]
Oded Kenneth,1998,1,[]
Ofer Aharony,1993,33,['Rutgers University']
Ofer Feinerman,1998,1,[]
Ofer Megged,1996,1,[]
Oisin A. P. Mac Conamhna,2002,1,[]
Oktay Cebecioglu,2003,2,[]
Oktay K. Pashaev,1995,6,"['JINR, Dubna']"
Oktay K. Pashaev And Jyh-Hao Lee,2001,1,"['IZTECH, Turkey']"
Ola Tornkvist,1997,1,"['Fermilab,DAMTP, Cambridge']"
Olaf Dreyer,2001,1,[]
Olaf Lechtenfeld,1992,33,"['Univ. of Hannover, Germany', 'ITP, University of Hanover']"
Olalla A. Castro-Alvaredo,2001,3,[]
Olalla Castro-Alvaredo,2001,2,[]
Ole Warnaar,1993,2,[]
Oleg A Soloviev,1995,1,[]
Oleg A. Soloviev,1993,10,"['Queen Mary College', 'QMW College, London']"
Oleg Andreev,1994,18,"['USC', 'Ecole Normale Superieure,Landau Institute for Theoretical Physics']"
Oleg G. Smolyanov,1997,1,[]
Oleg Kechkin,1997,7,[]
Oleg Lebedev,2001,4,['U. Sussex']
Oleg Lunin,1998,15,[]
Oleg Mokhov,1993,4,['Steklov Mathematical Institute']
Oleg Ogievetsky,1992,2,[]
Oleg Ruchayskiy,2000,3,[]
Oleg Shvedov,2001,2,[]
Oleg Soloviev,1999,1,[]
Oleg V. Kechkin,2001,4,[]
Oleg Yu. Shvedov,2001,4,[]
Oleg Zaboronsky,1995,3,['IAS']
Oleksandr Pavlyk,2002,1,[]
Olga Arias,2002,1,[]
Olindo Corradini,1997,10,[]
Oliver Baerwald,1997,1,"[""King's College, London""]"
Oliver Barwald,1996,1,['Hamburg University']
Oliver Dewolfe,1997,14,[]
Oliver Haschke,1998,4,[]
Oliver Jahn,1999,2,['U Erlangen']
Oliver Rudolph,1993,1,[]
Oliver Schnetz,1996,2,[]
Oliver Schwindt,2000,1,"['UMIST, UK']"
Olivera Miskovic,1998,4,['Vinca Institute']
Olivier Babelon,1992,3,[]
Olivier Coussaert,1998,1,[]
Olivier De Mirleau,1996,2,['University of Amsterdam']
Olivier De Mirleau.,1995,1,['University of Amsterdam']
Olivier Espinosa,2002,1,[]
Olivier Piguet,1993,21,['UFES-Vitoria']
Olivier Verhoeven,2002,1,[]
Omar Foda,1992,6,[]
Omar Mustafa,2002,1,[]
Omduth Coceal,1995,2,[]
Omer F. Dayi,1995,2,[]
Oren Bergman,1994,15,"['University of Florida', 'Florida, Brandeis']"
Ori Ganor,1998,1,[]
Ori J. Ganor,1996,28,['Princeton U.']
Oriol Pujolas,2000,3,[]
Orit Levin,1994,3,[]
Orlando Alvarez,1995,9,[]
Orlando Ragnisco,1994,1,[]
Osamu Abe,1995,2,['Hokkaido U. of Educ.']
Osamu Seto,2000,2,[]
Osamu Tsuchiya,1994,1,[]
Oscar Diego,1993,5,[]
Oscar J. C. Dias,2001,7,[]
Oscar Jofre,1995,1,[]
Oscar Loaiza-Brito,2000,5,[]
Oscar Rosas-Ortiz,1995,1,[]
Oscar Varela,2002,1,[]
Oskar Pelc,1995,9,[]
Osmo Pekonen,1993,1,[]
Osvaldo Chandia,1997,9,[]
Oswaldo M. Del Cima,1997,4,['TU-Wien']
Othmar Brodbeck,1997,1,[]
Oussama Hijazi,2001,1,[]
Ovid C. Jacob,1993,6,[]
Ovidiu Lipan,2000,1,[]
Ovidiu Tintareanu-Mircea,2001,1,[]
Oyvind Tafjord,1997,10,[]
Ozgur Sarioglu,2002,2,['METU']
P Bowcock,1995,1,[]
P C West,2000,1,[]
P D Jarvis,1995,6,[]
P K Townsend,1999,1,[]
P Kennedy,2000,1,[]
P L Christiansen,1994,1,[]
P Moyassari,2001,1,[]
P P Martin,2002,1,[]
P V Landshoff,1993,3,[]
P Van Nieuwenhuizen,1993,1,[]
P. A. A. Meessen,1994,1,[]
P. A. Blaga,1994,1,[]
P. A. G. Pisani,2002,1,[]
P. A. Grassi,1998,14,"['New York Univ.', 'YITP, Stony Brook', 'SUNY, Stony Brook', '1', 'Munich, Max Planck Inst.', 'New York U.']"
P. A. Horvathy,1994,23,[]
P. A. Maia Neto,2002,2,[]
P. A. Marchetti,1994,11,[]
P. A. Pearce,1993,3,[]
P. A. Saponov,1995,3,[]
P. A. Shah,1993,3,[]
P. Aschieri,1992,5,[]
P. Aspinwall,1994,2,[]
P. B. Gilkey,1997,3,[]
P. B. Medvedev,1992,16,[]
P. B. Ramos,1994,5,[]
P. B. Wiegmann,1994,6,[]
P. Bain,1999,7,[]
P. Bantay,1995,7,[]
P. Baseilhac,1998,15,[]
P. Berglund,1992,23,[]
P. Bieliavsky,2002,1,[]
P. Binetruy,1993,7,[]
P. Bleher,2002,1,[]
P. Bordalo,2003,1,[]
P. Bouwknegt,1992,11,"['1', 'Adelaide']"
P. Bowcock,1992,13,['Durham University']
P. Bozhilov,1997,14,[]
P. Brax,1994,4,[]
P. Butera,2001,1,[]
P. C. Argyres,1992,5,[]
P. C. R. C. Mello,1993,1,[]
P. C. R. Cardoso De Mello,1996,1,[]
P. C. Schuster,2003,1,[]
P. C. Stichel,1998,9,"['Bielefeld, Germany', 'Bielefeld']"
P. C. Tjiang,1998,1,[]
P. C. West,1992,37,"[""King's College, London""]"
P. Caban,1993,1,[]
P. Calabrese,2000,1,[]
P. Candelas,1993,4,[]
P. Carta,2000,10,[]
P. Cartier,2001,1,[]
P. Cassak,2001,1,"['Wisconsin U., Madison']"
P. Castelo Ferreira,2000,4,[]
P. Castorina,2002,2,"['1,2']"
P. Cea,1994,4,[]
P. Claus,1995,8,[]
P. Consoli,1994,1,[]
P. Cotta-Ramusino,1994,5,[]
P. Creminelli,2002,2,[]
P. Czerhoniak,2000,1,"['Pedagogical Univ. in Zielona Gora, Poland']"
P. D. Death,1993,2,[]
P. D. Jarvis,1998,3,"['University of Tasmania', 'School of Mathematics,Physics, University of Tasmania']"
P. Dargis,1993,1,[]
P. Dawson,2000,3,[]
P. De Medeiros,2002,3,[]
P. Demkin,1994,1,[]
P. Desrosiers,2001,4,[]
P. Di Francesco,1992,17,[]
P. Di Vecchia,1993,16,[]
P. Dimopoulos,2000,1,[]
P. Donatis,1997,1,['UFRJ']
P. Dorey,2000,2,[]
P. E. Dorey,1993,2,[]
P. E. Gibbs,1994,3,[]
P. E. Haagensen,1993,4,[]
P. Elmfors,1993,1,[]
P. Eslami,2000,1,[]
P. F. Bedaque,1992,1,[]
P. F. Borges,1996,5,[]
P. F. Gonzalez-Diaz,2001,3,[]
P. F. Kelly,2001,2,[]
P. Fendley,1992,8,[]
P. Fischer,2002,1,[]
P. Fiziev,1995,3,[]
P. Fonseca,2001,1,[]
P. Forgacs,1993,8,[]
P. Fosalba-Vela,1995,1,[]
P. Fr`E,1992,1,[]
P. Fre,1992,22,[]
P. Fre`,1998,6,[]
P. Furlan,1992,10,[]
P. G. O. Freund,1993,2,['University of Chicago']
P. G. Polynkin,1994,1,[]
P. G. Savvidy,1994,1,[]
P. G. Tinyakov,1998,2,[]
P. Gaete,1993,1,[]
P. Garcia,1995,1,['U. Montpellier II-CNRS']
P. Garcia And A. Neveu,1995,1,['U. Montpellier II-CNRS']
P. Giacconi,1994,4,[]
P. Gilkey,2002,1,[]
P. Ginsparg,1993,2,[]
P. Goddard,1994,2,[]
P. Gosdzinsky,1998,1,[]
P. Gosselin,2000,1,[]
P. Grange,1994,5,[]
P. Gregoire,1992,1,[]
P. Grinza,1999,4,[]
P. H. Cox,1992,2,"['Texas A,M University-Kingsville']"
P. H. Damgaard,1992,34,[]
P. H. Frampton,1998,4,[]
P. H. M. Kersten,2000,1,[]
P. Haberl,1994,3,"['RWTH Aachen, ITP']"
P. Haggi-Mani,1998,1,[]
P. Hajicek,2000,2,[]
P. Haney,1999,1,[]
P. Hawaii,1996,2,[]
P. Hellinger,1993,1,[]
P. Henry-Labordere,2000,2,['LPT-ENS']
P. Heslop,2000,4,[]
P. Holod,1994,1,[]
P. Howe,1992,2,[]
P. Hoxha,1999,2,[]
P. I. Fomin,1999,2,[]
P. I. Porfyriadis,1995,7,[]
P. I. Pronin,1994,5,[]
P. J. Arias,1993,5,[]
P. J. Ariasa,1995,1,[]
P. J. Grimshare,1995,1,[]
P. J. Heslop,2001,4,[]
P. J. Hodges,1996,1,[]
P. J. Ruback,1993,1,[]
P. J. Steinhardt,1995,2,[]
P. Jacob,2000,5,[]
P. Jizba,1998,4,"['DAMTP, Cambridge Univ.']"
P. John,1996,1,[]
P. K. Mitter,1993,3,[]
P. K. Panigrahi,1992,6,[]
P. K. Roy,1995,1,[]
P. K. Townsend,1992,61,['Cambridge University']
P. Kanti,1995,8,['CERN']
P. Kaste,1999,3,[]
P. Kennedy,2001,1,[]
P. Khorsand,2001,1,[]
P. Kielanowski,1999,4,[]
P. Kleban,1993,1,[]
P. Kolokotronis,1994,4,[]
P. Kondratowicz,1994,1,[]
P. Kosinski,1993,15,"['Lodz University, Poland', 'Lodz Univ.', 'University of Lodz, Poland', '1']"
P. Kosinski.,1995,1,[]
P. Kouroumalou,2001,1,[]
P. Kulish,1992,1,[]
P. Kurzepa,1993,2,[]
P. Kuusk,1997,1,[]
P. L. Christiansen,1995,1,[]
P. L. Natti,1997,2,[]
P. L. Paul,1995,1,[]
P. Labastie,1994,1,[]
P. Langacker,1997,2,[]
P. Langfelder,2003,1,[]
P. Lavrov,1997,2,['Tomsk State Ped. University']
P. Lecheminant,1998,1,[]
P. Lounesto,1996,1,[]
P. M. Cowdall,1996,6,['Cambridge University']
P. M. Ferreira,1997,2,[]
P. M. Lavrov,1995,17,[]
P. M. Llatas,1994,4,[]
P. M. Petropoulos,1996,7,"['CERN , Neuchatel U.', 'CERN']"
P. M. S. Petropoulos,1994,1,[]
P. M. Sa,1996,1,[]
P. M. Saffin,1997,8,[]
P. M. Stevenson,1996,1,['Rice U.']
P. M. Sutcliffe,2000,2,[]
P. Manousselis,2002,1,[]
P. Mansfield,1998,2,"['U. Durham, UK']"
P. Maraner,1992,8,"['Univ. of Parma, Italy', 'MIT']"
P. Marcel,1996,1,[]
P. Marios Petropoulos,1998,3,"['Ecole Polytechnique, France']"
P. Maris,1992,1,[]
P. Martin,1992,1,[]
P. Martineau,2001,3,[]
P. Martinetti,1999,2,[]
P. Maslanka,1993,12,"['2', 'Lodz Univ.']"
P. Mathieu,1992,28,"['Laval', ""Universit\\'e Laval""]"
P. Matlock,1999,2,[]
P. Mayr,1993,31,[]
P. Meessen,1997,11,"['U. Autonoma de Madrid', ""Universidad Aut\\'onoma de Madrid""]"
P. Mejean,1996,1,[]
P. Menotti,1992,7,"['Department of Physics, University of Pisa, Italy']"
P. Merlatti,2000,9,[]
P. Minkowski,1997,4,[]
P. Minning,2002,1,[]
P. Mitra,1993,19,"['Saha Institute of Nuclear Physics', 'Saha Inst', 'Saha Institute of Nuclear Physics, Calcutta']"
P. Moniz,2002,2,[]
P. Montague,1992,4,[]
P. Mora,1992,1,[]
P. Mosconi,2001,2,[]
P. Moshin,1997,2,['Tomsk State University']
P. Mukherjee,1996,6,"['A.B.N. Seal College, West-Bengal, India']"
P. N. Mcgraw,1998,1,[]
P. N. Pyatov,1992,5,[]
P. Narayana Swamy,1999,3,[]
P. Navarro,1998,4,[]
P. Nicolini,2000,1,[]
P. O. Hess,1996,4,[]
P. O. Kazinski,2002,2,[]
P. O. Mazur,1992,4,[]
P. Olesen,1995,10,['The Niels Bohr Institute']
P. Orland,1998,2,"['Niels Bohr Inst.,Baruch, CUNY']"
P. Osland,1996,1,['Bergen']
P. Ouyang,1999,1,[]
P. P. Divakaran,1999,1,[]
P. P. Kulish,1992,12,"['Paris,St.Petersburg']"
P. P. Martin,1993,1,[]
P. Page,1998,1,[]
P. Panigrahi,1998,1,[]
P. Parkin,2000,1,[]
P. Pasanen,1993,1,[]
P. Pascual,1994,1,[]
P. Pasti,1993,6,[]
P. Pearce,1998,1,[]
P. Peter,2001,1,['IAP']
P. Pitanga,2000,1,['Universidade Federal do Rio de Janeiro - UFRJ']
P. Podles,1994,3,[]
P. Pouliot,1995,8,['Rutgers University']
P. Presnajder,1995,15,[]
P. Prester,1999,5,[]
P. Prevsnajder,1992,3,[]
P. Pronin,1996,6,[]
P. Provero,1998,9,[]
P. Pujol,1997,2,[]
P. Quarati,1995,3,[]
P. R. Johnson,1994,6,"['Saclay', 'Swansea']"
P. R. Silva,2000,1,"['Physics Department, UFMG, Belo Horizonte, Brazil']"
P. Rakow,1997,1,[]
P. Rama Devi,1992,1,[]
P. Ramadevi,1993,16,['2']
P. Ramond,1994,7,"['University of Florida, Gainesville', 'U Florida, Gainesville']"
P. Resco,2002,1,[]
P. Roche,2002,1,[]
P. Rossi,1995,2,[]
P. Rotelli,1993,2,[]
P. Ruelle,1992,9,[]
P. Rychenkova,1996,3,[]
P. S. Aspinwall,1993,4,[]
P. S. Howe,1992,51,['London']
P. S. Kuhn,1994,1,[]
P. S. Kurzepa,1992,3,[]
P. S. Montague,1994,6,[]
P. S. Norridge,1995,1,[]
P. S. Wesson,2001,1,[]
P. Salgado,2002,1,[]
P. Salomonson,1992,4,[]
P. Saltsidis,1994,4,[]
P. Schaller,1993,4,['TU Wien']
P. Scudellaro,1999,2,"['INFN,Dipartimento di Scienze Fisiche, Universita` di Napoli']"
P. Severa,1994,8,[]
P. Siemion,1993,3,[]
P. Silaev,1997,1,[]
P. Simon,1996,4,[]
P. Simonetti,1992,11,[]
P. Slodowy,1994,1,[]
P. Sodano,1993,15,['1']
P. Sorba,1992,23,[]
P. Soriani,1992,6,[]
P. Stichel,2002,1,"['Bielefeld, Germany']"
P. Stovicek,1994,1,[]
P. Strigazzi,1999,4,[]
P. Sundell,1997,22,['UG']
P. Suranyi,2000,3,[]
P. Sutton,1999,3,[]
P. Tempesta,1999,1,[]
P. Teotonio-Sobrinho,1992,14,[]
P. Termonia,1995,9,[]
P. Tran-Ngoc-Bich,1998,1,[]
P. Truini,1994,2,[]
P. V. Landshoff,1996,1,[]
P. V. Moniz,1997,3,"['DAMTP, U. Cambridge']"
P. Valtancoli,1995,9,['Florence U.']
P. Van Baal,1999,2,[]
P. Van Driel,1992,2,[]
P. Van Moerbeke,1996,2,[]
P. Van Nieuwehuizen,2002,1,"['YITP, Stony Brook']"
P. Van Nieuwenhuizen,1992,27,"['YITP, Stony Brook', 'SUNY, Stony Brook', '1']"
P. Vanhove,1997,3,[]
P. Vecsernyes,1994,2,[]
P. Vitale,1993,15,['Napoli']
P. W. Irwin,1999,2,[]
P. Wagner,2002,1,[]
P. Wang,2001,1,[]
P. Wegrzyn,1994,3,[]
P. Weisz,2000,2,"['MPI, Munich', 'Max-Planck-Institut, Munich']"
P. West,1992,15,"[""King's College, London""]"
P. Wiegmann,1996,6,[]
P. Windey,1993,4,[]
P. Winternitz,1993,7,[]
P. Y. Casteill,2000,2,[]
P. Yu. Moshin,1995,9,[]
P. Zanca,1993,1,[]
P. Zaugg,1996,3,[]
P. Zavada,2000,1,[]
P. Zenczykowski,2001,1,[]
P. Zinn-Justin,1997,2,[]
P.~Berglund,1992,1,[]
Pablo J. Marrero,1999,1,['UMass Amherst']
Pablo M. Llatas,1994,6,[]
Pablo Minces,1998,6,[]
Pablo Mora,1993,4,"['U. of Maryland an U. de la Republica, Uruguay']"
Palash B. Pal,1998,2,"['Saha Institute, Calcutta']"
Panagiota Kanti,1998,5,"['University of Ioannina', 'CERN']"
Panagiotis Saltsidis,1998,1,[]
Pang-Ning Tan,1996,2,[]
Pankaj S. Joshi,1992,1,"['Tata Institute of Fundamental Research, Bombay, India']"
Pankaj Sharan,1995,5,[]
Paola Giacconi,1995,1,[]
Paola Lecca,1997,1,[]
Paola Mosconi,2003,1,[]
Paolo Aschieri,1992,10,['LMU Munich']
Paolo Budinich,1998,5,[]
Paolo Carta,2000,2,[]
Paolo Cea,1996,4,"['Bari U. , INFN, Bari']"
Paolo Cotta-Ramusino,1995,1,[]
Paolo Creminelli,2001,4,[]
Paolo Di Vecchia,1992,14,[]
Paolo Furlan,1996,3,[]
Paolo Maraner,1994,1,[]
Paolo Pasti,1995,14,[]
Paolo Provero,1992,3,[]
Paolo Rossi,1994,5,['INFN at Pisa']
Paolo Soriani,1994,1,[]
Paolo Tomassini,1997,1,[]
Paolo Valtancoli,1995,11,['University of Florence']
Par Arvidsson,2002,1,[]
Par Stjernberg,1996,3,['Uppsala University']
Parampreet Singh,2001,4,[]
Parentani Renaud,1993,2,[]
Partha Guha,1993,1,[]
Partha Mukhopadhyay,2000,4,[]
Parthasarathi Majumdar,1992,22,"['I.M.Sc.', 'Inst. of Math. Sc., Chennai, India']"
Parviz H. Mani,1997,1,[]
Parviz Haggi-Mani,2000,2,[]
Pascal Bain,2002,1,[]
Pascal Baseilhac,1999,1,[]
Pascal Grange,2002,2,[]
Pascal Tran-Ngoc-Bich,1998,2,[]
Pascual Lucas,2002,1,[]
Pasquale Calabrese,2002,1,[]
Pasquale Siniscalco,1997,1,[]
Pasquale Sodano,1995,2,[]
Patricia Schwarz,1997,1,[]
Patricio Gaete,1995,8,[]
Patrick A. A. Meessen,1994,1,[]
Patrick B. Greene,2003,1,[]
Patrick Brockill,2001,1,[]
Patrick Dorey,1992,27,[]
Patrick Huet,1996,1,['University of Washington']
Patrick Irwin,1997,4,[]
Patrick J. Fox,2001,2,[]
Patrick J. Sutton,2002,1,[]
Patrick Martineau,2002,1,[]
Patrick Mcgraw,1994,3,['California Inst. of Technology']
Patrick Meessen,1997,6,['ITF-KUL']
Patrick Peter,1999,7,['IAP']
Patrick Roberts,1992,1,[]
Patrizia Vitale,1996,2,[]
Paul A. Blaga,1995,1,[]
Paul A. Griffin,1992,3,[]
Paul A. Pearce,1993,23,"['Math , Stats Dept, the University of Melbourne']"
Paul Aspinwall,1994,2,[]
Paul Bressler,2002,2,[]
Paul Coddington,1992,2,[]
Paul De Medeiros,2001,1,[]
Paul Demkin,1994,3,[]
Paul F. Mende,1992,3,[]
Paul Federbush,1995,9,"['Univ. of Mich.', 'Univ. of Michigan', 'University of Michigan']"
Paul Fendley,1992,13,[]
Paul Ginsparg,1992,1,[]
Paul H. Frampton,1992,17,[]
Paul Haney,1999,1,[]
Paul Howe,1995,2,[]
Paul J. Steinhardt,1999,10,"['Princeton', 'Princeton U.']"
Paul K. Townsend,1996,23,[]
Paul Koerber,2001,6,[]
Paul Langacker,1992,5,[]
Paul M. Saffin,2001,1,[]
Paul M. Sutcliffe,1998,2,[]
Paul Mansfield,1993,20,[]
Paul Martin,1993,3,[]
Paul Mccloud,1993,1,[]
Paul Midodashvili,2001,1,[]
Paul Ohara,1997,1,['Northeastern Illinois University']
Paul P. Budnik Jr.,1994,1,['Mountain Math Software']
Paul Pearce,1995,1,[]
Paul S. Aspinwall,1993,30,[]
Paul S. Green,1993,2,[]
Paul S. Norridge,1994,2,[]
Paul Shocklee,2001,1,[]
Paul Steinhardt,1992,1,[]
Paul Sutcliffe,1994,30,"['DAMTP, Cambridge']"
Paul Townsend,1999,3,[]
Paul Watts,1992,13,"['Department of Physics, University of Miami', 'Dublin Institute for Advanced Studies', 'LBL,UC Berkeley', 'Centre de Physique Theorique, Marseille, France']"
Paul Windey,1995,4,[]
Paulina Rychenkova,2002,1,[]
Paulo F. Bedaque,1992,1,[]
Paulo M. Sa,1995,1,[]
Paulo Vargas Moniz,2000,1,[]
Paulus C. Tjiang,1998,1,[]
Pavel Etingof,1993,16,"['Department of Mathematics, Yale University', 'Harvard']"
Pavel Grozman,1997,3,['University of Stockholm']
Pavel Kolar,2001,1,[]
Pavel Kovtun,2003,2,[]
Pavel M. Bleher,1993,1,[]
Pavel Winternitz,2000,1,[]
Pavel Yu. Moshin,1999,2,[]
Pavlos Pasipoularides,2000,2,[]
Pavlos Vranas,1993,1,[]
Pavol Severa,1998,3,[]
Pawel Caban,1996,1,[]
Pawel Maslanka,1994,4,[]
Pawel O. Mazur,1995,16,['1']
Pawel Oskar Mazur,1996,1,[]
Pawel Wegrzyn,1994,2,['Jagellonian Univ.']
Pe Dorey,1995,1,[]
Pedro Bordalo,2001,1,[]
Pedro Castelo Ferreira,2001,1,[]
Pedro D. Fonseca,1998,1,['Rutgers University']
Pedro F. Gonzalez-Diaz,1996,7,"['IMAFF, CSIC, Madrid', 'IMAFF, CSIC, Spain', 'IMAFF, CSIC']"
Pedro J. Silva,1997,18,['Newcastle University U.K.']
Pedro Labra~Na,2001,1,"[""Pontificia Universidad Cat\\'{o}lica de Chile""]"
Pedro Leite Barbieri,2001,1,[]
Pedro Navarro,1999,1,[]
Pedro Resco,2001,2,['IFT-UAM/CSIC']
Pedro Silva,2000,1,[]
Pei Ming Ho,2001,1,[]
Pei Wang,1995,5,[]
Pei-Ming Ho,1994,35,[]
Peng-Ming Zhang,2002,1,[]
Pepijn Van Der Laan,2002,1,[]
Per Berglund,1993,7,[]
Per Elmfors,1993,4,[]
Per Kraus,1994,32,"['Caltech', 'Cal Tech']"
Per Liljenberg,1994,2,[]
Per Osland,1998,4,['Bergen']
Per Salomonson,1993,5,['Chalmers University of Technology']
Per Sundell,1993,9,"['Institute of Theoretical Physics, Chalmers University of Technology']"
Percy L. Paul,2000,1,[]
Pere Talavera,2002,2,"['Barcelona, Polytechnic U.']"
Peter A. Henning,1998,2,[]
Peter A. Horvathy,2002,1,[]
Peter Austing,2000,5,[]
Peter B. Gilkey,1995,1,[]
Peter Bantay,1993,6,[]
Peter Bouwknegt,1992,10,[]
Peter Bowcock,1998,2,[]
Peter C West,2002,2,[]
Peter C. Stichel,1996,3,[]
Peter C. West,1998,2,[]
Peter Chang,1992,2,[]
Peter Cho,1996,7,[]
Peter D Jarvis,1996,1,['Tasmania']
Peter E. Haagensen,1993,11,"['McGill U.', 'McGill University']"
Peter Forgacs,1995,4,[]
Peter G. O. Freund,1992,6,[]
Peter Gilkey,2000,4,[]
Peter Gillan,2001,1,[]
Peter Goddard,1994,2,[]
Peter Haberl,1995,1,[]
Peter Henselder,2002,1,[]
Peter J. Love,2002,1,[]
Peter J. Olver,1996,2,['3']
Peter K. S. Dunsby,2002,1,[]
Peter K. Silaev,1995,1,[]
Peter Kaste,1999,4,[]
Peter Kopietz,2000,1,[]
Peter L. White,1992,1,[]
Peter Langfelder,2000,6,[]
Peter Lee,2001,6,[]
Peter Leifer,1997,2,[]
Peter Levay,1995,1,[]
Peter Matlock,2002,1,[]
Peter Mattsson,1999,3,[]
Peter Meisinger,2001,1,[]
Peter Minkowski,2002,2,[]
Peter Morgan,2003,1,[]
Peter N. Meisinger,2000,2,[]
Peter Orland,1993,7,"['Graduate Center,Baruch College, CUNY', 'Grad School,Univ. Center,Baruch Coll., CUNY']"
Peter Ouyang,2001,5,[]
Peter Peldan,1992,1,[]
Peter Presnajder,1999,4,[]
Peter R. Johnson,1995,1,"['Wales, Swansea']"
Peter Rajan,2000,3,[]
Peter Schaller,1992,3,[]
Peter Schupp,1992,26,[]
Peter Suranyi,1992,1,[]
Peter Tinyakov,2001,2,[]
Peter Ullrich,1997,1,[]
Peter Van Driel,1992,3,[]
Peter Van Nieuwenhuizen,1992,26,"['ITP, SUNY Stony Brook', 'SUNY at Stony Brook', 'ITP SUNY Stony Brook']"
Peter Van Niewenhuizen,1999,1,['YITP Stony Brook']
Peter Varga,1997,1,[]
Peter Vecsernyes,1993,2,[]
Peter W. Michor,1994,1,[]
Peter West,1992,9,"[""King's College""]"
Peter Woit,2002,1,"['Dept. of Mathematics, Columbia University']"
Petko A. Nikolov,2002,1,[]
Petr Horava,1992,20,"['Princeton University', 'Caltech', 'Princeton U.']"
Petr I. Pronin,1999,1,[]
Petr Jizba,1997,6,['U. Cambridge']
Petr Lavrov,2001,2,[]
Petr M. Lavrov,1998,3,[]
Petr. I. Pronin,1998,2,[]
Petre Dic Tu A,1997,1,[]
Petre Dita,1999,2,[]
Petri Salo,1998,1,[]
Ph Brax,1997,1,[]
Ph Ruelle,1992,1,[]
Ph Spindel,1999,1,[]
Ph Zaugg,1999,1,[]
Ph. Blanchard,1993,4,[]
Ph. Boucaud,1998,1,[]
Ph. Brax,1995,21,"['SPhT, Saclay', 'DAMTP-University of Cambridge-UK']"
Ph. Droz-Vincent,1996,2,"['LUTH, Observatoire, Meudon, France', ""CNRS, Universit\\'e P. et M. Curie, Paris""]"
Ph. Ruelle,2000,1,[]
Ph. Spindel,1993,10,[]
Ph. Zaugg,1998,1,[]
Phil E. Gibbs,1995,3,[]
Philip A. Deboer,2003,1,[]
Philip A. Tuckey,1992,2,[]
Philip Argyres,1993,1,[]
Philip C. Argyres,1992,22,"['Cornell, ITP Santa Barbara', 'Rutgers University']"
Philip Candelas,1993,12,[]
Philip D. Mannheim,2000,5,"['University of Connecticut', 'U. Connecticut,MIT']"
Philip Deboer,2000,2,[]
Philip J. Rosenthal,1993,2,[]
Philip Parkin,2000,1,[]
Philippe Brax,2000,7,['Saclay']
Philippe Droz-Vincent,1996,3,"['Universite P. et M. Curie, Paris', 'Meudon, France']"
Philippe Garcia,1995,1,[]
Philippe Gregoire,1992,1,[]
Philippe Pouliot,1996,6,[]
Philippe Roche,1992,1,[]
Philippe Ruelle,1993,4,[]
Philippe Spindel,2001,1,[]
Philippe Zaugg,1994,4,[]
Philippos Papadopoulos,2000,1,['Porstmouth']
Phillial Oh,1993,33,"['SungkyunkwanUniv.', 'Sungkyunkwan University']"
Phung Ho Hai,1994,1,['Munich Univ.']
Pier Paolo Peirano,1995,3,"['Department of Physics, University of Pisa', 'peirano@sunthpi1.difi.unipi.it']"
Pieralberto Marchetti,2001,2,[]
Piergiulio Tempesta,2000,1,[]
Piero Nicolini,2002,1,[]
Pierre Binetruy,1995,8,"['Orsay, LPTHE', 'LPTHE']"
Pierre Deligne,1999,1,[]
Pierre Gosselin,1997,1,[]
Pierre Grange,1997,2,"[""Laboratoire de Physique Math\\'ematique et The\\'orique Universit\\'e Montpellier II""]"
Pierre Henry-Labord`Ere,2002,1,"['Queen Mary,Westfield College, London']"
Pierre Henry-Labordere,2002,2,[]
Pierre Mathieu,1994,3,[]
Pierre Minnaert,1994,1,[]
Pierre Pujol,1994,4,[]
Pierre Ramond,2000,5,[]
Pierre Sikivie,1994,1,[]
Pierre Van Baal,1995,16,"['Instituut-Lorentz, University of Leiden']"
Pierre Van Moerbeke,1997,1,[]
Pierre Vanhove,1997,11,"['DAMTP, UK', 'Ecole Polytechnique']"
Pierre-Yves Casteill,2001,3,[]
Piers Kennedy,2001,1,[]
Piet Claus,1997,10,[]
Piet Termonia,1998,4,[]
Pieter-Jan De Smet,2000,5,[]
Pietro Antonio Grassi,1995,4,"['2', 'Max-Planck-Inst., Munich', 'Munich, Max-Planck Inst.']"
Pietro Donatis,1993,2,[]
Pietro Fr`E,2001,2,[]
Pietro Fre,1992,25,"[""Universit\\'a di Torino"", 'Torino University', 'University of Torino']"
Pietro Fre`,1998,2,[]
Pietro Menotti,1995,10,"['University of Pisa', 'menotti@ibmth.difi.unipi.it', 'Department of Physics, University of Pisa, Italy']"
Pietro Menotti Pier Paolo Peirano,1995,1,['menotti@ibmth.difi.unipi.it']
Pietro Santorelli,1999,1,[]
Pijush K. Ghosh,1993,15,[]
Piljin Yi,1993,36,[]
Pinaki Roy,2002,1,[]
Pinsky,1992,1,[]
Pio J. Arias,1993,3,"['Caracas, Univ. Central']"
Pio Jose Arias,1997,1,[]
Pio Jose Arias Y Jorge Stephany,1994,1,[]
Piotr Bizon,1992,2,"['Institut f\\""ur Theoretische Physik Universit\\""at Wien Boltzmanngasse 5, A-1090 Vienna, Austria']"
Piotr Czerhoniak,2003,1,"['Institute of Physics, Zielona Gora Univ.']"
Piotr Flin,2002,1,[]
Piotr Kosinski,1994,7,[]
Piotr M. Hajac,1994,1,[]
Piotr Podles,1994,1,[]
Piotr T. Chrusciel,2000,1,[]
Pirjo Pasanen,1995,3,[]
Plamen P. Fiziev,2001,1,[]
Porus Lakdawala,1993,2,[]
Poul H. Damgaard,1997,2,[]
Poul Olesen,2002,2,[]
Pradip K Sahu,1995,1,[]
Pran Nath,2001,1,[]
Prasanta K. Panigrahi,1993,7,[]
Prasanta K. Tripathy,1998,9,"['IOP, Bhubaneswar']"
Prasanta. K. Panigrahi,1996,1,[]
Pravabati Chingangbam,2002,2,[]
Predrag L. Stojkov,1997,1,[]
Predrag Prester,1995,4,[]
Preeti Parashar,1993,2,[]
Prem P. Srivastava,1993,11,"['Theoretical Physics Group, SLAC, Stanford, CA', 'Inst. Fisica, UERJ-Univ. do Estado de Rio de Janeiro, Rio de Janeiro, Brasil', ""Inst\\'{\\i}tuto de F\\'{\\i}sica, Universidade do Estado de Rio de Janeiro-UERJ, Rio de Janeiro, Brasil""]"
Prospero Simonetti,1998,1,[]
Przemyslaw Siemion,1993,1,[]
Pushan Majumdar,1998,5,[]
Pyung Seong Kwon,2000,2,['Kyungsung Univ']
Pyungwon Ko,1993,1,[]
Q-Han Park,1992,25,[]
Q. A. G. De Souza,1996,1,[]
Q. Ho-Kim,1993,2,[]
Q. Liu,1993,2,[]
Q. P. Liu,1994,4,[]
Q. Shafi,2001,1,[]
Q. Z. Chen,1995,1,[]
Qi-Keng Lu,2000,1,[]
Qi-Shu Yan,2001,1,[]
Qing-Guo Huang,2003,1,[]
Qinghai Wang,2002,1,[]
Qiong-Gui Lin,1998,5,[]
Qun Wang,2000,1,[]
R Delbourgo,1995,7,['University of Tasmania']
R Horan,2002,1,[]
R R Horgan,1999,1,[]
R Rashkov,2001,1,[]
R S Ward,1998,2,[]
R Weston,1992,1,[]
R-G. Cai,2000,1,[]
R-L. K. Koktava,1996,1,[]
R.,1993,1,[]
R. -G. Cai,2001,1,[]
R. A. Battye,1998,5,[]
R. A. Bertlmann,1997,4,['Universitat Wien']
R. A. Coimbra,2002,1,[]
R. A. Janik,1996,9,"['Jagellonian University', '1,2', 'Saclay , Jagellonian U.']"
R. A. Konoplya,2002,1,[]
R. A. Leo,1998,2,[]
R. A. Mccorkle,1996,1,['University of Rhode Island']
R. A. Roemer,2003,1,[]
R. A. Sharipov,1994,1,['Bashkir State University']
R. A. Usmanov,2000,2,[]
R. A. Vazquez,2002,1,"['Departamento de Fisica de Particulas, Universidad de Santiago de Compostela']"
R. Abbaspur,1998,1,[]
R. Acharya,1999,4,[]
R. Akhoury,2000,1,[]
R. Aldrovandi,1998,2,[]
R. Alkofer,1998,2,[]
R. Altendorfer,1999,1,[]
R. Amorim,1994,15,[]
R. Anderson,1994,1,[]
R. Apreda,2001,2,[]
R. Argurio,1997,6,[]
R. Arnowitt,2000,4,[]
R. Aros,2000,1,[]
R. B. Levien,1994,1,[]
R. B. Mackenzie,1993,2,[]
R. B. Mann,1992,30,[]
R. B. Rodrigues,1999,3,[]
R. B. Zhang,1993,5,[]
R. Balbinot,1998,4,[]
R. Banerjee,1993,34,"['S.N. Bose Centre, Calcutta', 'Bose National Center for Basic Sciences']"
R. Barbier,1994,1,[]
R. Barbieri,2002,1,[]
R. Begliuomini,1998,2,[]
R. Behrend,1998,1,[]
R. Benedetti,1998,1,[]
R. Bentin,1998,2,[]
R. Bhattacharyya,2002,3,[]
R. Blumenhagen,1992,5,[]
R. Bonisch,1994,2,[]
R. Brandenberger,1993,4,"['Brown University', 'Brown U.']"
R. Brooks,1992,8,[]
R. Brout,1993,5,[]
R. Brower,1997,1,[]
R. Brustein,1992,21,[]
R. C. Brower,1995,2,['Boston University']
R. C. Helling,2002,1,[]
R. C. King,2002,2,[]
R. C. Myers,1992,21,"['1', 'McGill University']"
R. C. Rashkov,1996,7,[]
R. C. Trinchero,1993,3,[]
R. Capovilla,2001,1,[]
R. Caracciolo,1995,3,[]
R. Carroll,1995,1,"['Mathematics Dept., University of Illinois']"
R. Cartas-Fuentevilla,2002,3,[]
R. Casadio,2000,4,[]
R. Casadio B. Harms,1996,1,"['INFN, Sezione di Bologna, Italy']"
R. Casalbuoni,1994,2,[]
R. Caseiro,2000,2,['Coimbra']
R. Ch. Rashkov,1992,1,[]
R. Chakrabarti,1994,2,['Univ. Madras']
R. Chatterjee,1993,3,['Rutgers University']
R. Clarkson,2002,2,[]
R. Collina,1993,2,[]
R. Constantinescu,1992,1,[]
R. Contino,2002,2,[]
R. Coquereaux,1993,6,"['Centre de Physique Theorique -CNRS-Luminy', '1']"
R. Cuerno,1992,3,[]
R. D. Ball,1993,5,[]
R. D. Daniels,1993,1,[]
R. D. M. De Paola,1999,3,[]
R. D. Simmons,1995,2,[]
R. D. Sorkin,1992,1,[]
R. D. Tangerman,1993,1,[]
R. D. Viollier,1998,1,[]
R. Das,1995,1,[]
R. Dauria,1992,43,[]
R. Davis,1992,1,[]
R. Dawid,1998,1,[]
R. De La Madrid,2001,1,[]
R. De Lima Rodrigues,2002,11,[]
R. De Mello Koch,1998,3,[]
R. De Paola,1998,1,[]
R. De Pietri,1999,1,[]
R. De Ritis,1999,2,"['INFN,Dipartimento di Scienze Fisiche, Universita` di Napoli']"
R. Delbourgo,1994,7,[]
R. Dhanawittayapol,1996,1,[]
R. Dick,2002,1,[]
R. Dijkgraaf,1992,18,[]
R. Djelid,2001,1,[]
R. Donagi,1996,1,[]
R. Durrer,2003,1,[]
R. Dutt,1998,3,[]
R. E. Allen,1998,1,[]
R. E. Browne,2002,2,[]
R. E. Gamboa Saravi,1994,4,[]
R. E. Janik,1996,1,['Jagellonian University']
R. E. Kallosh,1994,1,[]
R. Efraty,1992,1,[]
R. Emparan,1992,8,"['Department of Physics, UCSB']"
R. Endo,1993,4,[]
R. F. Ribeiro,1997,11,['UFPB']
R. F. Sobreiro,2003,1,[]
R. F. Werner,1993,1,[]
R. Fedele,1995,1,[]
R. Fernandez J. Salas,1992,1,[]
R. Ferrari,1994,3,['Milan Univ.']
R. Ferraro,1992,2,[]
R. Fiore,1993,4,[]
R. Floreanini,1993,9,[]
R. Flume,1993,7,[]
R. Foot,1996,1,[]
R. Fulp,1997,1,[]
R. G. Furtado,2002,1,[]
R. G. Jafarov,2002,1,['Baku State U.']
R. G. Leigh,1992,8,['Rutgers']
R. G. Teixeira,1995,3,[]
R. G. Vishwakarma,2002,1,[]
R. Gaida,1998,1,[]
R. Gambini,1992,7,"['IFFC, Montevideo, Uruguay', ""Instituto de F\\'{\\i}sica, Montevideo, Uruguay"", 'Facultad de Ciencias, Montevideo, Uruguay']"
R. Garavuso,2002,1,[]
R. Gatto,1994,1,[]
R. Giachetti,1992,7,[]
R. Giachetti.,1995,1,[]
R. Gianvittorio,1994,6,[]
R. Goetschmann,1994,1,[]
R. Gonzales Felipe,1993,2,[]
R. Gonzalez Felipe,1993,7,[]
R. Gopakumar,1997,2,[]
R. Gregory,1992,3,[]
R. Grimm,1995,4,[]
R. Gueven,2000,2,['Bogazici University']
R. Guida,1995,3,[]
R. Guven,1996,1,[]
R. H. Brandenberger,2000,1,[]
R. H. Poghossian,1999,2,[]
R. H. Rietdijk,1992,6,[]
R. Haeussling,2001,1,['Johannes Gutenberg-Univ. Mainz']
R. Halbersma,1998,1,[]
R. Haussling,1993,1,[]
R. Helling,1998,2,[]
R. Hernandez,1995,5,['IMAFF']
R. Heumann,2000,2,[]
R. Hinterding,1999,1,[]
R. Hofmann,1998,2,[]
R. Holman,1994,4,[]
R. Hong Tuan,1995,1,[]
R. Horsley,1997,1,[]
R. Huebel,1992,6,[]
R. Iengo,1992,9,['SISSA']
R. Iordanescu,1994,1,[]
R. J. Baxter,1992,2,[]
R. J. Budzynski,1994,2,[]
R. J. Cova,1995,4,"['Universidad del Zulia, University of Durham']"
R. J. Crewther,1994,2,[]
R. J. Finkelstein,1999,9,"['U. of California, Los Angeles, CA', 'U. of California, Los Angeles', 'University of California, Los Angeles']"
R. J. Henderson,1993,4,[]
R. J. Perry,1994,1,[]
R. J. Rivers,1994,5,"['Imperial College, London']"
R. J. Szabo,1995,25,"['Oxford', 'NBI']"
R. J. Van Den Hoogen,2002,1,[]
R. Jackiw,1993,50,"['M.I.T.', 'MIT']"
R. Jagannathan,1994,4,"['IMS, Madras']"
R. K. Bhaduri,1993,1,[]
R. K. Kaul,1992,9,[]
R. K. Pradhan,1998,1,[]
R. K. White,2003,1,[]
R. Kallosh,1992,19,[]
R. Kantowski,1992,6,[]
R. Kedem,1992,7,[]
R. Kemmoku,1998,2,[]
R. Kerner,2001,1,[]
R. Kirschner,1993,8,[]
R. Kobayashi,1995,1,[]
R. Koberle,1993,4,[]
R. Kobes,1999,1,['U. Winnipeg']
R. Konik,1995,2,[]
R. Kretschmer,1994,2,['2']
R. Kuriki,1994,8,[]
R. L. Davis,1992,1,[]
R. L. Ingraham,2000,1,[]
R. L. Jaffe,1998,13,[]
R. L. Karp,1996,2,[]
R. L. Mkrtchyan,1994,5,['Yerevan Physics Institute']
R. L. P. G. Amaral,1995,4,[]
R. L. P. G. Do Amaral,1998,2,[]
R. L. Pakman,1999,2,[]
R. L. Wilson,1994,1,[]
R. Lacaze,1993,1,[]
R. Laflamme,1993,1,[]
R. Leigh,1998,1,[]
R. Leitgeb,1999,2,[]
R. Linares,2002,2,[]
R. Loll,1993,17,"['Albert-Einstein-Institut, MPI', 'Albert-Einstein-Institute', 'Albert-Einstein-Institut, Golm', 'AEI', 'Albert-Einstein-Institut', 'U. Utrecht', 'AEI, Golm']"
R. Longo,1994,1,[]
R. Lopez-Pe~Na,1994,4,[]
R. M Williams,1996,2,[]
R. M. Asherova,1994,1,[]
R. M. Avagyan,2002,1,[]
R. M. Cavalcanti,1995,7,['PUC-Rio']
R. M. Ellem,1997,2,[]
R. M. Kashaev,1993,8,[]
R. M. Marinho,1997,1,[]
R. M. Mir -- Kasimov,1994,1,[]
R. M. Mir-Kasimov,1995,1,"['JINR, Dubna']"
R. M. Ricotta,1992,1,[]
R. Mackenzie,1993,7,[]
R. Madden,1993,4,[]
R. Mahurin,2001,1,[]
R. Maimon,2002,1,[]
R. Manka,1996,4,['University of Silesia']
R. Mansouri,1999,5,[]
R. Manvelyan,1997,14,[]
R. Markazi,2000,2,[]
R. Marnelius,1994,1,[]
R. Marotta,1996,16,"['Nordita, Copenhagen', 'Nordita']"
R. Marotta.,1995,1,[]
R. Martinez-Acosta,1999,1,[]
R. Martini,2000,2,[]
R. Mcnees,2000,3,[]
R. Medina,1997,3,[]
R. Menezes,2002,3,[]
R. Minasian,1993,12,['Ecole Polytechnique']
R. Mkrtchyan,1997,7,[]
R. Mochizuki,1992,5,[]
R. Moderski,2002,1,[]
R. Mohayaee,1994,4,[]
R. Montemayor,1997,5,[]
R. Mukund,1997,1,[]
R. Munoz-Tapia,1992,2,[]
R. Muradian,1998,1,[]
R. Musto,1997,5,[]
R. Myrzakulov,1998,1,[]
R. N. Lee,1995,1,[]
R. Nakayama,1994,4,['Hokkaido University']
R. Narayanan,1997,1,['2']
R. Nest,2000,1,[]
R. Neves,2002,1,[]
R. O. Ramos,1993,1,[]
R. P. Grigoryan,1993,3,"['YrPI, Armenia']"
R. P. Lano,1994,3,['The University of Iowa']
R. P. Malik,1992,23,"['Bose National Centre', 'Bose National Centre, Calcutta', 'Bose Centre, Calcutta', 'Bose Centre, Calcutta, India', 'Bose National Centre, Calcutta, India']"
R. P. Manvelyan,1994,5,[]
R. P. Neves,2003,1,[]
R. P. Saxena,1997,5,"['Department of Physics, University of Delhi, India', 'Department of Physics,Astrophysics, University of Delhi, Delhi, India']"
R. P. Woodard,1992,8,"['University of Florida', '2', 'University of Florida at Gainesville']"
R. Padma,1998,1,[]
R. Parentani,1993,7,[]
R. Parthasarathy,1993,16,"['The Institute of Mathematical Sciences, Madras, India']"
R. Parwani,1995,2,[]
R. Pasquier,1995,1,[]
R. Paul Horja,2002,1,[]
R. Paunov,1992,8,[]
R. Pelka,1997,1,[]
R. Percacci,1992,14,[]
R. Peschanski,1999,5,['Saclay']
R. Pettorini,1993,1,[]
R. Pettorino,1998,6,[]
R. Plesser,1992,2,[]
R. Poghossian,1996,5,[]
R. Poppe,1996,1,[]
R. Portugal,1999,1,[]
R. Portugues,2002,1,[]
R. Potting,2002,1,[]
R. Puzio,1999,1,['Penn State']
R. R. Horgan,1996,1,[]
R. R. Khuri,1995,4,['QMW']
R. R. Landim,1999,8,[]
R. R. Lusiniants,1994,1,[]
R. R. Martinez-Acosta,2000,1,[]
R. R. Metsaev,1997,24,['Lebedev Physical Institute']
R. R. Volkas,1996,2,[]
R. Rabadan,1998,10,[]
R. Rademacher,2000,1,[]
R. Rajaraman,1993,1,[]
R. Ramachandran,2001,1,['IMSc']
R. Ramanathan,1998,1,[]
R. Rashkov,2001,1,[]
R. Rattazzi,2000,3,[]
R. Ray,1993,2,[]
R. Renan,1995,1,[]
R. Ricci,1995,1,[]
R. Ristic,1999,1,[]
R. Rodriguez,1996,2,[]
R. Roiban,2001,4,[]
R. Romano,1994,1,[]
R. Rosenfelder,1998,5,"['PSI', 'Paul Scherrer Institute, Switzerland']"
R. Roychoudhury,2000,1,[]
R. Russo,1996,10,[]
R. S. Bhalla,1995,1,[]
R. S. Dunne,1996,5,[]
R. S. Mendes,1992,2,[]
R. S. Thorne,1993,3,[]
R. S. Ward,1995,6,[]
R. Saar,2001,1,[]
R. Saroja,1992,1,[]
R. Sasaki,1992,24,"['Kyoto', 'YITP, Kyoto']"
R. Sauser,2000,2,[]
R. Schack,1994,1,['University of New Mexico']
R. Schaeffer,1999,2,[]
R. Schelp,1999,1,['University of Texas at Austin']
R. Schimming,1995,1,[]
R. Schimmrigk,1992,5,[]
R. Schneider,1994,1,[]
R. Schofbeck,2003,1,[]
R. Schrader,1992,2,[]
R. Shaisultanov,1995,4,[]
R. Shankar,1992,3,[]
R. Siebelink,1992,9,[]
R. Siri,1995,1,[]
R. Smirnov-Rueda,1996,1,[]
R. Soldati,1994,8,"['INFN Bologna', 'Universita di Bologna,INFN, Sezione di Bologna']"
R. Sollacher,1992,5,[]
R. Sollie,1997,1,[]
R. Steinke,2002,1,[]
R. Stora,1993,1,[]
R. Sturani,2002,1,[]
R. Suter,1999,1,[]
R. T. Medeiros,1993,1,[]
R. T. Moss,1995,1,[]
R. T. Sharp,1995,1,[]
R. Tarrach,1994,2,['U. Barcelona']
R. Tatar,1993,2,[]
R. Tateo,1992,11,['Torino Univ']
R. Tavakol,2002,1,[]
R. Thibes,1997,1,[]
R. Toldr`A,1993,1,[]
R. Torrealba,1997,3,['Univ. Centro Occidental Lisandro Alvarado']
R. Torres-Cordoba,2002,1,[]
R. Tresguerres,1993,1,[]
R. Trinchero,1996,1,[]
R. Troncoso,2000,2,[]
R. Tzani,1996,2,[]
R. V. Unge,1994,1,[]
R. Varnhagen,1993,2,[]
R. Venugopalan,2001,1,[]
R. Vilela Mendes,1993,3,"['Grupo de Fisica-Matematica, Complexo Interdisciplinar, Univ. de Lisboa, Portugal', 'Grupo de Fisica Matematica, UL, Lisboa']"
R. Von Unge,1996,10,[]
R. W. Brown,1993,1,[]
R. W. Gebert,1993,10,"['IAS, Princeton', 'IAS, Princeton, U.S.A.']"
R. W. Haymaker,2000,1,['Louisiana State Univ.']
R. W. Tucker,2001,1,['Lancaster University']
R. Wimmer,2002,4,[]
R. Wulkenhaar,1999,12,['Vienna']
R. Z. Zhdanov,1996,2,[]
R. Zaikov,1993,2,[]
R. Zh. Shaisultanov,1996,1,[]
R. Zhdanov,1996,4,[]
R. Zwicky,2001,1,[]
R.-G. Cai,2000,2,['Osaka Univ.']
R.-J. Zhang,2001,3,['IAS']
R.-K. Loide,2001,1,[]
Rabin Banerjee,2000,13,[]
Radhika Vathsan,1995,4,[]
Radoslav Rashkov,2002,1,[]
Radoslaw Matyszkiewicz,2001,4,[]
Radovan Dermisek,2002,1,[]
Radu Roiban,1999,16,[]
Radu Tatar,1997,33,['Univ. of Miami']
Rafael D. Sorkin,1997,1,"['UNAM,Syracuse University']"
Rafael De Lima Rodrigues,1995,3,[]
Rafael Ferraro,1995,2,[]
Rafael Hernandez,1995,10,"['Instituto de Matematicas y Fisica Fundamental, CSIC', 'Departamento de Fisica Teorica, UAM']"
Rafael Hernandez Heredero,1996,1,['1']
Rafael I. Nepomechie,1992,36,[]
Rafael Sorkin,2002,1,[]
Rafal Moderski,1998,3,"['CAMK', 'CAMK-Warsaw']"
Raffaele Caracciolo,1993,1,[]
Raffaele Marotta,1993,6,[]
Raghunath Ratabole,2000,2,[]
Rahul Basu,1995,1,[]
Rahul Biswas,2003,1,[]
Rahul Mahajan,2001,1,[]
Raiko P. Zaikov,1993,6,[]
Raimar Wulkenhaar,1996,15,"['Vienna', 'CPT Luminy', 'CPT Marseille', 'Leipzig']"
Raimund Varnhagen,1993,3,[]
Rainald Flume,1997,1,[]
Rainer Dick,1994,12,[]
Rainer Haeussling,1996,2,['1']
Rainer Haussling,1997,1,[]
Rainer Heise,2002,3,[]
Rainer Mueller,1997,1,[]
Rainer Scharf,2001,1,[]
Rainer Schimming,1995,1,[]
Rainer Verch,1995,2,[]
Raja Q. Almukahhal,1999,1,[]
Rajamani Narayanan,1993,6,"['University of Washington', 'Univ. of Washington']"
Rajat K. Bhaduri,1993,3,"['Mcmaster Univ., Hamilton, Canada', 'Mc Master U.', 'Dept.of Physics,Astronomy, Mcmaster Univ., Canada']"
Rajen Kundu,1999,1,[]
Rajesh Gopakumar,1994,19,"['Princeton University', 'Harish-Chandra Research Institute, Allahabad', 'HRI, Allahabad,IAS, Princeton']"
Rajesh Parwani,1994,2,[]
Rajesh R. Parwani,1992,5,[]
Rajesh Venkatachalapathy,2002,1,"['Institute of Mathematical Sciences, CHENNAI, India']"
Rajsekhar Bhattacharyya,1998,4,[]
Ralf Alfons Engeldinger,2001,1,[]
Ralf D. Tscheuschner,1997,1,[]
Ralf Hofmann,2000,1,[]
Ralf Hubel,1993,1,[]
Ralf Kerschner,1995,2,"['T""ubingen']"
Ralf Kuhn,2000,1,[]
Ralf Lehnert,2000,2,[]
Ralf Schutzhold,2000,1,[]
Ralph Blumenhagen,1992,41,"['Humboldt U., Berlin']"
Ralph Lano,1992,1,[]
Ralph M. Kaufmann,1994,1,[]
Ralph Schreyer,2000,2,[]
Ram Brustein,1992,18,[]
Ram Fishman,2002,1,[]
Raman Sundrum,1997,10,['Boston University']
Ramchander R. Sastry,1999,3,[]
Ramesh Abhiraman,1995,1,[]
Ramesh Anishetty,1995,3,[]
Rami Entin,1997,4,['Rutgers University']
Ramon F. Alvarez-Estrada,1997,1,[]
Ramon Mendoza,1996,1,[]
Ramon Munoz-Tapia,1992,1,[]
Ramon Rodriguez,1996,3,[]
Ramzi Khuri,1995,2,[]
Ramzi R. Khuri,1992,40,[]
Ranabir Dutt,1996,1,[]
Ranjan K. Ghosh,1995,2,[]
Ranjan Kumar Ghosh,2002,2,[]
Raoul Gatto,1997,2,['3']
Raoul Santachiara,2001,4,[]
Raphael Bousso,1997,19,['Stanford']
Rashmi R. Nayak,2002,2,[]
Rashmi Ray,1993,5,[]
Rashmi Rekha Nayak,2001,1,[]
Raul Rabadan,2000,7,[]
Ravit Efraty,1992,2,[]
Raymond Laflamme,1994,2,[]
Raymond Stora,1996,3,[]
Raza M. Syed,2001,1,[]
Recai Erdem,1997,2,[]
Regina Maria Ricotta,1995,9,[]
Regis Le Du,1997,2,"['CPT-CNRS Marseille', 'LGCR-CNRS Paris 6']"
Rein Halbersma,1999,4,[]
Reinhard Haring,1993,1,[]
Reinhard Oehme,1994,12,[]
Reinhold W. Gebert,1995,4,"['IAS, Princeton', 'IAS']"
Remo Garattini,1997,6,[]
Ren-Jie Zhang,2000,1,[]
Renat Kh. Gainutdinov,2001,1,[]
Renat Zhdanov,1997,2,"['Institute of Mathematics, Kyiv.', 'Institute of Mathematics, Kyiv']"
Renata Kallosh,1992,71,['Stanford U.']
Renato Portugal,2001,1,[]
Renaud Parentani,1994,1,[]
Rene Hurka,1996,1,[]
Rene Lafrance,1992,3,[]
Rene Reinbacher,2001,3,[]
Renzo Collina,1997,2,[]
Requardt M,1995,2,[]
Reza Abbaspur,1999,5,[]
Reza Tavakol,1999,1,[]
Rh Rietdijk,1995,1,[]
Ricardo Amorim,1994,8,[]
Ricardo Becerril,2002,1,[]
Ricardo Bentin,2001,4,[]
Ricardo C. Paschoal,2003,1,[]
Ricardo Doldan,1994,1,[]
Ricardo Enrique Gamboa Saravi,1996,1,[]
Ricardo Garcia-Salcedo,2002,1,[]
Ricardo Medina,1994,2,"[""Pontificia Universidad Cat\\'olica de Chile""]"
Ricardo Renan,1994,1,[]
Ricardo Schiappa,1997,12,"['MIT, USA', 'MIT']"
Ricardo Troncoso,1997,13,[]
Riccardo Argurio,1996,10,['ULB Brussels']
Riccardo Barbieri,2001,1,[]
Riccardo Capovilla,2000,3,[]
Riccardo Dauria,1995,13,['Poliecnico of Torino']
Riccardo Guida,1994,6,[]
Riccardo Rattazzi,1998,4,[]
Riccardo Sturani,1999,2,[]
Richard A. Battye,1998,3,[]
Richard Altendorfer,1998,4,[]
Richard Battye,1996,9,[]
Richard C. Brower,1992,6,"['Boston University', 'BU/MIT']"
Richard Corrado,1996,11,[]
Richard Costambeys,1995,1,[]
Richard Dawid,1999,1,[]
Richard Easther,1995,9,['Waseda']
Richard Garavuso,2002,1,[]
Richard Gass,1992,1,[]
Richard Grimm,1994,4,[]
Richard H. Price,1992,1,[]
Richard Haase,2001,2,"['Universidad Nacional, Bogota - Colombia']"
Richard Hall,2002,1,[]
Richard Holman,1992,1,[]
Richard Hong Tuan,1998,1,[]
Richard J. Hill,2001,1,[]
Richard J. Szabo,1993,36,['Oxford']
Richard Kerner,1996,3,[]
Richard Kreckel,2001,1,[]
Richard L. Hall,2000,3,[]
Richard Mackenzie,1993,1,[]
Richard Madden,1995,7,[]
Richard Mohr,1996,1,[]
Richard S. Garavuso,2003,1,[]
Richard S. Wittman,2001,1,[]
Richard Schaeffer,1999,1,[]
Richard Shurtleff,2000,3,[]
Richard T. Hammond,2002,1,[]
Rie Kuriki,1997,3,['Tokyo Institute of Technology']
Rika Endo,1998,2,[]
Rikard Von Unge,1995,11,[]
Rinat Kedem,1992,6,[]
Ritsu Yoshida,1994,1,[]
Riuji Mochizuki,1997,2,[]
Rj Cova,2001,2,[]
Rl Jaffe,1998,1,[]
Rob Potting,1996,1,[]
Robbert Dijkgraaf,1992,11,[]
Robert A. Weston,1993,4,[]
Robert B. Mann,1992,5,[]
Robert Boehm,1999,1,[]
Robert Brandenberger,2001,7,['Brown']
Robert Brout,1997,2,['ULB Brussels']
Robert C. Helling,2001,1,['HU Berlin']
Robert C. Hilborn,1998,1,[]
Robert C. Myers,1992,54,['McGill']
Robert Caldwell,1996,1,['University of Cambridge']
Robert Carroll,1994,10,"['Mathematics Dept., University of Illinois, Urbana', 'UIUC', 'Mathematics Dept., University of Illinois, Urbana, IL']"
Robert Coquereaux,1996,3,"['1,2', '1', 'CPT, CNRS, Marseille, France']"
Robert De Mello Koch,1994,12,[]
Robert Duivenvoorden,2003,1,[]
Robert Echols,1998,3,[]
Robert Ferrel,1992,1,[]
Robert Friedman,1997,1,[]
Robert G. Edwards,1999,1,[]
Robert G. Leigh,1995,25,"['University of Illinois at Urbana-Champaign', 'Univ. Illinois', 'UIUC', 'Illinois']"
Robert H Brandenberger,2001,1,[]
Robert H. Brandenberger,1999,10,"['CERN , Brown Univ.', 'Brown University', 'Brown Univ.']"
Robert Helling,1998,3,"['AEI', 'AEI Potsdam']"
Robert J. Budzynski,1995,1,"['Institute of Theoretical Physics, Warsaw University']"
Robert J. Finkelstein,2002,1,"['U. of California, Los Angeles']"
Robert J. Perry,1994,9,"['The Ohio State University', '1']"
Robert Konik,1997,2,[]
Robert L Karp,2001,2,[]
Robert L. Bryant,1998,1,[]
Robert L. Jaffe,1998,2,[]
Robert L. Karp,1999,5,[]
Robert Leigh,1996,1,[]
Robert M. Konik,1995,2,[]
Robert M. Wald,1995,4,['University of Chicago']
Robert Marnelius,1992,31,"['G\\""{o}teborg ITP']"
Robert Mcnees,1999,1,[]
Robert Myers,1992,1,[]
Robert Oeckl,1999,7,['CPT']
Robert P. Langlands,1999,1,[]
Robert P. T. Talbot,1999,1,[]
Robert Perret,1992,3,[]
Robert Riche,2000,1,"['UofA, Canada']"
Robert Rudd,1994,2,[]
Robert Shrock,1999,1,[]
Robert W. Brown,1995,1,[]
Robert Weston,1995,4,[]
Robert Wimmer,2001,2,[]
Robert Y. Levin,2000,1,[]
Roberto Auzzi,2002,2,"['Scuola Normale Superiore, Pisa']"
Roberto Balbinot,1999,2,[]
Roberto Begliuomini,1999,1,['Trento University']
Roberto Casadio,1996,7,"['INFN, Sezione di Bologna, Italy']"
Roberto Casalbuoni,2001,2,[]
Roberto Casero,2002,2,[]
Roberto Contino,2001,1,[]
Roberto Emparan,1997,28,['CERN']
Roberto Grena,2000,2,['Univ. Pisa']
Roberto Iengo,1993,20,"['SISSA', 'Sissa Trieste', 'INFN,SISSA, Trieste, Italy']"
Roberto Longo,1995,3,"['U. Roma ""Tor Vergata""']"
Roberto Percacci,1997,3,[]
Roberto Soldati,1994,6,['U. of Bologna']
Roberto Tateo,1996,18,[]
Roberto Zucchini,1992,14,[]
Robertus Potting,1992,6,[]
Robin Horan,1998,7,[]
Robin Michaels,1998,1,[]
Robin Ross,1993,1,[]
Robin W. Tucker,1994,3,"['Univ. Lancaster', 'Lancaster University']"
Roby Muhamad,1999,1,[]
Rodanthy Tzani,1992,3,[]
Rodolfo Casana,1998,3,['CBPF']
Rodolfo Cuerno,1993,1,[]
Rodolfo Gambini,1992,8,[]
Rodolfo Russo,1996,13,[]
Rodrigo Aros,1999,3,[]
Rodrigo Olea,1999,2,[]
Roger Bielawski,1998,2,[]
Roger Brooks,1992,4,[]
Roger C. Millikan,2001,2,[]
Roger D. Kylin,1998,1,[]
Roger E. Behrend,1995,5,[]
Roger Sauser,1999,2,[]
Roger Sollie,2001,1,[]
Rogerio Duarte,1996,1,[]
Roh-Suan Tung,2002,1,[]
Roland C. Warner,1993,1,[]
Roland E. Allen,1996,3,[]
Roland Kirschner,2000,1,[]
Rolando Cardenas,2002,1,[]
Rolando Gaitan,1996,2,"['Universidad de Carabobo, Venezuela']"
Rolf Bayer,1995,1,"['Max-Planck-Institut f\\""ur Kernphysik in Heidelberg']"
Rolf Dahm,1996,1,"['Computing Center, University Mainz']"
Rolf Schimmrigk,1992,19,[]
Rolf Tarrach,1993,3,['U. of Barcelona']
Romain Attal,1994,2,"['LPTHE, Universites Pierre et Marie Curie, et Denis Diderot, Paris, France']"
Roman Jackiw,1992,10,[]
Roman Linares,2000,4,[]
Roman Smirnov-Rueda,1995,2,"['ICM-CSIC, Madrid']"
Roman V. Buniy,2002,2,[]
Romeo Brunetti,1997,1,[]
Romesh K Kaul,2000,1,[]
Romesh K. Kaul,1998,3,[]
Romuald A. Janik,1996,11,"['Saclay , Jagellonian U.', 'Jagellonian University, Krakow']"
Romuald Janik,1995,1,[]
Ron Donagi,1995,10,['UPenn']
Ron Folman,1995,1,[]
Ron Y. Donagi,1998,5,[]
Ron-Jou Hsieh,1996,1,[]
Ronald J. Adler,1995,3,[]
Ronald Rietman,1993,3,"['NTH, Trondheim']"
Ronaldo Thibes,1997,2,[]
Rong-Gen Cai,1997,24,"['ASITP, Beijing']"
Rory Adams,2002,1,[]
Rosevaldo De Oliveira,2000,1,[]
Rosy Teh,2000,1,[]
Rotelli Pietro,1995,4,"['Dip. di Fisica, Univ. di Lecce']"
Roy Maartens,2000,7,['Portsmouth']
Roya Mohayaee,1996,2,[]
Ru-Keng Su,2000,5,[]
Ruben Cordero,2001,1,[]
Ruben Costa-Santos,2001,1,[]
Ruben L. Pakman,1999,1,[]
Ruben Manvelyan,2002,1,[]
Ruben Minasian,1993,19,[]
Ruben Mkrtchyan,2002,2,[]
Ruben Portugues,2000,2,[]
Rudnei O. Ramos,1999,3,[]
Rudolf A. Frick,1996,4,[]
Rudolf Haag,1999,2,[]
Rue-Ron Hsu,1992,4,[]
Ruggero Ferrari,1999,2,['1']
Rui Dilao,1997,2,"['IST, Portugal']"
Rui Neves,1996,10,[]
Rui-Hong Yue,2000,4,[]
Rui-Hongyue,2002,1,[]
Ruihong Yue,1999,2,[]
Rulin Xiu,1993,4,"['Lyman Lab of Physics, Harvard Univ. Cambridge, MA']"
Rune Niclasen,2000,1,[]
Ruo Peng Wang,2001,1,[]
Rupak Chatterjee,1995,2,[]
Rutger Boels,2003,1,[]
Ruth Britto-Pacumio,1999,4,[]
Ruth Durrer,2001,3,[]
Ruth Gregory,1992,22,[]
Ruth Lazkoz,1997,1,[]
Ruth M. Williams,1993,1,"['DAMTP, Cambridge']"
Ruud Siebelink,1994,3,[]
Ryan M. Rohm,2001,1,[]
Ryan Revoredo,2001,1,"['Caracas, Universidad Metropolitana']"
Ryan Rohm,1995,1,[]
Ryo Sugisaka,2000,6,[]
Ryogo Hirota,1995,1,[]
Ryszard Nest,2001,1,[]
Ryszard Raczka,1994,1,[]
Ryu Sasaki,1995,6,"['YITP, Kyoto Univ.']"
Ryuichi Nakayama,1993,7,"['Hokkaido University, Japan']"
Ryuichiro Kitano,2001,1,[]
Ryuji Kemmoku,1993,4,['KEK-Tanashi']
Ryusuke Endo,1994,1,[]
S Chaturvedi,1995,1,[]
S P Corney,1998,3,[]
S Stanciu,1998,4,[]
S V Shabanov,1997,1,[]
S-Y. Pi,1997,1,[]
S. -P. Kou,1999,1,[]
S. A. Abel,1993,7,[]
S. A. Alavi,2002,3,[]
S. A. Antonenko,1998,1,[]
S. A. Apikyan,1996,5,[]
S. A. Arakelyan,1999,1,[]
S. A. Bulgadaev,1998,10,"['Landau Institute, Moscow']"
S. A. Cherkis,1998,1,[]
S. A. Dias,1996,1,[]
S. A. Frolov,1992,13,[]
S. A. Garnov,1997,2,[]
S. A. Gogilidze,1995,10,[]
S. A. Hartnoll,2002,1,[]
S. A. Hotes,1993,1,[]
S. A. Kiyanov-Charsky,1995,1,[]
S. A. Larin,1995,2,"['Institute for Nuclear Research, Moscow']"
S. A. Lyakhovich,1994,1,[]
S. A. Paston,1998,8,[]
S. A. Pernice,1996,1,[]
S. A. Polshin,1999,1,[]
S. A. Sharakin,1996,1,['Moscow State University']
S. A. Ulanov,1997,1,[]
S. Ahlig,1998,1,[]
S. Alam,1997,1,['KEK']
S. Alavian,2000,1,[]
S. Alexander,2000,1,[]
S. Alexander Ridgway,1993,2,[]
S. Alexandrov,1998,1,[]
S. Anderegg,1994,1,[]
S. Andrea,2000,1,[]
S. Ansoldi,1995,13,[]
S. Aoki,1993,2,[]
S. Aoyama,1993,7,[]
S. Arnone,1997,6,[]
S. Azakov,2000,2,"['Institute of Physics, Azerbaijan Academy of Sciences, Baku, Azerbaijan']"
S. B. Afanasev,2000,1,[]
S. B. Giddings,1992,12,[]
S. B. Solganik,1996,5,[]
S. Baez,1998,1,[]
S. Baker,1995,1,[]
S. Balaska,1996,4,['Univ. Oran']
S. Baskal,1995,1,[]
S. Baskoutas,1998,1,['2']
S. Bellucci,1992,26,['INFN-Frascati']
S. Bilke,1997,1,[]
S. Boldyrev,1996,3,[]
S. Bornholdt,1994,2,[]
S. Boukraa,1993,3,[]
S. Braune,1994,1,[]
S. Bronoff,1997,1,[]
S. C. S. Silva,1993,1,[]
S. C. Sararu,2003,2,[]
S. C. Woon,1997,2,"['U. of Cambridge', 'DAMTP, Cambridge']"
S. C. Zhao,1993,2,[]
S. Cacciatori,1997,5,[]
S. Carlip,1993,5,[]
S. Carneiro,1996,1,[]
S. Cassemiro F. F.,1998,1,[]
S. Cecotti,1992,5,[]
S. Chakraborty,2001,1,['Jadavpur University']
S. Chandrasekharan,1997,1,[]
S. Chaturvedi,1996,3,[]
S. Chaudhuri,1993,12,[]
S. Cheluvaraja,2000,1,['Louisiana State University']
S. Chiantese,2000,2,[]
S. Cho,1999,1,[]
S. Ciulli,1996,1,[]
S. Coleman,1993,1,[]
S. Corley,1996,2,[]
S. Cotsakis,1999,1,[]
S. Cucu,2003,2,[]
S. D. Avramis,2002,1,[]
S. D. H. Hsu,1996,2,['Yale Univ.']
S. D. Joglekar,1998,3,"['I.I.T.Kanpur India', 'I.I.T.Kanpur INDIA']"
S. D. Mathur,1994,2,[]
S. D. Odinstov,1993,1,[]
S. D. Odintsov,1992,86,"['Valle University', 'Department E.C.M., Faculty of Physics, University of Barcelona, Spain']"
S. D. Odintsov Nd S. Zerbini,1992,1,[]
S. D. Odintsov.,1995,1,[]
S. Dalley,1992,15,['CERN']
S. Dasmahapatra,1993,2,[]
S. De Bi`Evre,1992,1,[]
S. De Bievre,1995,1,[]
S. De Haro,2001,1,[]
S. De Leo,1993,6,['DMA-UniCamp']
S. De Martino,1993,3,[]
S. De Nicola,1995,1,[]
S. De Siena,1993,3,[]
S. Deger,1998,1,[]
S. Del Campo,2000,1,[]
S. Deser,1992,44,"['Brandeis University', 'Brandeis U.']"
S. Detournay,2002,1,[]
S. Dilcher,2000,1,[]
S. Dimopoulos,2001,2,[]
S. Dobashi,2002,1,[]
S. Doplicher,1997,3,['2']
S. Duerr,1994,1,[]
S. Dusini,1994,1,[]
S. E. Derkachov,1993,9,['St.- Petersburg Technology Institute']
S. E. Hjelmeland,1997,2,[]
S. E. Irvine,2000,1,[]
S. E. Konstein,1993,5,[]
S. E. Korenblit,1996,4,[]
S. E. Parkhomenko,1993,9,"['L.D.Landau Institute for Theoretical Physics', 'Landau Institute for Theoretical Physics', 'Landau Ins. for Theoretical Physics']"
S. E. Perez Bergliaffa,2003,1,[]
S. Elitzur,1992,11,['Jerusalem']
S. Emery,1993,6,[]
S. Eremin,1999,1,[]
S. Esposito,1997,2,['I.N.F.N. Sezione di Napoli']
S. F. Hassan,1992,13,"['HIP', 'Ecole Polytechnique', 'Theory Division, CERN']"
S. F. Hewson,1995,5,[]
S. F. Prokushkin,1996,1,[]
S. F. Ross,1992,7,[]
S. Falkenberg,1996,4,['Leipzig University']
S. Fedorov,1999,1,[]
S. Fedoruk,2000,3,[]
S. Fernando,2000,1,[]
S. Ferrara,1992,74,"['CERN, Geneva', 'CERN, TH Division', 'CERN']"
S. Ferrara Amd M. A. Lledo,1999,1,[]
S. Foerste,1993,3,[]
S. Foffa,2001,1,[]
S. Formanski,2001,1,[]
S. Forste,1992,3,[]
S. Forte,1998,1,[]
S. Franco,2000,1,[]
S. Fredenhagen,2002,1,[]
S. Fritzsche,2002,1,[]
S. Frolov,1998,17,[]
S. G. Ghosh,2001,1,"['Dept of Mathematics, Science College, Nagpur, India']"
S. G. Matinyan,1999,5,"['Yerevan Phys. Inst.', 'Yerevan Physics Institute']"
S. G. Naculich,1993,7,[]
S. G. Rajeev,1992,34,['U. Rochester']
S. G. Rubin,1999,1,[]
S. Galice,2000,1,[]
S. Garcia,1996,1,[]
S. Ghosh,1994,2,[]
S. Giller,1994,2,[]
S. Giusto,1996,5,[]
S. Glazek,1994,1,[]
S. Gobira,2002,1,[]
S. Gogilidze,1998,1,[]
S. Gonen,2002,2,[]
S. Gonorazky,1998,2,[]
S. Govindarajan,1992,3,[]
S. Graffi,1994,2,[]
S. Griffies,1992,2,[]
S. Groot Nibbelink,1998,14,['Bonn']
S. Gubser,1998,1,[]
S. Gukov,1997,5,['Princeton U.']
S. Gun,2002,1,[]
S. Guruswamy,1992,3,[]
S. H. Guo,1995,1,[]
S. H. Park,1992,3,[]
S. H. Shenker,1993,4,[]
S. Hayakawa,2000,2,[]
S. Hellerman,1999,1,[]
S. Hendy,1995,4,[]
S. Hewson,1997,1,[]
S. Higuchi,1992,4,[]
S. Hikami,1992,2,[]
S. Hirano,1993,2,[]
S. Hollands,1999,1,['U. of York']
S. Hoorelbeke,1999,1,[]
S. Horata,2000,1,[]
S. Horvath,1995,1,[]
S. Hosono,1992,7,[]
S. Hunzinger,2003,1,[]
S. Hwang,2002,1,[]
S. Hyun,1994,4,[]
S. I. Kruglov,2001,7,[]
S. I. Muslih,2002,1,[]
S. I. Vacaru,2000,1,[]
S. I. Zlatev,1996,1,[]
S. Ichinose,1995,4,[]
S. Iida,1999,1,['Ryukoku Univ.']
S. Ishihara,1999,1,[]
S. Ishikawa,1995,1,[]
S. Iso,1994,12,"['U. Tokyo', 'Tokyo']"
S. Ispas,1996,1,['Univ. de Montpellier 2']
S. Ivanov,2000,1,[]
S. J. Brodsky,1998,4,"['SLAC,Jlab']"
S. J. Fuchs,1994,1,[]
S. J. Gates,1992,9,[]
S. J. Gates Jr,1994,4,[]
S. J. Gates Jr.,1994,3,[]
S. J. Hyun,1994,1,[]
S. J. Poletti,1994,2,[]
S. J. Puglia,1996,1,['University of Connecticut']
S. J. Rabello,1994,1,[]
S. J. Rey,1994,1,[]
S. J. Summers,2003,1,[]
S. Jabbari-Faruji,2002,1,[]
S. Jaimungal,1997,3,[]
S. Jain,1993,2,[]
S. James Gates,1992,31,[]
S. James Gates Jr,1994,5,[]
S. James Gates Jr.,1994,8,"['U. of Maryland', 'Dept. Physics, U. of Maryland']"
S. Juchem,1998,1,[]
S. Junker,1994,1,[]
S. K. Adhikari,1997,1,[]
S. K. Kauffmann,1994,5,[]
S. K. Moayedi,1999,1,[]
S. K. Wang,1996,2,[]
S. Kachru,1993,14,"['UC Berkeley', 'Stanford,SLAC']"
S. Kalyana Rama,1992,32,"['Institute of Mathematical Sciences, CHENNAI, India']"
S. Kamefuchi,2001,1,[]
S. Kanemura,1994,2,[]
S. Kar,1992,2,[]
S. Katz,1993,10,[]
S. Kawamoto,2002,2,[]
S. Khakshournia,1999,2,[]
S. Khalil,2001,1,['Durham U.']
S. Kharchev,1992,16,[]
S. Khastgir,1992,1,[]
S. Khlebnikov,2002,2,[]
S. Khokhlachev,1992,2,[]
S. Khoroshkin,1994,2,[]
S. Kitakado,1997,5,[]
S. Klimek,1994,2,[]
S. Kocak,1996,4,"['Anadolu U.', 'Anadolu U']"
S. Kojima,1993,4,[]
S. Konstein,1993,1,[]
S. Korden,2000,1,[]
S. Kovacs,2000,1,['2']
S. Krivonos,1992,43,"['JINR, Dubna', 'JINR']"
S. Kumar,1999,2,[]
S. Kuperstein,2003,1,[]
S. Kurkcuoglu,2002,1,[]
S. Kuzenko,1998,1,[]
S. L. Adler,1993,4,[]
S. L. Cacciatori,2002,1,[]
S. L. Dubovsky,1999,11,[]
S. L. Lebedev,2000,2,[]
S. L. Lukyanov,1996,2,[]
S. L. Lyakhovich,1993,30,"['Department of Physics, Tomsk State University, Russia', '2', 'International Centre for Theoretical Physics, Trieste, Italy', 'Tomsk State University, Russia', 'Tomsk U.', 'Tomsk State Univ., Russia']"
S. L. Parameswaran,2002,2,[]
S. L. Shatashvili,1994,3,"['CERN,Yale Univ.']"
S. L. V. Pinheiro,2000,1,[]
S. L. Woronowicz,1994,2,[]
S. Lakshmibala,1996,2,"['Dept. of Physics, Indian Institute of Technology, Madras']"
S. Laporta,1998,2,[]
S. Larin,2002,1,[]
S. Lazzarini,1994,12,"['CPT,Mediterranean Univ., Marseille', 'CPT-Marseille']"
S. Lee,2001,1,[]
S. Lepe,1998,3,[]
S. Leseduarte,1992,9,['University of Barcelona']
S. Leupold,1996,2,[]
S. Liberati,1994,2,[]
S. Lienart,2000,1,[]
S. Lukyanov,1993,18,[]
S. M. Catterall,1996,1,[]
S. M. De Souza,1993,3,[]
S. M. Gusein-Zade,1996,1,[]
S. M. H. Wong,1995,2,[]
S. M. Klishevich,1997,6,[]
S. M. Kuzenko,1994,23,[]
S. M. Nasir,1998,4,[]
S. M. Natanzon,1999,1,[]
S. M. Nishigaki,1996,9,[]
S. M. Roy,1994,2,[]
S. M. Rueger,1994,1,[]
S. M. Sergeev,1993,4,[]
S. M. Sibiryakov,2001,4,[]
S. M. Zebarjad,2002,1,['Shiraz Univ.']
S. Maedan,1997,4,['Tokyo Nat. Coll.']
S. Mahapatra,2002,1,[]
S. Mahieu,2001,1,[]
S. Majid,1992,10,[]
S. Mallik,1996,3,[]
S. Mano,1999,1,[]
S. Marculescu,1995,1,[]
S. Massar,1993,7,[]
S. Matinyan,1996,1,[]
S. Matsubara,1997,1,['Toyama University']
S. Matsumoto,2000,1,[]
S. Mattiello,2001,1,['U Rostock']
S. Maxson,2003,4,[]
S. Mayburov,1997,2,"['Lebedev Inst. of Physics, Moscow']"
S. Meljanac,1993,10,"['Rudjer Boskovic Inst., Croatia', 'Rudjer Boskovic Institute']"
S. Metzger,2003,1,[]
S. Micciche,1999,1,[]
S. Mignemi,1992,20,"[""Universita' di Cagliari""]"
S. Miyagi,1996,2,[]
S. Mizoguchi,1998,2,['KEK Tanashi']
S. Moghimi-Araghi,2000,5,[]
S. Monni,1995,1,[]
S. Morris,2001,1,['Sussex U.']
S. Mrowczynski,1994,1,[]
S. Mukaigawa,1995,1,[]
S. Mukherjee,2002,1,[]
S. Mukherji,1992,5,[]
S. Mukhi,1993,1,[]
S. Mukhopadhyay,1995,1,[]
S. N. Biswas,1995,1,[]
S. N. Mayburov,1996,1,[]
S. N. Nedelko,1998,1,[]
S. N. Roshchupkin,1995,3,[]
S. N. Solodukhin,1992,12,[]
S. N. Tamaryan,1994,2,[]
S. N. Vergeles,1999,1,"['L. D. Landau Institute of Theoretical Physics, Russian Academy of Sciences']"
S. Naculich,1995,7,[]
S. Naftulin,1992,9,[]
S. Naftulin.,1995,1,[]
S. Nagy,1999,2,[]
S. Naka,2002,1,[]
S. Nakamura,2002,1,[]
S. Nandi,2002,1,[]
S. Nergiz,1997,1,[]
S. Nicoli,2001,1,[]
S. Nicolis,1994,4,"['CNRS-LMPT Tours U.', 'CNRS-LMPT Tours']"
S. Niermann,1996,1,[]
S. Nishigaki,1993,6,['Niels Bohr Inst.']
S. Nojiri,1995,12,[]
S. Nowak,2002,1,[]
S. Nussinov,1993,5,[]
S. O. Alexeyev,1996,1,[]
S. O. Fedoruk,1994,2,[]
S. O. Saliu,1995,27,[]
S. O. Warnaar,1993,7,[]
S. Oda,1999,1,[]
S. Odake,1993,15,[]
S. Odintsov,1994,2,[]
S. Ogushi,1998,3,[]
S. Okubo,1992,5,[]
S. Ouvry,1994,1,[]
S. P. Braham,1997,1,[]
S. P. Brumby,1994,5,[]
S. P. Clarke,1994,1,[]
S. P. De Alwis,1992,30,[]
S. P. Gavrilov,1992,10,"['U. of Sergipe', 'U. of Tomsk']"
S. P. Khastgir,1999,3,[]
S. P. Kim,1999,1,[]
S. P. Klevansky,1995,1,"['Inst. f. Theoretical Physics, Univ. Heidelberg. Philosophenweg 19, 69120, Heidelberg, Germany']"
S. P. Li,1996,5,[]
S. P. Novikov,1995,1,[]
S. P. Sorella,1992,52,[]
S. P. Sorella Ref,1993,1,[]
S. P. Trivedi,1993,6,[]
S. P. Tsarev,1993,1,[]
S. P.. Trivedi,2000,1,[]
S. Paban,1993,6,[]
S. Pacheva,1992,10,[]
S. Pakuliak,1992,7,[]
S. Pallua,1994,6,[]
S. Panda,1993,7,[]
S. Panzeri,1992,5,[]
S. Parkhomenko,1993,3,[]
S. Parsons,1999,2,[]
S. Parvizi,1996,4,[]
S. Penati,1993,14,[]
S. Pernice,1996,2,[]
S. Pinsky,1996,19,"['Ohio State Univ.', 'Ohio State', 'Ohio State University']"
S. Pokorski,1993,2,"['IFT, Warsaw Univ.']"
S. Popescu,1993,3,[]
S. Pratik Khastgir,1992,9,[]
S. Prem Kumar,1997,10,[]
S. Profumo,2002,1,[]
S. Q. Wu,2000,2,[]
S. R. Aladim,1993,1,[]
S. R. Beane,1998,1,['University of Maryland']
S. R. Das,1999,3,[]
S. R. Gobira,2001,3,[]
S. R. Nowling,2001,1,[]
S. R. Scuro,1999,1,[]
S. R. Valluri,2000,1,[]
S. Rabello,1996,1,[]
S. Rajeev A. Stern,1996,1,[]
S. Ramgoolam,1995,6,[]
S. Randjbar--Daemi,1992,2,[]
S. Randjbar-Daemi,1992,14,[]
S. Rauch-Wojciechowski,1995,1,[]
S. Reuillon,2002,1,[]
S. Ribault,2001,2,"['CPHT, Ecole Polytechnique']"
S. Rouhani,1994,13,[]
S. Rovelli,1997,1,[]
S. Roy,1994,9,['Saha Institute']
S. Rubin,2000,1,"['2,3']"
S. Rydh,2001,1,[]
S. S. Gershtein,1997,1,[]
S. S. Gubser,1996,13,[]
S. S. Kashtanov,1998,2,"['Saint Petersburg Electrotechnical University, St. Petersburg, Russia']"
S. S. Pal,2000,1,[]
S. S. Pinsky,1995,8,['The Ohio-State University']
S. S. Roan,1994,1,[]
S. S. Safin,1994,1,[]
S. S. Shahverdiyev,1999,1,[]
S. S. Xulu,1998,1,[]
S. Sachse,1994,1,[]
S. Sakhi,1993,2,[]
S. Sakoda,1994,4,[]
S. Salmons,1999,2,['U. of Montpellier II']
S. Samuel,1994,2,[]
S. Sano,1996,3,[]
S. Sarkar,2001,1,[]
S. Schrans,1992,5,[]
S. Schwager,1996,2,[]
S. Sciuto,1994,10,[]
S. Sen,1992,1,[]
S. Sen R. D. Sorkin,1995,1,"['Trinity College, Dublin']"
S. Sethi,1994,4,[]
S. Shabanov .,1997,1,['1']
S. Shankaranarayanan,2000,1,"['IUCAA, Pune']"
S. Shatashvili,1993,7,[]
S. Shinohara,2002,2,['Kyoto Univ.']
S. Shnider,1994,1,[]
S. Silva,1998,3,[]
S. Sinha,2000,1,[]
S. Skorik,1993,6,[]
S. Slavnov,1994,1,[]
S. Solganik,2001,1,[]
S. Solimeno,1992,4,[]
S. Solomon,1994,1,[]
S. Stanciu,1992,3,[]
S. Stieberger,1992,24,['CERN']
S. Stramaglia,1994,2,[]
S. Sugimoto,1998,6,"['Kyoto University', 'NBI']"
S. Surya,2001,2,[]
S. Suzuki,1995,1,[]
S. T. Love,1995,8,[]
S. T. Tsou,1997,5,"['Mathematical Institute, Oxford University', 'Oxford']"
S. Tamaryan,2000,11,[]
S. Tanimura,1996,2,[]
S. Tasaki,1993,1,[]
S. Terashima,1997,4,[]
S. Terna,1999,1,[]
S. Theisen,1993,25,[]
S. Thomas,1993,14,[]
S. Thoms,1995,1,[]
S. Todd,1996,1,[]
S. Tsujimaru,1995,8,"['MPI Heidelberg', 'MPI, Heidelberg', 'MPI f\\""ur Kernphysik']"
S. U. Park,1993,3,[]
S. Uchiyama,1997,1,['1']
S. Uhlmann,2002,1,[]
S. Ulanov,1998,1,[]
S. Ulrych,1999,1,[]
S. V. Demidov,2003,1,[]
S. V. Esaibegyan,1994,2,[]
S. V. Ketov,1992,8,"['ITP, University of Hannover, Germany', 'ITP, University of Hannover']"
S. V. Klimenko,1995,1,[]
S. V. Kozyrev,1994,2,[]
S. V. Kryukov,1993,2,[]
S. V. Kuzmin,2002,1,[]
S. V. L. Pinheiro,1998,2,[]
S. V. Mashkevich,1993,2,[]
S. V. Shabanov,1996,1,[]
S. V. Sushkov,2002,1,[]
S. V. Talalov,1998,1,[]
S. V. Troitsky,1998,1,[]
S. V. Zenkin,1994,1,[]
S. Vaidya,1996,9,['2']
S. Van Der Loo,1999,2,[]
S. Van Gils,1999,1,[]
S. Vandoren,1992,16,['Swansea']
S. Vaul`A,2000,1,[]
S. Viefers,1994,2,['Oslo Univ.']
S. Vinitsky,2002,1,[]
S. Vinti,1993,1,[]
S. Vokos,1993,1,[]
S. Voropaev,1993,1,[]
S. W. Hawking,1992,23,[]
S. W. Kimm,2001,1,[]
S. Wallon,1995,1,[]
S. Watson,2003,1,['Brown Univ.']
S. Wickramasekara,1999,7,[]
S. Wiles,1997,2,[]
S. Wolf,2000,2,[]
S. X. Yu,2000,1,[]
S. Y. Choi,1994,1,[]
S. Y. Pi,2001,1,[]
S. Yahikozawa,2001,1,['U. of Rikkyo']
S. Yajima,2000,1,[]
S. Yamaguchi,1999,1,[]
S. Yankielowicz,1992,29,[]
S. Yankielowizc,1997,1,[]
S. Ying,1996,5,['Fudan University']
S. Yu. Gubanov,2000,2,[]
S. Yu. Kalmykov,1994,1,[]
S. Zakrzewski,1994,4,[]
S. Zerbini,1992,18,[]
S. Zhukov,1999,1,[]
S.-H. H. Tye,1992,2,[]
S.-H. Henry Tye,1992,36,[]
S.-I. Ei,1999,1,[]
S.-I. Kubota,2000,1,['Kumamoto Univ.']
S.-J. Rey,1997,5,[]
S.-J. Sin,1996,1,['Hanyang']
S.-K. Yang,1992,7,[]
S.-N. Tamarian,1998,1,[]
S.-S. Kim,2001,1,[]
S.-S. Roan,1997,1,[]
S.-T. Yau,1994,5,[]
S.-W. Chung,1994,1,[]
S.-W. Kim,1998,3,[]
S.-Y. Pi,1996,6,[]
Sabbir Rahman,1995,5,[]
Saburo Higuchi,1993,7,[]
Sachiko Ogushi,1999,20,['Ochanomizu U.']
Sachindeo Vaidya,1997,5,[]
Sadhan K. Adhikari,1997,2,[]
Sahin Kocak,1995,1,[]
Sahng-Kyoon Yoo,1996,9,[]
Saifuddin Rayyan,2002,2,[]
Sakura Schafer-Nameki,2001,2,[]
Salah Nasri,2002,1,[]
Salman Habib,1992,3,[]
Salvatore De Martino,1993,1,[]
Salvatore Mignemi,1998,4,[]
Sam Gutmann,1993,1,[]
Sami Virtanen,1998,1,[]
Sami Zouzou,2001,1,[]
Samik Dasgupta,2002,1,"['Department of Physics, University of Colorado, Boulder']"
Samik Sen,2000,1,[]
Samir D. Mathur,1992,43,"['Princeton University', 'MIT', 'Ohio State University']"
Samir K. Paul,1993,3,"['S.N.Bose National Centre For Basic Sciences, India']"
Samson L. Shatashvili,1992,13,[]
Samson Shatashvili,1996,3,[]
Samuel Lepe,2001,1,[]
Samuli Hemming,2001,3,[]
Samwel Apikyan,1996,1,[]
Sandip Bhattacharyya,1998,4,[]
Sandip K. Chakrabarti,1992,1,[]
Sandip P. Trivedi,1992,13,[]
Sandip Trivedi,1995,3,[]
Sandor Benczik,2002,2,[]
Sandro S. Costa,1996,1,[]
Sandu Popescu,1993,1,[]
Sanefumi Moriyama,1999,16,"['Kyoto Univ', 'Kyoto']"
Sang Jin Sin,1999,1,[]
Sang Pyo Kim,1995,9,"['Kunsan National University, Dept. of Physics', 'Department of Physics, Kunsan National University, Kunsan, Korea', ""Kunsan Nat'l Univ.""]"
Sang-Heon Yi,2002,4,"['SNU', 'Yonsei U.']"
Sang-Jin Sin,1997,16,"['SLAC, Hanyang Univ.', 'Hanyang Univ.', 'Hanyang University']"
Sang-Jun Kim,1996,1,[]
Sang-Ok Hahn,1995,2,[]
Sang-Woo Kim,2001,1,[]
Sangchul Yoon,2001,1,[]
Sangheon Yi,2000,1,['SNU']
Sangmin Lee,1997,14,[]
Sanjay,1999,5,[]
Sanjay Jain,1992,3,['Indian Institute of Science']
Sanjay Jhingan,2003,1,[]
Sanjay K. Ghosh,1995,1,[]
Sanjaye Ramgoolam,1993,26,[]
Santiago Garc I A,1993,1,[]
Santiago Perez Bergliaffa,2001,1,[]
Sarben Sarkar,2002,2,"[""King's Coll. London""]"
Sarkissian G. A,1994,1,[]
Sarmishtha Kumar,2000,2,[]
Sasanka Ghosh,1993,4,[]
Sascha Vongehr,1997,3,[]
Saswat Sarangi,2002,1,[]
Satabhisa Dasgupta,2000,1,['Rutgers']
Satchidananda Naik,1998,4,[]
Sathya Guruswamy,1996,1,[]
Satish D. Joglekar,1995,14,"['I.I.T.Kanpur,India', 'I.I.T. Kanpur, India', 'I.I.T.Kanpur India', 'I.I.T.Kanpur INDIA']"
Satish. D. Joglekar,1999,2,['IIT Kanpur']
Satoko Uchida,1999,1,[]
Satoru Odake,1992,3,[]
Satoru Saito,1993,7,[]
Satoshi Iso,1992,12,[]
Satoshi Matsuda,1992,6,[]
Satoshi Nagaoka,2002,3,[]
Satoshi Takahashi,1993,1,[]
Satoshi Watamura,1992,6,"['Tohoku Univ.', 'Tohoku University']"
Satoshi Yamada,2000,5,[]
Satoshi Yamaguchi,2000,9,"['Kyoto Univ.', 'Univ. of Tokyo']"
Satsuki Oda,2000,1,[]
Saul Youssef,2001,1,[]
Saulo C. S. Silva,1993,4,[]
Saulo Carneiro,1997,1,[]
Saurabh Sur,2001,5,[]
Saurya Das,1993,26,"['UNB', 'Univ. of New Brunswick', 'U. Winnipeg', 'CGPG, Penn State University', '1', 'U. of Winnipeg', 'Institute of Mathematical Sciences, Madras', 'Univ of New Brunswick', 'U of New Brunswick']"
Savas Arapoglu,2003,1,[]
Savas Dimopoulos,1998,8,[]
Savdeep Sethi,1996,27,[]
Saverio Pascazio,1993,3,[]
Sayaka Sekiya,1999,1,[]
Sayan Kar,1995,16,"['Physics,CTS, IIT Kharagpur, India', 'IIT-Kharagpur']"
Sayipjamal Dulat,2000,2,[]
Sazzad Nasir,2001,1,[]
Scott Axelrod,1993,2,[]
Scott Ness,2002,1,[]
Scott Thomas,1995,8,[]
Scott Watson,2002,1,[]
Sdlcq Collaboration: F. Antonuccio,1999,1,[]
Sean A. Hartnoll,2001,5,[]
Sean Carroll,1997,1,[]
Sean J. Yoon,1995,5,[]
Sean M. Carroll,1992,13,[]
Sean Nowling,2003,1,[]
Sean Underwood,2002,1,[]
Sebastian De Haro,2000,6,[]
Sebastian Franco,2002,4,[]
Sebastian Jaimungal,1998,3,"['Bohr Inst. , British Columbia U.', 'British Columbia U.', 'N. B. I.,British Columbia U.']"
Sebastian Nowak,2002,2,[]
Sebastian Sachse,1992,1,[]
Sebastian Salamo,1999,2,[]
Sebastian Silva,2000,5,[]
Sebastian Uhlmann,2002,3,[]
Sebastiano Stramaglia,1995,1,[]
Sebastiao Alves Dias,1998,3,['CBPF/PUC']
Sebastien Gurrieri,2002,3,[]
Sei-Hoon Moon,2000,4,[]
Seif Randjbar-Daemi,2000,5,[]
Seiho Matsumoto,2000,2,[]
Seiji Mukaigawa,1996,1,['Hiroshima U.']
Seiji Sakoda,1992,4,[]
Seiji Takemae,1999,2,[]
Seiji Terashima,1995,22,"['Tokyo U', 'Amsterdam U.', 'Tokyo U.']"
Seiya Goto,2000,1,[]
Selena Ng,2001,5,[]
Semen Klevtsov,2001,1,[]
Semyon Polshin,1999,4,[]
Sen Hu,2002,2,[]
Sen-Ben Liao,1994,11,[]
Seng Hu,2002,1,[]
Seok Kim,2001,2,[]
Seok-In Hong,2000,1,[]
Seok-Jin Kang,1998,1,[]
Seoktae Koh,1998,2,[]
Seong Chan Park,2002,1,[]
Serdar Nergiz,1995,3,[]
Serge Lazzarini,1994,3,['CPT-Marseille']
Serge Winitzki,1994,2,[]
Sergei A. Sharakin,1999,5,[]
Sergei Afanasev,2000,1,[]
Sergei Alexandrov,1996,3,[]
Sergei D. Odintsov,1994,83,[]
Sergei G. Matinyan,1996,1,[]
Sergei Gukov,1996,24,[]
Sergei Ketov,1995,2,"['ITP, Hannover']"
Sergei Khoroshkin,1994,3,"['ITEP, Moscow']"
Sergei Klishevich,1999,3,"['Serpukhov, IHEP']"
Sergei Kuzenko,1997,3,"['Institut fuer Theoretische Physik, Universitaet Hannover']"
Sergei Lukyanov,1992,4,[]
Sergei M. Kuzenko,1996,14,"['Institute for Theoretical Physics, Hannover', 'Institut fuer Theoretische Physik, Universitaet Hannover']"
Sergei M. Sibiryakov,2000,3,[]
Sergei Nechaev,1997,1,[]
Sergei Odintsov,1993,3,[]
Sergei Skorik,1994,2,[]
Sergei V. Bashinsky,1999,1,"['MIT, LNS']"
Sergei V. Ketov,1992,51,"['ITP, University of Hannover', 'YITP, Kyoto-U.,,ITP, U. of Hannover', 'ITP, University of Hannover, Germany', 'ITP, Univ. of Hannover, Germany', 'Tokyo Metropolitan University', 'Caltech-USC Center for Theor. Physics, Los Angeles', 'NBI, Copenhagen , ITP, Hannover , HCEI, Tomsk', 'Univ. Kaiserslautern, Germany', 'Institute for Theoretical Physics, Hannover', 'AEI Golm , ITP, Hannover', 'Univ. of Maryland , ITP, Hannover', 'ITP, U. of Hannover', 'MPI Potsdam,,ITP Hannover', 'Tokyo Metropolitan U.', 'U. of Hannover']"
Sergei V. Khudyakov,1999,1,[]
Sergei V. Pokrovsky,1992,1,[]
Sergei V. Shabanov,1995,12,"['Univ. of Florida', 'LPTHE, Univ. of Paris VI']"
Sergei Yu. Alexandrov,2002,3,[]
Sergey A. Cherkis,1997,8,['Cal Tech']
Sergey Cherkis,1997,1,[]
Sergey Fomin,1993,4,[]
Sergey Frolov,2001,2,[]
Sergey Klishevich,2000,1,[]
Sergey Krivonos,1992,3,[]
Sergey M. Khoroshkin,2001,1,[]
Sergey M. Klishevich,2001,6,[]
Sergey N. Solodukhin,1994,22,[]
Sergey Piunikhin,1993,2,['Harvard University']
Sergey Prokushkin,1998,10,"['Stanford University', '1']"
Sergey S. Kokarev,2002,1,[]
Sergey Solodukhin,1996,2,[]
Sergey V. Shabanov,1993,4,[]
Sergey V. Sushkov,2002,1,[]
Sergi R. Hildebrandt,2002,2,[]
Sergio A. Hojman,1994,3,[]
Sergio A. Pernice,1996,2,[]
Sergio Albeverio,1994,5,[]
Sergio Cacciatori,1998,6,[]
Sergio Cecotti,1992,1,[]
Sergio Doplicher,2000,4,[]
Sergio E. Joras,2001,1,[]
Sergio Ferrara,1993,36,['CERN']
Sergio L. Cacciatori,2002,2,[]
Sergio M. De Souza,1995,1,[]
Sergio M. Iguri,2001,1,[]
Sergio Zerbini,1993,25,[]
Sergio. A. Pernice,1996,1,[]
Sergiu I. Vacaru,1996,19,[]
Sergiu Ostaf,1999,1,[]
Serguei B. Isakov,1995,4,[]
Seriko Tanimoto,2001,2,[]
Seth A. Major,1998,1,[]
Seth Rosenberg,1997,1,[]
Seung Hwan Son,1995,2,"['University of Illinois at Urbana-Champaign', 'Univ. of Illinois at Urbana-Champaign']"
Seung-Geun Lee,1997,1,[]
Seung-Kook Kim,1995,4,[]
Seungjoon Hyun,1993,28,['Yonsei U.']
Sh. M. Shvartsman,1993,4,"['Institute of Physics University of S\\~ao Paulo, Brasil; Dept. of Physics, Case Western Reserve University, Cleveland, USA']"
Sh. Mamedov,2001,2,[]
Sh. Matsumoto,1996,1,[]
Shahar Ben-Menahem,1992,1,['SLAC']
Shahn Majid,1992,26,[]
Shahrokh Parvizi,1997,10,[]
Shailesh Chandrasekharan,1993,2,[]
Shaisultanov R,1995,1,[]
Shamit Kachru,1992,36,"['UC Berkeley', 'UC, Berkeley,LBNL']"
Shan-De Yang,1994,1,"['Jilin University, China']"
Shane A. Mccarthy,2002,1,['Western Australia U.']
Shane Hughes,1993,1,[]
Shane J. Hughes,1993,1,[]
Shao Liu,1994,1,[]
Shao-Ming Fei,1994,5,[]
Shao-Shiung Lin,1997,3,[]
Shao-Xia Chen,2002,3,[]
Sharad Shrivastava,2002,1,[]
Sharmanthie Fernando,1998,3,[]
Shau-Jin Chang,1993,1,[]
She-Sheng Xue,1995,5,[]
Sheldon Katz,1992,14,[]
Sheldon L. Glashow,2001,1,[]
Sheng Li,1998,5,[]
Shervgi S. Shahverdiyev,1998,1,[]
Shervgi Shahverdiyev,2001,2,[]
Shesansu Sekhar Pal,2001,6,[]
Shi Kangjie,2002,1,[]
Shi-Hao Chen,2002,2,[]
Shi-Kun Wang,1998,2,[]
Shi-Shyr Roan,1995,6,[]
Shibaji Roy,1992,31,"['Saha Institute', 'Saha Inst.']"
Shibusa Yuuichirou,2000,2,[]
Shigeaki Yahikozawa,1994,6,[]
Shigefumi Naka,1999,1,[]
Shigeki Sugimoto,1997,7,[]
Shigemitsu Tomizawa,1998,2,[]
Shigenori Seki,1999,5,"['Kobe Univ.', 'Kyoto Univ.']"
Shigeo Fujita,2002,1,[]
Shih-Yuin Lin,1997,1,[]
Shihao Chen,2001,1,[]
Shijong Ryang,1995,16,[]
Shikun Wang,1996,1,[]
Shimon Levit,1993,2,['Weizmann Institute']
Shimon Yankielowicz,1992,12,['Tel Aviv University']
Shin Nakamura,2000,5,"['YITP Kyoto', 'Kyoto']"
Shin-Ichi Kojima,1994,3,[]
Shin-Ichiro Kuroki,2001,4,[]
Shing-Tung Yau,1994,11,[]
Shinich Nojiri,1993,1,[]
Shinichi Deguchi,1996,7,"['AERI, Nihon University']"
Shinichi Imai,2000,2,[]
Shinichi Nojiri,1992,94,[]
Shinji Abe,1999,1,[]
Shinji Hamamoto,1995,7,"['Toyama Univ.', 'Toyama University']"
Shinji Hirano,1994,11,[]
Shinji Mukohyama,1996,14,[]
Shinji Tsujikawa,2002,3,['Univ. of Tokyo']
Shinobu Hikami,1992,4,[]
Shinobu Hosono,2002,2,[]
Shinpei Kobayashi,2000,3,[]
Shinsaku Kitakado,1996,1,[]
Shinsuke Kawai,2001,4,[]
Shinsuke M. Nishigaki,1997,3,[]
Shinsuke Nishigaki,1993,3,[]
Shinya Kanemura,1995,2,[]
Shinya Tamura,1994,2,[]
Shinya Wada,1994,7,[]
Shiraz Minwalla,1997,15,[]
Shivaji L. Sondhi,2000,1,['Princeton University']
Shlomo S. Razamat,2002,2,[]
Shmuel Elitzur,1998,7,[]
Shmuel Nussinov,1997,2,[]
Sho Tanaka,1998,3,[]
Sho Tsujimaru,1995,1,[]
Shogo Aoyama,1995,4,[]
Shogo Tanimura,1993,16,"['Nagoya University', 'Kyoto University']"
Shogo Tominaga,2001,2,[]
Shoibal Chakravarty,2000,1,[]
Shoichi Ichinose,1993,22,['Univ. of Shizuoka']
Shoichi Kawamoto,2000,1,[]
Shoko Hayakawa,2001,1,[]
Shou-Cheng Zhang,2002,1,[]
Shozo Uehara,1993,12,['Nagoya Univ.']
Shuhei Mano,1998,1,[]
Shuichi Nakamura,1995,1,[]
Shuji Nima,1992,2,[]
Shujuan Liu,2002,1,[]
Shun-Ichi Yamaguchi,1992,4,[]
Shun-Pei Miao,2001,1,[]
Shunichi Shinohara,2000,1,['Kyoto Univ.']
Shunsuke Teraguchi,2001,2,"['Kyoto Univ', 'Kyoto Univ.']"
Shunya Mizoguchi,1992,14,['KEK Tanashi']
Shyamoli Chaudhuri,1992,19,[]
Si 94-15,1994,1,[]
Sicong Jing,1998,3,[]
Siddhartha Sen,1993,20,"['Trinity College, Dublin,IACS, Calcutta', 'School of Mathematics, Trinity College, Dublin, Ireland,IACS, India']"
Sidney Coleman,1992,2,[]
Sigurd Schelstraete,1994,2,[]
Silas R. Beane,1997,2,[]
Silvana Perez,2001,5,[]
Silvia Penati,1992,12,['U. of Milano-Bicocca']
Silvia Vaul`A,2001,2,[]
Silvia Vaula,2000,5,[]
Silvia Vaula`,2001,1,[]
Silvio De Siena,1993,1,[]
Silvio J. Rabello,1993,7,[]
Silvio P. Sorella,1992,5,['2']
Silvio Pallua,1995,4,[]
Silvio Paolo Sorella,1995,1,[]
Simeon Hellerman,1997,12,"['Stanford U. ITP,SLAC']"
Simeon Vishik,1993,3,[]
Simon Davis,1994,9,[]
Simon F. Ross,1997,18,[]
Simon Hands,1994,1,[]
Simon Lyakhovich,2001,3,[]
Simon Scott,1999,1,[]
Simone Artz,1994,2,[]
Simone Lelli,2000,3,[]
Sinisa Karnas,1997,1,[]
Sinji Hamamoto,2000,1,['Toyama Univ']
Sinobu Makita,1992,1,[]
Siye Wu,1992,2,[]
Skuli Gudmundsson,2002,2,[]
Slava G. Turyshev,1995,2,[]
Slava Zhukov,1999,3,[]
So Matsuura,2000,5,[]
So-Young Pi,1992,7,['Boston University']
Soeren Koester,2003,1,[]
Somasri Sen,2002,2,[]
Somdatta Bhattacharya,1998,5,[]
Somdatta Bhattacharyya,2002,1,[]
Sonia Paban,1995,7,[]
Sonia Stanciu,1993,11,[]
Soo-Jong Rey,1992,48,"['Seoul National University', 'Seoul National Univ.']"
Soo-Young Lee,1996,7,[]
Soon-Tae Hong,1998,11,[]
Soonkeon Nam,1993,27,"['Harvard,Kyung Hee Univ.', 'Kyung Hee Univ.']"
Sophie De Buyl,2002,1,[]
Sophie Pelland,1999,2,[]
Soren Koster,1994,1,[]
Sorin Cucu,2000,5,[]
Sorin Marculescu,2002,1,[]
Sortelano A. Diniz,2002,1,[]
Sortelano Araujo Diniz,2000,2,"['UFES, Brazil']"
Soumitra Sengupta,1994,14,[]
Sourav Sarkar,2000,1,[]
Soussan Mokhtari,2001,1,[]
Spencer Chang,2002,1,[]
Spenta R. Wadia,1992,35,['Tata Institute']
Spenta Wadia,2001,1,[]
Sree Ram Valluri,2001,1,[]
Srinandan Dasmahapatra,1992,5,[]
St Tsou,1997,6,['Oxford']
St. D. Glazek,2000,1,['Warsaw Univ.']
St. Meissner,1996,4,['HU Berlin']
Staephane Ouvry,1993,1,"[""Division de Physique Th\\'eorique, IPN Orsay Fr-91406""]"
Stamatis Vokos,1994,2,[]
Stanislav Klimenko,1999,2,[]
Stanislav V. Klimenko,1999,1,[]
Stanislaw D. Glazek,1996,13,"['2', 'Warsaw University', 'Institute of Theoretical Physics, Warsaw University', 'Warsaw U.']"
Stanislaw Mrowczynski,1997,1,[]
Stanley Deser,1992,2,[]
Stanley J. Brodsky,2000,3,['SLAC']
Stany Schrans,1992,1,[]
Stathis Pakis,2001,5,[]
Stavros Mouslopoulos,2000,6,['Oxford University']
Stefan Antusch,2001,1,[]
Stefan Berceanu,1994,1,[]
Stefan Boettcher,1993,5,[]
Stefan Cordes,1994,2,[]
Stefan Forste,1992,21,['U.Bonn']
Stefan Fredenhagen,2000,5,[]
Stefan Giller,1996,1,[]
Stefan Groot Nibbelink,1998,1,['NIKHEF']
Stefan Hollands,2002,1,[]
Stefan J. Theisen,1996,1,[]
Stefan K. Kehrein,1994,1,[]
Stefan Lenz,1995,1,[]
Stefan Leupold,1996,3,"['Giessen U., Germany']"
Stefan Mashkevich,1994,7,"['Kiev, Oslo', 'Kiev-Oslo', 'ITP, Kiev']"
Stefan Ochs,1998,1,[]
Stefan Pokorski,1999,9,[]
Stefan Schraml,2000,5,[]
Stefan Schwager,1996,3,[]
Stefan Theisen,1992,19,"['AEI-Potsdam', 'U.Munich', 'University of Munich']"
Stefan V. Mashkevich,1993,2,[]
Stefan Vandoren,1995,11,[]
Stefan Waldmann,2003,1,[]
Stefano Ansoldi,2002,2,[]
Stefano Arnone,2001,7,[]
Stefano Bellucci,1992,16,"['INFN-Frascati', 'INFN--Frascati']"
Stefano Bolognesi,2002,1,[]
Stefano De Leo,1995,6,[]
Stefano Foffa,1999,6,[]
Stefano Forte,1993,3,"['INFN Torino, Italy']"
Stefano Giusto,1998,1,[]
Stefano Kovacs,1998,10,"[""Universita` di Roma ``Tor Vergata''"", 'AEI', 'Universita` di Roma ""Tor Vergata""', 'University of Rome - Tor Vergata']"
Stefano Liberati,1995,3,"['U Maryland', 'SISSA']"
Stefano Monni,2000,1,['Cambridge']
Stefano Panzeri,1993,1,[]
Stefano Profumo,2001,2,[]
Stefano Sciuto,1993,7,[]
Stefano Vinti,1995,2,[]
Steffen Krusch,2000,4,[]
Steffen Mallwitz,1994,1,[]
Steffen Metzger,2003,1,[]
Stephan Durr,1996,3,[]
Stephan Elser,1995,3,"['Humboldt-Universit\\""at, Berlin']"
Stephan Kappel,1997,1,[]
Stephan Matthiesen,1995,1,[]
Stephan Melosch,1997,1,[]
Stephane Durand,1992,4,[]
Stephane Fidanza,2001,1,[]
Stephane Gourmelen,1996,2,[]
Stephane Lavignac,1999,4,[]
Stephane Ouvry,1993,5,"[""Division de Physique Th\\'eorique, IPN, Orsay Fr-91406""]"
Stephane Riederer,2002,1,"['Institute of Theoretical Physics, University of Lausanne']"
Stephane Salmons,2002,1,[]
Stephanie Curnoe,1995,1,['curnoe@physics.ubc.ca']
Stephen B. Selipsky,1995,3,"['1,3']"
Stephen Berman,1998,1,[]
Stephen C Davis,2002,1,[]
Stephen C. Davis,2001,3,[]
Stephen C. Hahn,1998,2,[]
Stephen D. H. Hsu,1995,6,[]
Stephen D. Miller,1999,1,[]
Stephen F. Gull,2001,2,[]
Stephen F. Hewson,1998,1,[]
Stephen G. Naculich,1992,13,['Bowdoin College']
Stephen Griffies,1992,4,[]
Stephen H. Shenker,1995,4,['Rutgers University']
Stephen Hawking,1997,4,"['Cambridge', 'DAMTP, Cambridge']"
Stephen Hewson,1999,1,[]
Stephen Hsu,1997,1,['Yale']
Stephen Hwang,1992,11,[]
Stephen J. Summers,1999,3,[]
Stephen L. Adler,1993,19,[]
Stephen Morris,2002,1,['U. Sussex']
Stephen P. Braham,1992,1,[]
Stephen P. Martin,1998,1,[]
Stephen Pinsky,1992,9,['Ohio State University']
Stephen S. Pinsky,1995,5,['Ohio State University']
Stephen Shenker,1992,9,[]
Stephen W. Hawking,1995,1,[]
Stephen-Wei Chung,1992,2,[]
Stephon Alexander,2001,3,"['SLAC,Stanford ITP']"
Stephon H. S. Alexander,1999,4,[]
Sterrett J. Collins,1997,1,[]
Steve Corley,2000,3,[]
Steve Hsu,1997,1,['Yale']
Steve Pinsky,1994,1,[]
Steve Shnider,1993,2,[]
Steven Abel,2000,3,[]
Steven B. Giddings,1992,22,"['Physics Dept., UCSB', 'UC Santa Barbara']"
Steven Carlip,1992,2,[]
Steven Corley,1997,10,[]
Steven Duplij,1995,2,"['Kharkov U., Ukraine']"
Steven Gratton,2000,1,[]
Steven J. Oliver,2003,1,[]
Steven L. Carbon,1994,1,[]
Steven S. Gubser,1993,35,"['Princeton', 'Princeton University', 'Harvard']"
Steven Thomas,1995,7,[]
Steven Weinberg,1995,4,[]
Steven Willison,2002,1,[]
Stewart V. Wright,2001,1,[]
Stig Bieling,2002,1,[]
Stjepan Meljanac,1993,12,"['IRB,Zagreb', 'Rudjer Boskovic Inst.', 'Rudjer Boskovic Institute']"
Stoil Donev,2000,4,[]
Stoyan Toshev,1994,1,[]
Stoytcho S. Yazadjiev,2001,1,[]
Stoytcho Yazadjiev,2000,1,['Sofia University']
Stuart Dowker,2000,2,[]
Stuart Johnson,2002,1,['2']
Stuart Kauffman,1998,1,[]
Stuart Raby,2002,1,[]
Stuart Samuel,1994,3,"['MPI, Columbia University,City College of New York', 'CCNY,Columbia University']"
Su-Long Nyeo,1993,5,"['National Cheng Kung University', 'Department of Physics, National Cheng Kung University, Tainan, Taiwan, R.O.C']"
Su-Qing Chen,1995,2,"['Fudan University, Shanghai, China,ICTP, Trieste, Italy']"
Suayyip Salim Ozkurt,2002,1,[]
Subhash Rajpoot,2000,15,[]
Subhashis Nag,1993,1,[]
Subir Ghosh,1993,28,"['Dinabandhu Andrews College, Calcutta', 'D.A. College, Calcutta', 'Indian Statistical Institute, Kolkata', 'Indian Statistical Inst., Calcutta', 'I. S. I., Calcutta', 'Indian Statistical Inst.', 'Indian Statistical Institute', 'Indian Statistical Institute, India.']"
Subir Ghoshal,1993,3,[]
Subir Mukhopadhyay,1997,10,[]
Subir Sachdev,1993,1,[]
Subrata Bal,1996,4,[]
Subrata Sur,2001,1,[]
Sudarshan Ananth,2002,1,[]
Sudarshan Fernando,2001,2,[]
Sudhakar Panda,1992,19,[]
Sudipta Mukherji,1992,19,[]
Suemi Rodriguez-Romo,1995,3,[]
Sugumi Kanno,2002,4,[]
Sujay K. Ashok,2002,1,[]
Sukanta Bose,1995,7,"['Cardiff Univ.', 'Cardiff University', 'Inter-University Centre for Astronomy,Astrophysics, Pune, India']"
Sukanta Panda,2001,1,[]
Sultan Catto,1998,9,[]
Sumantra Chakravarty,1994,1,[]
Sumathi Rao,1992,4,[]
Sumati Surya,1997,6,['Syracuse University']
Sumio Ishikawa,1994,2,[]
Sumit Das,2000,1,[]
Sumit R. Das,1992,33,[]
Sumne Kim,1995,1,[]
Sun,1993,1,[]
Sung Ku Kim,1997,6,"[""Ewha Women's Univ., Korea""]"
Sung-Kil Yang,1992,24,['Univ. of Tsukuba']
Sung-Shig Kang,2002,1,[]
Sung-Soo Kim,1997,2,[]
Sung-Won Kim,1996,2,[]
Sunggeun Lee,1999,2,[]
Sunil Mukhi,1992,32,"['Harvard,Tata Institute', 'Tata Institute of Fundamental Research', 'Tata Inst', 'Tata Institute, Mumbai', 'Tata Institute']"
Suphot Musiri,2000,3,[]
Supriya K. Kar,1992,2,[]
Supriya Kar,1992,11,[]
Suresh Govindarajan,1993,16,"['University of Bonn, Germany', 'IIT Chennai', 'IITM']"
Surujhdeo Seunarine,2000,2,['1']
Surya Ganguli,2002,1,[]
Susanne Viefers,1996,1,"['Ctr. Advanced Study, Oslo']"
Susumu Ariki,1993,1,[]
Susumu Okubo,1994,3,[]
Sven F. Kerstan,2002,1,[]
Sven-Olaf Moch,1993,2,"['DESY, Hamburg']"
Svend E. Hjelmeland,1999,2,[]
Svend Erik Rugh,1994,4,[]
Svetlana A. Savelieva,1993,1,[]
Svetlana Pacheva,1992,7,"['Inst. for Nuclear Research,Nuclear Energy, Sofia', 'Ben-Gurion Univ., Beer-Sheva,,Institute for Nuclear Research,Nuclear Energy, Sofia']"
Svjetlana Fajfer,1995,1,[]
Swapna Mahapatra,1992,14,[]
Swarnendu Sarkar,2002,1,[]
Swatee Naik,1999,1,[]
Syksy Rasanen,2000,3,[]
Sylvain Ribault,2001,3,"['CPHT, Ecole Polytechnique']"
Sylvain Wolf,1995,5,[]
Syoji Zeze,2003,1,[]
Sz. Borsanyi,2000,1,[]
Sze Kui Ng,2002,2,[]
Sze-Shiang Feng,1999,10,[]
T D Kieu,1995,1,[]
T K Rai Dastidar,1999,1,[]
T Prestidge,1998,1,[]
T R Govindarajan,1998,1,[]
T. A Tran,1999,2,[]
T. A. Ioannidou,1998,4,['Kent U.']
T. A. Ivanova,1995,4,"['Dubna, JINR']"
T. A. Larsson,1992,7,[]
T. A. Sedrakyan,1999,1,[]
T. A. Tran,1997,9,[]
T. A. Yousef,2000,1,[]
T. Ackermann,1995,3,[]
T. Aida,1994,2,[]
T. Altherr,1992,1,[]
T. Asakawa,2001,2,[]
T. Banks,1992,28,['Rutgers U.']
T. Barreiro,1998,1,[]
T. Bhattacharya,1993,1,[]
T. Biswas,2001,3,[]
T. Brotz,1998,2,[]
T. Brzezinski,1992,3,[]
T. C. De Wit,2000,1,[]
T. Christodoulakis,2000,2,[]
T. Curtright,1992,3,[]
T. D. Bakeyev,1996,2,[]
T. D. Gargett,1997,1,[]
T. D. Meshcheryakova,2002,1,[]
T. D. Palev,1993,18,[]
T. Daiber,1994,1,['Dortmund University']
T. Damour,1994,6,"['I.H.E.S., Bures-sur-Yvette']"
T. Dasgupta,1999,1,[]
T. De Wit,2002,1,[]
T. Degrand,1996,1,['U. of Colorado']
T. Dereli,1996,11,"['Koc U', 'METU', 'METU, Ankara', 'METU,Ankara']"
T. E. Clark,1995,9,[]
T. Ebihara,1998,1,[]
T. Eguchi,1992,7,['Univ. of Tokyo']
T. Escobar,1998,1,[]
T. Filk,1992,2,[]
T. Fischbacher,2002,1,[]
T. Frederico,1997,3,"['Sao Paulo, Inst. Tech. Aeronautics']"
T. Fugleberg,1996,1,[]
T. Fujita,1999,1,[]
T. Fujiwara,1992,11,['Ibaraki Univ.']
T. Fukui,1993,3,[]
T. Fulop,1996,1,[]
T. G. Dargam,1994,1,[]
T. G. Philbin,2003,1,[]
T. G. Steele,1994,3,['University of Saskatchewan']
T. Gannon,1994,8,[]
T. Garavaglia,1999,3,[]
T. Garidi,2003,1,[]
T. Gisiger,1993,3,[]
T. Goldman,1993,4,[]
T. Grandou,1992,1,[]
T. Guhr,1997,2,[]
T. H. Hansson,1992,11,"['Stockholm', 'Stockhom University', 'Stockholm Univ.']"
T. Hakioglu,2001,1,[]
T. Hakobyan,1993,2,[]
T. Harko,1999,8,[]
T. Harmark,1999,8,"['NBI, Nordita', 'NBI']"
T. Hatsuda,1994,2,['Univ. of Tsukuba']
T. Hauer,1994,4,[]
T. Haugset,1993,2,[]
T. Heinzl,1993,9,"['University of Regensburg', 'Universitaet Regensburg, Germany', 'FSU Jena']"
T. Hertog,2000,2,[]
T. Hirayama,2003,1,[]
T. Hollowood,1992,1,[]
T. Horiguchi,1994,1,[]
T. Hotta,2000,3,[]
T. Hubsch,1992,11,[]
T. Hurth,1997,1,[]
T. Imai,2001,4,['Chiba Univ.']
T. Inagaki,1993,7,[]
T. Inami,1998,1,[]
T. Ioannidou,1998,3,[]
T. J. Fields,1997,1,[]
T. J. Fields J. R. Spence,1998,1,['Iowa State University']
T. J. Hollowood,1992,14,"['Los Alamos, Swansea', 'Swansea']"
T. Jacobson,1996,2,[]
T. Jalali,2002,1,[]
T. Jayaraman,1992,13,"['IMSc.', 'IMSc., Madras', 'IMSc']"
T. Jonsson,1992,6,[]
T. K. Rai Dastidar,1999,1,[]
T. Kake,1999,1,[]
T. Karki,1994,1,[]
T. Kashiwa,1994,5,[]
T. Kawano,1994,1,[]
T. Kimura,1992,1,[]
T. Kitao,1997,1,[]
T. Kloesch,1996,1,[]
T. Kobayashi,1993,6,[]
T. Koide,1998,2,[]
T. Kojima,1993,7,[]
T. Kopf,1996,3,[]
T. Krajewski,1998,4,[]
T. Kraus,1996,1,[]
T. Kubota,1996,1,[]
T. Kuehl,2002,1,[]
T. Kunihiro,1996,3,['Ryukoku Univ.']
T. Kuramoto,1992,1,[]
T. Kuroki,2002,2,[]
T. L. Curtright,1995,1,[]
T. Lada,1997,1,[]
T. Lee,1994,1,[]
T. Leonhardt,2001,2,[]
T. M. Chiang,1997,1,[]
T. M. Samols,1992,3,[]
T. Magri,1996,1,[]
T. Mariz,2003,1,[]
T. Masson,1994,1,[]
T. Masuda,1998,2,[]
T. Matos,1994,1,"['CINVESTAV-Ipn, Mexico']"
T. Matsui,1996,1,[]
T. Matsuki,1999,2,"['Tokyo Kasei Univ.', 'Tokyo Kasei U.']"
T. Matsuo,1998,5,[]
T. Matsuyama,1996,4,[]
T. Mendes,2002,1,[]
T. Miwa,1992,7,[]
T. Miyazaki,1995,2,[]
T. Mogami,1993,4,[]
T. Mohaupt,1994,6,[]
T. Multamaki,2002,2,[]
T. Murakami,2001,1,[]
T. Muramatsu,2000,5,[]
T. Muta,1993,5,[]
T. N. Sherry,1996,7,"['National University of Ireland, Galway']"
T. N. Tomaras,1994,12,"['University of Crete, Greece', '1,4', 'University of Crete', 'Univ. of Crete,FORTH']"
T. Nagao,2000,3,[]
T. Nakanishi,1992,3,[]
T. Nakatsu,1993,7,[]
T. Nassar,1997,1,[]
T. Obikhod,1997,4,[]
T. Okazaki,1997,1,[]
T. Okuda,2002,1,['Caltech']
T. Ooshita,1993,1,[]
T. Oota,1993,4,[]
T. Ortin,1992,21,"['I.F.T., Madrid']"
T. Otsuka,1996,1,[]
T. P. Branson,1997,2,[]
T. Padmanabhan,1996,13,[]
T. Pantev,1996,2,[]
T. Papenbrock,1994,1,[]
T. Paul,1994,1,[]
T. Pause,1998,1,[]
T. Pengpan,1998,1,[]
T. Pisar,1999,5,[]
T. Portmann,1995,1,['Univ. Siegen']
T. Quella,1999,1,[]
T. R. Govindarajan,1992,11,[]
T. R. Klassen,1992,3,[]
T. R. Morris,1992,3,[]
T. R. Taylor,1992,27,[]
T. R. Tran,1997,1,[]
T. Rador,1995,1,['Bosphorous University']
T. Regge,1992,3,[]
T. Roy Choudhury,2002,1,[]
T. S. Biro,1999,4,['KFKI Budapest']
T. S. Evans,1998,4,[]
T. S. Hakobyan,1992,2,[]
T. S. Nyawelo,2000,3,[]
T. S. Walhout,1998,1,[]
T. Saito,1998,1,['Kwansei Gakuin Univ.']
T. Sakai,2000,1,[]
T. Sami,1999,2,"['SUBATECH, Ecole des Mines de Nantes, France.', '2']"
T. Sasada,1992,2,[]
T. Sato,1997,5,[]
T. Schucker,1997,4,"['Marseille', 'CPT-Marseille']"
T. Sedrakyan,2000,3,[]
T. Segalini,1995,1,"[""Universita' di Parma , INFN, Parma""]"
T. Shigehara,1996,1,[]
T. Shimada,1993,1,[]
T. Shinohara,2000,5,['Chiba Univ.']
T. Shiota,1996,2,[]
T. Shiromizu,2001,2,['U. of Tokyo']
T. Sizer,1998,1,[]
T. Sommer,1994,6,[]
T. Strobl,1993,10,['RWTH Aachen']
T. Stroh,1997,1,['1']
T. Suyama,1997,3,[]
T. Suzuki,1998,1,['Hiroshima Inst. Tech.']
T. Sykora,2000,2,[]
T. T. Burwick,1992,3,[]
T. T. Truong,1995,2,[]
T. T. Wu,2001,1,"['Harvard Univ., Cambridge']"
T. Tabei,1993,4,[]
T. Tada,1998,3,[]
T. Takayanagi,2000,1,[]
T. Takebe,1993,1,[]
T. Tanaka,1996,3,['Univ. of Tsukuba']
T. Ter Veldhuis,1999,6,[]
T. Thiemann,1994,6,[]
T. Tjin,1992,5,[]
T. Tok,1998,9,[]
T. Tomaras,2001,2,"['University of Crete', 'U. of Crete,FORTH']"
T. Torii,2001,1,['U. of Tokyo']
T. Torma,1996,2,['University of Massachusetts']
T. Tsukioka,1998,1,[]
T. Uchino,1992,1,[]
T. Ueno,1992,4,[]
T. Vanzielighem,2001,1,[]
T. Vekua,2000,1,[]
T. Vukasinac,1993,2,[]
T. Vukav Sinac,1993,2,[]
T. W. Allen,1995,2,[]
T. W. B. Kibble,1999,2,[]
T. W. Kephart,1999,2,[]
T. Walhout,1994,1,[]
T. Wettig,1997,2,[]
T. Wilke,1997,2,[]
T. Wiseman,2001,4,[]
T. Wynter,1996,3,[]
T. Yamamoto,1995,1,[]
T. Yanagida,1995,2,[]
T. Yoneya,1998,3,"['Univ. of Tokyo, Komaba']"
T. Yoshida,2003,1,[]
T. Yu. Kuzmenko,1999,1,[]
T. Yukawa,1995,5,['KEK']
T.-M. Chiang,1999,1,[]
T.~G.~Steele V. Elias,1995,1,['University of Saskatchewan']
T.~Hubsch,1992,1,[]
Tabish Qureshi,2002,2,"['Jamia Millia Islamia, New Delhi']"
Tabito Hara,2000,1,[]
Tack Hwi Lee,1998,1,[]
Tadahiko Kimura,1994,4,[]
Tadahito Nakajima,1996,7,[]
Tadakatsu Sakai,1995,12,[]
Tadao Suzuki,1996,1,['Kanazawa U.']
Tadaoki Uesugi,2000,7,['Tokyo U.']
Tadashi Kon,1995,1,[]
Tadashi Miyazaki,1994,6,[]
Tadashi Okai,1993,3,[]
Tadashi Takayanagi,1999,17,['Tokyo U.']
Tae Seong Kim,1995,1,[]
Taejin Lee,1992,23,"['Kangwon National University,APCTP']"
Taejun Lee,2003,1,[]
Taekoon Lee,1996,1,[]
Tai Tsun Wu,1998,2,[]
Tai-Chung Cheng,2001,2,[]
Taichi Itoh,1994,13,"['Kyungpook National Univ.', 'Kyungpook National University']"
Taichiro Kugo,1992,9,[]
Takaaki Hashimoto,1993,1,[]
Takaaki Ozeki,1999,1,[]
Takahiro Kubota,1995,6,[]
Takahiro Masuda,1996,7,['Shizuoka University']
Takahiro Shiota,1994,1,[]
Takahiro Tanaka,1999,10,[]
Takanori Fujiwara,1993,2,[]
Takanori Sugihara,1993,7,['Kyushu university']
Takao Koikawa,1995,11,[]
Takao Matsushita,1995,2,[]
Takao Nakamura,1995,1,[]
Takao Suyama,1999,13,[]
Takaomi Shigehara,1995,2,[]
Takashi Asatani,1996,1,[]
Takashi Dateki,1997,1,['Nagoya university']
Takashi Hattori,2000,2,[]
Takashi Kimura,1992,2,['University of North Carolina']
Takashi Matsunaga,1996,1,[]
Takashi Mishima,1993,2,[]
Takashi Okamura,1999,5,"['2', 'Ochanomizu University']"
Takashi Sano,1992,2,[]
Takashi Shimizu,1995,3,[]
Takashi Suzuki,1993,6,['Hiroshima Institute of Technology']
Takashi Takebe,1992,4,['University of Tokyo']
Takashi Tokunaga,1999,1,[]
Takashi Torii,2000,6,[]
Takashi Uchino,2003,1,[]
Takashi Yokono,1997,9,[]
Takayoshi Ootsuka,2000,1,[]
Takayuki Hirayama,1997,7,['Kyoto university']
Takayuki Hori,1993,7,[]
Takayuki Matsuki,2000,1,[]
Takayuki Nakajima,1998,1,['Univ. of Tokyo']
Takayuki Suga,1997,2,[]
Takehiro Azuma,2001,5,[]
Takehisa Fujita,1996,5,[]
Takemi Okamoto,2001,1,[]
Takemichi Okui,2003,1,[]
Takeo Araki,2001,2,[]
Takeo Inami,1992,18,['1']
Takeo Kojima,1995,1,[]
Takeo Moroi,1999,2,[]
Takeshi Fukuda,2001,2,[]
Takeshi Fukuyama,1992,1,[]
Takeshi Hamada,1994,3,[]
Takeshi Inagaki,2001,1,[]
Takeshi Mogami,2002,2,[]
Takeshi Morita,2003,1,[]
Takeshi Nihei,2000,1,['Lancaster Univ.']
Takeshi Oota,1995,7,[]
Takeshi Sato,1998,8,[]
Takeshi Suzuki,1994,2,[]
Takeshi Yasuda,1998,1,[]
Takesi Saito,1994,12,"['2', 'Kwansei Gakuin University']"
Takesi Suzuki,2000,1,[]
Taksu Cheon,1995,3,[]
Taku Uchino,1992,2,[]
Takuhiro Kitao,1996,5,[]
Takuya Hayashi,1998,2,[]
Takuya Iizuka,1994,1,[]
Takuya Maki,1997,2,[]
Takuya Masuda,1999,2,[]
Takuya Morozumi,2001,1,[]
Takuya Okuda,2002,1,[]
Takuya Tsukioka,1997,3,[]
Tamar Friedmann,2002,3,['Princeton University']
Tamas Fulop,1995,1,[]
Tamas G. Kovacs,1995,1,[]
Tamas Hauer,1997,9,[]
Tamas Hausel,2000,3,"['Univ. of California at Berkeley, USA']"
Tamiaki Yoneya,1992,26,"['Institute of Physics, University of Tokyo', 'University of Tokyo']"
Tamiaki Yoneya ),1996,1,"['University of Tokyo, Komaba']"
Tamio Ikehashi,1993,1,[]
Tanaya Bhattacharyya,2002,2,[]
Tanmay Vachaspati,1992,16,['CWRU']
Tanya Khovanova,1994,2,[]
Tao Liu,2002,2,[]
Tao Xu,1998,1,[]
Tapobrata Sarkar,1997,12,"['TIFR', 'IMSc']"
Taro Kashiwa,1992,11,"['Ehime Univ.', 'Kyushu University']"
Taro Tani,2001,3,['Tohoku Univ.']
Tasneem Zehra Husain,2000,6,[]
Tassilo Ott,2001,5,"['Humboldt University, Berlin', 'Humboldt U., Berlin']"
Tathagata Dasgupta,2000,2,['Cambridge']
Tatiana A. Ivanova,1999,2,[]
Tatiana Ivanova,2002,1,[]
Tatsu Takeuchi,2001,4,[]
Tatsuhiro Nakajima,1994,1,[]
Tatsuo Kobayashi,1992,16,[]
Tatsuo Suzuki,1997,8,[]
Tatsuya Ueno,1995,9,[]
Tatyana Bandos,2000,1,[]
Tchavdar D. Palev,1994,3,[]
Ted Jacobson,1993,9,[]
Teiji Kunihiro,1995,4,[]
Tekin Dereli,1995,1,[]
Teparksorn Pengpan,1999,2,['U. of Florida']
Teresia Mansson,2000,3,[]
Terry Gannon,1992,13,['Carleton University']
Terry Pilling,2001,2,[]
Teruhiko Kawano,1995,10,"['Tokyo U', 'Univ. of Tokyo', 'Tokyo U.']"
Tetsu Matsufuji,1999,1,[]
Tetsuji Kimura,2000,7,['Osaka Univ.']
Tetsuji Miwa,1992,11,[]
Tetsuji Tokihiro,1992,1,[]
Tetsuo Deguchi,1992,5,[]
Tetsutaro Higaki,2002,2,[]
Tetsuya Shiromizu,1996,22,"['Cambridge', 'DAMTP, Cambridge', 'RESCEU, U.Tokyo', 'AEI-Golm , Tokyo']"
Tetsuyuki Ochiai,1995,2,[]
Tevian Dray,1998,2,[]
Th. Cousin,2001,1,[]
Thant Zin Naing,1999,1,['Yangon Univ.']
Theodora Ioannidou,1996,13,[]
Theodore A. Jacobson,1995,1,[]
Theodore G. Erler,2002,2,[]
Theodore Hall,1995,3,['U. Connecticut']
Theodore J. Allen,1992,6,[]
Theodore M. Hall,1997,2,[]
Thibault Damour,1995,15,"['IHES, Bures']"
Thierry Grandou,2003,1,[]
Thierry Masson,1994,1,[]
Thomas Ackermann,1996,1,[]
Thomas Appelquist,1997,3,['1']
Thomas Banks,1994,1,['Rutgers University']
Thomas Boettner,2000,1,[]
Thomas Branson,1996,6,[]
Thomas C. Kraan,1998,5,[]
Thomas Chen,2003,1,[]
Thomas Curtright,1995,12,[]
Thomas D. Cohen,1997,2,['University of Maryland']
Thomas Deck,1992,1,[]
Thomas Dent,1999,5,"['University of Michigan', 'University of Sussex', 'MCTP, University of Michigan']"
Thomas Fischbacher,2002,3,[]
Thomas G. Roos,1995,1,[]
Thomas Gregoire,2001,1,[]
Thomas Guhr,1996,3,[]
Thomas Heinzl,1994,5,"['University of Regensburg', '2', 'FSU Jena']"
Thomas Hertog,2000,4,[]
Thomas Kerler,1994,2,[]
Thomas Klose,2002,2,"['Potsdam, Max Planck Inst.']"
Thomas Konstandin,2001,1,[]
Thomas Krajewski,1996,5,['CPT-Marseille']
Thomas L Curtright,2001,3,[]
Thomas Lau,2000,1,"['ITP, University of Hannover']"
Thomas M. Fiola,1994,1,[]
Thomas Mehen,1999,7,"['Ohio State', 'Caltech', 'Duke U.']"
Thomas Mohaupt,1992,28,['Halle']
Thomas Nowotny,1997,2,[]
Thomas P. Branson,1995,2,[]
Thomas Pisar,2000,1,[]
Thomas Portmann,1993,1,[]
Thomas Quella,2002,4,[]
Thomas Reisz,2000,1,['U Heidelberg']
Thomas S. Levi,2002,3,[]
Thomas Schmitt,1996,4,[]
Thomas Schucker,1993,17,['Marseille']
Thomas Schuecker,1998,1,[]
Thomas Schwarzweller,1999,4,"['University of Dortmund', 'Universitiy of Dortmund, Germany']"
Thomas Strobl,1992,13,[]
Thomas T. Burwick,1993,1,[]
Thomas Thiemann,1995,4,['Harvard University']
Thomas W. Grimm,2002,1,['Hamburg']
Thomas W. Kephart,1992,6,[]
Thomas Wilke,2001,1,[]
Thomas Wynter,1994,8,"[""Laboratoire de Physique Theorique de l'Ecole Normale Superieure""]"
Thordur Jonsson,1993,8,[]
Thorsten Battefeld,2003,1,[]
Thorsten Brotz,1998,1,[]
Thorsten Leonhardt,2001,3,[]
Thorsten Ohl,2002,1,['Wuerzburg University']
Ti-Ming Chiang,1995,3,[]
Tianjun Li,1998,15,[]
Tibor Torma,1994,2,[]
Tibra Ali,2001,2,[]
Tien D Kieu,1994,2,[]
Tigran Tchrakian,2002,1,[]
Tilo Wettig,1996,3,[]
Tim De Wit,2001,2,[]
Tim Morris,1992,1,[]
Tim Prestidge,1999,1,[]
Tim R. Morris,1992,31,[]
Timon Boehm,2001,3,[]
Timothy Hollowood,1992,4,[]
Timothy J. Hollowood,1992,40,['University of Wales Swansea']
Timothy J. Hollwood,1994,1,[]
Timothy R. Klassen,1992,2,[]
Ting-Liang Zhuang,2002,1,[]
Tjark Tjin,1992,3,[]
Tobias Hurth,1994,9,"['MPI Munich', 'ITP SUNY Stony Brook']"
Toby Wiseman,2000,2,[]
Todor L. Boyadjiev,2001,1,[]
Todor Popov,2001,1,[]
Tohru Eguchi,1993,21,"['ITP, Santa Barbara,Phys. Dept., Univ. of Tokyo', 'Tokyo', 'Univ. of Tokyo, Phys. Dept.', 'Dept. of Physics, Univ. of Tokyo, Tokyo, Japan']"
Tom Adawi,1997,2,[]
Tom Banks,1995,25,['Rutgers U.']
Tom D. Imbo,1992,5,[]
Tom Graber,2001,1,[]
Tom H. Koornwinder,1993,3,[]
Tom Imbo,2003,2,[]
Tom Kingaby,2002,2,[]
Tom Lada,1992,2,[]
Tom Weidig,1998,4,"['Centre for Particle Theory, University of Durham', 'Centre for Particle Theory, University of Durham, UK', 'UMIST, UK']"
Tomas Dolezel,2000,2,[]
Tomas Gomez,2000,1,[]
Tomas Ortin,1992,29,"['CERN', 'IFT-UAM/CSIC', 'Queen Mary,Westfield College']"
Tomas Sykora,1997,3,"['Charles University, Prague']"
Tomasz Brzezinski,1992,9,[]
Tomasz Maslowski,1997,3,[]
Tomasz R. Taylor,1999,2,[]
Tomasz Radozycki,1997,3,[]
Tomasz Rog,1996,1,[]
Tomasz Romanczukiewicz,2003,1,[]
Tomislav Ivezic,2002,2,[]
Tomislav Prokopec,2002,1,[]
Tomoaki Mukai,1998,1,[]
Tomoaki Nagasawa,2002,1,[]
Tomoharu Okada,1996,1,[]
Tomohide Terasoma,1993,1,[]
Tomohiko Sakaguchi,2002,2,['Kyushu Univ.']
Tomohiko Shibuya,2002,1,[]
Tomohiko Takahashi,1995,12,"['Univ. of Tokyo', ""Nara Women's U""]"
Tomohiro Hotta,1998,1,['Univ. of Tokyo']
Tomohiro Inagaki,1995,3,['Kobe University']
Tomohiro Matsuda,1995,2,[]
Tomoi Koide,2001,1,[]
Tomoki Nakanishi,1992,3,[]
Tomoko Kadoyoshi,1997,4,[]
Tomoko Uesugi,2003,1,[]
Tomomi Ishikawa,2001,3,[]
Tomomi Muto,1994,8,[]
Tomotada Ohtsuki,1992,1,[]
Tomoyasu Ichihara,1995,1,[]
Tomoyuki Fujita,2001,2,[]
Tomoyuki Inui,1994,1,[]
Tomy Scaria,2000,4,[]
Tonatiuh Matos,1994,6,"['CINVESTAV-Mexico', 'Ifm, UMSNH', 'CINVESTAV, Mexico']"
Tonguc Rador,2002,2,[]
Tongucc Rador,2002,1,[]
Toni Mateos,2000,7,[]
Toni Ramirez,2002,2,[]
Tonnis A. Ter Veldhuis,1995,3,['Vanderbilt University']
Tonnis Ter Veldhuis,2000,1,[]
Tony Gherghetta,2000,9,[]
Tony Pantev,1997,9,['UPenn']
Topi Karki,1995,2,[]
Toru Ebihara,1994,1,[]
Toru Sasaki,1997,7,"['Univ. of Hokkaido, Phys. Dept.', 'U. of Hokkaido']"
Toshiaki Aida,1995,2,[]
Toshiaki Kaneko,1994,1,[]
Toshiaki Tanaka,2001,6,[]
Toshiharu Samura,1994,1,[]
Toshihico Arimitsu,1998,1,[]
Toshihiro Matsuo,1999,1,[]
Toshihiro Sasada,1993,3,[]
Toshiki Isse,1992,2,[]
Toshiki Nakashima,1992,2,[]
Toshiki Shimbori,2000,1,[]
Toshinao Akuzawa,1998,1,[]
Toshio Nakatsu,1992,14,"['Ritsumeikan University', 'Osaka Univ.']"
Toshiro Sato,1995,1,[]
Toshiya Kawai,1992,10,"['RIMS, Kyoto University']"
Toshiya Suzuki,1995,4,"['Hokkaido U.', 'Hokkaido University']"
Toshiyuki Harano,1994,8,[]
Toshiyuki Okubo,2002,1,['Nagoya U.']
Toyohiro Tsurumaru,1999,2,[]
Toyoki Matsuyama,1998,5,[]
Tristan Hubsch,1993,10,[]
Troels Harmark,1998,8,"['Harvard U', 'Niels Bohr Institute']"
Tsao Chang,2000,1,[]
Tsippy R. Mendelson,1999,1,[]
Tsou Sheung Tsun,1993,5,[]
Tsuguhiko Asakawa,1998,6,[]
Tsukasa Tada,1993,5,['KEK']
Tsunehide Kuroki,1996,8,[]
Tsunehiro Kobayashi,1999,2,[]
Tsuneo Uematsu,1992,7,[]
Tsutomu Horiguchi,1992,1,[]
Tsuyoshi Sakata,2002,1,[]
Tsvi Piran,1993,3,[]
Tu-Nan Ruan,2003,1,[]
Tuan A. Tran,2001,4,"['Texas A,M University', 'Texas A,M']"
Tudor Ratiu,1996,1,[]
Tyutin I. V,1995,1,[]
Tze-Dan Chung,1993,4,[]
Tzihong Chiueh,2001,2,[]
Tzuu-Kang Chyi,1999,1,[]
U. A. Wiedemann,1994,2,[]
U. A. Yajnik,2002,2,['2']
U. Aglietti,1996,1,[]
U. Bruzzo,1992,3,[]
U. D. Jentschura,2000,2,[]
U. De Freitas,2002,1,[]
U. Ellwanger,1995,11,['LPT Orsay']
U. F. Wichoski,2003,1,[]
U. Feichtinger,1996,1,[]
U. G. Mitreuter,1996,2,[]
U. Gran,2002,3,[]
U. Guenther,2002,2,[]
U. Gursoy,1999,2,[]
U. H. Danielsson,1997,2,[]
U. Harder,1994,1,[]
U. Heinz,1996,3,['Uni. of Regensburg']
U. J. Quaade,1995,1,[]
U. Kayserilioglu,2002,2,[]
U. Kraemmer,1997,1,[]
U. Lindstrom,1992,20,['Stockholm']
U. Magnea,1996,3,[]
U. Moschella,1999,3,[]
U. P. Sukhatme,1992,2,[]
U. Ray,1996,1,[]
U. Ritschel,1994,1,[]
U. Schaeper,1992,3,[]
U. Schaper,1992,1,[]
U. Sukhatme,1993,6,[]
U. Theis,1997,4,"['Institut fuer Theoretische Physik, Universitaet Hannover']"
U. Trittmann,1997,17,"['Ohio State University', 'MPI Kernphysik, Heidelberg, Germany']"
U. Varadarajan,2001,2,[]
U.-J. Wiese,1997,3,[]
Uchida Gen,2001,2,[]
Uday P. Sukhatme,1993,7,['University of Illinois at Chicago']
Uday Sukhatme,1994,1,[]
Uday Varadarajan,2000,4,['Berkeley']
Ugo Bruzzo,2000,2,[]
Ugo Moschella,1999,2,[]
Ulf Gran,1997,12,[]
Ulf H. Danielsson,1992,29,[]
Ulf Lindstrom,1993,26,['Stockholm U']
Ulf S. Nilsson,1999,1,['3']
Ulf. Jasper,1997,2,[]
Ulrich Bunke,1994,1,[]
Ulrich D. Jentschura,2001,1,[]
Ulrich Ellwanger,1992,3,"['LPTHE, Orsay']"
Ulrich Heinz,1998,3,[]
Ulrich Meyer,1993,4,[]
Ulrich Quaade,1995,1,[]
Ulrich Theis,1997,9,"['Institut fuer Theoretische Physik, Universitaet Hannover']"
Ulrich W. Heinz,2002,1,[]
Ulrika Magnea,1999,2,[]
Ulrike Feichtinger,1999,1,[]
Umut Gursoy,1998,4,[]
Uni. Texas Dissertation,1994,1,[]
Urban M. Studer,1996,1,[]
Urjit A. Yajnik,2002,1,[]
Urs M. Heller,1997,2,[]
Urs Walther,1998,1,[]
Ursula Carow-Watamura,1993,4,[]
Ut-Diss-1994,1994,1,[]
Uwe Grimm,1993,8,"['The Open University, Milton Keynes', 'OU, Milton Keynes']"
Uwe Mueller,1995,3,['Mainz']
Uwe Muller,1997,2,[]
Uwe Ritschel,1993,1,[]
Uwe Sassenberg,1995,1,[]
Uwe Trittmann,1997,8,"['Max-Planck-Institut fuer Kernphysik, Heidelberg']"
Uzi Paz,1993,1,[]
V A Sirota,1997,2,['Lebedev Physics Institute']
V Fridkin,1996,1,[]
V Z Enolskii,1994,2,[]
V. A. Belinski,2002,1,[]
V. A. Belinskii,1999,2,[]
V. A. De Lorenci,1996,4,[]
V. A. Dolgushev,1999,7,['1']
V. A. Fateev,1994,8,"['Laboratoire de Physique Mathematique, Universite Montpellier II, Montpellier, France,Landau Institute for Theoretical Physics, Moscow, Russia', '1,2']"
V. A. Franke,1997,9,[]
V. A. Gani,1999,3,[]
V. A. Ivanova,2001,1,[]
V. A. Karmanov,2000,8,[]
V. A. Kazakov,1992,10,[]
V. A. Krykhtin,1994,5,[]
V. A. Kudryavtsev,1994,4,['Petersburg Nuclear Physics Institute']
V. A. Kushnir,1997,1,[]
V. A. Lensky,2001,1,[]
V. A. Miransky,1994,7,[]
V. A. Mironov,1994,1,[]
V. A. Nechitailo,1995,1,[]
V. A. Rubakov,1995,13,"['INR, Moscow']"
V. A. Slobodenyuk,1994,6,"['Ulyanovsk State University, Ulyanovsk, Russia', 'Ulyanovsk State Univ., Ulyanovsk, Russia']"
V. A. Smirnov,1994,5,[]
V. A. Soroka,1995,6,[]
V. A. Tsokur,1994,6,[]
V. A. Ulkov,1998,2,[]
V. Abramov,1996,1,[]
V. Akulov,1998,3,[]
V. Alan Kostelecky,1993,3,[]
V. Aldaya,1994,24,[]
V. Azcoiti,1999,1,[]
V. B. Bezerra,2000,8,"['UFPB', 'UFPb']"
V. B. Derjagin,1996,1,[]
V. B. Kopeliovich,1996,6,"['Moscow, INR', 'INR, Moscow, Russia']"
V. B. Kuznetsov,1993,6,[]
V. B. Petkova,1992,18,[]
V. B. Tlyachev,2000,2,['U. of Tomsk']
V. B. Tverskoy,2001,1,[]
V. Balasubramanian,1997,3,[]
V. Bardek,1993,7,[]
V. Bazhanov,1994,4,[]
V. Berezovoj,1995,1,[]
V. Bonservizi,1992,2,[]
V. Bozza,2001,3,[]
V. Branchina,1996,4,[]
V. Braun,2000,2,[]
V. Brazhnikov,1997,1,[]
V. Brindejonc,1995,1,[]
V. C. De Andrade,1998,2,[]
V. C. Kuriakose,2000,2,[]
V. Calian,2000,3,[]
V. Cardenas,1998,1,[]
V. Ch. Zhukovsky,1997,9,[]
V. Chari,1994,4,[]
V. Chikalov,1992,1,[]
V. Cirigliano,1997,1,[]
V. D. Dzhunushaliev,1995,2,[]
V. D. Gershun,2001,2,[]
V. D. Ivashchuk,1995,24,[]
V. D. Lyakhovsky,1994,3,['Sankt-Petersburg Univ.']
V. D. Mur,1999,4,[]
V. D. Pershin,1993,14,[]
V. D. Skarzhinsky,1997,4,[]
V. D. Tsukanov,1998,2,[]
V. De La Incera,1995,4,['SUNY at Fredonia']
V. Demchik,1999,1,['U.Dniepropetrovsk']
V. Dmitrasinovic,1999,3,[]
V. Dmitrav Sinovi C,1994,1,[]
V. Dotsenko,1993,1,[]
V. Dzhunushaliev,1996,12,[]
V. E. Didenko,2003,1,[]
V. E. Korepin,1992,11,"['State University of New York, Stony Brook, USA', 'YITP, State University of New York at Stony Brook']"
V. E. Kuzmichev,2000,2,[]
V. E. Markushin,1996,1,"['Paul Scherrer Institute, Switzerland']"
V. E. R. Lemes,1995,21,[]
V. E. Rochev,1995,8,[]
V. Elias,1996,3,['University of Western Ontario']
V. Elkonin,1994,2,[]
V. F Muller,1994,1,[]
V. F. Kovalev,1997,1,[]
V. F. Mueller,1999,1,['Universitaet Kaiserslautern']
V. F. Mukhanov,1995,3,[]
V. Faraoni,2001,3,['University of Northern British Columbia']
V. Fateev,1997,4,['Montpellier']
V. Filev,2003,1,[]
V. Fock,1999,1,[]
V. Fridkin,1999,1,"['RIMS, Kyoto']"
V. Frolov,1995,13,[]
V. G. Bagrov,1994,4,['U. of Tomsk']
V. G. C. S. Dos Santos,2002,1,[]
V. G. Ivanov,1998,2,[]
V. G. J. Rodgers,1992,15,[]
V. G. Kac,1993,3,['MIT']
V. G. Kiselev,1997,2,"['Institute of Medicine, Research Centre Juelich, Germany']"
V. G. Kovalevich,1996,1,['Minsk']
V. G. Ksenzov,1994,4,[]
V. G. Zima,1994,5,[]
V. Gabay,1993,1,[]
V. Gomes Lima,2002,1,[]
V. Gorini,2000,1,[]
V. Grassi,1998,1,[]
V. Gribanov,1994,2,[]
V. Gurarie,1993,5,[]
V. Hubeny,2000,1,[]
V. Husain,1993,2,[]
V. I. Berezhiani,1996,1,['2']
V. I. Fernandez,1996,3,[]
V. I. Inozemtsev,2001,5,[]
V. I. Kuvshinov,2002,2,[]
V. I. Manko,1992,22,[]
V. I. Manko G. Marmo,1992,1,[]
V. I. Matveev,1995,1,[]
V. I. Ritus,1998,3,[]
V. I. Shevchenko,1997,4,[]
V. I. Smirichinski,1998,4,[]
V. I. Tkach,1998,12,[]
V. I. Yasnov,1996,1,[]
V. I. Zakharov,1998,8,[]
V. J. Menon,2000,1,[]
V. John,1992,5,[]
V. Juricic,2002,1,[]
V. K. Dobrev,1992,7,[]
V. K. Kharchenko,1993,1,[]
V. Kac,1994,1,[]
V. Kaplunovsky,1994,4,['Austin']
V. Karimipour,1993,5,[]
V. Kazakov,1992,2,[]
V. Khemani,2002,3,[]
V. Korepin,1996,3,[]
V. L. Campos,2001,1,[]
V. L. Chernyak,2002,1,[]
V. L. Vereschagin,1994,3,[]
V. Latora,2000,1,[]
V. Lemes,1995,1,[]
V. Linke,1997,1,[]
V. Lysov,2002,1,[]
V. M. Buchstaber,1994,2,[]
V. M. Leviant,1996,4,[]
V. M. Mostepanenko,1997,1,['Joao Pessoa/St.Petersburg']
V. M. Simulik,2002,1,[]
V. M. Ter--Antonyan,1995,2,[]
V. M. Ter-Antonyan,1996,4,[]
V. M. Villanueva,1995,2,[]
V. Marotta,1994,3,['Univ. of Naples']
V. Mathai,2000,3,"['1,2']"
V. Milani,1994,2,[]
V. Mohta,1999,1,[]
V. Montalbano,1994,1,[]
V. Moretti,1995,4,"['Dept. Phys. Univ. Trento Italy,INFN', 'ECT*,Trento University']"
V. Mostepanenko,1999,1,[]
V. Mukhanov,1993,6,['ETH Zuerich']
V. N. Baier,1996,1,[]
V. N. Marachevsky,1998,1,[]
V. N. Melnikov,1995,16,[]
V. N. Pervushin,1995,14,"['JINR, Dubna']"
V. N. Plechko,1996,3,['Bogoliubov Lab Dubna']
V. N. Shadura,1995,4,"['E-mail: abugrij@gluk.apc.org', 'Bogoliubov Institute for Theoretical Physics, Kiev, Ukraine']"
V. N. Stibunov,2002,1,['Nuclear Physics Institute at Tomsk Polytechnical University']
V. N. Tolstoy,1994,2,"['Institute of Nuclear Physics, Moscow State University']"
V. N. Zaikin,2000,1,[]
V. Narayanan,1995,1,[]
V. Nechitailo,1993,1,[]
V. O. Rivelles,1992,12,[]
V. Ogievetsky,1992,11,[]
V. Ovsienko,1994,3,[]
V. P. Akulov,1998,4,"['CCNY, New York']"
V. P. Frolov,1995,12,['Univ. of Alberta']
V. P. Gerdt,2002,2,[]
V. P. Gusynin,1992,9,['Bogolyubov Institute for Theoretical Physics']
V. P. Maslov,1997,4,[]
V. P. Nair,1992,37,"['Physics Dept., CCNY', 'CUNY', 'City College of New York']"
V. P. Neznamov,2003,1,[]
V. P. Poponin,2000,1,[]
V. P. Shelest,1998,1,[]
V. P. Spiridonov,1993,2,[]
V. Pascalutsa,2000,1,[]
V. Pasquier,1993,8,"['CEA/Saclay, SPhT, France']"
V. Paturyan,2000,2,[]
V. Periwal,1992,5,[]
V. Pervushin,1994,5,[]
V. Pestun,2002,2,[]
V. Petkova,1998,1,[]
V. Popkov,2002,1,[]
V. Preuss,1993,1,[]
V. Putz,2000,7,[]
V. R. Khalilov,1998,2,[]
V. R. Manfredi,1994,3,[]
V. R. Zoller,1994,1,"['1,3']"
V. Radovanovic,1994,5,"['Faculty of Physics, University of Belgrade, Yugoslavia']"
V. Ravishankar,1996,1,"['Dept. of physics Indian Institute of Technology, Kanpur']"
V. Rittenberg,1993,3,[]
V. Riva,2001,1,[]
V. Rivasseau,1994,3,"['Centre de Physique Theorique, CNRS UPR, Ecole Polytechnique, France']"
V. Rubtsov,1993,6,[]
V. Rychkov,2000,1,[]
V. S. Alves,1998,6,[]
V. S. Dotsenko,1994,1,[]
V. S. Fadin,1994,1,[]
V. S. Kapitonov,1995,1,[]
V. S. Kaplunovsky,2001,1,[]
V. S. Retakh,1994,1,[]
V. S. Rychkov,2000,1,[]
V. S. V. Varadarajan,1998,1,[]
V. S. Varadarajan,2000,2,[]
V. Sadov,1993,9,[]
V. Sahakian,1998,3,[]
V. Schechtman,1994,1,[]
V. Schechtman.,1994,1,[]
V. Schomerus,1994,13,['Hamburg']
V. Schulte-Frohlinde,1995,1,"['Freie Universit""at Berlin']"
V. Shpytko,1998,1,[]
V. Silva Santos,2002,1,[]
V. Skalozub,1999,5,[]
V. Soni,1992,4,"['NPL, New Delhi']"
V. Soucek,1993,1,[]
V. Spiridonov,1992,5,[]
V. Srinivasan,1996,3,[]
V. Suneeta,2002,2,[]
V. Talamini,1995,1,[]
V. Tarasov,1994,1,[]
V. Ter-Antonian,1994,1,[]
V. Ter-Antonyan,1996,1,[]
V. Terras,1999,5,[]
V. Tretyak,1998,4,"['Inst. for Cond. Matt. Phys.', 'Institute for Condensed Matter Physics']"
V. Ts. Gurovich,1996,1,[]
V. V. Arkhipov,1998,1,[]
V. V. Bazhanov,1992,6,['ANU']
V. V. Chitov,1996,2,[]
V. V. Dmitrieva,1994,1,[]
V. V. Dodonov,1993,6,[]
V. V. Dyadichev,2000,6,[]
V. V. Fock,1993,1,[]
V. V. Khoze,1996,17,['Durham']
V. V. Khruschev,2002,1,['1']
V. V. Khudyakov,1998,2,[]
V. V. Kuratov,2001,4,[]
V. V. Kuzmichev,2000,2,['Bogolyubov Institute for Theoretical Physics']
V. V. Mangazeev,1993,5,[]
V. V. Melezhik,1994,1,[]
V. V. Mkhitaryan,1999,2,[]
V. V. Nesterenko,1993,30,"['Bogoliubov Laboratory of Theoretical Physics, Joint Institute for Nuclear Research, Dubna, Russia', 'Joint Institute for Nuclear Research, Russia']"
V. V. Papoyan,1998,1,[]
V. V. Pustovalov,1997,1,[]
V. V. Skalozub,1995,2,[]
V. V. Sreedhar,1994,9,[]
V. V. Talanov,1995,1,[]
V. V. Tugai,1996,2,['Scientific Center of Physical Technologies']
V. V. Vlasov,1996,1,[]
V. V. Zhytnikov,1994,2,[]
V. Varela,1998,1,[]
V. Vento,1994,1,[]
V. Vereshagin,2003,1,['2']
V. Ya Linetsky,1992,1,[]
V. Ya. Fainberg,1992,6,[]
V. Ya. Linetsky,1992,1,[]
V. Yasnov,2000,1,[]
V. Yu. Ovsienko,1994,1,[]
V. Yu. Petrov,1995,1,[]
V. Z. Enolskii,1993,3,[]
V. Zamarias,2002,2,[]
V. Zarikas,2002,1,['4']
V. Zhukovskii,2001,1,[]
V. Zima,1998,1,[]
V.-B. K. Rogov,1993,1,[]
Vad. Yu. Zeitlin,1997,1,['Lebedev Physical Institute']
Vadim A. Brazhnikov,1996,2,[]
Vadim B. Kuznetsov,1993,3,[]
Vadim Borokhov,2002,4,[]
Vadim Kaplunovsky,1992,6,[]
Vadim R. Kudashev,1998,1,[]
Vadim S. Kaplunovsky,1996,4,['University of Texas']
Vadim Schechtman,1994,1,[]
Vadim V. Varlamov,1997,3,[]
Vadim Zeitlin,1994,6,"['Lebedev Physical Institute', 'Lebedev Phys. Inst.']"
Vahid Karimipour,1993,7,"['Sharif University of Technology, Tehran, Iran']"
Vahid Rezania,2000,1,['IASBS']
Vakif K. Onemli,2000,3,[]
Valentin Lychagin,1994,1,[]
Valentin V. Khoze,1999,21,[]
Valentina B. Petkova,1999,1,[]
Valentina Petkova,2001,1,[]
Valentina Riva,2001,2,[]
Valeri Dvoeglazov,1994,2,['Universidad Autonoma de Zacatecas']
Valeri Frolov,1994,5,[]
Valeri P. Frolov,2003,1,[]
Valeri V. Dolotin,1997,1,[]
Valeri V. Dvoeglazov,1993,41,"[""Zacatecas University, M\\'exico"", ""Zacatecas U., M\\'exico"", 'Universidad de Zacatecas', 'Escuela de Fisica, UAZ', 'U. A. de Zacatecas', 'Zacatecas U., Mexico', 'Universidad Autonoma de Zacatecas, Mexico', 'Zacatecas University', ""Universidad Aut\\'onoma de Zacatecas, Mexico"", ""Universidad Aut\\'onoma de Zacatecas"", 'Universidad Autonoma de Zacatecas']"
Valerij N. Tolstoy,1993,1,"[""Dept. de Physique Theorique, Universit\\'{e} de Geneve""]"
Valerio Bozza,2000,1,[]
Valerio Faraoni,2000,1,[]
Valeriy N. Tolstoy,1994,3,['Moscow State University']
Valery A. Kholodnyi,1994,1,[]
Valery A. Rubakov,1995,5,[]
Valery Marachevsky,1999,1,[]
Valery N. Marachevsky,1999,3,[]
Valery P. Frolov,1993,1,[]
Valery P. Karassiov,1994,1,[]
Valle Basagoiti,1993,1,[]
Valter Moretti,1995,7,"['Phys. Dept. Trento Univ. Italy', 'ECT*,Trento University', 'Phys. Dept. Trento University', 'Trento University']"
Van De Sande,1992,1,[]
Van M. Savage,1999,1,[]
Vanicson L. Campos,2000,6,[]
Varghese John,1993,2,[]
Varghese Mathai,2002,1,[]
Vasilios Zarikas,1999,1,[]
Vasilis Niarchos,2000,4,[]
Vasily E. Tarasov,1994,3,['tarasov@theory.npi.msu.su']
Vasily Pestun,2001,2,"['ITEP, Moscow']"
Vassilios Kovanis,1993,1,[]
Vatche Sahakian,1997,11,[]
Velimir Bardek,1998,3,[]
Verena Schoen,2000,2,[]
Verena Schon,2000,1,[]
Veronica Sanz,2002,1,[]
Veronika E Hubeny,2002,1,[]
Veronika E. Hubeny,1999,8,[]
Veronique Terras,2002,1,[]
Vi Ctor Aldaya,1996,1,"['Granada U., Valencia U.']"
Vicente Azcoiti,1995,2,[]
Vicente Cortes,2001,2,[]
Vicente Di Clemente,2001,1,[]
Vicente Pleitez,1995,1,[]
Victor A. Matveev,1998,3,"['INR, Moscow']"
Victor Chernyak,1998,2,[]
Victor Dannon,2000,1,[]
Victor G. Kac,1993,5,[]
Victor Galan-Gonzalez,1998,1,['Imperial College']
Victor Kac,1995,2,['MIT']
Victor Laliena,1995,1,[]
Victor M. Villalba,1993,8,[]
Victor M. Villanueva,1999,2,"['Michoacan University, Mexico', 'Univ. Michoacan, Mexico']"
Victor M. Villanueva Sandoval,2003,1,[]
Victor O. Rivelles,1992,21,[]
Victor Pervushin,2000,4,[]
Victor Petrov,1996,6,"['St. Peterburg NPI', 'NORDITA,St.Petersburg NPI', 'St. Petersburg NPI']"
Victor T. Kim,1999,2,"['PNPI, St.Petersburg , IITAP, Ames', 'PNPI, St.Petersburg , CERN, Geneva']"
Victor T. Kim Grigorii B. Pivovarov,1996,1,"['IITAP, Ames,PNPI, St.Petersburg']"
Victor Tapia,1993,1,[]
Victor Weir,2000,1,[]
Victoria Fernandez,1999,1,[]
Vidyut Jain,1992,4,[]
Vijay Balasubramanian,1995,28,"['Princeton University', 'Harvard U.']"
Vikram Vyas,2000,2,[]
Viktor Abramov,1996,2,"['University of Tartu, Estonia']"
Viktor Dotsenko,1995,2,[]
Viktoria Malyshenko,1997,1,[]
Vilson T. Zanchin,1995,2,"['Universidade de Santa Maria, Rio Grande do Sul, Brazil']"
Vincent Bouchard,2003,1,[]
Vincent Hakim,1995,1,[]
Vincent Moulton,1994,1,[]
Vincent Pasquier,1995,1,[]
Vincenzo Branchina,1994,5,[]
Vincenzo Marotta,1996,3,[]
Vineer Bhansali,1992,1,[]
Vipul Periwal,1992,37,['Princeton University']
Viqar Husain,1992,9,['Univ. of British Columbia']
Virendra Singh,1994,1,[]
Virginia Manias,1995,1,[]
Vishnu Jejjala,2000,6,[]
Vitalij N. Shadura,1996,3,"['Bogolyubov Institute for Theoretical Physics, Kiev']"
Vitaly Tarasov,1992,5,[]
Vitor Cardoso,2001,4,[]
Vitor Lemes,1994,1,[]
Vittorio Barone Adesi,2001,1,[]
Vittorio De Alfaro,1997,2,['University of Torino']
Vittorio De Alfaro Alexandre T. Filippov,1998,1,['Univ. Torino']
Vittorio Gorini,1995,2,[]
Vivian De La Incera,1996,5,['SUNY']
Vl. S Dotsenko,1995,1,[]
Vl. S. Dotsenko,1992,2,[]
Vladimir A. Kazakov,1993,14,"['ENS, Paris']"
Vladimir Dotsenko,1994,6,[]
Vladimir Dyadichev,2000,1,[]
Vladimir Dzhunushaliev,1996,4,[]
Vladimir E. Korepin,1992,3,[]
Vladimir F. Kovalev,2000,1,[]
Vladimir I. Tkach,1995,2,[]
Vladimir Kazakov,1993,5,[]
Vladimir Korepin,1997,2,"['ITP, SUNY at Stony Brook, USA']"
Vladimir Mangazeev,2000,1,[]
Vladimir Nikolaev,2001,1,[]
Vladimir O. Soloviev,1993,7,[]
Vladimir Pershin,2002,1,"['IFT/UNESP, Sao Paulo']"
Vladimir Rittenberg,1992,4,[]
Vladimir S Dotsenko,2003,1,[]
Vladimir S. Dotsenko,2001,3,[]
Vladimir Sadov,1993,6,[]
Vladimir Skalozub,1999,1,[]
Vladimir V Klishevich,2000,1,[]
Vladimir V. Bazhanov,2001,1,[]
Vladimir V. Yanovsky,1993,1,[]
Vladislav Popkov,2003,1,[]
Vladymir Lyakhovsky,2002,1,"['Departament of Theoretical Physics, Sankt-Petersburg University, Russia']"
Voja Radovanovic,2000,3,[]
Volker Braun,1998,8,[]
Volker Schomerus,1994,17,[]
Volkhard F. Muller,2000,2,['U. Kaiserslautern']
Volkmar Putz,2001,1,[]
Volodimir Lyubashenko,1993,4,[]
Volodymyr Krasnoholovets,2002,1,[]
Volodymyr M. Gorkavenko,2002,1,['Univ. of Kyiv']
Vu B Ho,1994,6,[]
Vyacheslav A. Soroka,2001,4,[]
Vyacheslav S. Rychkov,2002,1,['Princeton U.']
Vyjayanthi Chari,1995,1,[]
W-Y. P. Hwang,2001,3,"['Taiwan, National Taiwan U.']"
W. A. Bardeen,1993,1,[]
W. A. Mcghee,1993,1,[]
W. A. Moura-Melo,2001,1,['UFLA']
W. A. Perkins,1999,2,['PACS']
W. A. Rodrigues,1995,2,[]
W. A. Rodrigues Jr,1996,1,[]
W. A. Rodrigues Jr.,1996,3,[]
W. A. Sabra,1992,50,"['CAMS/American University of Beirut', 'CAMS, AUB', 'CAMS']"
W. A. Weir,1997,1,[]
W. Bietenholz,1994,8,[]
W. Buchmuller,1997,1,[]
W. C. Schieve,1995,3,[]
W. Cassing,1996,3,[]
W. D. Linch,2002,4,[]
W. D. Linch Iii,2001,3,[]
W. D. Mcglinn,1992,2,"['University of Notre Dame,U of Notre Dame']"
W. Da Cruz,1998,1,[]
W. Dittrich,2000,1,[]
W. E. Baylis,2001,1,[]
W. Eholzer,1992,8,[]
W. F. Chen,1996,19,"['University of Winnipeg', '2']"
W. F. Chen. H. C. Lee,1996,1,[]
W. F. Kao,1999,11,[]
W. Fischler,1996,17,"['U. Texas, Austin']"
W. Freire,2002,2,[]
W. G. Qiu,2002,1,[]
W. G. Unruh,1993,4,['U.B.C.']
W. Garcia Fuertes,1998,6,"['Universidad de Oviedo', 'U. Oviedo']"
W. Greiner,1995,3,"['2', 'Goethe University, Frankfurt am Main']"
W. Israel,1996,1,[]
W. J. Zakrzewski,1992,24,"['Durham', 'Durham, UK', 'Univ. of Durham', 'Durham U.', 'University of Durham']"
W. K. Baskerville,1992,3,[]
W. K. Ma,2001,1,[]
W. K. Wong,1997,1,[]
W. Kalau,1993,3,[]
W. Kondracki,1994,2,[]
W. Kornelis,2000,1,[]
W. Krolikowski,1998,1,"['IFT, Warsaw University']"
W. Kummer,1992,18,[]
W. Lee,1999,1,['Los Alamos']
W. Lerche,1992,37,[]
W. M. Koo,1993,5,['Ewha Womans University/CTP-SNU']
W. M. Nelson,1992,1,[]
W. M. Zhang,1994,1,[]
W. Machin,2001,2,[]
W. Mcghee,1994,1,[]
W. Modritsch,1993,1,[]
W. Muck,1998,2,[]
W. Mueck,1999,7,[]
W. N. Polyzou,1996,1,['Iowa']
W. Nahm,1992,2,['Bonn U.']
W. Noertershaeuser,2002,1,[]
W. Oliveira,1997,11,['Juiz de Fora Federal University']
W. Pires De Almeida,2002,1,[]
W. Ruehl,1995,11,"['University Kaiserslautern, Germany']"
W. Ruhl,2001,2,[]
W. S. Bae,2000,3,[]
W. S. Lyi,1994,7,[]
W. Sasin,1999,1,[]
W. Siegel,1996,9,"['CNYITP, Stony Brook', 'C.N. Yang Institute for Theoretical Physics']"
W. T. Giele,1997,1,[]
W. Taylor,1993,5,[]
W. Thirring,1998,3,[]
W. Troost,1992,11,[]
W. Urbanik,1993,1,[]
W. Wang,1994,1,[]
W. Y. Wen,2001,2,[]
W. Zheng,1995,1,[]
W. Zippold,1994,1,[]
W.-S. Chung,1995,2,[]
Wa Rodrigues,1999,1,[]
Waclaw Tybor,1993,3,"['Department of Theoretical Physics, Lodz, Poland']"
Wade Naylor,2001,4,"['Osaka U., Dept. Earth , Space Sci.']"
Wafic A. Sabra,1996,7,[]
Wafic Sabra,2002,1,[]
Wafic. A. Sabra,1997,1,[]
Wai Ming Koo,1996,1,[]
Waichi Ogura,1992,2,['Osaka U.']
Wajdi Gaddah,2002,1,[]
Waldyr A. Rodrigues,1998,2,[]
Walter D. Goldberger,2000,4,[]
Walter Dittrich,1996,5,['Tubingen U.']
Walter F. Wreszinski,2001,1,[]
Walter Greiner,2000,3,[]
Walter Kunhardt,1997,1,[]
Walter Smilga,2003,1,[]
Walter Strampp,1993,2,[]
Walter Troost,1993,18,[]
Wan-Yun Zhao,1998,1,[]
Wang-Chang Su,1994,8,[]
Warren G. Anderson,1995,1,[]
Warren Siegel,1995,12,"['CNYITP, Stony Brook']"
Washington Taylor,1993,31,"['Princeton', 'ITP, MIT', 'Princeton U.', 'MIT']"
Washington Taylor Iv,1992,9,['MIT']
Wasil F. Urazmetov,1999,1,[]
Wataru Souma,1998,4,[]
Wayne R. Lundberg,2002,1,[]
We-Fu Chang,1995,1,"['Physics Department,National Tsing-Hua University, Hsinchu, Taiwan']"
Wei Chen,1992,15,"['U of North Carolina, Chapel Hill', 'UNC-CH', 'Zhongshan University', 'UC Davis', 'Univ of California, Davis', 'UBC', 'U of British Columbia', 'Univ of North Carolina, Chapel Hill', 'Univ of North Carolina', 'Univ of North Carolina at Chapel Hill']"
Wei Li,1992,1,[]
Wei Liao,2001,2,[]
Wei Zhang,1998,3,[]
Wei-Fu Lin,1992,3,[]
Wei-Min Sun,1999,7,[]
Wei-Min Zhang,1993,3,"['NCKU, Taiwan']"
Weidong Zhao,1993,2,[]
Weiqiang Wang,1993,1,[]
Weizhen Deng,2000,1,[]
Wellington Da Cruz,1997,10,[]
Wen-Fa Lu,1998,8,['Shanghai Jiao Tong University']
Wen-Feng Chen,1998,1,[]
Wen-Ge Wang,2000,1,[]
Wen-Jui Huang,1993,7,[]
Wen-Jun Chen,2001,1,[]
Wen-Li Yang,1996,11,"['Northwest University, China']"
Wenceslao Santiago-Germ`An,2003,1,['Newcastle U.']
Wenceslao Santiago-German,2003,1,['Newcastle University']
Wenli He,2001,2,[]
Wenli Yang,1995,1,[]
Wentao Xu,1994,2,[]
Werner Krauth,1996,7,['LPSENS']
Werner M. Seiler,1995,1,[]
Werner Nahm,1994,4,[]
Werner Ruehl,1993,8,[]
Werner Ruhl,1995,2,"['University of Kaiserslautern, Germany']"
Whee Ky Ma,2000,1,[]
Wifredo Garcia Fuertes,2000,1,[]
Wiliam G. Pereira,2003,1,[]
Will Mcelgin,2001,2,[]
Will Orrick,2001,1,[]
Willard Miller,1993,2,[]
William E. Brown,1997,4,[]
William F. Shively,1999,1,[]
William G. Unruh,1995,1,[]
William H. Kinney,2001,2,[]
William H. Kinney Gary Shiu,2002,1,['Columbia Univ.']
William M. Nelson,1993,1,[]
William M. Pezzaglia,1992,1,[]
William Mcghee,1992,1,[]
William Nelson,1993,2,[]
William P. Orrick,1995,3,[]
William Schmitt,2002,1,[]
William Weir,1999,1,[]
Willy Fischler,1994,7,['UT Austin']
Wilson Oliveira,1995,6,"['Universidade Federal de Juiz de Fora', 'Departamento de Fisica, Universidade Federal de Juiz de Fora, Brazil']"
Winder A. Moura-Melo,1998,6,[]
Winfried Pfister,1995,1,[]
Wing Kai Wong,1996,4,[]
Witold Pokorski,1998,1,[]
Witold Skiba,1996,22,"['San Diego', 'UC San Diego', 'MIT', 'UC, San Diego']"
Wj Zakrzewski,2001,1,[]
Wladyslaw Marcinek,1997,1,['University of Wroclaw']
Wlodzimierz Piechocki,1997,2,[]
Wojciech De Roeck,2002,1,[]
Wojciech Krolikowski,2002,1,[]
Wojciech Mulak,1993,1,[]
Wojtek J. Zakrzewski,1996,2,[]
Wojtek Zakrzewski,1998,3,[]
Wolfgang A. Schnizer,1993,1,"['RIMS, Kyoto']"
Wolfgang Bischoff,1993,1,[]
Wolfgang Eholzer,1993,6,[]
Wolfgang Junker,1995,2,[]
Wolfgang Kalau,1992,1,[]
Wolfgang Kummer,1997,5,[]
Wolfgang Lerche,1997,1,[]
Wolfgang Lucha,1997,7,[]
Wolfgang Muck,1999,2,[]
Wolfgang Mueck,1998,5,[]
Wolfgang Weich,1993,2,[]
Wolfram Boenkost,1994,2,[]
Won Suk Bae,2000,1,[]
Won T. Kim,1995,7,[]
Won Tae Kim,1994,25,[]
Won-Ho Kye,1995,1,[]
Wu Ji-Min,1999,1,[]
Wu-Jun Bao,2003,1,[]
Wulf Boettger,1995,2,[]
Wung-Hong Huang,2000,16,[]
X De La Ossa,2000,1,[]
X. Bekaert,1998,2,[]
X. Cai,2000,2,[]
X. Calmet,2000,1,['Munich U.']
X. De La Ossa,1995,1,[]
X. F. Liu,2000,1,[]
X. Fang,1995,1,[]
X. J. Wang,1992,15,[]
X. Liu,2002,1,[]
X. M. Ding,1997,2,[]
X. Maintas,1992,1,[]
X. Martin,2000,2,[]
X. N. Maintas,1995,3,[]
X. Q. Luo,1995,3,[]
X. Shen,1992,2,[]
X. Vilasis-Cardona,1992,2,[]
X. Xiong,2002,1,[]
X.-J. Wang,2000,1,[]
Xavier Bekaert,1999,14,[]
Xavier Gracia Josep M. Pons,1995,1,['Politechnic University of Catalonia']
Xavier Montes,2000,1,[]
Xavier Vilasis-Cardona,1994,1,[]
Xenia C. De La Ossa,1992,1,[]
Xenia De La Ossa,1993,6,[]
Xi Yin,2003,1,[]
Xi-Jun Qiu,1999,1,[]
Xiang Shen,1992,1,[]
Xiang-Hua Zhai,2002,1,[]
Xiang-Mao Ding,2000,6,[]
Xiang-Qian Luo,1995,3,"['Zhongshan Univ., China']"
Xiang-Song Chen,1999,7,[]
Xianhui Li,1999,3,[]
Xianzhe Dai,1994,1,[]
Xiao-Gang Wen,1993,3,[]
Xiao-Jun Wang,2001,6,[]
Xiao-Mei Ji,2001,2,[]
Xiaolin Chen,2000,1,[]
Xiaozhen Xiong,2000,3,[]
Xin Liu,1999,2,[]
Xin-Bing Huang,2002,2,[]
Xin-He Meng,1999,1,[]
Xin-Rui Hou,2001,1,[]
Xin-Zhou Li,2002,7,[]
Xing-Chang Song,1998,8,"['Theoretical Group, Department of Physics, Peking University', 'Peking University', 'Theory Group, Department of Physics, Peking University']"
Xingang Chen,2001,4,[]
Xingchang Song,1996,2,[]
Xinkai Wu,2002,3,['Caltech']
Xinmin Zhang,2001,3,[]
Xinrui Hou,1998,3,[]
Xu-Dong Luo,1998,2,[]
Xuan Peiqi,1997,1,[]
Xuan Son Nguyen,2001,2,[]
Xue-Xi Yi,1999,1,[]
Y K Zhou,1996,1,[]
Y. -B. Zhang,1999,1,[]
Y. -G. Miao,2000,1,[]
Y. A. Muukhin,1994,1,[]
Y. Abe,2003,1,[]
Y. Aghababaie,2002,3,[]
Y. Aharonov,1993,2,[]
Y. Arakane,1996,2,[]
Y. Artstein,2000,1,['TAU']
Y. Asai,1996,1,[]
Y. Bisabr,2000,3,[]
Y. Brihaye,1993,20,['1']
Y. C. Liang,2001,1,[]
Y. Chen,1999,1,[]
Y. Frishman,1992,8,[]
Y. G. Lu,1994,2,[]
Y. Gabellini,2002,2,[]
Y. Guler,2002,1,[]
Y. H. Quano,1996,1,[]
Y. Hashimoto,1996,1,[]
Y. Hassouni,2000,4,[]
Y. Hatta,2001,1,[]
Y. Higashide,2003,1,[]
Y. Higasida,2000,1,[]
Y. Hoshino,2001,3,[]
Y. Hosotani,1993,11,"['Minnesota U', 'Minnesota', 'U. Minnesota']"
Y. Hyakutake,1999,1,[]
Y. I. Shilnov,1996,2,[]
Y. Igarashi,1992,6,[]
Y. Imamura,1992,3,[]
Y. Ishimoto,1999,1,[]
Y. J. Feng,1994,1,[]
Y. J. Lee,2001,2,[]
Y. J. Ng,1995,4,[]
Y. Jack Ng,1996,8,"['University of North Carolina at Chapel Hill', 'University of North Carolina']"
Y. Kazama,1993,10,[]
Y. Kiem,2001,3,[]
Y. Kikukawa,1993,3,['1']
Y. Kim,1996,1,['Hanyang']
Y. Kimura,2000,2,[]
Y. Kinar,1998,5,[]
Y. Kitazawa,1994,15,"['High Energy Accelerator Research Organization KEK', 'KEK']"
Y. Kodama,1994,2,"['Mathematics Dept., Ohio State University']"
Y. Konishi,2001,1,[]
Y. Koyama,1993,1,[]
Y. Lavi,1993,1,[]
Y. Leblanc,1992,12,['University of Alabama']
Y. Lozano,1993,9,['Univ. Utrecht']
Y. M. Ahn,1994,1,[]
Y. M. Cho,1996,25,[]
Y. M. Makeenko,1992,6,[]
Y. Makeenko,1995,3,"['ITEP , NBI']"
Y. Matsumura,1992,1,[]
Y. Matsuo,1992,23,['Univ. of Tokyo']
Y. Meurice,1996,3,[]
Y. N. Obukhov,1993,1,[]
Y. N. Srivastava,1995,1,[]
Y. Nakawaki,2000,2,[]
Y. Noirot,1996,1,[]
Y. Nutku,1998,4,[]
Y. Ohnita,1993,2,[]
Y. Okawa,1998,2,[]
Y. Okumura,1995,1,[]
Y. Oono,1995,1,[]
Y. Oz,1994,3,[]
Y. Pugai,1996,2,[]
Y. Q. Li,2001,1,[]
Y. S. Choi,1999,1,[]
Y. S. Kim,1995,13,['Univ. of Maryland']
Y. S. Myung,1995,64,"['Inje University', 'Inje U.', 'Inje U., Korea', 'Inje Univ', 'Inje Univ.']"
Y. S. Stanev,1994,1,[]
Y. S. Volvovski,1999,2,"['Columbia University,Landau Institute for Theoretical Physics']"
Y. Saint-Aubin,1992,1,[]
Y. Satoh,1993,5,[]
Y. Shadmi,1996,2,[]
Y. Shamir,1994,3,[]
Y. Shibusa,2000,1,[]
Y. Shirman,1998,3,[]
Y. Strauss,1997,2,[]
Y. Sugawara,1996,3,['Univ. of Tokyo']
Y. Sumino,1995,1,['Tohoku University']
Y. Taira,1999,1,"['Chiba Univ., Japan']"
Y. Takahashi,1998,1,[]
Y. Takaya,2002,1,[]
Y. Takayama,2003,1,[]
Y. Takimoto,1996,5,['Ibaraki Univ.']
Y. Taniguchi,1996,1,[]
Y. Tanii,1992,17,[]
Y. V. Fyodorov,2003,1,[]
Y. Verbin,1998,1,[]
Y. Volvovsky,2000,2,[]
Y. Watabiki,1993,5,"['TIT', 'Tokyo Institute of Technology']"
Y. Xudous,2000,1,[]
Y. Xylander,1994,1,[]
Y. Yamada,1992,4,[]
Y. Yang,2001,3,['Simon Fraser University']
Y. Yasui,1996,2,[]
Y. Yoon,1996,1,[]
Y. Zunger,2000,1,[]
Y.-G. Miao,1996,1,[]
Y.-H. Quano,1993,2,[]
Y.-S. Song,1994,1,[]
Y.-S. Wu,2000,2,['Univ. of Utah']
Y.-Z. Zhang,1992,2,[]
Y=Uichi Chikashige,1995,1,[]
Ya. A. Korennoy,1994,1,[]
Ya. I. Granovskii,1993,1,[]
Ya. M. Shnir,1996,4,"['Berlin', 'DAMTP, Cambridge', 'DAMTP, University of Cambridge, UK']"
Ya. P. Pugay,1993,3,[]
Ya. Pugai,1996,1,[]
Ya. S. Stanev,1994,7,"['U. Roma ""Tor Vergata""', '1']"
Yael Shadmi,1996,6,[]
Yakir Aharonov,1993,4,[]
Yakov Kanter,1994,3,[]
Yan Soibelman,2002,1,[]
Yan V Fyodorov,2002,1,[]
Yan Vtorov-Karevsky,1996,2,[]
Yan-Gang Miao,1995,7,"['Kaiserslautern , Xiamen Uni.']"
Yan-Shen Wang,1999,1,[]
Yang Chen,1995,1,[]
Yang Hui He,2002,1,[]
Yang Ze-Sen,1999,1,[]
Yang Zhan-Ying,2002,1,[]
Yang-Hui He,1998,26,[]
Yang-Mills Instantons Carlos Castro,1993,1,"['I.A.E.C 1407 Alegria, Austin, Texas Usa']"
Yannick Meurice,1992,2,[]
Yanshen Wang,1995,1,[]
Yao-Zhong Zhang,1993,22,[]
Yaron E. Antebi,2002,1,[]
Yaron Oz,1992,49,"['UC Berkeley/LBNL', 'U of Tel-Aviv', 'CERN']"
Yaroslav Pugai,1994,3,"['Landau Institute for Theoretical Physics,University of Melbourne', 'Landau Institute for Theoretical Physics']"
Yas-Hiro Quano,1992,11,['Suzuka University of Medical Science']
Yassen S. Stanev,1996,10,"[""Universit\\`a di Roma ``Tor Vergata''"", 'Univ. Roma ""Tor Vergata""', 'Universita\' di Roma ""Tor Vergata"",INFN, Sezione di Roma ""Tor Vergata""', ""Universita` di Roma ``Tor Vergata''""]"
Yassen Stanev,1996,1,"[""Dipartimento di Fisica, Universit\\`a di Roma ``Tor Vergata''""]"
Yassine Hassouni,2000,1,[]
Yasuaki Fukuoka,1999,1,[]
Yasuaki Hikida,2000,12,[]
Yasuharu Honda,1999,3,[]
Yasuhiko Yamada,1993,6,[]
Yasuhiro Abe,2002,1,[]
Yasuhiro Akutsu,1992,1,[]
Yasuhiro Fujii,1998,2,[]
Yasuhiro Iwama,1994,2,[]
Yasuhiro Ohta,1992,2,[]
Yasuhiro Sekino,1999,7,[]
Yasuhito Kaminaga,1995,1,"['Toho University, Japan']"
Yasumasa Imamura,1993,1,[]
Yasunari Heike,1998,1,[]
Yasunari Kurita,2002,1,[]
Yasunori Nomura,2001,3,[]
Yasushi Homma,1998,2,[]
Yasushi Takahashi,1994,1,[]
Yasutaka Katagiri,2002,1,[]
Yasuyuki Imaizumi,2001,2,[]
Yasuyuki Sekiguchi,1996,1,[]
Yaw-Hwang Chen,1995,4,[]
Yeong Deok Han,2001,2,[]
Yeong-Chuan Kao,1999,2,[]
Yeonjung Kim,2001,1,[]
Yeou-Wei Yang,1996,1,"['National Cheng Kung Univ., Taiwan, ROC']"
Yeuk-Kwan E. Cheung,1997,6,[]
Yh Uji Ohta,1995,3,"['Hiroshima Univ., Dept. of Math.']"
Yi Cheng,1996,2,[]
Yi Li,2002,1,[]
Yi Liao,2001,6,"['ITP, Leipzig']"
Yi Ling,1999,6,[]
Yi Sun,1994,1,[]
Yi Yang,2001,2,[]
Yi-Hong Gao,1998,7,[]
Yi-Shi Duan,1999,5,[]
Yi-Xin Chen,1998,5,[]
Yi-Yen Wu,1996,10,"['Johns Hopkins University', 'UC Berkeley,LBNL', 'LBNL, UCB', 'Johns Hopkins Univ.', 'UC Berkeley,Lawrence Berkeley National Laboratory', 'UC Berkeley, Lawrence Berkeley Lab']"
Yi-Zhi Huang,1993,4,[]
Yia-Chung Chang,1997,1,[]
Yigal Shamir,1992,5,[]
Yim Kok Kean,2002,1,[]
Ying Chen,2000,1,[]
Ying Jiang,1998,7,[]
Ying-Hui Cao,1999,2,[]
Ying-Kai Fu,2001,1,[]
Yishi Duan,1998,14,[]
Yitzhak Frishman,1997,1,[]
Yoan Parra,1997,1,[]
Yoav Lavi,1994,1,[]
Yoav Lederer,2001,1,[]
Yoav Peleg,1993,6,"['UWM', 'University of Wisconsin - Milwaukee']"
Yoav Peleg . Section 2 Revised . Some References Added. No Change Of Conclusions.,1995,1,"['Department of Physics, University of Wisconsin at Milwaukee']"
Yogesh K. Srivastava,2002,1,[]
Yoichi Kazama,1993,7,[]
Yoichiro Matsumura,1992,3,[]
Yoichiro Nambu,1998,1,[]
Yoichro Matsumura,1993,1,[]
Yoji Michishita,1999,7,['Kyoto Univ.']
Yoko Onjo,2000,1,[]
Yolanda Lozano,1994,21,['Univ. of Utrecht']
Yonatan Zunger,1999,7,"['Stanford University', 'Dept. of Physics, Stanford University']"
Yong Zhang,1999,4,"['Institute of Theoretical Physics, Academia Sinica', 'Insititut fur Theoretische Physik, Universitat Leipzig']"
Yong-Seon Song,2002,1,[]
Yong-Shi Wu,1992,24,['Univ. of Utah']
Yong-Wan Kim,1994,21,[]
Yongduk Kim,1994,6,[]
Yongqiang Wang,2001,1,[]
Yongsung Yoon,1994,5,"['Hanyang Univ., Korea', 'Department of Physics, Hanyang University']"
Yoon-Bai Kim,2000,1,[]
Yoonbai Kim,1992,23,"['Sungkyunkwan U.', 'SKKU']"
Yorinori Saito,2000,3,[]
Yoshiaki Koma,2001,2,['1']
Yoshiaki Tanii,1992,7,[]
Yoshifumi Hyakutake,2000,5,['Yukawa Institute']
Yoshiharu Kawamura,1996,5,[]
Yoshihisa Kitazawa,1992,15,['Tokyo Institute of Technology']
Yoshihisa Ohshima,1995,4,[]
Yoshiki Hiraoka,2002,3,[]
Yoshinobu Habara,2001,3,[]
Yoshinori Gotoh,1997,2,[]
Yoshio Yamaguchi,2001,1,[]
Yoshitaka Degura,2000,1,[]
Yoshitaka Okumura,1994,14,[]
Yoshiyuki Watabiki,1994,5,['Tokyo Institute of Technology']
Yossi Nir,1998,1,[]
Yosuke Imamura,1997,16,[]
You-Quan Li,1994,3,[]
Youjin Zhang,1996,2,[]
Youli Kanev,1994,1,[]
Young Jai Park,1995,1,[]
Young-Jai Park,1994,39,['Sogang Univ.']
Youngchul Park,1992,2,[]
Younghoon Park,1994,1,[]
Youngjai Kiem,1993,30,[]
Youngone Lee,2002,1,[]
Youngsoo Yoon,1996,1,[]
Yousef Bisabr,2003,1,[]
Yousuke Kokubo,2002,2,[]
Yu Cai,1994,3,['ITP-AS']
Yu Jiang,1997,1,"['Facultad de Ciencias, UAEM']"
Yu Shi,1997,1,[]
Yu Tian,2002,3,[]
Yu-Jie Zhong,2003,1,[]
Yu-Kui Zhou,1993,8,[]
Yu-Ping Kuang,1998,1,[]
Yu-Qi Li,2001,2,[]
Yu-Ting Yeh,2000,1,[]
Yu-Tung Chen,2001,1,[]
Yu-Wen Lee,2001,1,[]
Yu. A. Kubyshin,1993,5,[]
Yu. A. Simonov,1995,6,"['ITEP, Moscow', 'ITEP']"
Yu. A. Sitenko,1996,17,"['BITP, Ukraine', 'Bogolyubov Inst. Theor. Phys., Kiev', 'Bogolyubov Institute for Theoretical Physics, Kiev, Ukraine', 'Bogolyubov Institute, Kyiv']"
Yu. Burman,1994,1,[]
Yu. Chernyakov,2001,1,[]
Yu. F. Smirnov,1994,4,[]
Yu. G. Stroganov,1993,7,"['Institute for High Energy Physics, Protvino, Russia', 'Institute for High Energy Physics, Protvino']"
Yu. I. Shilnov,1994,9,[]
Yu. Kubyshin,1994,5,[]
Yu. M. Makeenko,1998,1,[]
Yu. M. Ziniviev,1996,1,[]
Yu. M. Zinoviev,1994,15,['IHEP']
Yu. Makeenko,1992,16,[]
Yu. Malyuta,1997,4,[]
Yu. Manin,1994,1,[]
Yu. P. Peresunko,2000,1,"['NSC KIPT, Kharkov, Ukraine.']"
Yu. P. Rybakov,1999,2,[]
Yu. R. Musin,1996,1,"['Moscow Aviation Institute, Russia']"
Yu. S. Kalashnikova,1997,1,[]
Yu. S. Surovtsev,1996,6,[]
Yu. S. Vladimirov,2001,1,['Moscow State University']
Yu. Stroganov,1999,2,"['IFVE, Protvino; RIMS, Kyoto']"
Yu. V. Gusev,1994,3,[]
Yu. V. Novozhilov,1999,1,[]
Yu. V. Petrov,2003,1,[]
Yu. V. Shtanov,2000,2,"['Bogolyubov Institute, Kiev']"
Yu. Volvovski,2002,1,[]
Yu. Yaremko,1998,1,['Institute for Condensed Matter Physics']
Yuan-Zhong Zhang,2001,6,[]
Yue-Liang Wu,2002,1,"['ITP, Cas']"
Yuhi Ohwashi,2001,2,[]
Yuhsuke Yoshida,1996,7,[]
Yuji Igarashi,1993,9,[]
Yuji Kobayashi,1993,1,[]
Yuji Kodama,1995,1,[]
Yuji Nakawaki,1999,3,[]
Yuji Ohta,1996,10,"['Res. Inst. Math. Sci., Kyoto Univ.', 'Dept. of Math, Hiroshima Univ.']"
Yuji Okawa,1996,11,"['University of Tokyo, Komaba', 'Osaka University', 'Caltech']"
Yuji Satoh,1994,18,['Tsukuba']
Yuji Sugawara,1992,20,"['Yukawa Institute for Theoretical Physic, Kyoto University', 'Univ. of Tokyo']"
Yuji Tachikawa,2002,2,['Univ. of Tokyo']
Yuji Yamada,1995,1,[]
Yujiro Shimada,1996,1,[]
Yuki Yamamoto,2000,1,['Kyushu Univ.']
Yukihiro Mimura,1996,1,[]
Yukihisa Itoh,1992,2,[]
Yukiko Konishi,2002,1,[]
Yukiko Ohtake,1998,3,[]
Yukiko Umeno,1998,1,[]
Yukinori Nagatani,1997,3,"['Nagoya University', 'Kyoto Univ.', 'Yukawa Inst., Kyoto Univ.']"
Yukinori Yasui,1993,7,['Osaka City U.']
Yukitaka Ishimoto,1996,3,['Kyoto Univ.']
Yukiya Uchida,1999,1,[]
Yuko Kobashi,2002,1,[]
Yuly Billig,1997,2,[]
Yun S. Song,1999,4,['Stanford']
Yun Soo Myung,2001,4,[]
Yun-Seok Seo,2001,1,[]
Yun-Song Piao,2001,3,[]
Yunbo Zhang,2000,2,"['Department of Physics, University of Kaiserslautern']"
Yungui Gong,2000,1,[]
Yunseok Seo,2003,1,[]
Yurdahan Guler,1999,5,"['Cankaya University, Ankara, Turkey', 'Cankaya University,Ankara,Turkey']"
Yuri A. Kubyshin,2001,5,[]
Yuri A. Rylov,2001,1,[]
Yuri Aisaka,2002,1,[]
Yuri B. Suris,1996,1,"['Bremen, Germany']"
Yuri Bespalov,1994,2,[]
Yuri Gusev,1997,1,[]
Yuri I. Manin,2002,1,['MPI']
Yuri Kubyshin,1993,7,"['UAM Madrid;,MSU Moscow']"
Yuri M. Malyuta,1995,2,[]
Yuri Makeenko,1993,8,"['ITP', 'ITEP, Moscow', 'ITEP']"
Yuri Malyuta,1999,3,[]
Yuri N. Obukhov,1996,4,[]
Yuri Shirman,1996,6,['Princeton']
Yuri Stroganov,1999,1,[]
Yuri V. Kovchegov,2002,1,['U. of Washington']
Yurii A. Sitenko,1999,4,"['BITP, Kiev', 'Kyiv ITP']"
Yurii Sitenko,1997,2,['Bogolyubov Institute for Theoretical Physics']
Yuriko Kato,1998,1,[]
Yushu Zhong,1999,2,[]
Yusuke Kimura,1999,4,"['RIKEN', 'KEK']"
Yusuke Taniguchi,1994,2,[]
Yutaka Hosotani,1992,21,['Univ of Minnesota']
Yutaka Matsuo,1992,14,['Univ. of Tokyo']
Yutaka Murakami,2002,1,[]
Yutaka Ookouchi,2002,5,[]
Yutaka Sakamura,2000,8,[]
Yutaka Tada,1997,1,[]
Yutaro Taira,1999,1,['Chiba University']
Yuuichirou Shibusa,1999,1,[]
Yuval Neeman,1994,4,[]
Yuzbashyan E. A,1997,1,[]
Yvan Saint-Aubin,1999,4,"['Centre de recherches mathematiques, Montreal, Canada']"
Yves Brihaye,1996,17,"['U. Mons, Belgium', 'U. Mons', 'University of Mons, Belgium']"
Yves Demasure,2002,2,[]
Yves Leroyer,1993,1,[]
Yves Noirot,1992,2,[]
Z-M Sheng,1995,2,[]
Z. B. Li,1993,2,[]
Z. Bajnok,1992,19,[]
Z. Berezhiani,2001,2,[]
Z. Bern,1993,13,['UCLA']
Z. Burda,1993,3,[]
Z. C. Wu,1998,1,['Beijing Normal University']
Z. Chacko,1998,3,[]
Z. Chang,2001,2,['1']
Z. F. Ezawa,2002,1,[]
Z. G. Kuznetsova,2001,1,[]
Z. Guralnik,1996,10,['U. of Pennsylvania']
Z. Haba,1998,6,"['Institute of Theoretical Physics, University of Wroclaw, Poland', 'University of Wroclaw', 'Wroclaw University']"
Z. Hasiewicz,1993,6,[]
Z. Horvath,1993,7,[]
Z. Jaskolski,1995,3,[]
Z. Khatun,1994,1,[]
Z. Khviengia,1992,9,[]
Z. Kopecky,1993,1,[]
Z. Lalak,1993,3,[]
Z. Maassarani,1992,5,[]
Z. Maki,1998,1,[]
Z. Morsli,2002,1,[]
Z. Nemeth,1997,2,[]
Z. Nussinov,2001,2,[]
Z. Oziewicz,1993,1,[]
Z. Popowicz,1993,4,"['Institute of Theoretical Physics, University of Wroclaw, Poland']"
Z. S. Bassi,1997,3,[]
Z. Swierczynski,1995,3,['2']
Z. W. Chong,2002,1,[]
Z. Walczak,1993,3,[]
Z. Was,1997,1,[]
Z. Y. Zhu,1996,3,[]
Z. Yang,1992,4,[]
Z. Yin,1996,1,[]
Z. Zhu,1993,2,[]
Z.-H. Yu,2001,1,[]
Zachary Guralnik,1996,9,['Princeton University']
Zafar Ahmed,2002,1,[]
Zahid Zakir,1998,6,"['Institute of Noosphere, Tashkent, Uzbekistan', 'Institute of Noosphere,Tashkent, Uzbekistan']"
Zalan Horvath,1995,3,[]
Zbigniew Hasiewicz,1993,3,[]
Zbigniew Jaskolski,1993,7,[]
Zbigniew Oziewicz,1993,3,[]
Zbigniew Walczak,1997,2,[]
Ze-Sen Yang,1999,3,[]
Zengo Tsuboi,1996,1,[]
Zhan Xu,2002,1,[]
Zhan-Ning Hu,1994,8,[]
Zhang Hongsheng,2003,1,[]
Zhang Xiaofei Li Jiarong,1996,1,"['ihep, Beijing']"
Zhanying Yang,2001,1,[]
Zhao-Bin Su,1996,1,[]
Zhao-Yu Yang,2002,1,[]
Zhe Chang,1995,7,[]
Zheng Weihong,1995,1,[]
Zheng Xiaoping,1997,1,[]
Zheng Yin,1996,12,['UC Berkeley/LBNL']
Zheng-Mao Sheng,1992,1,[]
Zhenjiu Zhang,1996,1,[]
Zhi Yao,1999,1,[]
Zhifeng Li,1996,1,[]
Zhinig Zhou,2000,1,[]
Zhining Zhou,1999,1,[]
Zhiyong Wang,2000,1,[]
Zhong Chao Wu,2001,1,['Beijing Normal University']
Zhong Tang,1994,3,[]
Zhong Yushu,1999,1,[]
Zhong-Hau Wang,1992,1,[]
Zhong-Hua Wang,1992,1,[]
Zhong-Qi Ma,1993,5,"['Institute of High Energy Physics, Beijing', 'Institute of High Energy Physics, Beijing, P. R. of China', 'Institute of High Energy Physics, Beijing, China']"
Zhong-Xia Yang,1996,2,[]
Zhongyuan Zhu,1999,2,[]
Zhou Bang-Rong,2002,1,"['Graduate School at Beijing, USTC, Academia Sinica,CCAST, Beijing']"
Zhou Zhining,1999,1,[]
Zhu Yang,1992,4,[]
Zhu-Jun Zheng,2002,3,[]
Zhujun Zheng,1996,1,[]
Zi-Xiang Wang,1999,1,[]
Ziad Maassarani,1994,1,[]
Ziemowit Popowicz,1993,7,"['Institute of Theoretical Physics, University of Wroclaw pl. M. Borna 9, 50-205 Wroclaw Poland', 'Institute of Theoretical Physics, University of Wroclaw Poland', 'Research Institute for Theoretical Physics, University of Helsinki, Finland']"
Ziro Maki,1998,1,[]
Zoltan Kadar,2000,1,[]
Zong-Kuan Guo,2003,1,[]
Zongan Qiu,1992,3,['University of Florida']
Zongzhu Lin,1994,1,[]
Zoran Rakic,2003,1,[]
Zs. Szep,2000,1,[]
Zsolt Schram,1995,1,[]
Zurab Kakushadze,1993,63,[]
Zvonimir Hlousek,1993,3,[]
Zygmunt Lalak,1997,22,['ITP Warsaw']
