author1,author2,first_year,weight
A C Tort,F C Santos,2001,1
A Calogeracos,N Dombey,2000,1
A Calogeracos,P Kennedy,2000,1
A Dadda,M. Billo,1999,1
A Dadda,P. Provero,1999,1
A Doikou,P P Martin,2002,1
A K Rebhan,D G C Mckeon,1993,1
A Kalloniatis,G Thompson,1996,1
A Kalloniatis,R Delbourgo,1996,1
A Khvedelidze,D Mcmullan,2002,1
A Khvedelidze,M Lavelle,2002,1
A Khvedelidze,R Horan,2002,1
A Kundu,Orlando Ragnisco,1994,1
A Kuniba,M T Batchelor,1996,1
A Kuniba,V Fridkin,1996,1
A Kuniba,Y K Zhou,1996,1
A M Semikhatov,B Gato-Rivera,1992,1
A M Semikhatov,B L Feigin,1997,3
A M Semikhatov,I Yu Tipunin,1995,7
A M Semikhatov,M A Grigoriev,1997,3
A M Semikhatov,V A Sirota,1997,2
A N Theron,F G Scholtz,1997,2
A N Theron,H B Geyer,1997,2
A Rebhan,I T Drummond,1999,1
A Rebhan,P V Landshoff,1999,1
A Rebhan,R R Horgan,1999,1
A Sedrakyan,G. Thorleifsson,1992,1
A Sedrakyan,J. Ambjorn,1992,1
A Shirzad,F Loran,1999,2
A Shirzad,P Moyassari,2001,1
A. A Bytsenko,A. E. Goncalves,2000,1
A. A Bytsenko,S. Zerbini,2000,1
A. A. Abrikosov,Jr,1999,1
A. A. Abrikosov,Jr.,2002,1
A. A. Actor,F. G. Scholtz,1998,1
A. A. Actor,K. D. Rothe,1998,2
A. A. Akhmetshin,I. M. Krichever,1999,2
A. A. Akhmetshin,Y. S. Volvovski,1999,2
A. A. Andrianov,A. V. Sokolov,2003,1
A. A. Andrianov,D. Espriu,2002,2
A. A. Andrianov,D. N. Nishnianidze,1994,1
A. A. Andrianov,F. Cannata,1994,3
A. A. Andrianov,J. Alfaro,2002,1
A. A. Andrianov,J.-P-Dedonder,1994,1
A. A. Andrianov,J.-P. Dedonder,1996,1
A. A. Andrianov,L. Balart,2002,1
A. A. Andrianov,L. Sorbo,1998,1
A. A. Andrianov,M. V. Ioffe,1993,5
A. A. Andrianov,N. V. Romanenko,1995,1
A. A. Andrianov,P. Giacconi,2001,1
A. A. Andrianov,R. Soldati,1994,4
A. A. Andrianov,V. P. Spiridonov,1993,1
A. A. Balinsky,A. I. Balinsky,1993,1
A. A. Balinsky,Yu. Burman,1994,1
A. A. Belavin,A. V. Odesskii,2001,1
A. A. Belavin,B. L. Feigin,2000,1
A. A. Belavin,F. C. Alcaraz,2000,1
A. A. Belavin,R. A. Usmanov,2000,2
A. A. Belavin,S. Yu. Gubanov,2000,1
A. A. Belov,A. V. Antonov,1995,2
A. A. Belov,B. L. Feigin,1995,1
A. A. Belov,K. Chaltikian,1995,1
A. A. Bichl,A. Gerhold,2002,1
A. A. Bichl,E. Kraus,2001,1
A. A. Bichl,H. Grosse,2000,3
A. A. Bichl,J. M. Grimstrup,2000,6
A. A. Bichl,L. Popp,2000,5
A. A. Bichl,M. Ertl,2002,1
A. A. Bichl,M. Schweda,2000,6
A. A. Bichl,R. Wulkenhaar,2000,5
A. A. Bichl,V. Putz,2000,2
A. A. Btsenko,A. D. Odintsov,1994,1
A. A. Btsenko,S. Zerbini,1994,1
A. A. Btysenko,S. D. Odintsov,1995,1
A. A. Btysenko,S. Zerbini,1995,1
A. A. Bytsenko,A. E. Goncalves,1997,10
A. A. Bytsenko,B. M. Pimentel,2001,2
A. A. Bytsenko,E. Elizalde,1992,6
A. A. Bytsenko,F. L. Williams,1997,6
A. A. Bytsenko,G. Cognola,1995,1
A. A. Bytsenko,Guido Cognola,1996,2
A. A. Bytsenko,H. B. Nielsen,1997,1
A. A. Bytsenko,I. Brevik,1997,5
A. A. Bytsenko,L. N. Granda,1996,2
A. A. Bytsenko,L. Vanzo,1995,2
A. A. Bytsenko,M. C. B. Abdalla,2003,1
A. A. Bytsenko,M. C. Falleiros,2001,1
A. A. Bytsenko,M. Simoes,1999,1
A. A. Bytsenko,S. D. Odintsov,1992,12
A. A. Bytsenko,S. D. Odintsov Nd S. Zerbini,1992,1
A. A. Bytsenko,S. Nojiri,1998,1
A. A. Bytsenko,S. Zerbini,1992,8
A. A. Bytsenko,Sergio Zerbini,1996,2
A. A. Bytsenko,W. Da Cruz,1998,1
A. A. Bytsenko,Z. G. Kuznetsova,2001,1
A. A. Cheshel,A. K. Tsikh,1996,1
A. A. Cheshel,M. Passare,1996,1
A. A. Deriglazov,A. V. Galajinsky,1994,9
A. A. Deriglazov,C. Neves,2001,1
A. A. Deriglazov,D. M. Gitman,1997,5
A. A. Deriglazov,G. Oliveira-Neto,2002,1
A. A. Deriglazov,K. E. Evdokimov,1999,1
A. A. Deriglazov,S. L. Lyakhovich,1995,1
A. A. Deriglazov,W. Oliveira,2001,2
A. A. Garcia,D. V. Galtsov,1995,1
A. A. Garcia,O. V. Kechkin,1995,1
A. A. Giryavets,A. S. Koshelev,2001,2
A. A. Giryavets,D. M. Belov,2001,2
A. A. Giryavets,I. Ya. Arefeva,2001,5
A. A. Giryavets,P. B. Medvedev,2001,2
A. A. Johansen,D. Anselmi,1996,2
A. A. Johansen,D. Z. Freedman,1996,2
A. A. Johansen,M. T. Grisaru,1996,2
A. A. Kapustnikov,A. Pashnev,1996,1
A. A. Kapustnikov,A. Pichugin,1996,1
A. A. Kapustnikov,S. A. Ulanov,1997,1
A. A. Kehagias,E. Papantonopoulos,1995,1
A. A. Kehagias,N. A. Batakis,1995,1
A. A. Kehagias,P. A. A. Meessen,1994,1
A. A. Khelashvili,L. R. Baboukhadia,1997,1
A. A. Khelashvili,N. A. Kiknadze,1997,1
A. A. Kirillov,D. Turaev,2001,1
A. A. Kirillov,G. V. Serebryakov,2000,1
A. A. Logunov,M. A. Mestvirishvili,1997,1
A. A. Logunov,S. S. Gershtein,1997,1
A. A. Marino,C. Rubano,1999,2
A. A. Marino,P. Scudellaro,1999,2
A. A. Marino,R. De Ritis,1999,2
A. A. Maslikov,G. G. Volkov,1997,1
A. A. Maslikov,H. D. Dahmen,1997,1
A. A. Maslikov,I. A. Naumov,1997,1
A. A. Maslikov,T. Stroh,1997,1
A. A. Migdal,V. A. Kazakov,1992,1
A. A. Reshetnyak,P. M. Lavrov,1995,4
A. A. Reshetnyak,P. Yu. Moshin,1995,2
A. A. Reshetnyak,S. D. Odintsov,1996,1
A. A. Rodrigues Sobreira,E. R. Bezerra De Mello,1998,1
A. A. Rosly,K. G. Selivanov,1996,2
A. A. Saharian,A. H. Yeranyan,2002,1
A. A. Saharian,A. R. Mkrtchyan,2002,1
A. A. Saharian,A. Romeo,2000,1
A. A. Saharian,B. V. Khachatryan,2002,1
A. A. Saharian,L. Sh. Grigoryan,2002,1
A. A. Saharian,M. R. Setare,2001,5
A. A. Saharian,R. M. Avagyan,2002,1
A. A. Sen,M. C. Bento,2002,1
A. A. Sen,O. Bertolami,2002,1
A. A. Sharapov,A. P. Isaev,2002,1
A. A. Sharapov,A. Yu. Segal,1994,4
A. A. Sharapov,I. V. Gorbunov,2002,1
A. A. Sharapov,K. M. Shekhter,1996,5
A. A. Sharapov,P. O. Kazinski,2002,2
A. A. Sharapov,S. A. Lyakhovich,1994,1
A. A. Sharapov,S. L. Lyakhovich,1994,14
A. A. Sharapov,S. M. Kuzenko,1994,2
A. A. Sharapov,V. A. Dolgushev,2000,4
A. A. Slavnov,C. Sochichiu,1992,3
A. A. Slavnov,K. V. Stepanyantz,2002,1
A. A. Slavnov,M. M. Deminov,1999,2
A. A. Slavnov,S. A. Frolov,1992,3
A. A. Slavnov,T. D. Bakeyev,1996,1
A. A. Smirnov,D. M. Gitman,2002,1
A. A. Smirnov,S. P. Gavrilov,2002,1
A. A. Soloshenko,K. V. Stepanyantz,2003,1
A. A. Stolin,Sergei Khoroshkin,1994,1
A. A. Stolin,V. N. Tolstoy,1994,1
A. A. Tseytlin,A. Buchel,2001,2
A. A. Tseytlin,A. Fotopoulos,2002,1
A. A. Tseytlin,A. Giveon,1993,1
A. A. Tseytlin,A. S. Schwarz,1992,1
A. A. Tseytlin,A. Yu. Alekseev,1995,1
A. A. Tseytlin,A. Yu. Petrov,2001,1
A. A. Tseytlin,C. B. Thorn,2000,1
A. A. Tseytlin,C. G. Callan,1996,1
A. A. Tseytlin,C. Klimcik,1993,3
A. A. Tseytlin,C. P. Herzog,2001,2
A. A. Tseytlin,C. Schmidhuber,1994,1
A. A. Tseytlin,E. Rabinovici,1993,1
A. A. Tseytlin,F. Bastianelli,1999,2
A. A. Tseytlin,G. Arutyunov,2000,1
A. A. Tseytlin,G. Papadopoulos,1999,3
A. A. Tseytlin,G. T. Horowitz,1994,2
A. A. Tseytlin,Gary T. Horowitz,1994,1
A. A. Tseytlin,H. Liu,1997,1
A. A. Tseytlin,Hong Liu,1998,4
A. A. Tseytlin,I. Chepelev,1997,4
A. A. Tseytlin,I. L. Buchbinder,1999,2
A. A. Tseytlin,I. R. Klebanov,1996,10
A. A. Tseytlin,J. G. Russo,1994,10
A. A. Tseytlin,J. Russo,1992,4
A. A. Tseytlin,K. Sfetsos,1993,3
A. A. Tseytlin,K. Zarembo,1999,3
A. A. Tseytlin,L. A. Pando Zayas,2000,3
A. A. Tseytlin,L. Pando Zayas,2001,1
A. A. Tseytlin,M. Cvetic,1993,4
A. A. Tseytlin,M. Rocek,1998,1
A. A. Tseytlin,N. Itzhaki,1998,1
A. A. Tseytlin,R. Kallosh,1998,1
A. A. Tseytlin,R. R. Metsaev,1998,6
A. A. Tseytlin,S. Frolov,1999,6
A. A. Tseytlin,S. M. Kuzenko,1999,1
A. A. Tseytlin,S. S. Gubser,1996,3
A. A. Tseytlin,S. Theisen,2000,1
A. A. Tseytlin,S. Yankielowicz,1998,2
A. A. Tseytlin,V. A. Kazakov,2001,1
A. A. Vladimirov,A. P. Isaev,1994,1
A. A. Zheltukhin,D. V. Uvarov,2002,2
A. A. Zheltukhin,I. A. Bandos,1994,1
A. A. Zheltukhin,S. A. Polshin,1999,1
A. A. Zheltukhin,S. N. Roshchupkin,1995,3
A. A. Zheltukhin,U. Lindstrom,2001,2
A. A. Zheltukhin,V. V. Tugai,1996,2
A. A. Zheltuklhin,D. V. Uvarov,1999,1
A. Abada,A. H. Bougourzi,1992,2
A. Abada,B. Si-Lakhal,1997,1
A. Abada,M. A. El Gradechi,1992,1
A. Abdesselam,V. Rivasseau,1994,2
A. Abdurrahman,F. Anton,1993,2
A. Abdurrahman,J. Bordes,1993,3
A. Accardi,A. Belli,1998,1
A. Accardi,M. Martellini,1998,1
A. Accardi,M. Zeni,1998,1
A. Achucarro,A. C. Davis,2001,2
A. Achucarro,J. A. Harvey,1993,1
A. Achucarro,J. Urrestilla,2001,3
A. Achucarro,K. Kuijken,1993,1
A. Achucarro,L. Huiszoon,1998,1
A. Achucarro,M. De Roo,1998,1
A. Achucarro,M. Pickles,2001,2
A. Achucarro,R. Gregory,1993,1
A. Adams,E. Silverstein,2001,1
A. Adams,J. Polchinski,2001,1
A. Agarwal,G. S. Krishnaswami,2002,1
A. Agarwal,L. Akant,2002,2
A. Agarwal,S. G. Rajeev,2002,2
A. Aghamohammadi,A. Alimohammadi,1996,1
A. Aghamohammadi,A. M. Ghezelbash. M. Khorrami,1998,1
A. Aghamohammadi,A. Shariati,1994,4
A. Aghamohammadi,M. Abolhassani,1994,1
A. Aghamohammadi,M. Alimohammadi,1996,2
A. Aghamohammadi,M. Khorrami,1994,9
A. Aghamohammadi,M. R. Rahimi Tabar,1996,2
A. Aghamohammdi,M. Alimohammadi,1997,1
A. Aghamohammdi,M. Khorrami,1997,1
A. Agodi,G. Andronico,1994,1
A. Agodi,M. Consoli,1994,1
A. Akhmetshin,I. Krichever,2002,1
A. Akhmetshin,Y. Volvovsky,2000,2
A. Akhmetshin,Yu. Volvovski,2002,1
A. Albrecht,C. P. Burgess,2001,1
A. Albrecht,C. Skordis,2001,1
A. Albrecht,F. Ravndal,2001,1
A. Alekseev,A. Mironov,2000,1
A. Alekseev,A. Morozov,2000,1
A. Alekseev,A. P. Polychronakos,2000,1
A. Alekseev,M. Smedback,2000,1
A. Alimohammadi,M. Khorrami,1996,1
A. Alonso Izquierdo,J. Mateos Guilarte,2000,8
A. Alonso Izquierdo,M. A. Gonzalez Leon,2000,8
A. Alonso Izquierdo,M. De La Torre Mayado,2002,1
A. Alonso Izquierdo,W. Garcia Fuertes,2002,3
A. Anderson,B. E. W. Nilsson,1994,1
A. Anderson,C. N. Pope,1994,1
A. Anderson,K. S. Stelle,1994,1
A. Andrav Si,J. C. Taylor,1996,1
A. Antonov,A. Zabrodin,1997,1
A. Antonov,K. Hasegawa,1997,1
A. Arhrib,E. H Saidi,1997,1
A. Arhrib,M. Rachidi,1997,1
A. Armoni,A. Brandhuber,1998,1
A. Armoni,A. C. Petkou,2002,2
A. Armoni,G. Veneziano,2003,1
A. Armoni,J. L. F. Barbon,2002,2
A. Armoni,J. Sonnenschein,1995,7
A. Armoni,M. Shifman,2003,3
A. Armoni,U. Trittmann,1998,1
A. Armoni,Y. Frishman,1997,5
A. Ashtekar,D. Marolf,1994,1
A. Ashtekar,J. Lewandowski,1994,1
A. Ashtekar,J. Mourao,1994,1
A. Ashtekar,T. Thiemann,1994,1
A. Astashkevich,A. Schwarz,1998,1
A. Astashkevich,N. Nekrasov,1998,1
A. Aste,G. Scharf,1996,1
A. Aurilia,A. Smailagic,1992,4
A. Aurilia,C. Castro,2001,1
A. Aurilia,E. Spallucci,1992,13
A. Aurilia,I. Vanzetta,1994,1
A. Aurilia,L. Marinatto,2000,1
A. Aurilia,S. Ansoldi,1995,7
A. Azhari,T. T. Truong,1995,1
A. Azizi,N. Riazi,2002,1
A. Azizi,S. M. Zebarjad,2002,1
A. B. Adib,C. A. S. Almeida,2001,1
A. B. Balantekin,J. F. Beacom,1997,1
A. B. Balantekin,N. Ozturk,2000,1
A. B. Balantekin,P. Cassak,2001,1
A. B. Bylev,E. V. Prokhvatilov,1997,1
A. B. Bylev,H. J. Pirner,1997,1
A. B. Bylev,V. A. Franke,1997,1
A. B. Hammou,E. Gava,2000,2
A. B. Hammou,J. F. Morales,2000,2
A. B. Hammou,K. S. Narain,2000,2
A. B. Hammou,M. Lagraa,2001,1
A. B. Hammou,M. M. Sheikh-Jabbari,2001,1
A. B. Kaganovich,E. I. Guendelman,1998,4
A. B. Kobakhidze,M. Chaichian,2000,2
A. B. Kobakhidze,M. Gogberashvili,2000,1
A. B. Kobakhidze,Z. Berezhiani,2001,1
A. B. Kobakhidze,Z.-H. Yu,2001,1
A. B. Kurdikov,A. P. Isaev,1992,3
A. B. Kurdikov,A. T. Filippov,1992,4
A. B. Lahanas,B. C. Georgalas,2001,1
A. B. Lahanas,G. A. Diamandis,2001,1
A. B. Lahanas,P. Kouroumalou,2001,1
A. B. Penna-Firme,M. R. Negrao,1999,1
A. B. Penna-Firme,M. S. Goes-Negrao,1999,1
A. B. Pestov,B. M. Barbashov,1999,1
A. B. Pestov,Bijan Saha,1998,1
A. B. Selivanov,V. D. Ivashchuk,2002,1
A. B. Selivanov,V. N. Melnikov,2002,1
A. B. Tanaev,A. N. Vall,1996,2
A. B. Tanaev,A. V. Sinitskaya,1997,1
A. B. Tanaev,S. E. Korenblit,1996,2
A. B. Tanaev,V. M. Leviant,1996,2
A. B. Waites,R. Delbourgo,1994,1
A. B. Zamolodchikov,Al. B. Zamolodchikov,1995,1
A. B. Zamolodchikov,S. L. Lukyanov,1996,2
A. B. Zamolodchikov,V. V. Bazhanov,1996,2
A. Babichenko,S. Elitzur,1992,1
A. Balaz,M. Buric,2001,1
A. Balaz,V. Radovanovic,2001,1
A. Ballesteros,Enrico Celeghini,1994,1
A. Ballesteros,F. J. Herranz,1993,7
A. Ballesteros,M. A. Del Olmo,1993,7
A. Ballesteros,M. Santander,1993,7
A. Ballesteros,N. A. Gromov,1994,1
A. Barducci,G. Pettini,1994,1
A. Barducci,M. Modugno,1994,1
A. Barducci,R. Casalbuoni,1994,1
A. Barducci,R. Gatto,1994,1
A. Barducci,R. Giachetti,2003,1
A. Barroso,B. I. Ermolaev,2001,1
A. Bartoli,J. Julve,1994,1
A. Barvinsky,G. Kunstatter,1996,1
A. Bashir,A. Kizilersu,2000,1
A. Bashir,M. L. Roberts,2001,1
A. Bashir,M. R. Pennington,2000,1
A. Bashir,R. Delbourgo,2001,1
A. Bassetto,A. Shuvaev,1997,1
A. Bassetto,A. Torrielli,2001,2
A. Bassetto,C. Acerbi,1993,1
A. Bassetto,D. Colferai,1997,1
A. Bassetto,E. Vianello,1997,1
A. Bassetto,F. De Biasio,1994,1
A. Bassetto,F. Vian,1999,8
A. Bassetto,G. Nardelli,1995,11
A. Bassetto,L. Griguolo,1993,13
A. Bassetto,P. Zanca,1993,1
A. Bassetto,R. Begliuomini,1998,2
A. Bassetto,S. Nicoli,2001,1
A. Basu,S. D. Joglekar,2001,1
A. Batrachenko,J. X. Lu,2002,1
A. Batrachenko,M. J. Duff,2002,1
A. Belavin,A. Fring,1996,1
A. Belavin,M. Jimbo,2002,1
A. Belavin,Yu. Stroganov,1999,1
A. Belhaj,E. H Saidi,2000,1
A. Belhaj,E. H. Saidi,2000,5
A. Belhaj,E. L. Sahraoui,2000,1
A. Belhaj,J. J. Manjarin,2002,1
A. Belhaj,J. Rasmussen,2003,1
A. Belhaj,L. B. Drissi,2003,1
A. Belhaj,M. Hssaini,2000,1
A. Belhaj,P. Resco,2002,1
A. Belli,M. Martellini,1998,1
A. Belli,M. Zeni,1998,1
A. Bellini,M. Ademollo,1992,1
A. Bellini,M. Ciafaloni,1992,4
A. Bellini,P. Valtancoli,1995,3
A. Berard,H. Mohrbach,2000,2
A. Berard,J. Lages,2003,1
A. Berard,P. Gosselin,2000,1
A. Berkovich,A. Schilling,1997,1
A. Berkovich,B. M. Mccoy,1997,3
A. Berkovich,C. Gomez,1992,2
A. Berkovich,G. Sierra,1992,2
A. Berkovich,P. A. Pearce,1997,1
A. Berkovich,S. O. Warnaar,1997,1
A. Bilal,A. Sevrin,2001,1
A. Bilal,E. A. Bergshoeff,2001,1
A. Bilal,I. Bakas,2000,2
A. Bilal,I. Kogan,1993,1
A. Bilal,J.-P. Derendinger,2000,3
A. Bilal,K. Sfetsos,2000,3
A. Bilal,M. De Roo,2001,1
A. Bilal,S. Metzger,2003,1
A. Blasi,A. Tanzini,2000,1
A. Blasi,L. C. Q. Vilar,2000,1
A. Blasi,N. Maggiore,2000,1
A. Blasi,O. S. Ventura,2000,1
A. Blasi,S. P. Sorella,2000,1
A. Blasi,V. E. R. Lemes,2000,1
A. Blaut,J. Kowalski-Glikman,2003,1
A. Blaut,M. Daszkiewicz,2003,1
A. Bogojevic,B. Sazdovic,1998,1
A. Bogojevic,O. Miskovic,1998,1
A. Bohm,H. Kaldass,1999,7
A. Bohm,P. Kielanowski,1999,3
A. Bohm,S. Wickramasekara,1999,6
A. Bonanno,C. Rubano,2003,1
A. Bonanno,D. Zappal`A,2000,1
A. Bonanno,D. Zappala,1997,2
A. Bonanno,G. Esposito,2003,1
A. Bonanno,H. Mohrbach,1999,1
A. Bonanno,M. Reuter,2000,2
A. Bonanno,V. Branchina,1999,1
A. Borderies,E. Werner,1994,1
A. Borderies,P. Grange,1994,1
A. Boresch,A. Sevrin,1994,1
A. Boresch,K. Landsteiner,1994,1
A. Boresch,M. Schweda,1993,1
A. Boresch,S. P. Sorella,1993,1
A. Boresch,W. Lerche,1994,1
A. Borowiec,J. Lukierski,2003,1
A. Borowiec,M. Ferraris,1998,2
A. Borowiec,M. Francaviglia,1998,2
A. Borowiec,V. K. Kharchenko,1993,1
A. Borowiec,V. N. Tolstoy,2003,1
A. Borowiec,Zbigniew Oziewicz,1993,1
A. Borzi,A. Koubek,1992,1
A. Bossard,N. Mohammedi,2000,3
A. Boulahoual,M. B. Sedra,2001,3
A. Boveia,Bjorg A. Larson,2002,1
A. Boveia,Dagny M. Kimberly,2002,1
A. Boveia,J. A. Phillips,2002,1
A. Boveia,S. James Gates,2002,1
A. Boveia,V. G. J. Rodgers,2002,1
A. Boveia,W. D. Linch,2002,1
A. Boyarsky,A. Marshakov,2001,1
A. Boyarsky,A. Zabrodin,2001,1
A. Boyarsky,B. Kulik,2001,2
A. Boyarsky,O. Ruchayskiy,2001,1
A. Boyarsky,P. Wiegmann,2001,1
A. Brandhuber,I. Bakas,1999,2
A. Brandhuber,J. Sonnenschein,1997,7
A. Brandhuber,K. Landsteiner,1995,2
A. Brandhuber,K. Sfetsos,1999,7
A. Brandhuber,M. Langer,1992,2
A. Brandhuber,M. Schweda,1992,4
A. Brandhuber,M. W. De Oliveira,1994,1
A. Brandhuber,N. Itzhaki,1997,5
A. Brandhuber,O. Moritsch,1994,1
A. Brandhuber,O. Piguet,1992,3
A. Brandhuber,S. Emery,1993,2
A. Brandhuber,S. P. Sorella,1992,2
A. Brandhuber,S. Stieberger,1996,2
A. Brandhuber,S. Theisen,1997,3
A. Brandhuber,S. Yankielowicz,1997,6
A. Brandhuber,S. Yankielowizc,1997,1
A. Brandhuber,V. Kaplunovsky,1997,1
A. Brignole,F. Zwirner,1994,1
A. Brizola,A. P. Baeta Scarpelli,2002,1
A. Brizola,B. Hiller,2002,1
A. Brizola,M. C. Nemes,1998,3
A. Brizola,M. Sampaio,2002,1
A. Brizola,Marcos Sampaio,1998,2
A. Brizola,O. A. Battistel,1998,1
A. Brizola,S. Gobira,2002,1
A. Brizola,S. R. Gobira,2002,1
A. Buchel,C. P. Herzog,2001,1
A. Buchel,I. R. Klebanov,2001,1
A. Buchel,J. Walcher,2002,1
A. Buchel,L. Pando Zayas,2001,1
A. Buonanno,C. Ungarelli,1997,4
A. Buonanno,G. Veneziano,1997,3
A. Buonanno,K. A. Meissner,1997,1
A. Buonanno,K. Meissner,1997,1
A. Buonanno,M. Gasperini,1997,2
A. Buonanno,M. Maggiore,1997,1
A. Buonanno,T. Damour,1998,1
A. Burnel,A. Dresse,1994,1
A. Burnel,H. Caprasse,1994,1
A. C Tort,C. Farina,2000,1
A. C Tort,J. J. Passos Sobrinho,2000,1
A. C. Avram,D. Jancic,1995,2
A. C. Avram,E. Derrick,1995,1
A. C. Avram,H. Skarke,1996,2
A. C. Avram,M. Kreuzer,1996,2
A. C. Avram,M. Mandelberg,1995,3
A. C. Avram,P. Candelas,1995,1
A. C. Cadavid,A. Ceresole,1995,1
A. C. Cadavid,R. Dauria,1995,1
A. C. Cadavid,S. Ferrara,1995,1
A. C. Davis,C. S. Rhodes,2002,2
A. C. Davis,C. Van De Bruck,2001,3
A. C. Davis,J. Urrestilla,2001,2
A. C. Davis,M. Pickles,2001,2
A. C. Davis,P. Brax,2001,3
A. C. Davis,Ph. Brax,2000,3
A. C. Kalloniatis,A. S. Mueller,1998,1
A. C. Kalloniatis,G. V. Efimov,1998,1
A. C. Kalloniatis,H. C. Pauli,1995,1
A. C. Kalloniatis,H. W. L. Naus,1996,1
A. C. Kalloniatis,H.-C. Pauli,1998,1
A. C. Kalloniatis,J. Przeszowski,1996,1
A. C. Kalloniatis,S. N. Nedelko,1998,1
A. C. Kalloniatis,S. S. Pinsky,1995,2
A. C. Petkou,A. Santambrogio,2002,1
A. C. Petkou,B. Eden,2001,1
A. C. Petkou,D. Klemm,2001,2
A. C. Petkou,D. Zanon,2001,1
A. C. Petkou,E. Sokatchev,2001,2
A. C. Petkou,G. Arutyunov,2000,4
A. C. Petkou,G. Siopsis,2000,4
A. C. Petkou,H. R. Christiansen,1999,1
A. C. Petkou,J. L. F. Barbon,2002,2
A. C. Petkou,L. Hoffmann,2000,2
A. C. Petkou,M. B. Silva Neto,1998,2
A. C. Petkou,N. D. Vlachos,1998,2
A. C. Petkou,R. G. Leigh,2003,1
A. C. Petkou,R. Manvelyan,2000,2
A. C. Petkou,S. Frolov,2000,2
A. C. Petkou,S. Penati,2002,1
A. C. Petkou,W. Ruehl,2000,2
A. C. R. Mendes,C. Neves,2001,1
A. C. R. Mendes,D. C. Rodrigues,2001,1
A. C. R. Mendes,F. I. Takakura,2000,1
A. C. R. Mendes,J. Ananias Neto,2001,1
A. C. R. Mendes,W. Oliveira,2000,2
A. C. Rodrigues Mendes,C. Neves,2001,1
A. C. Rodrigues Mendes,F. I. Takakura,2001,1
A. C. Rodrigues Mendes,W. Oliveira,2001,1
A. C. Scott,H. Gilho J,1994,1
A. C. Scott,J. C. Eilbeck,1994,1
A. C. Tort,A. Tenorio,1998,1
A. C. Tort,C. Farina,1998,4
A. C. Tort,E. Elizalde,2002,4
A. C. Tort,F. C. Santos,1998,5
A. C. Tort,M. R. Negrao,1998,2
A. C. Tort,M. V. Cougo-Pinto,1998,3
A. C. V. V. De Siqueira,E. Abdalla,1993,1
A. C. V. V. De Siqueira,E. R. Bezerra De Mello,1997,1
A. C. V. V. De Siqueira,I. A. Pedrosa,1997,1
A. Caldararu,E. Sharpe,2003,1
A. Caldararu,S. Katz,2003,1
A. Campbell-Smith,D. V. Nanopoulos,1999,1
A. Campbell-Smith,J. Papavassiliou,1999,1
A. Campbell-Smith,John Ellis,1999,1
A. Campbell-Smith,N. E. Mavromatos,1999,5
A. Campos,K. Holland,1998,2
A. Campos,U.-J. Wiese,1998,2
A. Candiello,K. Lechner,1993,3
A. Candiello,M. Tonin,1994,1
A. Capolupo,G. Vitiello,2001,1
A. Capolupo,M. Blasone,2001,1
A. Cappelli,C. A. Trugenberger,1992,6
A. Cappelli,G. Dappollonio,2000,1
A. Cappelli,G. R. Zemba,1992,6
A. Cappelli,G. V. Dunne,1992,2
A. Cappelli,I. T. Todorov,1998,1
A. Cappelli,L. S. Georgiev,1998,1
A. Cappelli,N. Magnoli,2000,1
A. Cappelli,R. Guida,2000,1
A. Carlini,A. Treves,1992,1
A. Carlini,F. Fucito,1992,2
A. Carlini,M. Martellini,1992,2
A. Casher,F. Englert,1996,1
A. Casher,N. Itzhaki,1996,1
A. Casher,O. Pelc,1993,1
A. Casher,R. Parentani,1996,1
A. Casher,S. Massar,1996,1
A. Casher,V. Elkonin,1994,2
A. Casher,Y. Shamir,1994,3
A. Catal,T. Dereli,2000,1
A. Catal-Ozer,T. Dereli,2001,1
A. Celi,A. Pelissetto,2000,1
A. Celi,A. Vicini,2002,1
A. Celi,E. Vicari,2000,1
A. Celi,G. Berrino,2002,1
A. Celi,L. Martucci,2002,1
A. Celi,M. Caselle,2000,1
A. Celi,P. Calabrese,2000,1
A. Celi,S. L. Cacciatori,2002,1
A. Ceresole,A. Van Proeyen,1994,3
A. Ceresole,F. Cordaro,1998,1
A. Ceresole,G. Arcioni,1998,1
A. Ceresole,G. Dallagata,1999,5
A. Ceresole,J. Louis,1992,1
A. Ceresole,L. Andrianopoli,1996,2
A. Ceresole,L. Castellani,1998,1
A. Ceresole,L. Gualtieri,1998,1
A. Ceresole,M. Bertolini,1994,3
A. Ceresole,M. Billo,1995,1
A. Ceresole,M. Trigiante,1998,2
A. Ceresole,P. Fre,1995,5
A. Ceresole,P. Soriani,1995,1
A. Ceresole,R. Dauria,1992,16
A. Ceresole,S. Ferrara,1992,14
A. Ceresole,T. Magri,1996,1
A. Ceresole,T. Regge,1993,2
A. Ceresole,W. Lerche,1992,1
A. Ch. Ganchev,G. M. T. Watts,1999,1
A. Ch. Ganchev,P. Furlan,1992,4
A. Ch. Ganchev,R. Paunov,1992,1
A. Ch. Ganchev,V. B. Petkova,1992,7
A. Chakrabarti,B. Abdesselam,1994,2
A. Chakrabarti,Betti Hartmann,2002,1
A. Chakrabarti,D. Arnaudon,1994,1
A. Chakrabarti,D. H. Tchrakian,1996,8
A. Chakrabarti,J. Rizos,2002,1
A. Chakrabarti,Y. Brihaye,2000,2
A. Chakrabarti,Yves Brihaye,2002,1
A. Chamblin,A. Karch,2000,1
A. Chamblin,A. Nayeri,2000,1
A. Chamblin,D. Brecher,2000,2
A. Chamblin,G. W. Gibbons,1998,3
A. Chamblin,H. S. Reall,1999,3
A. Chamblin,J. M. A. Ashbourn-Chamblin,1996,1
A. Chamblin,M. Banados,1999,1
A. Chamblin,M. J. Perry,1997,2
A. Chamblin,R. Emparan,1996,2
A. Chamblin,S. W. Hawking,1999,1
A. Chamorro,K. S. Virbhadra,1994,2
A. Chenaghlou,E. Corrigan,2000,1
A. Chenaghlou,H. Fakhri,2002,1
A. Chervov,D. Talalaev,2003,1
A. Chervyakov,H. Kleinert,1999,1
A. Chou,J. Rahmfeld,1997,1
A. Chou,M. Shmakova,1997,1
A. Chou,R. Kallosh,1997,1
A. Chou,S.-J. Rey,1997,1
A. Chou,W. K. Wong,1997,1
A. Collino,M. Jinzenji,1996,1
A. Collinucci,M. De Roo,2002,1
A. Collinucci,M. G. C. Eenink,2002,1
A. Connes,D. Kreimer,1999,1
A. Constandache,Ashok Das,2001,2
A. Constandache,F. Toppan,2001,1
A. Constandache,J. C. Brunelli,2002,1
A. Constantin,C. Bizdadea,2000,1
A. Constantin,S. O. Saliu,2000,1
A. Coste,C. Itzykson,1996,1
A. Coste,M. Bauer,1996,1
A. Coste,P. Ruelle,1996,1
A. Coste,Ph. Ruelle,2000,1
A. Coste,T. Gannon,2000,1
A. Cucchieri,H. Reinhardt,2002,1
A. Cucchieri,J. C. R. Bloch,2002,1
A. Cucchieri,J. Gattnar,2002,1
A. Cucchieri,K. Langfeld,2002,1
A. Cucchieri,M. Porrati,1994,1
A. Cucchieri,S. Deser,1994,1
A. Cucchieri,T. Mendes,2002,1
A. Culatti,F. Del Aguila,1997,1
A. Culatti,M. Perez-Victoria,1997,1
A. Culatti,R. Munoz-Tapia,1997,1
A. D. Dolgov,I. B. Khriplovich,1997,2
A. D. Jackson,C. B. Lang,2001,1
A. D. Jackson,J. J. M. Verbaarschot,1996,2
A. D. Jackson,K. Splittorff,2001,1
A. D. Jackson,M. K. C Sener,1996,1
A. D. Jackson,M. K. Sener,1997,1
A. D. Jackson,M. Oswald,2001,1
A. D. Mitov,D. Ts. Stoyanov,1997,1
A. D. Mitov,M. N. Stoilov,1997,1
A. D. Odintsov,S. Zerbini,1994,1
A. D. Popov,A. Kling,2002,1
A. D. Popov,C. R. Preitschopf,1995,1
A. D. Popov,H. Roemer,1996,1
A. D. Popov,M. Bordemann,1996,1
A. D. Popov,O. Lechtenfeld,2002,1
A. D. Popov,S. Uhlmann,2002,1
A. D. Popov,T. A. Ivanova,1995,3
A. D. Speliotopoulos,B. Rosenstein,1995,1
A. Dabholkar,D. Waldram,1995,1
A. Dabholkar,J. A. Harvey,1995,1
A. Dabholkar,J. P. Gauntlett,1995,1
A. Dabolkhar,M. O Loughlin,1992,1
A. Dabolkhar,M. R. Douglas,1992,1
A. Dabolkhar,T. Banks,1992,1
A. Dadda,L. Magnea,1993,2
A. Dadda,M. Billo,1996,7
A. Dadda,M. Caselle,1992,9
A. Dadda,P. Provero,1998,6
A. Dadda,S. Panzeri,1992,5
A. Das,C. A. P. Galvao,1992,1
A. Das,C. Rasinariu,1997,1
A. Das,C. Wotzasek,1995,1
A. Das,E. Sezgin,1992,1
A. Das,H. Aratyn,1997,1
A. Das,J. C. Brunelli,1994,4
A. Das,R. Amorim,1995,1
A. Das,Z. Khviengia,1992,1
A. Dasgupta,J. Ambjorn,2002,1
A. Dasgupta,J. Jurkiewicz,2002,1
A. Dasgupta,R. Loll,2001,2
A. Davidson,B. F. Toner,2002,1
A. Davidson,K. C. Wali,2002,1
A. Davidson,R. R. Volkas,2002,1
A. De Castro,A. Restuccia,1997,4
A. De Freitas,H. L. Wong,1999,1
A. De Freitas,Z. Bern,1999,1
A. De Giovanni,A. Santambrogio,1999,1
A. De Giovanni,D. Zanon,1997,2
A. De Giovanni,M. Rocek,1997,1
A. De Giovanni,M. T. Grisaru,1997,1
A. De Giovanni,R. Von Unge,1997,1
A. De La Macorra,C. P. Burgess,1997,2
A. De La Macorra,F. Quevedo,1997,2
A. De La Macorra,G. German,2000,1
A. De La Macorra,I. Maksymyk,1997,2
A. De La Macorra,M. Mondragon,2000,1
A. De Martino,M. Moriconi,1998,3
A. De Souza Dutra,A. F. De Queiroz,2000,1
A. De Souza Dutra,A. M. Stuchi,2002,1
A. De Souza Dutra,A. S. De Castro,2003,1
A. De Souza Dutra,C. Farina,1994,1
A. De Souza Dutra,C. P. Natividade,2000,2
A. De Souza Dutra,D. Dalmazi,1994,6
A. De Souza Dutra,E. M. C. Abreu,2002,1
A. De Souza Dutra,H. Boschi-Filho,1994,2
A. De Souza Dutra,L. V. Belvedere,2000,1
A. De Souza Dutra,Marcelo Hott,1994,4
A. De Souza Dutra,V. G. C. S. Dos Santos,2002,1
A. Debenedictis,K. S. Viswanathan,1999,1
A. Deckmyn,K. Thielemans,1993,1
A. Delgado,G. V. Gersdorff,2002,1
A. Delgado,K. Agashe,2002,1
A. Delgado,M. Quiros,2002,1
A. Delgado,M. Redi,2003,1
A. Della Selva,J. Magnin,1995,1
A. Della Selva,L. Masperi,1995,1
A. Demichev,A. Tureanu,2000,3
A. Demichev,M. Chaichian,1998,6
A. Demichev,M. M. Sheikh-Jabbari,2000,2
A. Demichev,P. Presnajder,1998,6
A. Dettki,A. Wipf,1993,2
A. Dettki,I. Sachs,1993,2
A. Dhar,Y. Kitazawa,2000,2
A. Dimakis,C. Tzanakis,1995,1
A. Dimakis,F. Mueller-Hoissen,1995,3
A. Dimakis,F. Muller-Hoissen,1994,6
A. Dimakis,F. Vanderseypen,1994,1
A. Dimakis,H. C. Baehr,1994,1
A. Dobado,D. Espriu,1999,1
A. Dobado,J. Alfaro,1999,1
A. Dobrosielski,A. Krajewska,1993,1
A. Dobrosielski,P. Caban,1993,1
A. Dobrosielski,Z. Walczak,1993,1
A. Donini,B. Gavela,1998,1
A. Donini,E. Gabrielli,1998,1
A. Dresse,H. Caprasse,1994,1
A. Dresse,M. Henneaux,1993,1
A. Dubikovsky,K. Sveshnikov,1994,2
A. Dubin,D. Wyler,1995,1
A. Duncan,C. M. Bender,1993,1
A. Duncan,H. F. Jones,1993,1
A. Duncan,S. Pernice,1996,1
A. Duviryak,V. Shpytko,1998,1
A. Duviryak,V. Tretyak,1998,1
A. Dymarsky,V. Pestun,2003,1
A. E. Chubykalo,M. W. Evans,1996,1
A. E. Chubykalo,R. Smirnov-Rueda,1996,1
A. E. Dorokhov,N. G. Stefanis,1996,1
A. E. Dorokhov,N. I. Kochelev,1996,1
A. E. Dorokhov,S. V. Esaibegyan,1996,1
A. E. Faraggi,J. M. Isidro,2002,1
A. E. Faraggi,M. Matone,1997,1
A. E. Faraggi,R. Garavuso,2002,1
A. E. Gonc Calves,D. M. Gitman,1996,2
A. E. Gonc Calves,I. V. Tyutin,1996,2
A. E. Goncalves,D. M. Gitman,1994,4
A. E. Goncalves,F. L. Williams,1997,4
A. E. Goncalves,I. Brevik,1997,2
A. E. Goncalves,I. V. Tyutin,1994,1
A. E. Goncalves,M. C. Falleiros,2001,1
A. E. Goncalves,M. Simoes,1999,1
A. E. Goncalves,S. D. Odintsov,1997,3
A. E. Goncalves,S. Nojiri,1998,1
A. E. Goncalves,S. P. Gavrilov,2000,2
A. E. Goncalves,S. Zerbini,2000,1
A. E. Goncalves,W. Da Cruz,1998,1
A. E. Goncalves,Z. G. Kuznetsova,2001,1
A. E. Gonccalves,D. M. Gitman,1994,2
A. E. Gonccalves,I. V. Tyutin,1994,1
A. E. Kudryavtsev,B. M. A. G. Piette,1999,1
A. E. Kudryavtsev,V. A. Gani,1999,3
A. E. Kudryavtsev,V. A. Lensky,2001,1
A. E. Kudryavtsev,W. J. Zakrzewski,1999,1
A. E. Motter,B. M. Pimentel,1998,1
A. E. Motter,M. J. Menon,1998,1
A. E. Nelson,Z. Chacko,1999,1
A. E. Santana,A. Matos Neto,1998,2
A. E. Santana,A. P. C. Malbouisson,2002,1
A. E. Santana,A. Ribeiro Filho,2002,1
A. E. Santana,F. C. Khanna,1996,5
A. E. Santana,J. C. Da Silva,2002,1
A. E. Santana,J. D. M. Vianna,1998,1
A. E. Santana,J. M. C. Malbouisson,2002,1
A. E. Santana,L. M. Abreu,2002,1
A. E. Santana,R. Muradian,1998,1
A. E. Santana,S. P. Kim,1999,1
A. E. Santana,T. Kopf,1996,2
A. E. Santana,Y. Takahashi,1998,1
A. El Hassouni,E. H. Zakkari,2003,1
A. El Hassouni,M. El Baz,2003,1
A. El Hassouni,Y. Hassouni,2003,1
A. El Rhalami,E. H. Saidi,2001,2
A. El Rhalami,E. M. Sahraoui,2001,1
A. El Rhalami,I. Benkaddour,2001,1
A. El. Rhalami,E. H. Saidi,2000,1
A. El. Rhalami,I. Benkaddour,2000,1
A. F. De Lima,A. N. Vaidya,2002,1
A. F. De Lima,K. De Araujo Ferreira,2002,1
A. F. De Lima,R. De Lima Rodrigues,2002,2
A. F. De Queiroz,C. P. Natividade,2000,1
A. F. De Queiroz,L. V. Belvedere,2000,1
A. F. Pasqua,B. L. Cerchiai,2001,2
A. F. Pasqua,B. Zumino,2001,2
A. F. Pasqua,D. Brace,2001,1
A. F. Pasqua,U. Varadarajan,2001,1
A. F. R De Toledo Piza,Chi-Yong Lin,1998,1
A. F. R De Toledo Piza,E. R. Takano Natti,1998,1
A. F. R De Toledo Piza,P. L. Natti,1998,1
A. F. R. De Toledo Piza,P. L. Natti,1997,1
A. F. Ranada,J. L. Trueba,1998,1
A. Fabbri,A. Zelnikov,2000,1
A. Fabbri,C. Barbachoux,2002,1
A. Fabbri,D. J. Navarro,1999,5
A. Fabbri,G. J. Olmo,2002,1
A. Fabbri,I. Shapiro,1999,1
A. Fabbri,J. Cruz,1998,2
A. Fabbri,J. G. Russo,1995,1
A. Fabbri,J. Navarro-Salas,1998,6
A. Fabbri,P. Nicolini,2000,1
A. Fabbri,P. Sutton,2000,1
A. Fabbri,R. Balbinot,1998,4
A. Fabbri,V. Frolov,2000,1
A. Faessler,C. Daskaloyannis,1994,1
A. Faessler,D. Bonatsos,1994,1
A. Faessler,D. Ellinas,1994,1
A. Fayyazuddin,D. J. Smith,1997,1
A. Fayyazuddin,K. Zarembo,1997,1
A. Fayyazuddin,M. Spalinski,1997,2
A. Fayyazuddin,O. Bergman,1998,2
A. Fayyazuddin,P. Olesen,1997,1
A. Fayyazuddin,Y. Makeenko,1997,1
A. Feinstein,K. E. Kunze,2000,3
A. Feinstein,M. A. Vazquez-Mozo,1997,6
A. Feinstein,Ruth Lazkoz,1997,1
A. Felce,C. Callan,1992,1
A. Felce,D. Freed,1992,1
A. Feoli,G. Lambiase,1997,2
A. Feoli,G. Papini,1997,1
A. Feoli,G. Scarpetta,1994,4
A. Feoli,V. V. Nesterenko,1994,3
A. Ferrando,A. Jaramillo,1994,3
A. Ferrando,S. Shabanov .,1997,1
A. Ferrando,V. Vento,1994,1
A. Flachi,D. J. Toms,2000,3
A. Flachi,J. Garriga,2003,1
A. Flachi,O. Pujolas,2003,2
A. Flachi,T. Tanaka,2003,1
A. Foerster,H. O. Girotti,1994,1
A. Foerster,P. S. Kuhn,1994,1
A. Font,A. Kumar,1999,1
A. Font,A. M. Uranga,1994,4
A. Font,D. Lust,1999,1
A. Font,F. Quevedo,1995,2
A. Font,G. Aldazabal,1994,7
A. Font,G. Violero,1997,2
A. Font,L. E. Ibanez,1994,7
A. Font,R. Blumenhagen,1999,1
A. Forge,A. Giveon,1995,4
A. Forge,E. Rabinovici,1995,4
A. Forge,K. Intriligator,1996,1
A. Forge,S. Elitzur,1995,4
A. Fotopoulos,T. R. Taylor,1998,1
A. Fring,A. G. Bytsko,1997,4
A. Fring,A. Zapletal,1998,1
A. Fring,B. J. Schulz,1999,2
A. Fring,C. Korff,1999,6
A. Fring,D. I. Olive,1994,1
A. Fring,F. Gohmann,2002,1
A. Fring,G. Mussardo,1992,2
A. Fring,H. Babujian,1998,1
A. Fring,J. Dreissig,2002,1
A. Fring,J. L. Miramontes,1999,1
A. Fring,M. A. C. Kneipp,1994,1
A. Fring,M. Karowski,1998,1
A. Fring,O. A. Castro-Alvaredo,1999,11
A. Fring,P. R. Johnson,1994,1
A. Fring,P. Simonetti,1992,2
A. Fring,R. Koberle,1993,3
A. Fujii,H. Itoyama,2000,2
A. Fujii,R. Kemmoku,1998,1
A. Fujii,S. Mizoguchi,1998,1
A. G. Abanov,P. B. Wiegmann,1999,3
A. G. Agnese,M. La Camera,2001,1
A. G. Bueno,A. V. Razumov,2001,1
A. G. Bueno,L. A. Ferreira,2001,1
A. G. Izergin,A. G. Pronko,1998,1
A. G. Izergin,A. R. Its,1992,1
A. G. Izergin,F. H. L. Essler,1994,1
A. G. Izergin,H. Frahm,1994,1
A. G. Izergin,N. A. Slavnov,1992,1
A. G. Izergin,N. I. Abarenkova,1998,1
A. G. Izergin,V. E. Korepin,1992,2
A. G. Jacksenaev,E. Elizalde,1994,2
A. G. Jacksenaev,I. L. Shapiro,1994,2
A. G. Jacksenaev,S. D. Odintsov,1994,2
A. G. Litvak,A. P. Protogenov,1994,1
A. G. Litvak,V. A. Mironov,1994,1
A. G. M. Pickering,P. C. West,1999,1
A. G. M. Schmidt,A. T. Suzuki,1998,6
A. G. M. Schmidt,E. S. Santos,2002,1
A. G. M. Schmidt,R. Bentin,1998,1
A. G. Mirzabekian,G. A. Vilkovisky,1995,2
A. G. Mirzabekian,V. V. Zhytnikov,1995,1
A. G. Pronko,N. I. Abarenkova,1998,1
A. G. Rodrigues,A. J. Da Silva,2000,1
A. G. Rodrigues,J. M. C. Malbouisson,2000,1
A. G. Rodrigues,M. Gomes,2000,1
A. G. Rojo,Ana Lopez,1994,1
A. G. Rojo,Eduardo Fradkin,1994,1
A. G. Sedrakyan,T. Hakobyan,1993,1
A. G. Sedrakyan,T. S. Hakobyan,1992,2
A. G. Sedrakyan,V. V. Mkhitaryan,2003,1
A. G. Sibiryakov,A. Yu. Segal,1999,1
A. G. Sibiryakov,I. L. Buchbinder,1994,2
A. G. Sibiryakov,I. L. Shapiro,1994,1
A. G. Sibiryakov,S. M. Kuzenko,1995,1
A. G. Ushveridze,G. M. Cicuta,1995,2
A. G. Ushveridze,H. D. Doebner,1997,1
A. G. Ushveridze,K. Lazarow,1997,1
A. G. Ushveridze,S. Stramaglia,1995,1
A. G. Williams,A. Kizilersu,2000,1
A. G. Williams,A. W. Schreiber,1998,2
A. G. Williams,T. Sizer,1998,1
A. G. Williams,V. P. Gusynin,1998,1
A. G. Zorin,D. V. Galtsov,2001,1
A. G. Zorin,M. Yu. Zotov,2001,1
A. G. Zorin,V. V. Dyadichev,2001,1
A. Gabor,L. Feher,2001,1
A. Galajinsky,E. Ivanov,2001,2
A. Galajinsky,S. Bellucci,1997,4
A. Galajinsky,S. Krivonos,2001,2
A. Galante,V. Azcoiti,1999,1
A. Galperin,E. Ivanov,1992,1
A. Galperin,E. Sokatchev,1992,5
A. Galperin,F. Delduc,1992,1
A. Galperin,J. Bagger,1994,1
A. Galperin,O. Ogievetsky,1992,2
A. Galperin,P. Howe,1992,1
A. Gamba,A. S. Cattaneo,1994,2
A. Gamba,G. Bonacina,1992,1
A. Gamba,I. Kolokolov,1992,1
A. Gamba,M. Martellini,1992,4
A. Gamba,P. Cotta-Ramusino,1995,1
A. Ganchev,J. Fuchs,1994,1
A. Ganchev,P. Vecsernyes,1994,1
A. Gangopadhyaya,A. Pagnamenta,1994,1
A. Gangopadhyaya,C. Rasinariu,1998,4
A. Gangopadhyaya,J. V. Mallow,1998,1
A. Gangopadhyaya,P. Panigrahi,1998,1
A. Gangopadhyaya,R. Dutt,1998,3
A. Gangopadhyaya,S. Chaturvedi,1998,1
A. Gangopadhyaya,U. P. Sukhatme,1998,1
A. Gangopadhyaya,U. Sukhatme,1994,4
A. Garcia,M. Cataldo,2000,1
A. Garcia,N. Cruz,2000,1
A. Garcia,S. Del Campo,2000,1
A. Gerasimov,A. Marshakov,1996,1
A. Gerasimov,A. Mironov,1994,2
A. Gerasimov,A. Morozov,1994,3
A. Gerasimov,D. Lebedev,1994,1
A. Gerasimov,K. Selivanov,2000,1
A. Gerasimov,M. Olshanetsky,1996,1
A. Gerasimov,S. Kharchev,1996,1
A. Gerasimov,S. Khoroshkin,1994,1
A. Gerhold,H. Grosse,2000,2
A. Gerhold,J. Grimstrup,2000,1
A. Gerhold,J. M. Grimstrup,2002,1
A. Gerhold,L. Popp,2000,2
A. Gerhold,M. Ertl,2002,1
A. Gerhold,M. Schweda,2000,2
A. Gerhold,R. Wulkenhaar,2000,2
A. Gerhold,V. Putz,2002,1
A. Ghodsi,F. Ardalan,2002,1
A. Ghodsi,H. Arfaei,2002,1
A. Ghodsi,M. R. Garousi,2002,1
A. Ghosh,A. Kundu,1995,1
A. Ghosh,G. Bhattacharya,1993,1
A. Ghosh,G. Pollifrone,1998,2
A. Ghosh,G. Veneziano,1998,3
A. Ghosh,J. Maharana,1999,1
A. Ghosh,John Ellis,1999,1
A. Ghosh,N. E. Mavromatos,1999,1
A. Ghosh,P. Mitra,1993,8
A. Ghosh,R. Madden,1999,1
A. Giaquinto,J. J. Zhang,1993,1
A. Giveon,A. Kehagias,2001,1
A. Giveon,A. Schwimmer,1994,3
A. Giveon,A. Zaffaroni,1994,2
A. Giveon,D. Kutasov,1997,11
A. Giveon,E. Kiritsis,1993,1
A. Giveon,E. Rabinovici,1993,10
A. Giveon,G. Veneziano,1994,1
A. Giveon,H. Partouche,2001,1
A. Giveon,K. Intriligator,1996,1
A. Giveon,L. Girardello,1994,2
A. Giveon,M. Porrati,1994,5
A. Giveon,N. Seiberg,1998,1
A. Giveon,O. Pelc,1999,1
A. Giveon,S. Elitzur,1994,9
A. Goldhaber,H. Singh,1996,1
A. Goldhaber,R. Parwani,1996,1
A. Gomberoff,C. Teitelboim,1997,2
A. Gomberoff,M. Henneaux,1997,2
A. Gomberoff,S. Deser,1997,2
A. Gomez Nicola,D. A. Steer,1998,4
A. Gomez Nicola,R. J. Rivers,1998,4
A. Gomez Nicola,T. S. Evans,2000,2
A. Gonzalez Ruiz,H. J. De Vega,1992,1
A. Gonzalez--Ruiz,H. J. De Vega,1993,4
A. Gonzalez--Ruiz,R. Cuerno,1993,1
A. Gonzalez-Arroyo,A. Montero,1996,2
A. Gonzalez-Arroyo,C. Pena,1998,6
A. Gonzalez-Arroyo,E. Gabrielli,1999,1
A. Gonzalez-Arroyo,M. Garcia Perez,1999,3
A. Gonzalez-Arroyo,P. Van Baal,1999,2
A. Gonzalez-Lopez,D. Gomez-Ullate,2000,4
A. Gonzalez-Lopez,F. Finkel,2001,3
A. Gonzalez-Lopez,M. A. Rodriguez,2000,4
A. Gonzalez-Lopez,R. Zhdanov,2001,3
A. Gorsky,A. Johansen,1993,1
A. Gorsky,A. Marshakov,1995,6
A. Gorsky,A. Mironov,1995,8
A. Gorsky,A. Morozov,1995,4
A. Gorsky,A. Odesskii,2001,1
A. Gorsky,A. Orlov,1995,1
A. Gorsky,A. Vainshtein,2000,1
A. Gorsky,A. Yung,2000,1
A. Gorsky,C. Korthels-Altes,2001,1
A. Gorsky,G. Korchemsky,2002,1
A. Gorsky,H. Braden,2001,1
A. Gorsky,I. I. Kogan,2001,3
A. Gorsky,I. Krichever,1995,1
A. Gorsky,K. Selivanov,1999,4
A. Gorsky,M. Shifman,1999,2
A. Gorsky,N. Nekrasov,1993,3
A. Gorsky,S. Gukov,1997,2
A. Gorsky,V. Fock,1999,1
A. Gorsky,V. Rubtsov,1995,5
A. Gorsky,Z. Berezhiani,2002,1
A. Grassi,E. Witten,1996,1
A. Grassi,P. Candelas,2000,1
A. Grassi,R. Donagi,1996,1
A. Grassi,V. Braun,2000,1
A. Grassi,X De La Ossa,2000,1
A. Gregori,B. Pioline,1997,1
A. Gregori,C. Kounnas,1997,3
A. Gregori,E. Kiritsis,1997,1
A. Gregori,J. Rizos,1999,1
A. Gregori,N. A. Obers,1997,1
A. Gregori,P. M. Petropoulos,1997,2
A. Gruppuso,G. Venturi,2000,1
A. Gruppuso,R. Casadio,2000,2
A. Guerra,F. T. Brandt,1997,1
A. Guerra,J. Frenkel,1997,1
A. Gusev,D. Blaschke,2001,2
A. Gusev,D. Proskurin,2001,2
A. Gusev,S. Vinitsky,2002,1
A. Gusev,V. Pervushin,2001,2
A. H. Bilge,Cs. Koccak,1996,2
A. H. Bilge,S. Kocak,1996,4
A. H. Bilge,T. Dereli,1996,6
A. H. Bougourzi,B. Si-Lakhal,1997,1
A. H. Bougourzi,M. A. El Gradechi,1992,1
A. H. Bougourzi,Robert A. Weston,1993,4
A. H. Castro Neto,A. O. Caldeira,1993,1
A. H. Chamseddine,D. Klemm,2002,1
A. H. Chamseddine,D. Zanon,2002,1
A. H. Chamseddine,G. Felder,1992,1
A. H. Chamseddine,J. Fr/Ohlich,1993,1
A. H. Chamseddine,J. Frohlich,1992,5
A. H. Chamseddine,K. Behrndt,1998,1
A. H. Chamseddine,K. Meissner,1992,1
A. H. Chamseddine,L. Martucci,2002,1
A. H. Chamseddine,O. Grandjean,1995,1
A. H. Chamseddine,S. Cacciatori,2002,1
A. H. Chamseddine,T. T. Burwick,1992,2
A. H. Chamseddine,W. A. Sabra,1998,10
A. H. Fariborz,D. G. C. Mckeon,1996,1
A. H. Fatollahi,A. M. Ghezelbash,1998,1
A. H. Fatollahi,F. Ardalan,1997,1
A. H. Fatollahi,K. Kaviani,1996,4
A. H. Fatollahi,M. Alishahiha,1996,1
A. H. Fatollahi,S. Parvizi,1997,3
A. H. Hamici,A. Smida,2001,1
A. H. Hamici,M. Hachemane,2001,1
A. H. Hamici,R. Djelid,2001,1
A. H. Rezaeian,M. R. Setare,2000,1
A. H. Yeranyan,R. M. Avagyan,2002,1
A. H. Zimerman,C. P. Constantinidis,1992,3
A. H. Zimerman,E. Nissimov,1994,2
A. H. Zimerman,E. P. Gueuvoghlanian,2000,7
A. H. Zimerman,F. E. Mendoncca Da Silveira,1998,2
A. H. Zimerman,G. M. Sotkov,1998,13
A. H. Zimerman,H. Aratyn,1992,17
A. H. Zimerman,I. Cabrera-Carnero,2001,2
A. H. Zimerman,J. F. Gomes,1992,27
A. H. Zimerman,L. A. Ferreira,1992,15
A. H. Zimerman,R. M. Ricotta,1992,1
A. H. Zimerman,R. T. Medeiros,1993,1
A. H. Zimerman,S. Pacheva,1994,2
A. Hamid Bougourzi,Luc Vinet,1994,2
A. Hammou,E. Gava,1999,1
A. Hammou,J. F. Morales,1999,1
A. Hammou,K. S. Narain,1999,1
A. Hanany,A. Rajaraman,1999,1
A. Hanany,A. Zaffaroni,1998,1
A. Hanany,B. Kol,1999,1
A. Hanany,B. Pioline,2000,1
A. Hanany,J. Sonnenschein,1994,1
A. Hanany,K. Intriligator,1997,1
A. Hanany,M. J. Strassler,1997,1
A. Hanany,M. R. Plesser,1994,1
A. Hanany,N. Seiberg,1997,1
A. Hanany,O. Aharony,1997,1
A. Hanany,Y. Frishman,1994,1
A. Hanany,Y. Oz,1994,1
A. Harindranath,Asit K. De,2002,1
A. Harindranath,Asmita Mukherjee,1999,3
A. Harindranath,Dipankar Chakrabarti,1999,4
A. Harindranath,J. P. Vary,1999,2
A. Harindranath,K. G. Wilson,1994,1
A. Harindranath,L. Martinovic,1999,2
A. Harindranath,R. J. Perry,1994,1
A. Harindranath,Raghunath Ratabole,2000,2
A. Harindranath,Rajen Kundu,1999,1
A. Harindranath,S. Glazek,1994,1
A. Harindranath,T. Walhout,1994,1
A. Harindranath,W. M. Zhang,1994,1
A. Hashimoto,I. R. Klebanov,1996,1
A. Hashimoto,J. M. Maldacena,1996,1
A. Hashimoto,S. S. Gubser,1996,1
A. Havare,I. Acikgoz,2001,1
A. Havare,K. Sogut,2001,2
A. Havare,N. Unal,2002,1
A. Havare,S. Gonen,2002,2
A. Hegedus,J. Balog,2001,2
A. Herat,P. Suranyi,2000,1
A. Herat,R. Rademacher,2000,1
A. Herrera,O. Kechkin,1996,3
A. Hietamaki,A. J. Niemi,1992,1
A. Holfter,M. Paschke,2002,1
A. Honecker,D. C. Cabra,1997,1
A. Honecker,G. Mussardo,1997,1
A. Honecker,G. Von Gehlen,1992,2
A. Honecker,J. De Boer,1993,1
A. Honecker,K. Hornfeck,1994,2
A. Honecker,L. Feher,1993,2
A. Honecker,N. S. Han,1993,1
A. Honecker,P. Pujol,1997,1
A. Honecker,R. Blumenhagen,1992,3
A. Honecker,R. Huebel,1992,5
A. Honecker,W. Eholzer,1992,6
A. Hulsebos,C. P. Korthals-Altes,1994,1
A. Hulsebos,S. Nicolis,1994,1
A. I Zelnikov,Yu. V. Gusev,1998,1
A. I. Bugrij,L. L. Jenkovszky,1995,1
A. I. Bugrij,O. O. Lisovy,2001,1
A. I. Bugrij,V. N. Shadura,1995,4
A. I. Davydychev,M. Yu. Kalmykov,2000,4
A. I. Davydychev,R. Delbourgo,1997,3
A. I. Ivanov,A. Mueller,1999,1
A. I. Ivanov,M. Faber,1999,1
A. I. Ivanov,N. I. Troitskaya,1999,1
A. I. Karanikas,C. N. Ktorides,1999,4
A. I. Karanikas,S. D. Avramis,2002,1
A. I. Milstein,R. Zh. Shaisultanov,1996,1
A. I. Milstein,V. N. Baier,1996,1
A. I. Milstein.,R. N. Lee,1995,1
A. I. Mudrov,K. B. Varnashev,1998,1
A. I. Neelov,M. V. Ioffe,2002,2
A. I. Nesterov,F. Aceves De La Cruz,2002,1
A. I. Pashnev,J. J. Rosales,2001,1
A. I. Pashnev,V. I. Tkach,2001,1
A. I. Sokolov,E. V. Orlov,1998,4
A. I. Sokolov,S. A. Antonenko,1998,1
A. I. Sokolov,S. S. Kashtanov,1998,2
A. I. Sokolov,V. A. Ulkov,1998,2
A. I. Veselov,A. V. Smilga,1997,2
A. I. Veselov,M. I. Polikarpov,1997,1
A. I. Veselov,M. N. Chernodub,1997,1
A. I. Volovich,I. V. Volovich,1997,1
A. I. Volovich,I. Ya. Arefeva,1997,1
A. I. Volovich,K. S. Viswanathan,1997,1
A. I. Zelnikov,D. V. Fursaev,1995,3
A. I. Zelnikov,V. P. Frolov,1995,3
A. I. Zelnikov,Yu. V. Gusev,1999,1
A. Ilakovac,M. Kolanovic,1999,2
A. Ilakovac,P. Prester,1999,2
A. Ilakovac,S. Pallua,1999,2
A. Ilha,C. Wotzasek,2001,3
A. Ilha,D. Bazeia,2001,1
A. Ilha,J. R. S. Nascimento,2001,2
A. Ilha,M. A. Anacleto,2001,1
A. Ilha,R. F. Ribeiro,2001,2
A. Imaanpur,H. Fakhri,2003,1
A. Imaanpur,J. M. Figueroa-Ofarrill,1997,1
A. Imaanpur,J. Mccarthy,1997,1
A. Iorio,C. Wiesendanger,1996,1
A. Iorio,D. Zappala,2002,1
A. Iorio,E. Celeghini,1998,1
A. Iorio,G. Lambiase,2002,1
A. Iorio,G. Vitiello,1998,2
A. Iorio,I. Sachs,1996,1
A. Iorio,L. Oraifeartaigh,1996,2
A. Iorio,M. Rasetti,1998,1
A. Iorio,P. Castorina,2002,1
A. Iorio,S. De Martino,1998,1
A. Iorio,S. De Siena,1998,1
A. Iorio,S. Wolf,2000,1
A. Iorio,T. Sykora,2001,1
A. Ishikawa,H. Itoyama,1994,2
A. Ishikawa,M. Anazawa,1994,2
A. Iskandar,U. Harder,1994,1
A. Iskandar,W. Mcghee,1994,1
A. J. Bordner,E. Corrigan,1998,2
A. J. Bordner,K. Takasaki,1998,1
A. J. Bordner,N. S. Manton,1999,1
A. J. Bordner,R. Sasaki,1998,5
A. J. Da Silva,A. Y. Petrov,2001,1
A. J. Da Silva,A. Yu. Petrov,2001,3
A. J. Da Silva,Ashok Das,1998,2
A. J. Da Silva,C. A. A. De Carvalho,2001,1
A. J. Da Silva,F. P. Devecchi,1994,1
A. J. Da Silva,F. T. Brandt,1998,1
A. J. Da Silva,H. O. Girotti,1992,11
A. J. Da Silva,J. Frenkel,1998,1
A. J. Da Silva,J. L. Delyra,1992,2
A. J. Da Silva,J. M. C. Malbouisson,1996,4
A. J. Da Silva,J. R. Nascimento,1997,1
A. J. Da Silva,J. R. S. Nascimento,1992,2
A. J. Da Silva,John M. Cornwall,2001,1
A. J. Da Silva,L. C. De Albuquerque,1999,2
A. J. Da Silva,L. C. Malacarne,1997,4
A. J. Da Silva,L. C. T. De Brito,2003,1
A. J. Da Silva,M. Fleck,1994,1
A. J. Da Silva,M. Gomes,1992,25
A. J. Da Silva,Marcelo Gomes,2001,1
A. J. Da Silva,R. S. Mendes,1992,2
A. J. Da Silva,S. L. V. Pinheiro,2000,1
A. J. Da Silva,S. V. L. Pinheiro,1998,2
A. J. Da Silva,Silvana Perez,2003,1
A. J. Da Silva,V. O. Rivelles,1997,6
A. J. Da Silva,V. S. Alves,1998,3
A. J. Da Silva,Victor O. Rivelles,2001,1
A. J. Gill,R. J. Rivers,1994,1
A. J. Laufer,A. O. Barut,1994,2
A. J. Laufer,J. R. Zeni,1994,2
A. J. M. Medved,G. Kunstatter,1998,3
A. J. Macfarlane,A. J. Mountain,1997,1
A. J. Macfarlane,C. Chryssomalakos,1998,1
A. J. Macfarlane,F. De Jonghe,1995,1
A. J. Macfarlane,J. A. De Azcarraga,1996,7
A. J. Macfarlane,J. C. Perez Bueno,1996,5
A. J. Macfarlane,J. M. Izquierdo,2001,1
A. J. Macfarlane,J. W. Van Holten,1995,1
A. J. Macfarlane,J.-W. Van Holten,2000,1
A. J. Macfarlane,K. Peeters,1995,1
A. J. Macfarlane,P. A. Horvathy,2000,1
A. J. Macfarlane,R. S. Dunne,1996,3
A. J. Macfarlane,T. Brzezinski,1993,1
A. J. Mountain,Conor Houghton,1999,1
A. J. Mountain,J. M. Evans,1997,4
A. J. Mountain,M. Hassan,1997,3
A. J. Mountain,N. J. Mackay,1997,3
A. J. Mountain,Patrick Irwin,1999,1
A. J. Niemi,K. Palo,1993,3
A. J. Niemi,K. Torokoff,2003,1
A. J. Niemi,L. Faddeev,1997,1
A. J. Niemi,M Luebcke,2003,1
A. J. Niemi,O. Tirkkonen,1993,1
A. J. Niemi,P. Pasanen,1993,1
A. J. Niemi,T. Karki,1994,1
A. J. Niemi,V. V. Sreedhar,1994,1
A. J. Nurmagambetov,I. Y. Park,2001,1
A. J. Parkes,O. Lechtenfeld,1993,1
A. J. Parkes,S. V. Ketov,1993,1
A. J. Pocklington,R. Sasaki,2000,1
A. J. Pocklington,S. P. Khastgir,2000,1
A. J. Segui,M. A. Per,2002,1
A. J. Segui-Santonja,C. Farina,1994,1
A. J. Segui-Santonja,M. V. Cougo-Pinto,1994,1
A. J. Van Der Sijs,J. L. Alonso,1998,1
A. J. Van Der Sijs,J. L. Cortes,1998,1
A. J. Van Der Sijs,J. M. Carmona,1998,1
A. J. Van Der Sijs,J. Polonyi,1998,1
A. J. Van Der Sijs,Ph. Boucaud,1998,1
A. J. Van Tonder,A. Jevicki,1992,1
A. J. Van Tonder,J. P. Rodrigues,1992,2
A. Jadczyk,Ph. Blanchard,1993,4
A. Jakobek,K. A. Meissner,2002,1
A. Jakobek,M. Olechowski,2002,1
A. Jakovac,W. Buchmuller,1997,1
A. Jannussis,A. K. Aringazin,1998,1
A. Jannussis,E. Vlachos,1998,1
A. Jannussis,G. Brodimas,1998,1
A. Jannussis,K. M. Aringazin,1998,1
A. Jannussis,S. Baskoutas,1998,1
A. Jaramillo,P. Mansfield,1998,2
A. Jaramillo,S. Shabanov .,1997,1
A. Jellal,E. H. Saidi,2003,1
A. Jellal,H. B. Geyer,2003,1
A. Jellal,J. Van Der Jeugt,2001,1
A. Jellal,O. F. Dayi,2001,1
A. Jellal,R. A. Roemer,2003,1
A. Jellal,T. D. Palev,2001,1
A. Jevicki,J. Avan,1992,2
A. Jevicki,J. Lee,1996,1
A. Jevicki,J. P. Nunes,1997,3
A. Jevicki,J. P. Rodrigues,1992,1
A. Jevicki,J. Rodrigues,1993,1
A. Jevicki,M. Mihailescu,1997,4
A. Jevicki,R. De Mello Koch,1998,2
A. Jevicki,R. Tatar,2000,1
A. Jevicki,T. Yoneya,1998,1
A. Jevicki,Y. Kazama,1998,1
A. Johansen,B. R. Greene,1997,1
A. Johansen,C. I. Lazaroiu,1997,1
A. Johansen,C. Vafa,1995,2
A. Johansen,D. Anselmi,1996,2
A. Johansen,D. Z. Freedman,1997,1
A. Johansen,E. Leader,1999,1
A. Johansen,J. Erlich,1997,1
A. Johansen,L. Lukaszuk,1999,1
A. Johansen,M. Bershadsky,1995,3
A. Johansen,M. Grisaru,1996,1
A. Johansen,T. M. Chiang,1997,1
A. Johansen,T. Pantev,1996,1
A. Johansen,V. Sadov,1995,2
A. K Kapoor,Pankaj Sharan,1995,1
A. K. Aringazin,A. S. Kudusov,1998,1
A. K. Aringazin,E. Vlachos,1998,1
A. K. Aringazin,G. Brodimas,1998,1
A. K. Aringazin,K. M. Aringazin,1998,1
A. K. Aringazin,S. Baskoutas,1998,1
A. K. Aringazin,V. V. Arkhipov,1998,1
A. K. Biswas,J. Maharana,1998,2
A. K. Biswas,R. K. Pradhan,1998,1
A. K. Grant,D. C. Dunbar,2000,1
A. K. Grant,J. S. Rozowsky,2000,1
A. K. Grant,L. Dixon,2000,1
A. K. Grant,M. Perelstein,2000,1
A. K. Grant,Z. Bern,1999,2
A. K. Kapoor,P. K. Panigrahi,1995,1
A. K. Kapoor,Pankaj Sharan,1995,2
A. K. Kapoor,R. S. Bhalla,1995,1
A. K. Khizhnyakov,L. O. Chekhov,2001,1
A. K. Konechny,D. M. Belov,2002,1
A. K. Mishra,G. Rajasekaran,1996,5
A. K. Mishra,R. P. Malik,1997,1
A. K. Tollsten,B. De Wit,1992,1
A. K. Tollsten,H. Nicolai,1992,1
A. K. Tsikh,M. Passare,1996,1
A. K. Waldron,C. A. Scrucca,1998,1
A. K. Waldron,G. C. Joshi,1992,1
A. K. Waldron,J. C. Plefka,1998,1
A. K. Waldron,J. F. Morales,1998,1
A. K. Waldron,M. Serone,1998,1
A. Kapella-Economou,B. C. Georgalas,1996,1
A. Kapella-Economou,C. Chiou-Lahanas,1996,1
A. Kapella-Economou,G. A. Diamandis,1996,1
A. Kapella-Economou,X. N. Maintas,1996,1
A. Kapella-Ekonomou,B. C. Georgalas,2000,1
A. Kapella-Ekonomou,C. Chiou-Lahanas,2000,1
A. Kapella-Ekonomou,G. A. Diamandis,2000,1
A. Kapella-Ekonomou,X. N. Maintas,2000,1
A. Kapustin,D. Gepner,1994,1
A. Kapustin,M. Berkooz,1999,1
A. Kapustin,S. A. Cherkis,1998,1
A. Kapustin,S. Skorik,1994,2
A. Kapustnikov,A. Shcherbakov,2001,2
A. Kapustnikov,E. Ivanov,1998,1
A. Kapustnikov,I. Bandos,1998,1
A. Kapustnikov,S. Ulanov,1998,1
A. Karch,A. Nayeri,2000,1
A. Karch,D. Z. Freedman,1999,1
A. Karch,O. Dewolfe,1999,1
A. Karch,S. S. Gubser,1999,1
A. Kashani-Poor,E. Gorbatov,2000,2
A. Kashani-Poor,Joaquim Gomis,2000,1
A. Kashani-Poor,P. Pouliot,2000,2
A. Kashani-Poor,R. Mcnees,2000,3
A. Kashani-Poor,S. Paban,2000,4
A. Kashani-Poor,T. Banks,2002,1
A. Kashani-Poor,W. Fischler,2000,4
A. Kato,M. Noumi,1993,1
A. Kato,T. Nakatsu,1993,1
A. Kato,T. Takebe,1993,1
A. Kaya,E. Sezgin,1998,4
A. Kaya,N. S. Deger,1999,5
A. Kaya,P. S. Howe,2000,1
A. Kaya,P. Sundell,1998,4
A. Kaya,S. Deger,1998,1
A. Kaya,Y. Tanii,2000,1
A. Kehagias,A. Zaffaroni,1998,2
A. Kehagias,D. Anselmi,1998,1
A. Kehagias,E. Floratos,1998,2
A. Kehagias,E. G. Floratos,1998,1
A. Kehagias,E. Kiritsis,1999,1
A. Kehagias,G. Koutsoumbas,2000,1
A. Kehagias,G. Zoupanos.,1995,1
A. Kehagias,H. Partouche,1997,5
A. Kehagias,I. Bakas,1998,1
A. Kehagias,J. G. Russo,2000,1
A. Kehagias,J. Madore,1995,1
A. Kehagias,J. Mourad,1995,1
A. Kehagias,K. Farakos,2000,1
A. Kehagias,K. Sfetsos,1999,2
A. Kehagias,K. Tamvakis,2000,3
A. Kehagias,P. Dimopoulos,2000,1
A. Kehagias,P. Kaste,2001,1
A. Kehagias,S. Ferrara,1998,2
A. Kehagias,S. Forste,1996,2
A. Kehagias,S. Schwager,1996,1
A. Kempf,G. Mangano,1994,2
A. Kempf,R. B. Mann,1994,1
A. Kempf,Shahn Majid,1994,1
A. Kent,G. Watts,1992,1
A. Keurentjes,A. Rosly,1998,1
A. Keurentjes,A. V. Smilga,1998,1
A. Khare,U. P. Sukhatme,1992,1
A. Khavaev,K. Pilch,1998,1
A. Khavaev,N. P. Warner,1998,1
A. Khelashvili,J. Gegelia,1995,2
A. Khelashvili,N. Kiknadze,1995,2
A. Khoddam-Mohammadi,M. H. Dehghani,2002,1
A. Khoudeir,C. Aragone,1993,6
A. Khoudeir,N. Pantoja,1994,1
A. Khoudeir,P. J. Arias,1993,4
A. Khoudeir,Pio J. Arias,1993,1
A. Khvedelidze,V. Pervushin,1994,2
A. Kirchberg,A. Wipf,2002,1
A. Kirchberg,J. D. Laenge,2002,1
A. Kirchberg,P. A. G. Pisani,2002,1
A. Kizilersu,A. W. Schreiber,2000,1
A. Kizilersu,M. R. Pennington,2000,1
A. Klemm,B. H. Lian,1994,1
A. Klemm,B. Lian,1997,1
A. Klemm,C. I. Lazaroiu,2003,1
A. Klemm,C. Vafa,1995,3
A. Klemm,D. Luest,2000,1
A. Klemm,E. Zaslow,1999,1
A. Klemm,G. Curio,2000,1
A. Klemm,I. Runkel,2003,1
A. Klemm,K. Landsteiner,2003,1
A. Klemm,N. Warner,1996,1
A. Klemm,P. Berglund,1995,3
A. Klemm,P. Mayr,1995,7
A. Klemm,R. Schimmrigk,1992,1
A. Klemm,S. Hosono,1993,3
A. Klemm,S. Kachru,1995,1
A. Klemm,S. Katz,1995,2
A. Klemm,S. S. Roan,1994,1
A. Klemm,S. Theisen,1993,9
A. Klemm,S. Yankielowicz,1994,2
A. Klemm,S.-S. Roan,1997,1
A. Klemm,S.-T. Yau,1994,3
A. Klemm,Shing-Tung Yau,1994,1
A. Klemm,T.-M. Chiang,1999,1
A. Klemm,W. Lerche,1994,6
A. Kling,O. Lechtenfeld,2002,1
A. Kling,S. Uhlmann,2002,1
A. Kluemper,G. Juettner,1997,1
A. Kluemper,J. Suzuki,1997,1
A. Knutson,E. Sharpe,1997,2
A. Kobakhidze,M. Chaichian,2001,1
A. Kobakhidze,M. Tsulaia,2001,1
A. Konechny,A. Schwarz,1996,7
A. Konechny,D. M. Belov,2002,1
A. Konechny,K. Bardakci,2000,2
A. Koubek,F. Colomo,1992,1
A. Koubek,G. Mussardo,1992,2
A. Kovner,A. Smilga,1997,1
A. Kovner,B. Rosenstein,1992,4
A. Kovner,D. Antonov,2003,1
A. Kovner,M. Shifman,1997,2
A. Kovner,P. Kurzepa,1993,2
A. Kovner,P. S. Kurzepa,1993,2
A. Krajewska,A. Ushveridze,1996,2
A. Krajewska,P. Caban,1993,1
A. Krajewska,Z. Walczak,1993,3
A. Krzywicki,J. Jurkiewicz,1996,1
A. Krzywicki,J.-P. Kownacki,1994,2
A. Krzywicki,Z. Burda,1995,1
A. Kudryavtsev,B. Piette,1996,2
A. Kudryavtsev,W. J. Zakrzewski,1996,2
A. Kuiroukidis,D. B. Papadopoulos,1998,3
A. Kuiroukidis,J. E. Paschalis,1999,1
A. Kuiroukidis,K. Kleidis,1998,2
A. Kumar,D. Lust,1999,1
A. Kumar,R. Blumenhagen,1999,1
A. Kumar,S. Kar,1992,1
A. Kumar,S. Khastgir,1992,1
A. Kundu,P. Mitra,1995,1
A. Kundu,P. Truini,1994,1
A. Kuniba,J. Suzuki,1993,2
A. Kuniba,T. Nakanishi,1992,3
A. L. A. Penna,C. M. M. Polito,2000,1
A. L. A. Penna,L. P. Colatto,2000,1
A. L. Barbosa,D. V. Galtsov,2001,1
A. L. Barbosa,J. G. Pereira,2002,1
A. L. Barbosa,R. Aldrovandi,2002,1
A. L. Barbosa,R. Kerner,2001,1
A. L. Barbosa,V. C. De Andrade,2002,1
A. L. Carey,B. L. Wang,1995,1
A. L. Carey,D. Stevenson,2001,1
A. L. Carey,M. K. Murray,1994,3
A. L. Carey,P. Bouwknegt,2001,1
A. L. Carey,V. Mathai,2001,1
A. L. Carey.,B. L. Wang,1995,1
A. L. Carey.,J. Mccarthy,1995,1
A. L. Carey.,R. B. Zhang,1995,1
A. L. Cavalcanti De Oliveira,E. R. Bezerra De Mello,2003,1
A. L. Cotrone,A. Zaffaroni,2001,4
A. L. Cotrone,F. Bigazzi,2001,4
A. L. Cotrone,L. Girardello,2002,1
A. L. Cotrone,M. Petrini,2001,2
A. L. Cotrone,R. Apreda,2001,1
A. L. Gadelha,I. V. Vancea,2000,5
A. L. Gadelha,M. C. B. Abdalla,2000,5
A. L. Kholodenko,V. V. Nesterenko,1993,1
A. L. Larsen,A. Nicolaidis,2000,1
A. L. Larsen,F. Aldabe,1996,2
A. L. Larsen,H. Arodz,1993,1
A. L. Larsen,H. J De Vega,2001,1
A. L. Larsen,H. J. De Vega,1993,5
A. L. Larsen,M. A. Lomholt,2001,1
A. L. Larsen,M. Christensen,1998,2
A. L. Larsen,Minos Axenides,1993,1
A. L. Larsen,N. Sanchez,1993,15
A. L. Larsen,S. Hendy,1995,3
A. L. Larsen,V. Frolov,1995,3
A. L. Larsen,V. P. Frolov,1995,3
A. L. M. A. Nogueira,H. Belich,2003,1
A. L. M. A. Nogueira,H. R. Christiansen,1998,2
A. L. M. A. Nogueira,J. A. Helayel-Neto,1995,4
A. L. M. A. Nogueira,J. L. Boldo,2003,1
A. L. M. A. Nogueira,L. P. Colatto,2003,1
A. L. M. A. Nogueira,L. R. U. Manssur,1998,3
A. L. M. A. Nogueira,M. A. Santos,2000,1
A. L. M. A. Nogueira,M. S. Cunha,1998,2
A. L. M. A. Nogueira,V. E. R. Lemes,1995,1
A. L. N. Oliveira,M. E. X. Guimaraes,2003,2
A. L. Oliveira,Marcelo Carvalho,2002,1
A. L. Shelepin,D. M. Gitman,1992,4
A. L. Shelepin,I. L. Buchbinder,2000,1
A. Lamine,M. Kachkachi,1997,1
A. Lamine,M. Sarih,1997,1
A. Laugier,I. Antoniadis,2000,2
A. Laugier,K. Benakli,2000,2
A. Lavagno,G. Kaniadakis,1995,3
A. Lavagno,P. Quarati,1995,3
A. Lawrence,C. Vafa,1998,1
A. Lawrence,E. Martinec,1993,1
A. Lawrence,E. Silverstein,1997,3
A. Lawrence,N. Kaloper,2001,2
A. Lawrence,N. Nekrasov,1998,1
A. Lawrence,S. Dimopoulos,2001,2
A. Lawrence,S. Kachru,1997,3
A. Leclair,A. Ludwig,1997,1
A. Leclair,A. W. W. Ludwig,1997,1
A. Leclair,B. Gerganov,2000,1
A. Leclair,C. Vafa,1992,1
A. Leclair,D. Bernard,1992,3
A. Leclair,D. Nemeschansky,1992,1
A. Leclair,F. Lesage,1997,1
A. Leclair,G. Mussardo,1995,4
A. Leclair,G. Sierra,2003,1
A. Leclair,H. Saleur,1995,2
A. Leclair,I. Devetak,1999,1
A. Leclair,J. M. Roman,2003,1
A. Leclair,M. Ameduri,1995,1
A. Leclair,M. Moriconi,2000,1
A. Leclair,N. P. Warner,1992,1
A. Leclair,R. Konik,1995,2
A. Leclair,S. Khoroshkin,1999,1
A. Leclair,S. Lukyanov,1997,1
A. Leclair,S. Pakuliak,1999,1
A. Leclair,S. Skorik,1995,1
A. Leclair,Z. S. Bassi,1997,3
A. Leonidov,A. Zelnikov,1993,1
A. Leonidov,D. A. Owen,1993,1
A. Leonidov,E. I. Guendelman,1993,1
A. Leonidov,V. Nechitailo,1993,1
A. Lerda,A. Liccardo,1999,2
A. Lerda,F. Fucito,2002,1
A. Lerda,G. R. Zemba,1995,3
A. Lerda,I. Pesando,1997,5
A. Lerda,L. Gallot,1999,4
A. Lerda,L. Girardello,1992,1
A. Lerda,L. Magnea,1995,3
A. Lerda,M. Bertolini,2000,5
A. Lerda,M. Billo,1998,3
A. Lerda,M. Frau,1996,15
A. Lerda,P. Di Vecchia,1995,12
A. Lerda,P. Fre,1992,1
A. Lerda,P. Merlatti,2002,1
A. Lerda,P. Soriani,1992,1
A. Lerda,P. Strigazzi,1999,4
A. Lerda,R. Caracciolo,1995,2
A. Lerda,R. Marotta,1996,6
A. Lerda,R. Marotta.,1995,1
A. Lerda,R. Russo,1996,8
A. Lerda,S. Sciuto,1996,6
A. Lesniewski,D. Borthwick,1994,2
A. Lesniewski,K. Osterwalder,1994,1
A. Lesniewski,M. Rinaldi,1994,2
A. Lesniewski,S. Klimek,1994,2
A. Levin,D. M. Gitman,2000,1
A. Levin,M. Olshanetsky,2000,2
A. Levin,V. B. Tlyachev,2000,1
A. Levin,V. G. Bagrov,2000,1
A. Lewis,A. M. Tsvelik,1996,1
A. Lewis,I. I Kogan,1996,1
A. Lewis,I. I. Kogan,1997,1
A. Lewis,I. Kogan,1996,1
A. Lewis,J.-S. Caux,1996,1
A. Lewis,O. A. Soloviev,1996,2
A. Leznov,J. Mostovoy,2002,1
A. Liccardo,F. Fucito,2002,1
A. Liccardo,F. Pezzella,1998,2
A. Liccardo,I. Pesando,2002,1
A. Liccardo,L. Cappiello,1998,1
A. Liccardo,L. Gallot,2001,2
A. Liccardo,M. Billo,2001,3
A. Liccardo,M. Frau,1999,3
A. Liccardo,P. Di Vecchia,1999,1
A. Liccardo,R. Marotta,1998,2
A. Liccardo,R. Musto,2000,1
A. Liccardo,R. Pettorino,1998,1
A. Liguori,L. Pilo,1999,1
A. Liguori,L. Zhao,1996,1
A. Liguori,M. Gattobigio,1998,2
A. Liguori,M. Mintchev,1994,5
A. Lima - Santos,R. Koberle,1993,1
A. Lima-Santos,Bin Wang,2002,1
A. Lima-Santos,E. Abdalla,2002,1
A. Lima-Santos,Elcio Abdalla,2002,1
A. Lima-Santos,K. H. C. Castello-Branco,2002,1
A. Lima-Santos,W. G. Qiu,2002,1
A. Loewy,E. Schreiber,2000,1
A. Loewy,J. Sonnenschein,1999,3
A. Loewy,S. Yankielowicz,2000,1
A. Loewy,Y. Kinar,2000,1
A. Lopez,C. D. Fosco,1998,10
A. Lopez,E. Fradkin,1999,1
A. Lopez,F. A. Schaposnik,1999,1
A. Lopez,L. Da Rold,2001,1
A. Lopez,M. L. Ciccolini,2001,1
A. Lorek,A. Ruffing,1996,1
A. Lorek,J. Wess,1995,2
A. Lorek,M. Fichtmueller,1995,1
A. Losev,A. Vainshtein,2000,2
A. Losev,G. Moore,1995,2
A. Losev,I. Polyubin,1993,1
A. Losev,L. Baulieu,1997,2
A. Losev,M. Shifman,1999,5
A. Losev,N. Nekrasov,1995,6
A. Losev,S. Shatashvili,1995,4
A. Losev,Xinrui Hou,1999,1
A. Love,D. Bailin,1992,23
A. Love,G. V. Kraniotis,1997,12
A. Love,S. Thomas,1993,8
A. Love,S. Todd,1996,1
A. Love,W. A. Sabra,1992,12
A. Ludwig,G. Mussardo,1997,1
A. Lue,R. Brooks,1994,1
A. Lukas,C. Van De Bruck,2000,1
A. Lukas,D. Kapetanakis,1994,1
A. Lukas,G. Koutsoumbas,1994,1
A. Lukas,M. Dorca,2000,1
A. Lukas,P. Mayr,1994,1
A. Lukas,R. H. Brandenberger,2000,1
A. Lutken,C. Schweigert,2000,1
A. Lutken,W. Lerche,2000,1
A. M. Bincer,K. Riesselmann,1993,1
A. M. Boyarsky,G. Bonelli,2000,1
A. M. Chervyakov,H. Kleinert,1996,1
A. M. Chervyakov,V. V. Nesterenko,1993,1
A. M. El Gradechi,S. De Bi`Evre,1992,1
A. M. Fedotov,B. M. Karnakov,1999,2
A. M. Fedotov,N. B. Narozhny,1999,4
A. M. Fedotov,V. A. Belinski,2002,1
A. M. Fedotov,V. A. Belinskii,1999,2
A. M. Fedotov,V. D. Mur,1999,4
A. M. Garcia-Garcia,J. J. M. Verbaarschot,2000,1
A. M. Ghezelbash,A. Shafiekhani,1997,1
A. M. Ghezelbash,D. Ida,2002,1
A. M. Ghezelbash,F. Ardalan,1994,1
A. M. Ghezelbash,K. Kaviani,1998,2
A. M. Ghezelbash,M. H. Dehghani,2001,2
A. M. Ghezelbash,M. R. Abolhasani,1997,1
A. M. Ghezelbash,R. B. Mann,2001,9
A. M. Ghezelbash,R. Clarkson,2003,1
A. M. Ghezelbash,S. Parvizi,1998,1
A. M. Ghezelbash,T. Shiromizu,2002,1
A. M. Ghezelbash,V. Karimipour,1997,1
A. M. Grundland,P. Winternitz,1995,1
A. M. Grundland,W. J. Zakrzewski,1995,1
A. M. Ignatov,V. P. Poponin,2000,1
A. M. Khvedelidze,D. M. Mladenov,1997,6
A. M. Khvedelidze,G. Ropke,1998,3
A. M. Khvedelidze,H.-P. Pavel,1997,9
A. M. Khvedelidze,S. A. Gogilidze,1995,4
A. M. Khvedelidze,V. N. Pervushin,1995,3
A. M. Khvedelidze,V. P. Gerdt,2002,2
A. M. Kotzinian,A. N. Sissakian,2002,1
A. M. Kotzinian,O. Yu. Shevchenko,2002,1
A. M. Levin,M. A. Olshanetsky,1997,1
A. M. Malokostov,O. I. Zavialov,1998,1
A. M. Pelinson,I. L. Shapiro,1999,3
A. M. Pelinson,J. C. Fabris,1999,3
A. M. Perelomov,E. Ragoucy,1998,1
A. M. Perelomov,J. A. De Azcarraga,1996,3
A. M. Perelomov,J. C. Perez Bueno,1996,3
A. M. Perelomov,J. M. Izquierdo,1996,1
A. M. Perelomov,P. Zaugg,1998,1
A. M. Polyakov,I. I. Kogan,1993,1
A. M. Polyakov,I. R. Klebanov,1993,5
A. M. Polyakov,S. Gukov,1997,1
A. M. Polyakov,S. S. Gubser,1998,2
A. M. Polyakov,T. Damour,1994,1
A. M. Polyakov,V. S. Rychkov,2000,1
A. M. Semikhatov,A. Taormina,1999,1
A. M. Semikhatov,B. Gato-Rivera,1992,1
A. M. Semikhatov,B. L. Feigin,1999,1
A. M. Semikhatov,I. Yu. Tipunin,2000,2
A. M. Semikhatov,J. Fjelstad,2002,1
A. M. Semikhatov,J. Fuchs,2002,1
A. M. Semikhatov,M. A. Grigoriev,2000,1
A. M. Semikhatov,P. Bowcock,1999,1
A. M. Semikhatov,S. Hwang,2002,1
A. M. Srivastava,A. P. Balachandran,1992,1
A. M. Srivastava,L. Oraifeartaigh,1992,1
A. M. Srivastava,R. D. Sorkin,1992,1
A. M. Srivastava,S. Sen,1992,1
A. M. Srivastava,W. D. Mcglinn,1992,1
A. M. Stuchi,V. G. C. S. Dos Santos,2002,1
A. M. Tarabay,I. G. Chugunov,1999,2
A. M. Tarabay,Yu. P. Rybakov,1999,2
A. M. Tsvelik,D. Controzzi,1999,1
A. M. Tsvelik,I. Kogan,1996,1
A. M. Tsvelik,Ian I. Kogan,1995,1
A. M. Tsvelik,J.-S. Caux,1995,2
A. M. Tsvelik,Luca Mezincescu,1992,1
A. M. Tsvelik,P. K. Townsend,1992,1
A. M. Tsvelik,Rafael I. Nepomechie,1992,1
A. M. Uranga,D. Badagnani,1999,1
A. M. Uranga,F. Quevedo,2000,1
A. M. Uranga,G. Aldazabal,1994,8
A. M. Uranga,G. Violero,1997,1
A. M. Uranga,H. Garcia-Compean,1998,1
A. M. Uranga,J. Park,1998,3
A. M. Uranga,L. E. Ibanez,1994,10
A. M. Uranga,R. Rabadan,1998,6
A. M. Uranga,S. Franco,2000,1
A. M. Zarkesh,B. Mikhak,1993,2
A. Maia Jr,J. A. E. Carrillo,1999,1
A. Maia Jr,J. A. Espichan Carrillo,1999,2
A. Maia Jr,J. A. S. Lima,1999,1
A. Maia Jr.,J. A. Espichan Carrillo,1999,1
A. Maia Jr.,V. Mostepanenko,1999,1
A. Mann,I. Klich,2000,2
A. Mann,J. Feinberg,1999,2
A. Mann,M. Revzen,1999,3
A. Mariottini,D. Fioravanti,1996,1
A. Mariottini,E. Quattrini,1996,1
A. Mariottini,F. Ravanini,1996,1
A. Marshakov,A. Mironov,1992,22
A. Marshakov,A. Morozov,1992,20
A. Marshakov,A. Orlov,1995,1
A. Marshakov,A. Yung,2002,1
A. Marshakov,A. Zabrodin,1992,3
A. Marshakov,B. De Wit,2001,1
A. Marshakov,D. Vasiliev,2003,1
A. Marshakov,H. W. Braden,1998,5
A. Marshakov,I. Krichever,1995,1
A. Marshakov,L. Chekhov,2003,1
A. Marshakov,M. Martellini,1997,1
A. Marshakov,M. Olshanetsky,1992,2
A. Marshakov,O. Ruchayskiy,2001,1
A. Marshakov,P. Wiegmann,2001,2
A. Marshakov,S. Kharchev,1992,9
A. Marshakov,S. Pakuliak,1992,1
A. Marshakov,V. Rubtsov,1995,1
A. Martin,J. Stubbe,1995,1
A. Martin,K. Chadan,1995,1
A. Martin,N. N. Khuri,2001,1
A. Martin,R. Kobayashi,1995,1
A. Martin,T. T. Wu,2001,1
A. Marzuoli,C. Bartocci,1994,1
A. Marzuoli,C. Dappiaggi,2002,1
A. Marzuoli,G. Arcioni,2001,2
A. Marzuoli,J. Ambjorn,1996,1
A. Marzuoli,M. Carfora,1992,5
A. Marzuoli,M. Martellini,1992,1
A. Marzuoli,M. Oloughlin,2001,1
A. Marzuoli,U. Bruzzo,1994,1
A. Masiero,M. Porrati,1993,1
A. Masiero,R. Stora,1993,1
A. Masiero,S. Ferrara,1993,1
A. Maslikov,G. Volkov,1996,1
A. Maslikov,I. Naumov,1996,1
A. Matos Neto,F. C. Khanna,1998,2
A. Matos Neto,J. C. Da Silva,2002,1
A. Matos Neto,J. D. M. Vianna,1998,1
A. Matos Neto,T. Kopf,1998,1
A. Matusis,D. Z. Freedman,1999,1
A. Matusis,E. Dhoker,1999,1
A. Matusis,L. Rastelli,1999,1
A. Matusis,S. D. Mathur,1999,1
A. Matytsin,P. Zaugg,1996,2
A. Megevand,D. Galeazzi,1993,1
A. Megevand,L. Masperi,1993,1
A. Megevand,R. Fiore,1993,1
A. Melikyan,Ashok Das,2001,6
A. Melikyan,H. J. W. Mueller--Kirsten,1998,1
A. Melikyan,J. Maharana,2001,6
A. Melikyan,R. Manvelyan,1997,3
A. Melikyan,R. Mkrtchyan,1997,3
A. Mennim,R. A. Battye,2000,1
A. Mezhlumian,A. Peet,1994,1
A. Mezhlumian,L. Thorlacius,1994,1
A. Meziane,L. Hoffmann,2001,1
A. Meziane,L. Mesref,2001,1
A. Meziane,T. Leonhardt,2002,1
A. Meziane,W. Ruehl,2002,1
A. Meziane,W. Ruhl,2001,1
A. Micu,M. M. Sheikh-Jabbari,2000,1
A. Miemiec,D. Lust,1999,1
A. Migdal,V. Gurarie,1995,1
A. Mikovic,B. Sazdovic,1996,1
A. Mikovic,J. Cruz,1996,1
A. Mikovic,J. Navarro-Salas,1996,1
A. Mikovic,M. Navarro,1993,1
A. Mikovic,N. Manojlovic,1992,1
A. Mikovic,V. Radovanovic,1996,3
A. Mikovicc,B. Sazdovic,1994,1
A. Minzoni,A. Turbiner,1996,1
A. Minzoni,M. Rosenbaum,1996,1
A. Mironov,A. Morozov,1992,29
A. Mironov,A. Zabrodin,1992,2
A. Mironov,A. Zhedanov,1996,2
A. Mironov,D. Lebedev,1994,1
A. Mironov,D. Vasiliev,2003,1
A. Mironov,G. Semenoff,1994,1
A. Mironov,H. W. Braden,1998,4
A. Mironov,I. Krichever,1995,1
A. Mironov,L. Chekhov,2002,2
A. Mironov,L. Vinet,1993,1
A. Mironov,M. Olshanetsky,1992,2
A. Mironov,S. Gukov,1997,2
A. Mironov,S. Kharchev,1992,8
A. Mironov,S. Khoroshkin,1994,1
A. Mironov,S. Pakuliak,1992,2
A. Mishchenko,L. Jenkovszky,1994,1
A. Mishchenko,M. Kibler,1994,1
A. Misra,S. D. Joglekar,1998,1
A. Misra,Satish D. Joglekar,1999,2
A. Misra,Satish. D. Joglekar,1999,2
A. Miyake,A. Sugamoto,2002,1
A. Molev,G. Olshanskii,1994,1
A. Molev,M. Nazarov,1994,1
A. Molinari,F. Palumbo,1996,1
A. Molinari,M. B. Barbaro,1996,1
A. Momen,I. I. Kogan,1998,1
A. Momen,N. E. Mavromatos,1998,1
A. Momen,R. J. Szabo,1998,1
A. Mondragon,E. Hernandez,1996,1
A. Mondragon,J. Dumoit,1998,1
A. Mondragon,R. E. Allen,1998,1
A. Morel,R. Lacaze,1993,1
A. Morel,T. Bhattacharya,1993,1
A. Morozov,A. Zabrodin,1992,1
A. Morozov,D. Lebedev,1994,1
A. Morozov,F. Alexander Bais,1993,1
A. Morozov,G. Semenoff,1993,2
A. Morozov,G. W. Semenoff,1992,2
A. Morozov,H. Itoyama,1995,7
A. Morozov,H. W. Braden,1998,4
A. Morozov,I. I. Kogan,1992,2
A. Morozov,I. Krichever,1995,1
A. Morozov,K. Selivanov,2000,1
A. Morozov,L. Vinet,1993,1
A. Morozov,M. Adler,1996,2
A. Morozov,M. De Wild Propitius,1993,1
A. Morozov,M. Dobroliubov,1993,1
A. Morozov,M. Martellini,1997,1
A. Morozov,M. Olshanetsky,1992,2
A. Morozov,N. Weiss,1992,3
A. Morozov,P. Van Moerbeke,1996,2
A. Morozov,S. Kharchev,1992,6
A. Morozov,S. Khoroshkin,1994,1
A. Morozov,S. Pakuliak,1992,1
A. Morozov,T. Shiota,1996,2
A. Mostafazadeh,K. Aghababaei Samani,2000,3
A. Mueller,A. N. Ivanov,1998,2
A. Mueller,M. Faber,1998,3
A. Mueller,M. Zach,1998,2
A. Mueller,N. I. Troitskaya,1998,3
A. Mukherjee,H. J. Schnitzer,1996,2
A. Mukherjee,H. K. Jassal,1997,5
A. Mukherjee,Hatem Widyan,1998,3
A. Mukherjee,J. M. Isidro,1996,2
A. Mukherjee,J. P. Nunes,1996,2
A. Mukherjee,N. Panchapakesan,1998,3
A. Mukherjee,R. P. Saxena,1997,5
A. N. Ivanov,M. Faber,1997,15
A. N. Ivanov,M. Zach,1998,3
A. N. Ivanov,N. I. Troitskaya,1997,6
A. N. Kapustin,P. I. Pronin,1994,1
A. N. Kirillov,D. Senechal,1992,2
A. N. Kirillov,M. A. Walton,1992,1
A. N. Kirillov,M. Walton,1992,1
A. N. Kirillov,P. Mathieu,1992,2
A. N. Kuznetsov,F. V. Tkachov,1996,2
A. N. Kuznetsov,V. V. Vlasov,1996,1
A. N. Kvinikhidze,B. Blankleider,2001,2
A. N. Leznov,A. S. Sorin,1996,2
A. N. Leznov,A. V. Razumov,1993,3
A. N. Leznov,Ch. Devchand,1993,1
A. N. Leznov,D. B. Fairlie,1993,3
A. N. Leznov,E. A. Yuzbashyan,1996,2
A. N. Leznov,J. Escobedo-Alatorre,2002,1
A. N. Leznov,R. Torres-Cordoba,2002,1
A. N. Leznov,V. B. Derjagin,1996,1
A. N. Leznov,V. V. Khruschev,2002,1
A. N. Manashov,G. P. Korchemsky,2001,4
A. N. Manashov,J. Kotanski,2002,1
A. N. Manashov,S. E. Derkachov,1995,8
A. N. Mitra,R. Ramanathan,1998,1
A. N. Pressley,V. Chari,1994,2
A. N. Schellekens,C. Schweigert,1994,5
A. N. Schellekens,E. Rabinovici,1997,1
A. N. Schellekens,J. Fuchs,1994,5
A. N. Schellekens,J. Walcher,2000,1
A. N. Schellekens,K. Schalm,2001,1
A. N. Schellekens,L. R. Huiszoon,1999,5
A. N. Schellekens,M. Kreuzer,1993,1
A. N. Schellekens,N. Sousa,1999,4
A. N. Schellekens,O. Aharony,1993,1
A. N. Schellekens,S. Yankielowicz,1993,1
A. N. Schellekens,U. Ray,1996,1
A. N. Schellekens,Ya. S. Stanev,2001,1
A. N. Sissakian,C. Grosche,1994,1
A. N. Sissakian,G. S. Pogosyan,1994,1
A. N. Sissakian,L. G. Mardoyan,1996,5
A. N. Sissakian,O. Yu. Shevchenko,1996,6
A. N. Sissakian,S. B. Solganik,1996,5
A. N. Sissakian,V. M. Ter--Antonyan,1998,1
A. N. Sissakian,V. M. Ter-Antonyan,1996,4
A. N. Theron,F. A. Schaposnik,1994,1
A. N. Theron,F. G. Scholtz,1994,3
A. N. Theron,H. B. Geyer,1994,2
A. N. Theron,K. D. Rothe,1996,1
A. N. Vaidya,K. De Araujo Ferreira,2002,1
A. N. Vaidya,R. De Lima Rodrigues,2002,4
A. N. Vaidya,V. B. Bezerra,2002,1
A. N. Vall,A. V. Sinitskaya,1997,3
A. N. Vall,D. V. Naumov,1997,2
A. N. Vall,S. E. Korenblit,1996,4
A. N. Vall,V. M. Leviant,1996,4
A. N. Varchenko,S. M. Gusein-Zade,1996,1
A. N. Vasilev,A. S. Stepanenko,1993,1
A. N. Vasilev,N. A. Kivel,1993,1
A. N. Vasiliev,A. S. Stepanenko,1993,1
A. N. Vasiliev,N. A. Kivel,1993,1
A. N. Vasiliev,S. E. Derkachov,1993,1
A. Naddeo,G. Cristofano,2002,1
A. Naddeo,V. Marotta,2002,1
A. Nakamichi,H. Y. Lee,1992,1
A. Nakamichi,Mitsuko Abe,1993,2
A. Nakamichi,T. Ueno,1992,4
A. Nakayashiki,M. Jimbo,1992,1
A. Nakayashiki,T. Miwa,1992,1
A. Naqvi,J. Erlich,1998,2
A. Naqvi,L. Randall,1998,1
A. Nazarenko,V. Tretyak,2000,1
A. Nersessian,B. Geyer,2002,1
A. Nersessian,E. Ramos,1998,1
A. Nersessian,H. J. W. Mueller-Kirsten,1999,1
A. Nersessian,M. Tsulaia,1996,1
A. Nersessian,O. M. Khudaverdian,1995,1
A. Nersessian,P. H. Damgaard,1995,1
A. Nersessian,P. Lavrov,2002,1
A. Nersessian,R. Manvelyan,1999,1
A. Nersessian,V. M. Ter--Antonyan,1995,1
A. Nersessian,V. Ter-Antonian,1994,1
A. Nersessian,V. Ter-Antonyan,1996,1
A. Neveu,B. Bellet,1995,1
A. Neveu,C. Arvanitis,1995,2
A. Neveu,F. Geniet,1995,2
A. Neveu,J.-L. Kneur,1995,1
A. Neveu,M. Iacomi,1995,1
A. Neveu,P. Garcia,1995,1
A. Nichols,G. Savvidy,2002,1
A. Nichols,I. I. Kogan,2001,3
A. Nichols,R. Manvelyan,2002,1
A. Nichols,Sanjay,2000,1
A. Nicolaidis,H. J. De Vega,1994,1
A. Nicolaidis,I. Giannakis,1994,1
A. Nicolaidis,J. E. Paschalis,1997,1
A. Nicolaidis,P. I. Porfyriadis,1997,1
A. Niegawa,H. Ozaki,1999,1
A. Niegawa,K. Okano,1999,1
A. Niemeyer,H. P. Nilles,1994,3
A. Niemeyer,Z. Lalak,1994,2
A. Niemi,K. Torokoff,2001,1
A. Niemi,M. Lubcke,2001,1
A. Niemi,S. M. Nasir,2001,1
A. Nieto,C. Ramirez,1998,1
A. Nieto,H. Garcia-Compean,1998,1
A. Nieto,O. Obregon,1998,1
A. Notari,A. Riotto,2002,1
A. Nowicki,G. Amelino-Camelia,2001,1
A. Nowicki,J. Lukierski,2001,4
A. Nurmagambetov,D. Sorokin,1995,1
A. Nurmagambetov,D. Volkov,1995,1
A. Nurmagambetov,I. Bandos,1995,1
A. O. Barut,J. R. Zeni,1994,2
A. O. Barvinsky,A. Rathke,2002,1
A. O. Barvinsky,A. Yu. Kamenshchik,1998,2
A. O. Barvinsky,C. Kiefer,2002,1
A. O. Barvinsky,D. V. Nesterov,2000,3
A. O. Barvinsky,G. A. Vilkovisky,1994,1
A. O. Barvinsky,V. F. Mukhanov,2002,1
A. O. Barvinsky,V. V. Zhytnikov,1994,1
A. O. Barvinsky,Yu. V. Gusev,1994,1
A. O. Starinets,D. T. Son,2001,4
A. O. Starinets,G. Policastro,2001,3
A. Odesskii,H. Braden,2001,1
A. Odesskii,V. Rubtsov,2001,1
A. Ogura,H. Takahashi,2000,1
A. Opfermann,G. Papadopoulos,1996,2
A. Opfermann,P. S. Howe,1997,1
A. Orlov,B. Enriquez,1993,1
A. Orlov,V. Rubtsov,1993,2
A. P. B. Scarpelli,M. C. Nemes,2000,1
A. P. B. Scarpelli,M. Sampaio,2000,1
A. P. Ba^Eta Scarpelli,C. F. L. Godinho,2003,1
A. P. Ba^Eta Scarpelli,J. A. Helayel-Neto,2003,1
A. P. Ba^Eta Scarpelli,M. Botta Cantcheff,2003,1
A. P. Baeta Scarpelli,B. Hiller,2001,2
A. P. Baeta Scarpelli,H. Belich,2002,1
A. P. Baeta Scarpelli,J. A. Helayel-Neto,2002,2
A. P. Baeta Scarpelli,J. L. Boldo,2002,1
A. P. Baeta Scarpelli,M. Botta Cantcheff,2003,1
A. P. Baeta Scarpelli,M. C. Nemes,2001,2
A. P. Baeta Scarpelli,M. Sampaio,2001,2
A. P. Baeta Scarpelli,S. Gobira,2002,1
A. P. Balachandran,A. Simoni,1993,1
A. P. Balachandran,A. Stern,1992,2
A. P. Balachandran,Arshad Momen,1995,2
A. P. Balachandran,B. Sathiapalan,1994,2
A. P. Balachandran,B. Ydri,1998,4
A. P. Balachandran,Brian P. Dolan,2001,1
A. P. Balachandran,Denjoe Oconnor,2000,2
A. P. Balachandran,E. Batista,1999,3
A. P. Balachandran,E. Ercolessi,1993,4
A. P. Balachandran,E. Rojas,2002,1
A. P. Balachandran,F. Lizzi,1994,2
A. P. Balachandran,F. Moraes,1996,1
A. P. Balachandran,G. Alexanian,2001,2
A. P. Balachandran,G. Bimonte,1992,7
A. P. Balachandran,G. Immirzi,2001,3
A. P. Balachandran,G. Landi,1994,2
A. P. Balachandran,G. Marmo,1993,1
A. P. Balachandran,G. Sparano,1994,2
A. P. Balachandran,Garnik G. Alexanian,2002,1
A. P. Balachandran,Giorgio Immirzi,2002,1
A. P. Balachandran,I. P. Costa E Silva,1999,3
A. P. Balachandran,J. Lee,2001,1
A. P. Balachandran,Joohan Lee,2002,1
A. P. Balachandran,K. S. Gupta,1992,3
A. P. Balachandran,L. Chandar,1994,5
A. P. Balachandran,L. Oraifeartaigh,1992,1
A. P. Balachandran,P. Salomonson,1993,1
A. P. Balachandran,P. Teotonio-Sobrinho,1992,9
A. P. Balachandran,Pedro J. Silva,2002,1
A. P. Balachandran,Peter Presnajder,2002,1
A. P. Balachandran,R. D. Sorkin,1992,1
A. P. Balachandran,S. Baez,1998,1
A. P. Balachandran,S. Kurkcuoglu,2002,1
A. P. Balachandran,S. Sen,1992,1
A. P. Balachandran,S. Vaidya,1996,5
A. P. Balachandran,T. R. Govindarajan,1998,3
A. P. Balachandran,V. John,1996,2
A. P. Balachandran,W. D. Mcglinn,1992,1
A. P. Balachandran,X. Martin,2000,2
A. P. C. Malbouisson,B. F. Svaiter,1996,1
A. P. C. Malbouisson,C. D. Fosco,2001,1
A. P. C. Malbouisson,F. S. Nogueira,1995,1
A. P. C. Malbouisson,G. N. J. Ananos,1997,1
A. P. C. Malbouisson,G. N. J. A~Na~Nos,1998,1
A. P. C. Malbouisson,J. M. C. Malbouisson,2002,1
A. P. C. Malbouisson,L. Da Rold,2001,1
A. P. C. Malbouisson,M. B. Silva Neto,1997,1
A. P. C. Malbouisson,M. B. Silva-Neto,1997,1
A. P. C. Malbouisson,N. F. Svaiter,1995,7
A. P. C. Malbouisson,R. Portugal,1999,1
A. P. De Almeida,F. T. Brandt,1993,1
A. P. De Almeida,J. Frenkel,1993,1
A. P. Demichev,J. I. Perez Cadenas,1993,1
A. P. Demichev,M. Chaichian,1993,3
A. P. Demichev,Yu. A. Kubyshin,1993,1
A. P. E. Ten Kroode,M. J. Bergvelt,1992,1
A. P. Flitney,M. Rossi,1995,1
A. P. Fordy,S. Baker,1995,1
A. P. Fordy,V. Z. Enolskii,1995,1
A. P. Isaev,A. T. Filippov,1992,4
A. P. Isaev,C. Sochichiu,2000,1
A. P. Isaev,E. E. Donets,2000,1
A. P. Isaev,I. T. Todorov,1999,2
A. P. Isaev,L. Castellani,2002,2
A. P. Isaev,L. K. Hadjiivanov,1999,2
A. P. Isaev,M. Dubois-Violette,1999,1
A. P. Isaev,M. Tsulaia,2000,1
A. P. Isaev,O. Santillan,2001,1
A. P. Isaev,O. V. Ogievetsky,2000,1
A. P. Isaev,P. Aschieri,2002,2
A. P. Isaev,P. Furlan,1999,2
A. P. Isaev,P. N. Pyatov,1992,4
A. P. Isaev,P. P. Kulish,1997,1
A. P. Isaev,S. L. Lyakhovich,2002,1
A. P. Isaev,V. A. Dolgushev,2002,1
A. P. Isaev,Z. Popowicz,1993,2
A. P. Korte,H. F. Jones,1997,1
A. P. Korte,M. P. Blencowe,1997,1
A. P. Nersessian,O. M. Khudaverdian,1993,1
A. P. Nersessian,O. N. Khudaverdian,1992,1
A. P. Polychronakos,D. Karabali,2001,1
A. P. Polychronakos,E. G. Floratos,1997,1
A. P. Polychronakos,G. K. Leontaris,1997,1
A. P. Polychronakos,J. A. Minahan,1993,1
A. P. Polychronakos,M. Smedback,2000,1
A. P. Polychronakos,R. Jackiw,1998,5
A. P. Polychronakos,R. Tzani,1997,1
A. P. Polychronakos,S. Y. Pi,2001,1
A. P. Polychronakos,S.-Y. Pi,2002,1
A. P. Polychronakos,V. P. Nair,2000,3
A. P. Polychronakos,Z. Guralnik,2001,1
A. P. Protogenov,L. A. Abramyan,1996,1
A. P. Protogenov,V. A. Mironov,1994,1
A. P. Protogenov,V. I. Berezhiani,1996,1
A. P. Zubarev,I. Ya. Arefeva,1992,7
A. P. Zubarev,P. B. Medvedev,1992,2
A. Pagnamenta,U. Sukhatme,1994,1
A. Pankiewicz,B. Stefanski,2002,1
A. Pankiewicz,B. Stefanski Jr,2001,1
A. Pankiewicz,G. Arutyunov,2000,2
A. Pankiewicz,Jr.,2002,1
A. Pankiewicz,S. Theisen,2000,1
A. Panza,S. Arnone,1997,1
A. Paredes,A. V. Ramallo,2001,4
A. Paredes,J. D. Edelstein,2002,3
A. Paredes,J. L. F. Barbon,2001,1
A. Paredes,J. M. Camino,2001,1
A. Pashnev,A. Pichugin,1996,1
A. Pashnev,C. Burdik,2000,4
A. Pashnev,D. Sorokin,2000,1
A. Pashnev,E. E. Donets,1999,3
A. Pashnev,E. Ivanov,1997,1
A. Pashnev,F. Toppan,2000,1
A. Pashnev,I. L. Buchbinder,2001,2
A. Pashnev,J. J. Rosales,1999,4
A. Pashnev,J. Juan Rosales,1999,1
A. Pashnev,J. Malinsky,2002,1
A. Pashnev,M. M. Tsulaia,1999,1
A. Pashnev,M. Tsulaia,1996,12
A. Pashnev,N. Abdellatif,2002,1
A. Pashnev,O. Navratil,2002,1
A. Pashnev,Oktay Cebecioglu,2003,2
A. Pashnev,S. Bellucci,1994,2
A. Pashnev,S. Krivonos,1994,2
A. Pashnev,Sultan Catto,2003,1
A. Pashnev,V. Berezovoj,1995,1
A. Pashnev,V. Chikalov,1992,1
A. Pashnev,V. Gribanov,1994,2
A. Pashnev,V. I. Tkach,1999,3
A. Pashnev,V. O. Rivelles,2000,1
A. Pashnev,V. P. Akulov,2002,3
A. Pasquinucci,J. L. F. Barbon,1997,6
A. Pasquinucci,K. Roland,1994,4
A. Pasquinucci,M. Petrini,1997,2
A. Patkos,J. Polonyi,2000,1
A. Patkos,Sz. Borsanyi,2000,1
A. Patkos,Zs. Szep,2000,1
A. Patrascioiu,E. Seiler,1997,3
A. Patrascioiu,F. Niedermayer,2000,1
A. Patrascioiu,J. Balog,2000,1
A. Patrascioiu,M. Niedermaier,2000,1
A. Patrascioiu,P. Weisz,2000,1
A. Peet,L. Susskind,1993,1
A. Peet,L. Thorlacius,1993,2
A. Pelissetto,E. Vicari,2000,3
A. Pelissetto,M. Campostrini,2000,1
A. Pelissetto,M. Caselle,2000,2
A. Pelissetto,M. Hasenbusch,2000,1
A. Pelissetto,P. Calabrese,2000,1
A. Pelissetto,P. Rossi,2000,1
A. Pelster,H. Kleinert,1999,2
A. Pelster,M. Bachmann,1999,1
A. Penna-Firme,I. L. Shapiro,1999,1
A. Penna-Firme,J. A. Helayel-Neto,1998,2
A. Penna-Firme,M. G. Negrao,1998,1
A. Perelomov,S. Pakuliak,1994,1
A. Perez,M. Rausch De Traubenberg,1996,1
A. Perez,P. Simon,1996,1
A. Perica,M. Milekovic,1994,1
A. Perica,S. Meljanac,1994,2
A. Perica,V. Bardek,1994,1
A. Peter,J. M. Hauser,1996,1
A. Peter,M. H. Thoma,1996,1
A. Peter,W. Cassing,1996,1
A. Petermann,A. Zichichi,1993,2
A. Petkos,H. Osborn,1993,1
A. Pichugin,E. Ivanov,1992,2
A. Pichugin,S. Bellucci,1993,1
A. Pichugin,S. Krivonos,1992,2
A. Pickering,B. U. Eden,2000,1
A. Pickering,E. Sokatchev,2000,1
A. Pickering,P. C. West,2000,1
A. Pickering,P. S. Howe,2000,1
A. Pinzul,A. Stern,2000,7
A. Pinzul,G. Alexanian,2000,1
A. Pinzul,G. Karatheodoris,2002,1
A. Pocklington,G. M. T. Watts,2000,1
A. Pocklington,I. Runkel,2000,1
A. Pocklington,M. Pillin,2000,1
A. Pocklington,P. Dorey,2000,1
A. Pocklington,R. Tateo,2000,1
A. Polishchuk,G. Arutyunov,1998,1
A. Polishchuk,S. Frolov,1998,1
A. Polyakov,V. Rychkov,2000,1
A. Polychronakos,Chihong Chou,1993,1
A. Polychronakos,V. P. Nair,1993,1
A. Pompos,C. Klimcik,1993,1
A. Pompos,V. Soucek,1993,1
A. Quadri,M. Picariello,2000,1
A. Quadri,R. Ferrari,2000,1
A. Quartarolo,R. Fiore,1994,1
A. Quartarolo,V. S. Fadin,1994,1
A. R. Bohm,B. A. Tay,2001,1
A. R. Bohm,P. Kielanowski,2001,1
A. R. Bohm,R. De La Madrid,2001,1
A. R. Da Silva,C. Sigaud,1996,2
A. R. Da Silva,F. J. Vanhecke,1996,2
A. R. Da Silva,J. A. Mignaco,1996,2
A. R. Fazio,D. Dudal,2003,1
A. R. Fazio,H. Verschelde,2003,1
A. R. Fazio,M. Picariello,2002,2
A. R. Fazio,M. S. Sarandy,2001,3
A. R. Fazio,S. P. Sorella,2001,4
A. R. Fazio,V. E. R. Lemes,2001,3
A. R. Its,N. A. Slavnov,1992,1
A. R. Its,V. E. Korepin,1992,1
A. R. Lugo,E. F. Moreno,1999,1
A. R. Lugo,F. A. Schaposnik,1999,1
A. R. Mkrtchyan,B. V. Khachatryan,2002,1
A. R. Mkrtchyan,L. Sh. Grigoryan,2002,1
A. R. Pereira,D. H. T. Franco,1998,1
A. R. Pereira,J. A. Helayel-Neto,1998,1
A. R. Pereira,M. S. Goes-Negrao,1998,1
A. R. Rastegar,M. R. Rahimi Tabar,1996,2
A. R. Rastegar,P. Hawaii,1996,2
A. R. Zhitnitsky,G. W. Semenoff,1996,1
A. R. Zhitnitsky,L. D. Paniak,1996,1
A. Radul,E. Frenkel,1994,1
A. Radul,V. Kac,1994,1
A. Radul,Victor G. Kac,1993,1
A. Radul,W. Wang,1994,1
A. Rago,P. Grinza,2002,1
A. Rajaraman,B. Kol,1996,2
A. Rajaraman,E. Halyo,1996,3
A. Rajaraman,J. Kumar,1997,1
A. Rajaraman,J. Rahmfeld,1998,2
A. Rajaraman,L. Susskind,1996,3
A. Rajaraman,M. Dine,1997,1
A. Rajaraman,R. Kallosh,1997,3
A. Rajaraman,W. Fischler,1997,2
A. Rakhimov,Jae Hyung Yee,2002,1
A. Rathke,A. Yu. Kamenshchik,2002,1
A. Rathke,C. Kiefer,2002,1
A. Rebhan,A. S. Goldhaber,2002,1
A. Rebhan,D. G. C. Mckeon,1992,1
A. Rebhan,I. T. Drummond,1996,1
A. Rebhan,P. V. Landshoff,1996,1
A. Rebhan,P. Van Nieuwenhuizen,1997,5
A. Rebhan,R. R. Horgan,1996,1
A. Rebhan,R. Wimmer,2002,4
A. Rebhan,U. Kraemmer,1997,1
A. Recknagel,A. Yu. Alekseev,1995,3
A. Recknagel,D. Roggenkamp,2000,1
A. Recknagel,G. M. T. Watts,2001,1
A. Recknagel,J. Froehlich,1996,3
A. Recknagel,J. Kellendonk,1992,1
A. Recknagel,M. R. Gaberdiel,2001,2
A. Recknagel,M. Terhoeven,1992,1
A. Recknagel,O. Grandjean,1996,3
A. Recknagel,V. Schomerus,1997,6
A. Recknagel,W. Nahm,1992,1
A. Refolli,A. Santambrogio,2002,1
A. Refolli,A. Van Proeyen,1998,1
A. Refolli,D. Zanon,1995,4
A. Refolli,N. Terzi,2000,2
A. Refolli,S. Penati,1995,2
A. Restuccia,A. Sotomayor,2000,1
A. Restuccia,I. Martin,1995,14
A. Restuccia,J. Bellorin,2000,1
A. Restuccia,J. F. Sanchez,1999,1
A. Restuccia,J. Ovalle,1999,3
A. Restuccia,J. P. Lupi,1996,1
A. Restuccia,J. Stephany,1993,6
A. Restuccia,L. Boulton,2002,1
A. Restuccia,L. Leal,1995,1
A. Restuccia,L. S. Boulton,2001,1
A. Restuccia,M Lledo,2002,1
A. Restuccia,M. Caicedo,2002,1
A. Restuccia,M. I. Caicedo,1995,6
A. Restuccia,M. P. Garcia Del Moral,2001,3
A. Restuccia,P. J. Arias,1994,1
A. Restuccia,P. J. Ariasa,1995,1
A. Restuccia,R. Gianvittorio,1994,6
A. Restuccia,R. Torrealba,1997,2
A. Restuccia,S. Andrea,2000,1
A. Restuccian,J. Stephany,1998,1
A. Resturccia,M. A. Lledo,1994,1
A. Rezaei-Aghdam,F. Darabi,1997,1
A. Rezaei-Aghdam,M. A. Jafarizadeh,1997,3
A. Riazuelo,J. Martin,2001,1
A. Riazuelo,Ph. Brax,2001,1
A. Ribeiro Filho,L. M. Abreu,2002,1
A. Richardson,C. P. Martin,1998,1
A. Richardson,G. Leibbrandt,1998,1
A. Rida,T. Sami,1999,2
A. Riotto,G. V. Gersdorff,2002,1
A. Riotto,M. Quiros,2002,1
A. Ritz,A. Vainshtein,2002,1
A. Ritz,D. C. Brody,1997,1
A. Ritz,G. C. Joshi,1995,1
A. Ritz,M. Banados,2002,1
A. Ritz,M. Ortiz,1999,1
A. Ritz,M. Shifman,2002,1
A. Ritz,O. Chandia,2002,1
A. Ritz,R. Delbourgo,1995,1
A. Ritz,T. Brotz,1999,1
A. Rod Gover,Thomas Branson,2001,2
A. Romanenko,N. Chepilko,2001,3
A. Romeo,C. O. Lousto,1995,1
A. Romeo,E. Elizalde,1992,4
A. Romeo,E. Elizalde S. D. Odintsov,1995,1
A. Romeo,P. Gosdzinsky,1998,1
A. Romeo,S. D. Odintsov,1993,3
A. Romeo,S. Leseduarte,1992,1
A. Romeo,Yu. I. Shilnov,1994,1
A. Rosly,A. V. Smilga,1998,1
A. Rosly,K. Selivanov,1997,2
A. Rozenberg,M. Porrati,1997,1
A. Ruffing,J. Wess,1996,1
A. S. Cattaneo,A. Tanzini,1997,1
A. S. Cattaneo,F. Belgiorno,1992,4
A. S. Cattaneo,F. Fucito,1992,4
A. S. Cattaneo,M. Martellini,1992,7
A. S. Cattaneo,M. Rinaldi,1997,2
A. S. Cattaneo,M. Zeni,1997,1
A. S. Cattaneo,P. Cotta-Ramusino,1994,4
A. S. Cornell,G. C. Joshi,2002,1
A. S. Cornell,J. S. Rozowsky,2002,1
A. S. Cornell,K. C. Wali,2002,1
A. S. Fokas,I. M. Gelfand,1995,1
A. S. Fokas,M. V. Zyskin,1995,1
A. S. Fokas,T. A. Ioannidou,1998,1
A. S. Galperin,K. S. Stelle,1992,1
A. S. Goldhaber,B. Reznik,1993,1
A. S. Goldhaber,D. Rohrlich,1993,1
A. S. Goldhaber,D. Vassilevich,2002,1
A. S. Goldhaber,L. Vaidman,1993,1
A. S. Goldhaber,M. Bordag,2002,1
A. S. Goldhaber,P. Van Nieuwenhuizen,2002,2
A. S. Goldhaber,R. Wimmer,2002,1
A. S. Goldhaber,S. Coleman,1993,1
A. S. Goldhaber,S. Nussinov,1993,1
A. S. Goldhaber,S. Popescu,1993,1
A. S. Goldhaber,Y. Aharonov,1993,1
A. S. Gorsky,A. V. Belitsky,2003,1
A. S. Gorsky,A. V. Zabrodin,1993,1
A. S. Gorsky,G. P. Korchemsky,2003,1
A. S. Gorsky,K. A. Saraikin,2001,1
A. S. Gorsky,K. G. Selivanov,2000,2
A. S. Gorsky,Y. M. Makeenko,2000,1
A. S. Inacio,D. Bazeia,2001,1
A. S. Inacio,L. Losano,2001,1
A. S. Kapoyannis,N. Tetradis,2000,1
A. S. Koshelev,D. M. Belov,1999,6
A. S. Koshelev,I. Ya. Arefeva,1998,10
A. S. Koshelev,L. V. Joukovskaya,2003,1
A. S. Koshelev,O. A. Rytchkov,1998,2
A. S. Koshelev,P. B. Medvedev,1998,5
A. S. Kudusov,V. V. Arkhipov,1998,1
A. S. Majumdar,B. Chakraborty,1997,3
A. S. Mueller,H.-C. Pauli,1998,1
A. S. Sorin,L. Bonora,2002,1
A. S. Sorin,V. B. Derjagin,1996,1
A. S. Stepanenko,G. V. Kalinin,1997,2
A. S. Stepanenko,K. N. Ilinski,1997,2
A. S. Stepanenko,N. A. Kivel,1993,2
A. S. Stepanenko,S. E. Derkachov,1993,1
A. S. Zhedanov,Ya. I. Granovskii,1993,1
A. Sadrzadeh,C. N. Pope,1999,5
A. Sadrzadeh,H. Lu,2000,3
A. Sadrzadeh,I. Y. Park,2000,2
A. Sadrzadeh,M. Cvetic,2000,3
A. Sadrzadeh,S. R. Scuro,1999,1
A. Sadrzadeh,T. A. Tran,2000,3
A. Sagnotti,C. Angelantonj,1996,4
A. Sagnotti,D. Fioravanti,1993,1
A. Sagnotti,D. Francia,2002,2
A. Sagnotti,E. Dudas,1998,7
A. Sagnotti,F. Riccioni,1997,1
A. Sagnotti,G. Dappollonio,1998,3
A. Sagnotti,G. Pradisi,1993,4
A. Sagnotti,I. Antoniadis,1998,7
A. Sagnotti,J. Mourad,2001,1
A. Sagnotti,M. Bianchi,1996,1
A. Sagnotti,M. Martellini,1994,1
A. Sagnotti,M. Zeni,1994,1
A. Sagnotti,S. Ferrara,1997,1
A. Sagnotti,Ya. S. Stanev,1995,3
A. Saharain,M. R. Setare,2000,1
A. Santambrogio,A. Van Proeyen,2000,1
A. Santambrogio,C. Herdeiro,2000,1
A. Santambrogio,D. Zanon,1996,9
A. Santambrogio,E. Sokatchev,2002,1
A. Santambrogio,G. Arutyunov,2002,1
A. Santambrogio,G. W. Gibbons,2000,1
A. Santambrogio,L. Andrianopoli,2000,1
A. Santambrogio,M. Derix,2000,1
A. Santambrogio,M. T. Grisaru,1996,1
A. Santambrogio,N. Terzi,2002,1
A. Santambrogio,S. Penati,1996,7
A. Schafke,H. Reinhardt,1998,2
A. Schafke,K. Langfeld,1999,1
A. Schafke,M. Engelhardt,1999,1
A. Schafke,M. Quandt,1998,2
A. Schilling,B. M. Mccoy,1997,1
A. Schilling,S. O. Warnaar,1997,1
A. Schwarz,B. Pioline,1999,1
A. Schwarz,M. Alexandrov,1995,1
A. Schwarz,M. Kontsevich,1995,1
A. Schwarz,N. Nekrasov,1998,2
A. Schwarz,O. Zaboronsky,1995,1
A. Schwimmer,C. Imbimbo,1999,1
A. Schwimmer,D. Gepner,1992,1
A. Schwimmer,D. I. Olive,1993,1
A. Schwimmer,D. Kutasov,1995,5
A. Schwimmer,E. Rabinovici,1993,3
A. Schwimmer,G. Veneziano,1994,1
A. Schwimmer,M. Henneaux,1998,1
A. Schwimmer,N. Seiberg,1995,1
A. Schwimmer,S. Deser,1993,3
A. Schwimmer,S. Elitzur,1994,2
A. Schwimmer,S. Theisen,1999,2
A. Schwimmer,S. Yankielowicz,1999,1
A. Sciarrino,L. Frappat,1995,2
A. Sciarrino,P. Sorba,1995,2
A. Sciarrino,S. Sciuto,1995,1
A. Sciarrino,V. Marotta,1994,1
A. Sedrakyan,D. Arnaudon,2000,5
A. Sedrakyan,D. Karakhanyan,2001,1
A. Sedrakyan,J. Ambjorn,2000,1
A. Sedrakyan,M. Mirumyan,2001,1
A. Sedrakyan,P. Sorba,2000,4
A. Sedrakyan,R. Poghossian,2000,1
A. Sedrakyan,T. Hakobyan,1995,1
A. Sedrakyan,T. Sedrakyan,2000,3
A. Sen,R. Saroja,1992,1
A. Sevrin,E. A. Bergshoeff,2000,3
A. Sevrin,E. Bergshoeff,1992,3
A. Sevrin,E. Ragoucy,1995,1
A. Sevrin,H. J. Boonstra,1993,1
A. Sevrin,J. Bogaerts,1999,2
A. Sevrin,J. De Jaegher,1998,1
A. Sevrin,J. Raeymaekers,1998,1
A. Sevrin,J. Troost,1997,3
A. Sevrin,K. Landsteiner,1994,2
A. Sevrin,M. De Roo,1993,5
A. Sevrin,M. Massar,1997,2
A. Sevrin,M. T. Grisaru,1997,2
A. Sevrin,P. Sorba,1995,1
A. Sevrin,P. Van Nieuwenhuizen,1993,1
A. Sevrin,R. Siebelink,1993,1
A. Sevrin,S. Panda,1993,1
A. Sevrin,S. Van Der Loo,1999,2
A. Sevrin,S. Van Gils,1999,1
A. Sevrin,W. Lerche,1994,3
A. Sevrin,W. Troost,1993,4
A. Sevrin,X. Shen,1992,1
A. Shafei Deh Abad,M. Alimohammadi,1995,1
A. Shafei Deh Abad,V. Milani,1994,2
A. Shafiekhani,M. Khorrami,1997,1
A. Shafiekhani,M. R. Abolhasani,1997,1
A. Shafiekhani,M. R. Rahimi Tabar,1996,1
A. Shafiekhani,W.-S. Chung,1995,2
A. Shapere,M. R. Plesser,1995,1
A. Shapere,P. C. Argyres,1995,1
A. Shariati,M. Abolhassani,1994,1
A. Shariati,M. Khorrami,1994,3
A. Shariati,S. Rouhani,1994,1
A. Shirzad,H. Arfaei,1993,1
A. Shirzad,M. M. Sheikh-Jabbari,1999,1
A. Shirzad,M. Mojiri,2001,2
A. Shirzad,M. Monemzadeh,2003,1
A. Shishanin,I. Ziyatdinov,2003,1
A. Shuvaev,G. Nardelli,1997,1
A. Simoni,A. Stern,1992,3
A. Simoni,G. Bimonte,1992,2
A. Simoni,G. Marmo,1993,2
A. Simoni,K. S. Gupta,1993,1
A. Simoni,P. Salomonson,1992,2
A. Singh,D. Boyanovsky,1992,1
A. Singh,D.-S. Lee,1992,1
A. Sirlin,B. A. Kniehl,2000,1
A. Sirlin,P. A. Grassi,2000,1
A. Sissakian,J. Manjavidze,1998,2
A. Sitarz,J. Madore,1996,1
A. Sitarz,J. Mourad,1996,1
A. Smailagic,E. Spallucci,1992,15
A. Smailagic,Euro Spallucci,1993,1
A. Smailagic,S. Ansoldi,1999,1
A. Smida,M. Hachemane,2001,1
A. Smida,R. Djelid,2001,1
A. Smilga,A. Veselov,1997,1
A. Smilga,J. Verbaarschot,1994,1
A. Smilga,M. Shifman,1994,2
A. Soloshenko,K. Stepanyantz,2002,1
A. Solovyov,D. Melnikov,2002,1
A. Sorin,C. Ahn,1995,1
A. Sorin,Changhyun Ahn,1995,2
A. Sorin,E. Ivanov,1995,3
A. Sorin,F. Toppan,1995,1
A. Sorin,L. Bonora,1996,4
A. Sorin,S. Bellucci,1994,3
A. Sorin,S. Krivonos,1994,13
A. Sotomayor,S. Andrea,2000,1
A. Starinets,G. Policastro,2001,1
A. Starinets,M. Porrati,1999,3
A. Steif,S. Deser,1992,1
A. Stern,B. Harms,1996,1
A. Stern,G. Alexanian,2000,1
A. Stern,G. Bimonte,1992,10
A. Stern,G. Karatheodoris,2002,1
A. Stern,G. Marmo,1993,3
A. Stern,I. Yakushin,1993,3
A. Stern,K. S. Gupta,1992,4
A. Stern,M. Lukin,1993,1
A. Stern,P. Salomonson,1992,2
A. Stern,P. Vitale,1996,6
A. Stern,R. Musto,1997,4
A. Strohmaier,H. Grosse,1999,1
A. Strominger,A. W. Peet,1996,1
A. Strominger,B. Birnir,1992,1
A. Strominger,C. Vafa,1995,3
A. Strominger,D. A. Lowe,1995,2
A. Strominger,G. Moore,1995,1
A. Strominger,J. A. Harvey,1992,7
A. Strominger,J. C. Breckenridge,1996,1
A. Strominger,J. Polchinski,1993,1
A. Strominger,Joseph Polchinski,1993,1
A. Strominger,L. Thorlacius,1993,2
A. Strominger,M. Gutperle,2003,1
A. Strominger,M. Oloughlin,1992,1
A. Strominger,R. C. Myers,1996,1
A. Strominger,S. B. Giddings,1992,4
A. Strominger,S. Ferrara,1995,1
A. Strominger,S. H. Shenker,1993,1
A. Strominger,S. P. Trivedi,1993,1
A. Strominger,T. Banks,1992,1
A. Subbotin,I. V. Tyutin,1995,1
A. Sudbery,Volodimir Lyubashenko,1993,1
A. Sugamoto,E. Elizalde,1995,1
A. Sugamoto,M. Kawamura,1995,1
A. Sugamoto,M. Yamamoto,1999,1
A. Sugamoto,R. Kuriki,1998,2
A. Sugamoto,S. D. Odintsov,1995,2
A. Sugamoto,S. Nojiri,1995,2
A. Sugamoto,S. Ogushi,1998,2
A. Sule,P. Ramadevi,2002,1
A. Sule,Saurya Das,2002,1
A. Sule,U. A. Yajnik,2002,1
A. Sutulin,E. Ivanov,1994,2
A. T. Banin,I. L. Buchbinder,2000,3
A. T. Banin,N. G. Pletnev,1995,6
A. T. Filippov,V. G. Ivanov,1998,2
A. T. Flournoy,N. Irges,2000,1
A. T. Flournoy,S. P. De Alwis,2000,3
A. T. Kotwicki,V. V. Chitov,1996,1
A. T. Kotwicki,Y. I. Shilnov,1996,1
A. T. Suzuki,B. M. Pimentel,1995,1
A. T. Suzuki,E. S. Santos,2002,1
A. T. Suzuki,J. L. Tomazelli,1995,1
A. T. Suzuki,R. Bentin,1998,1
A. Takahashi,M.-H. Saito,1999,1
A. Takahashi,S. Hosono,1999,1
A. Taleb,H. Aissaoui,1999,1
A. Taleb,M. Haouchine,1999,1
A. Taleb,N. Belaloui,1999,1
A. Taleb,N. Mebarki,1999,1
A. Tanzini,C. A. G. Sasaki,1997,1
A. Tanzini,D. Bellisai,1998,2
A. Tanzini,F. Fucito,1997,5
A. Tanzini,G. Travaglini,1998,2
A. Tanzini,L. C. Q. Vilar,1997,4
A. Tanzini,L. C. Q. Villar,1999,1
A. Tanzini,M. Martellini,1997,2
A. Tanzini,M. Rinaldi,1997,1
A. Tanzini,M. S. Sarandy,2000,2
A. Tanzini,M. Zeni,1997,2
A. Tanzini,N. Maggiore,2000,3
A. Tanzini,O. S. Ventura,1997,6
A. Tanzini,P. Cotta-Ramusino,1997,1
A. Tanzini,S. P. Sorella,1997,8
A. Tanzini,V. E. R. Lemes,1999,4
A. Taormina,B. L. Feigin,1999,1
A. Taormina,E. Corrigan,2000,1
A. Taormina,F. Englert,2003,1
A. Taormina,J. L. Petersen,1992,1
A. Taormina,L. Houart,2003,1
A. Taormina,M. Hayes,1997,3
A. Taormina,P. Bowcock,1996,5
A. Taormina,P. West,2003,1
A. Taormina,R-L. K. Koktava,1996,1
A. Tarancon,J. M. Carmona,1999,1
A. Tarancon,J. Polonyi,1999,1
A. Tenorio,F. C. Santos,1998,1
A. Teschendorff,G. Papadopoulos,1997,3
A. Tofighi,M. Alimohammadi,1998,1
A. Tokura,H. Itoyama,1996,3
A. Tokura,H. Kunitomo,1996,1
A. Tokura,Y. Arakane,1996,1
A. Tomasiello,A. Zaffaroni,2003,1
A. Tomasiello,F. Nesti,1999,2
A. Tomasiello,G. Bonelli,1999,3
A. Tomasiello,L. Bonora,1999,5
A. Tomasiello,M. M. Sheikh-Jabbari,2000,1
A. Tomasiello,M. Petrini,2003,1
A. Tomasiello,M. Schnabl,2000,2
A. Tomasiello,S. Terna,1999,1
A. Torrielli,G. Nardelli,2001,2
A. Tort,C. Farina,1997,3
A. Tort,J. F. M. Mendes,2001,1
A. Tort,J. Rafelski,1997,1
A. Tort,M. R. Negrao,1998,1
A. Tort,M. V. Cougo-Pinto,1997,3
A. Treves,F. Fucito,1992,1
A. Treves,M. Martellini,1992,1
A. Tseytlin,J. Polchinski,1997,1
A. Tseytlin,K. Becker,1997,1
A. Tseytlin,M. Becker,1997,1
A. Tsuchiya,H. Aoki,1995,2
A. Tsuchiya,H. Itoyama,1998,2
A. Tsuchiya,H. Kawai,1995,4
A. Tsuchiya,J. Nishimura,1995,1
A. Tsuchiya,K. Hamada,1992,1
A. Tsuchiya,M. Fukuma,1997,1
A. Tsuchiya,N. Ishibashi,1996,1
A. Tsuchiya,S. Iso,1999,1
A. Tsuchiya,T. Suyama,1997,1
A. Tsuchiya,T. Tada,1999,1
A. Tsuchiya,Y. Kazama,1994,1
A. Tsuchiya,Y. Kitazawa,1996,3
A. Tsuchiya,Y. Satoh,1994,1
A. Turbiner,M. Rosenbaum,1996,1
A. Turbiner,M. Shifman,1998,1
A. Tureanu,K. Nishijima,2002,1
A. Tureanu,M. Chaichian,2000,8
A. Tureanu,M. M. Sheikh-Jabbari,2000,6
A. Tureanu,P. Presnajder,2000,4
A. Tureanu,P. Prevsnajder,2001,1
A. Uribe,D. Borthwick,1994,1
A. Uribe,T. Paul,1994,1
A. Ushveridze,Z. Walczak,1996,2
A. V. Antonov,B. L. Feigin,1995,1
A. V. Antonov,K. Chaltikian,1995,1
A. V. Barabanschikov,M. A. Vasiliev,1996,1
A. V. Barabanschikov,S. F. Prokushkin,1996,1
A. V. Belitsky,G. P. Korchemsky,2003,1
A. V. Belitsky,P. Van Nieuwenhuizen,2000,2
A. V. Belitsky,S. Vandoren,2000,2
A. V. Galajinsky,D. M. Gitman,1997,2
A. V. Galajinsky,S. L. Lyakhovich,1995,1
A. V. Gichuk,V. P. Neznamov,2003,1
A. V. Gichuk,Yu. V. Petrov,2003,1
A. V. Ilinskaia,J. M. F. Gunn,1995,1
A. V. Ilinskaia,K. N. Ilinski,1995,2
A. V. Kotikov,D. J. Broadhurst,1996,1
A. V. Kotikov,I. N. Kondrashuk,1996,1
A. V. Kuzmin,V. I. Kuvshinov,2002,2
A. V. Leonidov,D. A. Owen,1995,1
A. V. Leonidov,E. I. Guendelman,1995,1
A. V. Leonidov,V. A. Nechitailo,1995,1
A. V. Lyakhovskaya,D. V. Gluschenkov,1993,1
A. V. Manohar,K. M. Benson,1994,1
A. V. Manohar,M. Saadi,1994,1
A. V. Matytsin,A. V. Smilga,1995,1
A. V. Matytsin,D. J. Gross,1995,1
A. V. Matytsin,I. R. Klebanov,1995,1
A. V. Mikhailov,F. Combes,1993,1
A. V. Mikhailov,H. J. De Vega,1992,2
A. V. Mikhailov,N. Sanchez,1992,2
A. V. Nefediev,Yu. S. Kalashnikova,1997,1
A. V. Nesterenko,Kimball A. Milton,1997,1
A. V. Nesterenko,V. V. Nesterenko,1997,1
A. V. Odesskii,R. A. Usmanov,2001,1
A. V. Ramallo,I. P. Ennes,1995,6
A. V. Ramallo,J. D. Edelstein,2002,3
A. V. Ramallo,J. M. Camino,1998,6
A. V. Ramallo,J. M. F. Labastida,1992,2
A. V. Ramallo,J. M. Isidro,1992,6
A. V. Ramallo,J. M. Sanchez De Santos,1995,9
A. V. Ramallo,J. Mas,2003,1
A. V. Ramallo,P. M. Llatas,1999,1
A. V. Ramallo,P. Ramadevi,1997,1
A. V. Ramallo,S. Roy,1995,1
A. V. Razumov,Kh. S. Nirov,1994,1
A. V. Razumov,L. A. Ferreira,2000,2
A. V. Razumov,M. V. Saveliev,1993,4
A. V. Razumov,V. I. Yasnov,1996,1
A. V. Romanenko,N. M. Chepilko,2002,1
A. V. Ryzhov,E. Dhoker,2003,1
A. V. Ryzhov,P. Heslop,2003,1
A. V. Ryzhov,P. Howe,2003,1
A. V. Saa,D. M. Gitman,1992,2
A. V. Sevostyanov,M. A. Semenov-Tian-Shansky,1995,1
A. V. Shpagin,V. A. Miransky,1998,1
A. V. Shpagin,V. P. Gusynin,1998,1
A. V. Shurgaia,D. K. Park,1999,5
A. V. Shurgaia,H. J. W. Mueller-Kirsten,2000,2
A. V. Shurgaia,H. J. W. Muller-Kirsten,1999,3
A. V. Shurgaia,J. -Q. Liang,1999,1
A. V. Shurgaia,J.-Q. Liang,2000,3
A. V. Shurgaia,S. -P. Kou,1999,1
A. V. Shurgaia,Y. -B. Zhang,1999,1
A. V. Sinitskaya,D. V. Naumov,1997,2
A. V. Sinitskaya,E. V. Pavlova,1996,1
A. V. Sinitskaya,S. E. Korenblit,1997,3
A. V. Sinitskaya,V. M. Leviant,1997,3
A. V. Smilga,D. J. Gross,1995,1
A. V. Smilga,E. T. Akhmedov,2002,1
A. V. Smilga,I. R. Klebanov,1995,1
A. V. Smilga,K. G. Selivanov,2000,2
A. V. Smilga,V. G. Kac,1999,2
A. V. Tsiganov,J. C. Eilbeck,1993,1
A. V. Tsiganov,P. P. Kulish,1995,1
A. V. Tsiganov,S. Rauch-Wojciechowski,1995,1
A. V. Tsiganov,V. B. Kuznetsov,1994,1
A. V. Tsiganov,V. Z. Enolskii,1993,1
A. V. Tsiganov,Vadim B. Kuznetsov,1993,1
A. V. Veselov,Giovanni Felder,1994,1
A. V. Veselov,V. M. Buchstaber,1994,1
A. V. Zabrodin,P. G. O. Freund,1993,1
A. V. Zotov,H. W. Braden,2003,1
A. V. Zotov,M. A. Olshanetsky,2003,1
A. V. Zotov,V. A. Dolgushev,2003,1
A. Vainshtein,A. Yung,2000,2
A. Vainshtein,M. Shifman,1998,4
A. Vainshtein,M. Voloshin,1998,1
A. Valleriani,C. Acerbi,1996,2
A. Valleriani,F. Ravanini,1992,2
A. Valleriani,G. Mussardo,1996,2
A. Valleriani,R. Tateo,1992,2
A. Van Proeyen,B. Craps,1997,2
A. Van Proeyen,B. De Wit,1992,4
A. Van Proeyen,C. Herdeiro,2000,1
A. Van Proeyen,C. M. Hull,1995,1
A. Van Proeyen,D. Roest,2001,2
A. Van Proeyen,D. Zanon,1997,2
A. Van Proeyen,E. Bergshoeff,2001,2
A. Van Proeyen,F. De Jonghe,1992,1
A. Van Proeyen,F. Roose,1997,2
A. Van Proeyen,F. Vanderseypen,1992,1
A. Van Proeyen,G. W. Gibbons,2000,1
A. Van Proeyen,J. Kumar,1998,2
A. Van Proeyen,L. Andrianopoli,2000,1
A. Van Proeyen,M. Billo,1995,2
A. Van Proeyen,M. Derix,1998,2
A. Van Proeyen,M. Grisaru,1997,1
A. Van Proeyen,P. Claus,1998,2
A. Van Proeyen,P. Fre,1995,2
A. Van Proeyen,P. K. Townsend,1998,2
A. Van Proeyen,P. Soriani,1995,2
A. Van Proeyen,P. Van Nieuwenhuizen,1992,1
A. Van Proeyen,R. Dauria,1994,4
A. Van Proeyen,R. Kallosh,1998,4
A. Van Proeyen,R. Siebelink,1992,1
A. Van Proeyen,S. Ferrara,1994,4
A. Van Proeyen,S. Penati,1998,1
A. Van Proeyen,S. Vandoren,1992,2
A. Van Proeyen,T. Ortin,2001,2
A. Van Proeyen,T. Regge,1995,1
A. Van Proeyen,W. Troost,1992,3
A. Varchenko,H. Terao,1994,1
A. Varchenko,V. Schechtman,1994,1
A. Varchenko,V. Tarasov,1994,1
A. Vazquez,E. J. Copeland,1996,1
A. Vazquez,H. J. De Vega,1996,1
A. Vereshagin,K. Semenov-Tian-Shansky,2003,1
A. Vereshagin,V. Vereshagin,2003,1
A. Vicini,G. Berrino,2002,1
A. Vicini,L. Martucci,2002,1
A. Vicini,S. L. Cacciatori,2002,1
A. Vilenkin,J. Garriga,2000,1
A. Volovich,I. Arefeva,1996,1
A. W. Ackley,C. N. Leung,1995,1
A. W. Ackley,Y. J. Ng,1995,1
A. W. Owen,S. A. Abel,2002,2
A. W. Peet,C. Vafa,1996,2
A. W. Peet,D. A. Lowe,1996,1
A. W. Peet,I. R. Klebanov,1996,1
A. W. Peet,J. C. Breckenridge,1996,2
A. W. Peet,R. C. Myers,1996,2
A. W. Peet,S. S. Gubser,1996,1
A. W. Schreiber,C. Alexandrou,1998,4
A. W. Schreiber,R. Rosenfelder,1998,5
A. W. Schreiber,T. Sizer,1998,1
A. W. Schreiber,V. P. Gusynin,1998,1
A. W. W. Ludwig,K. Schoutens,1994,1
A. W. W. Ludwig,P. Bouwknegt,1994,1
A. Waldron,B. Pioline,2001,3
A. Waldron,C. R. Preitschopf,1997,1
A. Waldron,D. Kazhdan,2001,1
A. Waldron,H. Nicolai,2001,1
A. Waldron,J. Plefka,1999,3
A. Waldron,M. Serone,1999,2
A. Waldron,P. Van Nieuwenhuizen,1997,1
A. Waldron,R. Helling,1999,1
A. Waldron,S. Deser,2000,8
A. Waldron,T. Hurth,1997,1
A. Waldron,V. Pascalutsa,2000,1
A. Watterstam,C. V. Johnson,1992,1
A. Watterstam,S. Dalley,1992,1
A. Watterstam,T. R. Morris,1992,1
A. Weber,C. R. Stephens,1997,3
A. Weber,J. C. Lopez Vieyra,1997,3
A. Weber,M. Hirsch,1995,1
A. Weber,P. O. Hess,1997,3
A. Weber,S. Dilcher,2000,1
A. Weber,U. Ellwanger,1995,1
A. Wehner,J. T. Wheeler,1998,1
A. Weinstein,C. Emmrich,1994,1
A. Wereszczynski,M. Slusarczyk,2002,1
A. Westerberg,B. E. W. Nilsson,1994,1
A. Westerberg,G. Ferretti,1994,1
A. Westerberg,M. Bertolini,2002,1
A. Westerberg,M. Cederwall,1994,1
A. Westerberg,N. A. Obers,2002,1
A. Westerberg,T. Harmark,2002,1
A. Widom,G. Vitiello,1995,1
A. Widom,Y. N. Srivastava,1995,1
A. Wiedemann,H. Suelmann,1992,1
A. Wiedemann,M. De Roo,1992,1
A. Wilch,M. Henneaux,1999,1
A. Wipf,A. Zelnikov,1994,1
A. Wipf,C. Ford,1998,4
A. Wipf,C. G. Beneventano,2002,1
A. Wipf,E. M. Santangelo,2002,1
A. Wipf,F. Bruckmann,2000,2
A. Wipf,H. Joos,2000,1
A. Wipf,I. Sachs,1993,4
A. Wipf,J. D. Laenge,2002,1
A. Wipf,J. M. Pawlowski,1996,2
A. Wipf,J. Pawlowski,1998,1
A. Wipf,M. Aguado,2001,1
A. Wipf,M. Asorey,2001,1
A. Wipf,P. A. G. Pisani,2002,1
A. Wipf,S. Azakov,2000,1
A. Wipf,S. D. Odintsov,1995,1
A. Wipf,S. Duerr,1994,1
A. Wipf,T. Heinzl,2000,2
A. Wipf,T. Tok,1998,5
A. Wipf,T. Vekua,2000,1
A. Wipf,U. G. Mitreuter,1996,2
A. Wipf,V. Mukhanov,1994,2
A. Wolski,J. S. Dowker,1992,1
A. Wurtz,P. Bordalo,2003,1
A. Y. Alekseev,T. Strobl,2000,1
A. Y. Alekseev,V. Schomerus,2000,1
A. Y. Marko,L. F. Blazhyjevskii,1999,1
A. Y. Petrov,H. O. Girotti,2001,1
A. Y. Petrov,Marcelo Gomes,2001,1
A. Y. Petrov,Victor O. Rivelles,2001,1
A. Y. Tishchenko,V. V. Skalozub,1995,2
A. Yegulalp,C. G. Callan,1995,1
A. Yegulalp,I. R. Klebanov,1995,1
A. Yegulalp,J. M. Maldacena,1995,1
A. Yelnikov,V. P. Nair,2003,1
A. Yildiz,M. Arik,2002,1
A. Yildiz,S. Gun,2002,1
A. Yu. Alekseev,A. Z. Malkin,1993,2
A. Yu. Alekseev,C. Klimcik,1995,1
A. Yu. Alekseev,H. Grosse,1994,2
A. Yu. Alekseev,L. D. Faddeev,1994,1
A. Yu. Alekseev,P. Schaller,1995,1
A. Yu. Alekseev,T. Strobl,1995,1
A. Yu. Alekseev,V. Schomerus,1994,5
A. Yu. Babansky,E. V. Gorbar,1997,1
A. Yu. Babansky,G. V. Shchepanyuk,1997,1
A. Yu. Babansky,Yu. A. Sitenko,1997,2
A. Yu. Boldin,R. A. Sharipov,1994,1
A. Yu. Boldin,S. S. Safin,1994,1
A. Yu. Boldin,V. V. Dmitrieva,1994,1
A. Yu. Kamenshchik,C. Kiefer,2002,1
A. Yu. Kamenshchik,I. M. Khalatnikov,1998,1
A. Yu. Kamenshchik,M. Martellini,1998,1
A. Yu. Kamenshchik,S. L. Lyakhovich,1996,1
A. Yu. Loginov,V. N. Stibunov,2002,1
A. Yu. Orlov,P. Winternitz,1994,2
A. Yu. Petrov,E. A. Ivanov,2002,1
A. Yu. Petrov,H. O. Girotti,2001,3
A. Yu. Petrov,I. L. Buchbinder,1995,12
A. Yu. Petrov,J. V. Yarevskaya,1995,1
A. Yu. Petrov,M. Cvetic,1999,2
A. Yu. Petrov,M. Gomes,2001,4
A. Yu. Petrov,S. M. Kuzenko,1995,1
A. Yu. Petrov,V. O. Rivelles,2001,4
A. Yu. Segal,S. L. Lyakhovich,1994,5
A. Yu. Segal,S. M. Kuzenko,1994,4
A. Yu. Volkov,L. D. Faddeev,1997,2
A. Yu. Volkov,L. Faddeev,1993,3
A. Yu. Volkov,R. M. Kashaev,2000,1
A. Yung,K. Evlampiev,2003,1
A. Yung,M. Shifman,2002,2
A. Yurov,M. Bordag,2002,1
A. Z. Capri,D. J. Lamb,1994,5
A. Z. Capri,M. Kobayashi,1994,3
A. Z. Capri,R. Ferrari,1994,1
A. Z. Capri,S. M. Roy,1994,1
A. Z. Capri,V. Montalbano,1994,1
A. Zabrodin,I. K. Kostov,2000,1
A. Zabrodin,I. Krichever,1995,4
A. Zabrodin,K. Hasegawa,1997,1
A. Zabrodin,M. Mineev-Weinstein,2000,1
A. Zabrodin,O. Lipan,1996,1
A. Zabrodin,O. Ruchayskiy,2001,1
A. Zabrodin,P. B. Wiegmann,1999,1
A. Zabrodin,P. Wiegmann,1996,6
A. Zabrodin,S. Kharchev,1992,1
A. Zadra,D. Dalmazi,1996,2
A. Zadra,E. Abdalla,1993,3
A. Zadra,J. C. Brunelli,1993,1
A. Zadra,L. O. Buffon,1996,2
A. Zadra,M. C. B. Abdalla,1993,1
A. Zadra,R. Mohayaee,1996,1
A. Zaffaroni,D. Anselmi,1993,2
A. Zaffaroni,D. Fabbri,2000,2
A. Zaffaroni,F. Bigazzi,2000,5
A. Zaffaroni,H. Partouche,1998,2
A. Zaffaroni,L. Girardello,1992,14
A. Zaffaroni,L. Pilo,2000,1
A. Zaffaroni,M. A. Lledo,1998,1
A. Zaffaroni,M. Billo,1992,2
A. Zaffaroni,M. Billo`,2000,2
A. Zaffaroni,M. Petrini,1998,9
A. Zaffaroni,M. Porrati,1994,11
A. Zaffaroni,N. Evans,2002,1
A. Zaffaroni,P. Fre,1992,2
A. Zaffaroni,P. Fre`,2000,2
A. Zaffaroni,P. Merlatti,2000,2
A. Zaffaroni,R. Apreda,2001,1
A. Zaffaroni,R. Rattazzi,2000,2
A. Zaffaroni,R. Russo,2001,1
A. Zaffaroni,S. Ferrara,1998,7
A. Zamolodchikov,Al. Zamolodchikov,1997,5
A. Zamolodchikov,D. Fradkin,1998,1
A. Zamolodchikov,P. Fonseca,2001,1
A. Zamolodchikov,R. Chatterjee,1993,1
A. Zamolodchikov,S. Lukyanov,1994,9
A. Zamolodchikov,V. Bazhanov,1994,4
A. Zamolodchikov,V. Fateev,1997,4
A. Zampa,C. Reina,1998,1
A. Zampa,L. Bonora,1998,1
A. Zampini,F. Lizzi,2001,1
A. Zampini,R. J. Szabo,2001,1
A. Zapletal,H. Babujian,1996,3
A. Zapletal,M. Karowski,1993,5
A. Zee,E. Brezin,1994,1
A. Zee,Gary T. Horowitz,2000,1
A. Zee,Ian Low,2000,2
A. Zee,J. Feinberg,1996,2
A. Zee,Joshua Feinberg,2001,1
A. Zee,S. Hikami,1994,1
A. Zelnikov,D. Fursaev,2001,2
A. Zelnikov,D. V. Vassilevich,2000,1
A. Zelnikov,D. Vassilevich,2002,1
A. Zelnikov,K. Kirsten,2002,1
A. Zelnikov,P. Gilkey,2002,1
A. Zelnikov,P. Nicolini,2000,1
A. Zelnikov,P. Sutton,1999,2
A. Zelnikov,R. Balbinot,2000,1
A. Zelnikov,S. V. Sushkov,2002,1
A. Zelnikov,V. Frolov,1999,5
A. Zelnikov,V. Mukhanov,1994,1
A. Zepeda,D. E. Jaramillo,1998,1
A. Zepeda,J. H. Munoz,1998,1
A. Zhedanov,S. Kharchev,1996,2
A. Zhitnitsky,T. Fugleberg,1996,1
A. Zhuk,M. Bouhmadi-Lopez,2001,4
A. Zhuk,P. F. Gonzalez-Diaz,2001,3
A. Zhuk,P. Moniz,2002,2
A. Zhuk,U. Guenther,2002,2
A. Zorich,M. Kontsevich,1997,1
A. Zotov,Yu. Chernyakov,2001,1
A. Zoupas,C. Anastopoulos,1997,1
A.-C. Davis,C. S. Rhodes,2002,1
A.-C. Davis,C. Van De Bruck,2002,1
A.-C. Davis,Ph. Brax,2002,1
A.~M.~Semikhatov,B.~Gato-Rivera,1992,1
Aalok Misra,Alok Kumar,2000,2
Aalok Misra,Kamal Lochan Panigrahi,2000,1
Aaron Bergman,Christopher P. Herzog,2001,1
Aaron Bergman,Govindan Rajesh,2001,1
Aaron Bergman,Joanna L. Karczmarek,2001,2
Aaron Bergman,Keshav Dasgupta,2001,1
Aaron Bergman,Ori J. Ganor,2000,3
Aaron K. Grant,Jonathan L. Rosner,1993,1
Abbas Ali,Alok Kumar,1993,2
Abbas Ali,Avinash Khare,1993,1
Abdel-Khalek Khaled,De Leo Stefano,1996,1
Abdulmajeed Abdurrahman,Cristobal Lara,1999,1
Abdulmajeed Abdurrahman,Jose Bordes,1999,1
Abdus Salam,J. Strathdee,1992,1
Abdus Salam,S. Randjbar--Daemi,1992,1
Abel Camacho,Alfredo Macias,1996,1
Abel Camacho,Eckehard W. Mielke,1996,1
Abel Camacho,Tonatiuh Matos,1996,1
Aberto S. Cattaneo,Juerg Froehlich,1995,1
Aberto S. Cattaneo,Maurizio Martellini,1995,1
Aberto S. Cattaneo,Paolo Cotta-Ramusino,1995,1
Abha Sood,Burkhard Kleihaus,1995,6
Abha Sood,Jutta Kunz,1995,7
Abha Sood,Marion Wirschins,1998,2
Abhay Ashtekar,Alejandro Corichi,1997,1
Abhay Ashtekar,C. J. Isham,1992,1
Abhay Ashtekar,Carlo Rovelli,1992,4
Abhay Ashtekar,Donald Marolf,1996,1
Abhay Ashtekar,Jerzy Lewandowski,1994,2
Abhay Ashtekar,Jose Mour~Ao,1996,1
Abhay Ashtekar,Jurek Lewandowski,1996,1
Abhay Ashtekar,Lee Smolin,1992,3
Abhay Ashtekar,Saurya Das,1999,1
Abhay Ashtekar,Thomas Thiemann,1996,1
Abilio De Freitas,Sebastian Salamo,1999,2
Abu M. Khan,Lars Brink,2002,1
Abu M. Khan,Pierre Ramond,2002,1
Abu M. Khan,Xiaozhen Xiong,2002,1
Achim Kempf,Haye Hinrichsen,1995,1
Achim Kempf,Stephen L. Adler,1997,1
Adam Clark,Andreas Karch,2003,1
Adam Clark,Daisuke Yamada,2003,1
Adam Clark,Pavel Kovtun,2003,1
Adam D. Helfer,Andrew S. I. D. Lang,1998,1
Adam F. Falk,Hans Dykstra,1992,1
Adam F. Falk,Lee Brekke,1992,1
Adam F. Falk,Tom D. Imbo,1992,1
Adam Falkowski,Emilian Dudas,2003,1
Adam Falkowski,Hans-Peter Nilles,2002,1
Adam Falkowski,Marek Olechowski,2002,1
Adam Falkowski,Philippe Brax,2001,3
Adam Falkowski,Stefan Pokorski,2000,6
Adam Falkowski,Zygmunt Lalak,2000,6
Adam Krawiec,Marek Szydlowski,2002,1
Adam Krawiec,Mariusz P. Dabrowski,2002,1
Adam Lewandowski,Michael J. May,2002,1
Adam Lewandowski,Raman Sundrum,2001,2
Adam Reynolds,Ali Nayeri,2001,1
Adam Ritz,Arkady Vainshtein,1999,3
Adam Ritz,Maximo Banados,1999,1
Adam Ritz,Mikhail Shifman,2000,1
Adam Ritz,Mikhail Voloshin,2000,1
Adam Schwimmer,Constantin P. Bachas,1997,1
Adam Schwimmer,Liat Maoz,1999,1
Adam Schwimmer,Marc Henneaux,1999,1
Adam Schwimmer,Michael B. Green,1997,1
Adel Awad,Andrew Chamblin,2000,1
Adel Bilal,Chong-Sun Chu,1998,4
Adel Bilal,Curtis Callan,1992,1
Adel Bilal,Frank Ferrari,1996,4
Adel Bilal,Ian I. Kogan,1994,1
Adel Bilal,Ian. I. Kogan,1995,1
Adel Bilal,Jean-Pierre Derendinger,1999,1
Adel Bilal,Luca Carlevaro,2002,1
Adel Bilal,Maxime Bagnoud,2002,1
Adel Bilal,Rodolfo Russo,2000,1
Adel Bilal,Roger Sauser,1999,1
Adel Bilal,Steffen Metzger,2003,1
Adel Khoudeir,Pio Jose Arias,1997,1
Adel Khoudeir,Yoan Parra,1997,1
Adel M. Awad,Clifford V. Johnson,1999,4
Adenauer Casali,Bertha Cuadros-Melgar,2002,1
Adenauer Casali,Elcio Abdalla,2002,1
Adenauer Girardi Casali,Elcio Abdalla,2002,1
Adi Armoni,Angel M. Uranga,2003,1
Adi Armoni,Barak Kol,1999,1
Adi Armoni,Carlo Angelantonj,1999,2
Adi Armoni,Ehud Fuchs,1999,1
Adi Armoni,Esperanza Lopez,2001,3
Adi Armoni,Jacob Sonnenschein,1999,1
Adi Armoni,Rodolfo Russo,2001,1
Adi Armoni,Ruben Minasian,2001,1
Adi Armoni,Stefan Theisen,2001,2
Adolfo Maia Jr,Jose Alexandre Nogueira,2002,1
Adolfo Maia Jr.,Jose Alexandre Nogueira,1996,1
Adriaan M. J. Schakel,Adrian Neagu,1993,1
Adrian C. Ottewill,Gavin Duffy,2002,1
Adrian Patrascioiu,Erhard Seiler,1998,3
Adrian R. Lugo,Fidel A. Schaposnik,1999,1
Adrian R. Lugo,Nicolas E. Grandi,2002,1
Adriano Di Giacomo,Manu Mathur,1997,2
Adriano S. Pedra,Jair V. Costa,1997,1
Adriano S. Pedra,Manoelito M De Souza,1997,1
Agapitos Hatzinikitas,Ioannis Smyrnakis,2001,5
Agapitos Hatzinikitas,Koenraad Schalm,1997,1
Agapitos Hatzinikitas,Peter Van Nieuwenhuizen,1997,1
Agapitos Hatzinikitas,Renato Portugal,2001,1
Agustin Nieto,Eric Braaten,1996,1
Agustin Nieto,Michel H. G. Tytgat,1999,1
Aharon Casher,Andrzej J. Staruszkiewicz,2003,1
Aharon Casher,Pawel O. Mazur,2003,1
Aharon Casher,Shmuel Nussinov,1997,1
Aharon Casher,Yigal Shamir,1996,1
Aharon Davidson,David Karasik,2001,2
Aharon Davidson,Philip D. Mannheim,2000,2
Aharon Davidson,Uzi Paz,1993,1
Aharon Davidson,Yoav Lederer,2001,1
Ahmad Ghodsi,Mohammad A. Ganjali,2002,1
Ahmad Ghodsi,Mohsen Alishahiha,2002,1
Ahmad Ghodsi,Shahrokh Parvizi,2002,1
Ahmed Hindawi,Burt A. Ovrut,1995,10
Ahmed Hindawi,Daniel Waldram,1995,9
Ahmed Hindawi,Ioseph Buchbinder,1997,1
Ahmed Jellal,El Hassan El Kinani,2000,1
Ahmed Jellal,El Hassan Saidi,2002,1
Ahmed Jellal,Haru-Tada Sato,2000,1
Ahmed Jellal,Hendrik B. Geyer,2002,2
Ahmed Jellal,Michael Schreiber,2003,1
Ahmed Jellal,Mohammed Daoud,2000,1
Ahmed Meziane,Thorsten Leonhardt,2002,1
Ahmed Meziane,Werner Ruehl,2002,1
Ailin Zhang,Zhiyong Wang,2000,1
Ajay Subramanian,Ismail Zahed,1995,1
Ajay Subramanian,James V. Steele,1995,1
Akifumi Sako,Shin-Ichiro Kuroki,2001,3
Akifumi Sako,Tomomi Ishikawa,2001,3
Akifumi Sako,Toru Sasaki,2000,1
Akihiro Ishibashi,Hideo Kodama,2000,1
Akihiro Ishibashi,Osamu Seto,2000,1
Akihiro Ishibashi,Takahiro Tanaka,2001,2
Akihiro Ishibashi,Uchida Gen,2001,2
Akihiro Murayama,Shoichi Ichinose,2003,1
Akihiro Nakamura,Kazuo Ghoroku,2001,3
Akihiro Nakamura,Masanobu Yahiro,2003,1
Akihisa Hayashi,Hiroshi Yamamoto,1993,1
Akihisa Hayashi,Minoru Horibe,1993,1
Akihisa Hayashi,Takaaki Hashimoto,1993,1
Akika Nakamichi,Takashi Mishima,1993,2
Akika Nakamichi,Tomoyuki Inui,1994,1
Akikazu Hashimoto,Chang S. Chan,2001,1
Akikazu Hashimoto,David J. Gross,1997,2
Akikazu Hashimoto,Eric G. Gimon,2003,1
Akikazu Hashimoto,Francesco Antonuccio,1999,1
Akikazu Hashimoto,Herman Verlinde,2001,1
Akikazu Hashimoto,Igor Klebanov,1996,1
Akikazu Hashimoto,Igor R. Klebanov,1994,5
Akikazu Hashimoto,Koji Hashimoto,1999,1
Akikazu Hashimoto,Michael Krasnitz,1998,1
Akikazu Hashimoto,N. Itzhaki,1999,7
Akikazu Hashimoto,Oleg Lunin,1999,1
Akikazu Hashimoto,Savdeep Sethi,2002,1
Akikazu Hashimoto,Sergey A. Cherkis,2002,1
Akikazu Hashimoto,Shinji Hirano,2000,1
Akikazu Hashimoto,Stephen Pinsky,1999,1
Akikazu Hashimoto,Steven S. Gubser,1998,2
Akikazu Hashimoto,Washington Taylor Iv,1997,1
Akikazu Hashimoto,Yaron Oz,1998,1
Akinobu Shimizu,Noriko Saitoh,1994,1
Akinobu Shimizu,Satoru Saito,1994,1
Akio Sugamoto,Bhabani Prasad Mandal,2002,1
Akio Sugamoto,Hiroto Kubotani,1995,1
Akio Sugamoto,Koichi Seo,2001,1
Akio Sugamoto,Masako Kawamura,1993,5
Akio Sugamoto,Miyuki Katsuki,1995,2
Akio Sugamoto,Rie Kuriki,1998,1
Akio Sugamoto,Rika Endo,1998,2
Akio Sugamoto,Sergei D. Odintsov,1997,2
Akio Sugamoto,Shinichi Nojiri,1993,11
Akio Sugamoto,Tomoko Kadoyoshi,1997,1
Akio Sugamoto,Yuko Kobashi,2002,1
Akio Sugamoto,Yuriko Kato,1998,1
Akira Fujii,Izumi Tsutsui,2000,1
Akira Fujii,Nobuyoshi Ohta,2001,1
Akira Fujii,Ryu Sasaki,1995,1
Akira Fujii,Ryuji Kemmoku,1999,1
Akira Fujii,Takeo Inami,1994,1
Akira Fujii,Toyohiro Tsurumaru,2000,1
Akira Fujii,Yas-Hiro Quano,1992,1
Akira Fujii,Yasuyuki Imaizumi,2001,1
Akira Inomata,Georg Junker,1995,1
Akira Inomata,Stephan Matthiesen,1995,1
Akira Ishida,Shozo Uehara,2002,2
Akira Kato,Doug Singleton,2001,1
Akira Kokado,Gaku Konisi,1996,5
Akira Kokado,Kunihiko Uehara,1996,1
Akira Kokado,Takashi Okamura,2002,3
Akira Kokado,Takesi Saito,1996,8
Akira Kokado,Yutaka Tada,1997,1
Akira Suzuki,Avinash Khare,1993,1
Akira Suzuki,J. Law,1993,1
Akira Suzuki,R. K. Bhaduri,1993,1
Akira Tokura,Hiroshi Kunitomo,1994,2
Akira Tokura,Makoto Sakaguchi,1994,2
Akishi Kato,Hiroshige Kajiura,1999,1
Akishi Kato,Hirosi Ooguri,1997,1
Akishi Kato,Junichi Shiraishi,1992,1
Akishi Kato,Michael R. Douglas,1997,1
Akishi Kato,Sachiko Ogushi,1999,1
Akishi Kato,Yas-Hiro Quano,1992,1
Akishi Kato,Yuji Satoh,2000,1
Akitsugu Miwa,Kazuyoshi Takahashi,2003,1
Akitsugu Miwa,Masafumi Fukuma,2003,1
Al. B. Zamolodchikov,Chaiho Rim,2002,1
Al. B. Zamolodchikov,Changrim Ahn,2002,1
Al. B. Zamolodchikov,Chanju Kim,2002,1
Al. B. Zamolodchikov,H. Saleur,1993,2
Al. B. Zamolodchikov,P. Fendley,1993,2
Al. Zamolodchikov,D. Fradkin,1998,1
Al. Zamolodchikov,S. Lukyanov,1997,3
Al. Zamolodchikov,V. Fateev,1997,4
Alain Connes,Albert Schwarz,1997,1
Alain Connes,Ali Chamseddine,1996,1
Alain Connes,Ali H. Chamseddine,1996,1
Alain Connes,Dirk Kreimer,1998,5
Alain Connes,Michael R. Douglas,1997,1
Alain Dasni`Eres De Veigy,Staephane Ouvry,1993,1
Alain Dasnieres De Veigy,Stephane Ouvry,1993,1
Alain Lascoux,B. Leclerc,1994,1
Alain Lascoux,D. Krob,1994,1
Alain Lascoux,Israel Gelfand,1994,1
Alain Lascoux,J.-Y. Thibon,1994,1
Alain Lascoux,V. S. Retakh,1994,1
Alain Riazuelo,Dani`Ele Steer,2002,1
Alain Riazuelo,Filippo Vernizzi,2002,1
Alain Riazuelo,Ruth Durrer,2002,1
Alan A. Coley,Andrew P. Billyard,1999,2
Alan A. Coley,James E. Lidsey,1999,2
Alan A. Coley,R. J. Van Den Hoogen,2002,1
Alan A. Coley,Ulf S. Nilsson,1999,1
Alan Carey,Jouko Mickelsson,1995,3
Alan Carey,Michael Murray,1995,2
Alan Chodos,Andras Kaiser,1995,2
Alan Chodos,Andrea Trombettoni,2003,1
Alan Chodos,Dimitrios Tsimpis,2000,1
Alan Chodos,Erich Poppitz,1999,2
Alan Chodos,Fred Cooper,2003,1
Alan Chodos,Hisakazu Minakata,1996,2
Alan Chodos,Hisakzau Minakata,1997,1
Alan Chodos,Pasquale Sodano,2003,1
Alan George,Gustav W Delius,2002,1
Alan H. Guth,Edward Farhi,1992,1
Alan H. Guth,Sean M. Carroll,1992,1
Alan J. Macfarlane,Jose A. De Azcarraga,1995,1
Alan Kostelecky,Austin Pickering,2001,1
Alan Kostelecky,Charles Lane,2001,1
Alan Kostelecky,Malcolm Perry,1993,4
Alan Kostelecky,Ralf Lehnert,2000,1
Alan Kostelecky,Rob Potting,1996,1
Alan Kostelecky,Robertus Potting,1992,3
Alan L. Carey,Diarmuid Crowley,1997,1
Alan L. Carey,Jouko Mickelsson,2001,1
Alan L. Carey,Michael K. Murray,1997,2
Alan L. Carey,Stuart Johnson,2002,1
Alan R. Steif,G. W. Gibbons,1993,1
Alan R. Steif,J. Mccarthy,1993,1
Alan R. Steif,S. Deser,1993,1
Alan Weinstein,Claudio Emmrich,1993,1
Alastair Paulin-Campbell,Joao P. Rodrigues,1999,2
Alastair Paulin-Campbell,Robert De Mello Koch,1999,2
Albert Schwarz,Anatoly Konechny,1997,2
Albert Schwarz,Michael Penkava,1992,2
Albert Schwarz,Michael R. Douglas,1997,1
Albert Schwarz,Oleg Zaboronsky,1995,1
Alberto Accardi,Andrea Belli,1997,2
Alberto Accardi,Maurizio Martellini,1997,1
Alberto Accardi,Mauro Zeni,1997,1
Alberto Blasi,Luiz C. Q. Vilar,1998,1
Alberto Blasi,Nicola Maggiore,1992,5
Alberto Blasi,Silvio P. Sorella,1992,2
Alberto Carlini,Maurizio Martellini,1992,2
Alberto Frizzo,Lorenzo Magnea,1999,1
Alberto Frizzo,Rodolfo Russo,1999,1
Alberto Garcia,Eloy Ayon-Beato,1999,1
Alberto Garcia,Mauricio Cataldo,1999,2
Alberto Garcia,Nora Breton,1995,1
Alberto Garcia,Tonatiuh Matos,1995,1
Alberto Guijosa,Bo Sundborg,2000,1
Alberto Guijosa,Curtis G. Callan,1998,3
Alberto Guijosa,J. Antonio Garcia,2002,2
Alberto Guijosa,J. David Vergara,2002,2
Alberto Guijosa,Konstantin G. Savvidy,1998,2
Alberto Guijosa,Martin Kruczenski,2000,4
Alberto Guijosa,Oyvind Tafjord,1999,1
Alberto Guijosa,Ulf H. Danielsson,2000,4
Alberto Iglesias,Olindo Corradini,2001,4
Alberto Iglesias,Peter Langfelder,2001,3
Alberto Iglesias,Zurab Kakushadze,2000,6
Alberto Lerda,Guillermo R. Zemba,1996,1
Alberto Lerda,Lorenzo Magnea,1996,3
Alberto Lerda,Marialuisa Frau,1994,2
Alberto Lerda,Paolo Di Vecchia,1996,3
Alberto Lerda,Raffaele Marotta,1996,3
Alberto Lerda,Rodolfo Russo,1996,3
Alberto Lerda,Stefano Sciuto,1993,4
Alberto Nicolis,Paolo Creminelli,2001,1
Alberto Nicolis,Riccardo Rattazzi,2001,1
Alberto Perotto,Leonardo Castellani,1995,1
Alberto S. Cattaneo,Giovanni Felder,2001,2
Alberto Santambrogio,Andrea Refolli,2001,1
Alberto Santambrogio,Antoine Van Proeyen,1999,1
Alberto Santambrogio,Carlos Herdeiro,1999,1
Alberto Santambrogio,Daniela Zanon,2000,4
Alberto Santambrogio,Gary W. Gibbons,1999,1
Alberto Santambrogio,Laura Andrianopoli,1999,1
Alberto Santambrogio,Mario Pernici,2000,1
Alberto Santambrogio,Martijn Derix,1999,1
Alberto Santambrogio,Niccolo Terzi,2001,1
Alberto Santambrogio,Silvia Penati,2001,1
Alberto Zaffaroni,Alessandro Tomasiello,1999,1
Alberto Zaffaroni,Alessandro Zampa,1999,1
Alberto Zaffaroni,Amihay Hanany,1997,5
Alberto Zaffaroni,Amit Giveon,1995,1
Alberto Zaffaroni,Cesare Reina,1999,1
Alberto Zaffaroni,Christian Fronsdal,1998,1
Alberto Zaffaroni,Davide Fabbri,1999,1
Alberto Zaffaroni,Julie D. Blum,1996,1
Alberto Zaffaroni,Leonardo Gualtieri,1999,1
Alberto Zaffaroni,Luciano Girardello,1995,1
Alberto Zaffaroni,Massimo Porrati,1995,1
Alberto Zaffaroni,Matthew J. Strassler,1997,1
Alberto Zaffaroni,Pietro Fre,1999,1
Alberto Zaffaroni,Sergio Ferrara,1998,1
Albion Lawrence,Christian Romelsberger,1999,1
Albion Lawrence,Emil Martinec,1995,1
Albion Lawrence,Ilka Brunner,1999,1
Albion Lawrence,John Mcgreevy,1999,3
Albion Lawrence,Leonard Susskind,2002,1
Albion Lawrence,Matthew Kleban,2000,3
Albion Lawrence,Michael R. Douglas,1999,1
Albion Lawrence,Nemanja Kaloper,2002,2
Albion Lawrence,Nikita Nekrasov,1997,1
Albion Lawrence,Paul S. Aspinwall,2001,1
Albion Lawrence,Per Kraus,1998,2
Albion Lawrence,Sandip Trivedi,1998,1
Albion Lawrence,Shamit Kachru,1999,3
Albion Lawrence,Sheldon Katz,1999,2
Albion Lawrence,Simeon Hellerman,2001,1
Albion Lawrence,Stephen Shenker,2000,3
Albion Lawrence,Steven B. Giddings,1999,1
Albion Lawrence,Vijay Balasubramanian,1998,3
Albrecht Klemm,Bjorn Andreas,1999,1
Albrecht Klemm,Boris Kors,2001,1
Albrecht Klemm,Cumrun Vafa,1996,4
Albrecht Klemm,Dieter Lust,2001,1
Albrecht Klemm,Eric Zaslow,1999,1
Albrecht Klemm,Gottfried Curio,1999,2
Albrecht Klemm,Jens Erler,1992,1
Albrecht Klemm,Marcos Marino,2002,2
Albrecht Klemm,Mina Aganagic,2001,2
Albrecht Klemm,Shamit Kachru,1997,1
Albrecht Klemm,Sheldon Katz,1996,2
Albrecht Klemm,Stefan Theisen,1992,3
Albrecht Klemm,Yaron Oz,1997,1
Alec Matusis,Daniel Z. Freedman,1998,4
Alec Matusis,Eric Dhoker,1999,3
Alec Matusis,Leonard Susskind,2000,1
Alec Matusis,Leonardo Rastelli,1998,5
Alec Matusis,Nicolaos Toumbas,2000,1
Alec Matusis,Samir D. Mathur,1998,6
Alejandro Ayala,Axel Weber,1998,1
Alejandro Ayala,Juan Carlos Dolivo,1998,1
Alejandro Cabo,Alexis Amezaga,1999,1
Alejandro Cabo,Marcos Rigol,1999,1
Alejandro Corichi,Hernando Quevedo,2002,1
Alejandro Corichi,Jeronimo Cortez,2002,1
Alejandro Corichi,Kirill Krasnov,1997,1
Alejandro Rivero,Luis J Boya,1994,1
Alejandro Tiraboschi,Jorge Devoto,1993,1
Alejandro Tiraboschi,Nicolas Andruskiewitsch,1993,1
Aleksandar Belic,Aleksandar Bogojevic,1998,2
Aleksandar Belic,Antun Balaz,1998,2
Aleksandar Bogojevic,Antun Balaz,1998,2
Aleksandar Bogojevic,Branislav Sazdovic,1998,1
Aleksandar Bogojevic,Dragan S. Popovic,1998,1
Aleksandar Bogojevic,Olivera Miskovic,1998,2
Aleksandar Kocic,John Kogut,1993,1
Aleksandar Mikovic,Alexander Von Gussich,1996,1
Aleksandar Mikovic,Anders Westerberg,1996,1
Aleksandar Mikovic,Bengt E. W. Nilsson,1996,1
Aleksandar Mikovic,Martin Cederwall,1996,1
Aleksandar R. Bogojevic,Dragan Popovic,1995,1
Aleksandr A. Zheltukhin,Kostyantin Ilienko,1997,1
Aleksandr Zheltukhin,Kost Ilienko,1999,1
Aleksandr Zheltukhin,Maxim Zabzine,1999,1
Aleksandr Zheltukhin,Ulf Lindstrom,1999,1
Aleksej V. Chechkin,Dmitrij P. Sorokin,1993,1
Aleksej V. Chechkin,Vladimir V. Yanovsky,1993,1
Aleksey Nudelman,E. I. Guendelman,1997,1
Aleksey Nudelman,Iosif Bena,2000,3
Aleksey Nudelman,Steven B. Giddings,2001,1
Alessandra Agostini,Alessandro Zampini,2002,1
Alessandra Agostini,Fedele Lizzi,2002,1
Alessandra Buonanno,Keith A. Olive,2000,1
Alessandra Buonanno,Martin Lemoine,2000,1
Alessandra Buonanno,Thibault Damour,1998,1
Alessandra Frabetti,Christian Brouder,2000,2
Alessandro Fabbri,Diego J. Navarro,2000,2
Alessandro Fabbri,Ilya Shapiro,1999,1
Alessandro Fabbri,Jose Navarro-Salas,2000,2
Alessandro Fabbri,Marco Cavaglia,2001,1
Alessandro Fabbri,Nemanja Kaloper,2002,1
Alessandro Fabbri,Patrick J. Sutton,2002,1
Alessandro Fabbri,Piero Nicolini,2002,1
Alessandro Fabbri,Roberto Balbinot,1999,2
Alessandro Fabbri,Roberto Emparan,2002,1
Alessandro Gualzetti,Daniela Zanon,1992,1
Alessandro Gualzetti,Silvia Penati,1992,1
Alessandro Marchetti,Massimo Bianchi,2003,1
Alessandro Pelizzola,Emilio N. M. Cirillo,1995,2
Alessandro Pelizzola,Giuseppe Gonnella,1995,2
Alessandro Tanzini,Chong-Sun Chu,2002,2
Alessandro Tanzini,Diego Bellisai,2000,1
Alessandro Tanzini,Francesco Fucito,2000,4
Alessandro Tanzini,Gabriele Travaglini,2000,2
Alessandro Tanzini,Jens Lyng Petersen,2003,1
Alessandro Tanzini,Jose F. Morales,2001,2
Alessandro Tanzini,Laurent Baulieu,2002,3
Alessandro Tanzini,Marc Bellon,2002,2
Alessandro Tanzini,Michela Petrini,2002,3
Alessandro Tanzini,Paolo Di Vecchia,2003,1
Alessandro Tanzini,Rodolfo Russo,2002,3
Alessandro Tanzini,Ugo Bruzzo,2000,2
Alessandro Tanzini,Valentin V. Khoze,2002,1
Alessandro Tomasiello,Alessandro Zampa,1999,1
Alessandro Tomasiello,Cesare Reina,1999,1
Alessandro Tomasiello,Davide Fabbri,1999,1
Alessandro Tomasiello,Leonardo Gualtieri,1999,1
Alessandro Tomasiello,Michael R. Douglas,2002,1
Alessandro Tomasiello,Michela Petrini,2002,2
Alessandro Tomasiello,Peter Kaste,2002,3
Alessandro Tomasiello,Pietro Fre,1999,1
Alessandro Tomasiello,Ruben Minasian,2001,4
Alessandro Tomasiello,Suresh Govindarajan,2002,1
Alessandro Tomasiello,T. Jayaraman,2002,1
Alessandro Zampa,Cesare Reina,1999,1
Alessandro Zampa,Davide Fabbri,1999,1
Alessandro Zampa,Leonardo Gualtieri,1999,1
Alessandro Zampa,Pietro Fre,1999,1
Alessandro Zampini,Fedele Lizzi,2002,1
Alessio Celi,Daniela Zanon,2002,1
Alessio Celi,Sergio L. Cacciatori,2002,1
Alex Buchel,Amanda W. Peet,2000,1
Alex Buchel,Andrew Frey,2001,1
Alex Buchel,Gary Shiu,1999,1
Alex Buchel,Johannes Walcher,2002,2
Alex Buchel,Joseph Polchinski,2000,1
Alex Buchel,Peter Langfelder,2002,2
Alex Buchel,Philip C. Argyres,1998,3
Alex Buchel,S.-H. Henry Tye,1999,1
Alex C Kalloniatis,Ioannis Tsohantjis,1996,1
Alex C Kalloniatis,Peter D Jarvis,1996,1
Alex C. Kalloniatis,David G. Robertson,1994,2
Alex C. Kalloniatis,Hans-Christian Pauli,1994,2
Alex C. Kalloniatis,Harald W. Griesshammer,1996,1
Alex C. Kalloniatis,Stephan Elser,1995,2
Alex C. Kalloniatis,Stephen Pinsky,1994,1
Alex Deckmyn,Alexander Sevrin,1994,1
Alex Deckmyn,Ruud Siebelink,1994,1
Alex Deckmyn,Walter Troost,1994,1
Alex Granik,Carlos Castro,2000,2
Alex Granik,Jorge Mahecha,2001,1
Alex Granik,M. S. El Naschie,2000,1
Alex J. Feingold,John F. X. Ries,1995,1
Alex J. Feingold,Michael D. Weiner,1995,1
Alex Kehagias,Emmanuel Floratos,2002,1
Alex Kehagias,Minos Axenides,2002,1
Alex Kehagias,Tony Gherghetta,2002,2
Alex Kovner,Baruch Rosenstein,1998,1
Alex Kovner,Bayram Tekin,2000,4
Alex Kovner,Cesar D. Fosco,2000,1
Alex Kovner,Edwin Langmann,1993,1
Alex Kovner,Francis J. Alexander,1993,1
Alex Kovner,Gerald Dunne,2000,2
Alex Kovner,Gerald V. Dunne,2002,1
Alex Kovner,Ian I. Kogan,1994,8
Alex Kovner,Ian. I Kogan,2001,2
Alex Kovner,Juan P. Garrahan,1999,1
Alex Kovner,Manfred Salmhofer,1993,1
Alex Kovner,Martin Schvellinger,2001,1
Alex Kovner,Mikhail Shifman,1997,1
Alex Kovner,Salman Habib,1993,1
Alex Kovner,Shinsuke M. Nishigaki,2002,1
Alex Kovner,William E. Brown,1999,1
Alex Lewis,Brian P. Dolan,1999,1
Alex Lewis,Ian I. Kogan,1996,3
Alex Lewis,Oleg A. Soloviev,1996,1
Alex Moreno,Toni Mateos,2001,1
Alex Pomarol,Daniel Marti,2001,1
Alex Pomarol,Jaume Garriga,2002,1
Alex Pomarol,Tony Gherghetta,2002,1
Alex Travesset,Jordi Comellas,1997,1
Alexander A. Belov,Karen D. Chaltikian,1993,2
Alexander A. Migdal,Andrei Matytsin,1994,1
Alexander A. Osipov,Brigitte Hiller,2001,3
Alexander A. Voronov,Murray Gerstenhaber,1994,1
Alexander A. Voronov,Takashi Kimura,1994,1
Alexander A. Zheltukhin,Mariusz P. Dabrowski,1998,1
Alexander Antonov,Boris Feigin,1996,1
Alexander Astashkevich,Alexander Belopolsky,1995,1
Alexander Astashkevich,V. Sadov,1994,1
Alexander Belopolsky,Barton Zwiebach,1994,2
Alexander Berkovich,Anne Schilling,1995,1
Alexander Berkovich,Barry M. Mccoy,1994,4
Alexander Berkovich,William P. Orrick,1995,1
Alexander Braverman,Dennis Gaitsgory,1994,1
Alexander Burinskii,Giulio Magli,1998,1
Alexander Burinskii,Sergi R. Hildebrandt,2002,2
Alexander Chervov,Paul Bressler,2002,1
Alexander D. Popov,Alexander Kling,2002,1
Alexander D. Popov,Armen G. Sergeev,2003,1
Alexander D. Popov,Bernd Spendig,2000,2
Alexander D. Popov,Klaus Junemann,1999,1
Alexander D. Popov,Martin Wolf,2003,1
Alexander D. Popov,Olaf Lechtenfeld,1999,10
Alexander D. Popov,Sebastian Uhlmann,2002,2
Alexander D. Popov,Tatiana A. Ivanova,1999,1
Alexander Feinstein,Sanjay Jhingan,2003,1
Alexander Friedland,Andre De Gouvea,1998,1
Alexander Friedland,Hitoshi Murayama,1998,1
Alexander G. Sibiryakov,S. James Gates Jr.,1996,2
Alexander G. Sibiryakov,Sergei M. Kuzenko,1996,2
Alexander Galperin,Jonathan Bagger,1996,3
Alexander Ganchev,Jurgen Fuchs,1994,1
Alexander Ganchev,P. Furlan,1993,1
Alexander Ganchev,Peter Vecsernyes,1994,1
Alexander Ganchev,V. B. Petkova,1993,1
Alexander Givental,Bumsig Kim,1993,1
Alexander Gorsky,Konstantin Selivanov,1995,2
Alexander Gorsky,Nikita Nekrasov,1994,2
Alexander I Nesterov,F. Aceves De La Cruz,2002,1
Alexander I. Nesterov,L. V. Sabinin,2000,1
Alexander I. Nesterov,Lev V. Sabinin,2000,1
Alexander I. Nesterov,Lev. V. Sabinin,2000,1
Alexander Kaganovich,Eduardo Guendelman,2002,3
Alexander Kaganovich,Emil Nissimov,2002,3
Alexander Kaganovich,Svetlana Pacheva,2002,3
Alexander Kamenshchik,Andreas Rathke,2002,2
Alexander Kamenshchik,Andrei Barvinsky,2002,2
Alexander Kamenshchik,Claus Kiefer,2002,2
Alexander Kirillov Jr,Igor Frenkel,1994,1
Alexander Kirillov Jr,Pavel Etingof,1993,4
Alexander Kirillov Jr.,Pavel Etingof,1994,1
Alexander Kling,Friedemann Brandt,2000,2
Alexander Kling,Jian-Ge Zhou,2000,1
Alexander Kling,Manfred Herbst,2001,2
Alexander Kling,Maximilian Kreuzer,2000,5
Alexander Kling,Olaf Lechtenfeld,2002,1
Alexander Kling,Sebastian Uhlmann,2002,1
Alexander Kusenko,Erick J. Weinberg,1996,1
Alexander Kusenko,Kimyeong Lee,1996,1
Alexander Kusenko,Mikhail Shaposhnikov,1998,1
Alexander Kusenko,P. G. Tinyakov,1998,1
Alexander Kuznetsov,Anton Kapustin,2000,1
Alexander Kuznetsov,Dmitri Orlov,2000,1
Alexander Maloney,Andrew Strominger,1999,5
Alexander Maloney,Eva Silverstein,2002,1
Alexander Maloney,Marcus Spradlin,1999,1
Alexander Maloney,Mark Stern,2001,1
Alexander Maloney,Raphael Bousso,2001,1
Alexander Maloney,Ruth Britto-Pacumio,2001,1
Alexander Maloney,Xi Yin,2003,1
Alexander Migdal,Boris Rusakov,1992,1
Alexander Migdal,Marek Karliner,1992,1
Alexander Mitov,Ashok Das,2002,1
Alexander Niemeyer,Andre Lukas,1996,1
Alexander Niemeyer,Masahiro Yamaguchi,1996,1
Alexander O. Harin,Igor V. Barashenkov,1994,1
Alexander P. Kobushkin,Manfried Faber,2002,1
Alexander Postnikov,Daniel Z. Freedman,2002,1
Alexander Postnikov,Lubos Motl,2002,1
Alexander Postnikov,Matthew Headrick,2002,1
Alexander Postnikov,Neil R. Constable,2002,1
Alexander Postnikov,Shiraz Minwalla,2002,1
Alexander Postnikov,Witold Skiba,2002,1
Alexander R. Its,Fabian H. L. Essler,1995,1
Alexander R. Its,Holger Frahm,1995,1
Alexander R. Its,Vladimir E. Korepin,1995,1
Alexander Rozenberg,Laurent Baulieu,1996,1
Alexander Rozenberg,Martin Schaden,1996,2
Alexander Sevrin,Andrea Refolli,1998,1
Alexander Sevrin,Bernard De Wit,1998,1
Alexander Sevrin,Daniela Zanon,1998,1
Alexander Sevrin,Frederik Denef,2000,1
Alexander Sevrin,Jan Plefka,1998,1
Alexander Sevrin,Jan Troost,1996,4
Alexander Sevrin,Kasper Peeters,1998,1
Alexander Sevrin,Kris Thielemans,1993,2
Alexander Sevrin,Lies De Fosse,2001,1
Alexander Sevrin,Marc Henneaux,1999,3
Alexander Sevrin,Martijn G. C. Eenink,2002,1
Alexander Sevrin,Mees De Roo,2002,1
Alexander Sevrin,Paul Koerber,2001,6
Alexander Sevrin,Ruud Siebelink,1994,1
Alexander Sevrin,Silvia Penati,1998,1
Alexander Sevrin,Walter Troost,1993,4
Alexander Sevrin,Xavier Bekaert,1999,3
Alexander Turbiner,Gerhard Post,1993,1
Alexander Turbiner,Lars Brink,1997,1
Alexander Turbiner,Niclas Wyllard,1997,1
Alexander Turbiner,Werner Ruhl,1995,1
Alexander Ushveridze,Dieter Mayer,1997,3
Alexander Ushveridze,George Khimshiashvili,1996,1
Alexander Ushveridze,Zbigniew Walczak,1997,2
Alexander V. Razumov,Jean-Loup Gervais,1992,1
Alexander V. Razumov,Khazret S. Nirov,2002,2
Alexander V. Razumov,Lochlainn Oraifeartaigh,1992,1
Alexander V. Razumov,Mikhail S. Plyushchay,1993,2
Alexander V. Razumov,Mikhail V. Saveliev,1992,1
Alexander V. Turbiner,Juan Carlos Lopez V.,2001,1
Alexander V. Turbiner,Konstantin G. Boreskov,2001,1
Alexander V. Turbiner,Pavel Winternitz,2000,1
Alexander V. Turbiner,Piergiulio Tempesta,2000,1
Alexander Varchenko,Boris Feigin,1994,1
Alexander Varchenko,Giovanni Felder,1995,3
Alexander Varchenko,Nicolai Reshetikhin,1994,1
Alexander Varchenko,Vadim Schechtman,1994,1
Alexander Varchenko,Vitaly Tarasov,1993,2
Alexander Vilenkin,Gia Dvali,2001,3
Alexander Vilenkin,Inyong Cho,1998,3
Alexander Vilenkin,Itsaso Olasagasti,2000,1
Alexander Vilenkin,J. R. S. Nascimento,1999,1
Alexander Vilenkin,Ruben Cordero,2001,1
Alexander Vilenkin,Serge Winitzki,1994,1
Alexander Vilenkin,Thibault Damour,1995,1
Alexander Von Gussich,Anders Westerberg,1996,3
Alexander Von Gussich,Bengt E. W. Nilsson,1996,3
Alexander Von Gussich,Martin Cederwall,1995,4
Alexander Von Gussich,Per Sundell,1995,3
Alexander Yu. Kamenshchik,Gennaro Miele,1996,1
Alexander Yu. Kamenshchik,Giampiero Esposito,1996,14
Alexander Yu. Kamenshchik,Giuseppe Pollifrone,1996,1
Alexander Yu. Kamenshchik,Ivan G. Avramidi,1996,2
Alexander Yu. Kamenshchik,Klaus Kirsten,1996,5
Alexander Zamolodchikov,Subir Ghoshal,1993,1
Alexander Zaslavsky,Vladimir Skalozub,1999,1
Alexandre G. De M. Schmidt,Alfredo T. Suzuki,2001,1
Alexandre G. M. Schmidt,Alfredo T. Suzuki,1997,10
Alexandre T. Filippov,Marco Cavaglia,1997,1
Alexandre T. Filippov,Vittorio De Alfaro,1997,1
Alexandros A. Kehagias,Andre Lukas,1996,1
Alexandros A. Kehagias,George Zoupanos,1994,1
Alexandros A. Kehagias,Patrick A. A. Meessen,1994,1
Alexandros A. Kehagias,Stefan Forste,1996,2
Alexandros A. Kehagias,Stefan Schwager,1996,2
Alexandros Kehagias,Herve Partouche,1997,1
Alexei A. Abrikosov,Jr,1999,2
Alexei A. Starobinsky,Andrei Linde,1995,1
Alexei A. Starobinsky,Lev Kofman,1995,1
Alexei Deriglazov,Anton Galajinsky,2001,1
Alexei Deriglazov,Stefano Bellucci,2001,1
Alexei Khavaev,Nicholas P. Warner,2000,2
Alexei Kitaev,Daniel Gottesman,2001,1
Alexei Kitaev,David Beckman,2001,1
Alexei Kitaev,John Preskill,2001,1
Alexei M. Tsvelik,Ian I. Kogan,1999,1
Alexei Mishchenko,Egor Bugrij,1998,1
Alexei Mishchenko,Yurii Sitenko,1997,2
Alexei Morozov,Antti J. Niemi,2003,1
Alexei Morozov,Luc Vinet,1993,2
Alexei Nurmagambetov,Dmitri Sorokin,1997,3
Alexei Nurmagambetov,Igor Bandos,1997,3
Alexei Nurmagambetov,Kurt Lechner,1997,2
Alexei Nurmagambetov,Mario Tonin,1997,2
Alexei Nurmagambetov,Paolo Pasti,1997,2
Alexei Starobinsky,Andrei Frolov,2002,1
Alexei Starobinsky,Andrei Linde,1994,1
Alexei Starobinsky,Gary Felder,2002,1
Alexei Starobinsky,Lev Kofman,1994,3
Alexei Yu. Nurmagambetov,Igor A. Bandos,1996,1
Alexei Yu. Nurmagambetov,Vladimir I. Tkach,1995,1
Alexej Fomin,Vladimir Dzhunushaliev,1996,1
Alexey Anisimov,Michael Dine,2001,2
Alexey Anisimov,Michael Graesser,2001,2
Alexey Anisimov,Scott Thomas,2001,2
Alexey Boyarsky,Jeffrey A. Harvey,2002,1
Alexey Boyarsky,Oleg Ruchayskiy,2002,2
Alexey Maznytsia,Christian Preitschopf,1998,1
Alexey Maznytsia,Christian R. Preitschopf,1998,1
Alexey Maznytsia,Dmitri Sorokin,1996,4
Alexey Maznytsia,Igor Bandos,1996,2
Alexey Maznytsia,Igor Rudychev,1996,1
Alexey S. Koshelev,Gabriele Ferretti,1998,1
Alexey S. Koshelev,Irina Ya. Arefeva,1998,1
Alexios P Polychronakos,Cosmas K Zachos,2001,1
Alexios P Polychronakos,Thomas L Curtright,2001,1
Alexios P. Polychronakos,Bogdan Morariu,2001,3
Alexios P. Polychronakos,Jan Myrheim,1997,1
Alexios P. Polychronakos,Jon Magne Leinaas,1997,1
Alexios P. Polychronakos,Joseph A. Minahan,1992,4
Alexios P. Polychronakos,Raimund Varnhagen,1997,1
Alexios P. Polychronakos,Rodanthy Tzani,1992,1
Alexios P. Polychronakos,Serguei B. Isakov,1997,1
Alexios P. Polychronakos,Ulf H. Danielsson,1998,1
Alexis Amezaga,Carlos Leiva,2002,1
Alexis Hernandez,Anamaria Font,2002,1
Alfio Bonanno,Dario Zappala,1997,1
Alfonso Ramallo,Joan Simon,1999,1
Alfonso Ramallo,Joaquim Gomis,1999,1
Alfonso Ramallo,Paul Townsend,1999,1
Alfred D. Shapere,Alon E. Faraggi,1995,1
Alfred D. Shapere,Clifford V. Johnson,1997,1
Alfred D. Shapere,Cumrun Vafa,1999,1
Alfred D. Shapere,Ioan A. Popescu,2001,1
Alfred D. Shapere,M. Ronen Plesser,1996,1
Alfred D. Shapere,Nick Evans,1997,1
Alfred D. Shapere,Philip C. Argyres,1995,3
Alfred Davis,Tristan Hubsch,1998,1
Alfred S. Goldhaber,Hsiang-Nan Li,1993,1
Alfred S. Goldhaber,M. L. Horner,1997,1
Alfred S. Goldhaber,Rajesh R. Parwani,1993,1
Alfred Scharff Goldhaber,Andrei Litvintsev,2000,3
Alfred Scharff Goldhaber,Anton Rebhan,2002,1
Alfred Scharff Goldhaber,Peter Van Nieuwenhuizen,2000,4
Alfred Scharff Goldhaber,Robert Wimmer,2002,1
Alfred Shapere,Amit Giveon,1992,1
Alfred Shapere,Masafumi Fukuma,1993,1
Alfred Shapere,Stephen-Wei Chung,1993,1
Alfredo Herrera-Aguilar,Nandinii Barbosa-Cendejas,2002,1
Alfredo Herrera-Aguilar,Oleg Kechkin,1997,6
Alfredo Herrera-Aguilar,Oleg V. Kechkin,2002,2
Alfredo Herrera-Aguilar,Ricardo Becerril,2002,1
Alfredo Iorio,Gaetano Lambiase,2001,1
Alfredo Iorio,Giuseppe Vitiello,1995,2
Alfredo Macias,Eckehard W. Mielke,1996,1
Alfredo Macias,Tonatiuh Matos,1996,2
Alfredo T. Suzuki,J. H. O. Sales,2003,1
Alfredo T. Suzuki,R. Bentin,2001,1
Alfredo T. Suzuki,Ricardo Bentin,2001,2
Ali Chamseddine,Gary W. Gibbons,1996,1
Ali Chamseddine,Renata Kallosh,1996,1
Ali Chamseddine,Sergio Ferrara,1996,1
Ali H. Chamseddine,Mikhail S. Volkov,1997,3
Ali Imaanpur,Reza Abbaspur,2003,1
Ali Imaanpur,Shahrokh Parvizi,2003,1
Ali Kaya,Tonguc Rador,2003,1
Ali Mostafazadeh,Arno Bohm,1993,1
Ali Mostafazadeh,Uni. Texas Dissertation,1994,1
Ali Mostafazadeh,Ut-Diss-1994,1994,1
Ali Mostafazadeh,Vahid Karimipour,1995,1
Ali Namazie,Carmen Nunez,1998,1
Ali Namazie,Pablo Minces,1998,1
Ali Reza Tavanfar,Mohammad Nouri-Zonoz,2002,1
Alice Rogers,Mark Langer,1994,1
Alin Tirziu,Paul Fendley,2002,1
Allan Adams,Eva Silverstein,2001,2
Allan Adams,Jarah Evslin,2002,1
Allan Adams,John Mcgreevy,2002,1
Allan Adams,Michal Fabinger,2001,1
Allen C. Hirshfeld,Peter Henselder,2002,1
Allen C. Hirshfeld,Thomas Schwarzweller,1999,3
Allen C. Hirshfeld,Uwe Sassenberg,1995,1
Alok Kumar,Anindya Biswas,2002,1
Alok Kumar,Anindya K. Biswas,1995,2
Alok Kumar,B. Chandrasekhar,2003,1
Alok Kumar,Costas Kounnas,1997,1
Alok Kumar,Cumrun Vafa,1996,1
Alok Kumar,Gautam Sengupta,1992,4
Alok Kumar,Kamal L. Panigrahi,2001,2
Alok Kumar,Kamal Lochan Panigrahi,2000,2
Alok Kumar,Koushik Ray,1994,6
Alok Kumar,Mohsen Alishahiha,2002,2
Alok Kumar,Ralph Blumenhagen,1999,1
Alok Kumar,Rashmi R. Nayak,2002,1
Alok Kumar,Rashmi Rekha Nayak,2001,1
Alok Kumar,S. Pratik Khastgir,1993,1
Alok Kumar,Sandip Bhattacharyya,1998,4
Alok Kumar,Sanjay,2002,1
Alok Kumar,Subir Mukhopadhyay,1998,4
Alok Kumar,Sudipta Mukherji,2000,2
Alok Kumar,Supriya K. Kar,1992,1
Alok Kumar,Supriya Kar,1992,2
Alok Kumar,Swapna Mahapatra,1994,2
Alon E. Faraggi,D. V. Nanopoulos,1997,3
Alon E. Faraggi,Dave J. Clements,2003,1
Alon E. Faraggi,Edi Halyo,1993,1
Alon E. Faraggi,Gaetano Bertoldi,1999,1
Alon E. Faraggi,John Ellis,1997,3
Alon E. Faraggi,John March-Russell,1995,1
Alon E. Faraggi,Jose M. Isidro,2002,1
Alon E. Faraggi,Keith R. Dienes,1995,3
Alon E. Faraggi,Marco Matone,1996,8
Alon E. Faraggi,Per Berglund,1998,2
Alon E. Faraggi,Philip C. Argyres,1994,2
Alon E. Faraggi,Richard Garavuso,2002,1
Alon E. Faraggi,Richard S. Garavuso,2003,1
Alon E. Faraggi,Zongan Qiu,1998,2
Alon Marcus,Ehud Fuchs,2002,2
Alon Marcus,Michael Kroyter,2002,2
Alpan Raval,Gil Gat,1994,1
Alpan Raval,Rashmi Ray,1994,1
Alvaro De Souza Dutra,Cesar P. Natividade,2000,1
Alvaro De Souza Dutra,Clovis Wotzasek,2002,2
Alvaro De Souza Dutra,Everton M. C. Abreu,2000,4
Alvaro Nunez,Andrei O. Starinets,2003,1
Alvaro Restuccia,Jorge Stephany,1994,2
Alvaro Restuccia,Juan Pablo Lupi,1994,1
Am Semikhatov,Bl Feigin,2000,2
Am Semikhatov,Iyu Tipunin,2000,1
Amand Faessler,Fan Wang,1999,1
Amand Faessler,Wei-Min Sun,1999,1
Amand Faessler,Xiang-Song Chen,1999,1
Amanda Peet,Andrei Linde,1992,1
Amanda Peet,Antoine Van Proeyen,1992,1
Amanda Peet,Larus Thorlacius,1992,2
Amanda Peet,Leonard Susskind,1992,1
Amanda Peet,Renata Kallosh,1992,3
Amanda Peet,Sangmin Lee,1997,1
Amanda Peet,Tomas Ortin,1992,2
Amanda W. Peet,Clifford V. Johnson,1999,2
Amanda W. Peet,Curtis G. Callan,1995,1
Amanda W. Peet,David J. Winters,2002,1
Amanda W. Peet,Donald Marolf,1999,1
Amanda W. Peet,Frederic Leblond,2003,1
Amanda W. Peet,Joseph Polchinski,1998,3
Amanda W. Peet,Jr.,1995,1
Amanda W. Peet,Juan M. Maldacena,1995,1
Amanda W. Peet,Martin Kruczenski,2002,2
Amanda W. Peet,Robert C. Myers,2001,3
Amanda W. Peet,Simon F. Ross,1998,2
Ambar Sengupta,Christopher King,1994,1
Amer Iqbal,Amihay Hanany,1999,3
Amer Iqbal,Amir-Kian Kashani-Poor,2001,2
Amer Iqbal,Andrew Neitzke,2001,1
Amer Iqbal,Asad Naqvi,2000,2
Amer Iqbal,Barton Zwiebach,1998,4
Amer Iqbal,Bo Feng,2002,1
Amer Iqbal,Cumrun Vafa,2000,2
Amer Iqbal,Emanuel Katz,1999,1
Amer Iqbal,Kentaro Hori,2000,1
Amer Iqbal,Oliver Dewolfe,1998,4
Amer Iqbal,Tamas Hauer,1998,5
Amer Iqbal,Vadim S. Kaplunovsky,2002,1
Amer Iqbal,Yang Hui He,2002,1
Amihay Hanany,Andreas Karch,1998,2
Amihay Hanany,Angel M. Uranga,1998,3
Amihay Hanany,Asad Naqvi,1999,1
Amihay Hanany,Barak Kol,1997,3
Amihay Hanany,Bo Feng,1999,13
Amihay Hanany,Dieter Lust,1998,1
Amihay Hanany,Edward Witten,1996,1
Amihay Hanany,Emanuel Katz,1999,1
Amihay Hanany,Gaetano Bertoldi,2002,1
Amihay Hanany,Gilad Lifschytz,1997,1
Amihay Hanany,Gordon Chalmers,1996,1
Amihay Hanany,Gregory Falkovich,1992,2
Amihay Hanany,Igor R. Klebanov,1996,1
Amihay Hanany,Ilka Brunner,1998,1
Amihay Hanany,Jacques Distler,1996,1
Amihay Hanany,Jan Troost,2001,2
Amihay Hanany,Johannes Walcher,2003,1
Amihay Hanany,John H. Brodie,1997,1
Amihay Hanany,Joshua Erlich,1999,1
Amihay Hanany,Kentaro Hori,1997,1
Amihay Hanany,Matthew J. Strassler,1997,2
Amihay Hanany,Nikolaos Prezas,2000,4
Amihay Hanany,Ofer Aharony,1997,2
Amihay Hanany,Oliver Dewolfe,1999,1
Amihay Hanany,Oren Bergman,1999,1
Amihay Hanany,Ori J. Ganor,1996,1
Amihay Hanany,Sebastian Franco,2002,4
Amihay Hanany,Yang Hui He,2002,1
Amihay Hanany,Yang-Hui He,1998,12
Amihay Hanany,Yaron Oz,1994,2
Amine B. Hammou,Edi Gava,2002,1
Amine B. Hammou,Jose F. Morales,1999,2
Amine B. Hammou,Kumar S. Narain,2002,1
Amine M. El Gradechi,Luis M. Nieto,1994,1
Amir Aghamohammadi,Amir Masoud Ghezelbash,1998,1
Amir Aghamohammadi,Mohammad Khorrami,1998,1
Amir E. Mosaffa,Mohsen Alishahiha,2002,3
Amir H. Fatollahi,Farhad Ardalan,1996,1
Amir H. Fatollahi,Kamran Kaviani,1997,1
Amir H. Fatollahi,Shahrokh Parvizi,1997,3
Amir H. Rezaeian,Aram A. Saharian,2001,1
Amir Masoud Ghezelbash,Mohammad Khorrami,1998,1
Amir Masoud Ghezelbash,Mohammad Reza Abolhasani,1996,1
Amir Masoud Ghezelbash,Mohsen Alishahiha,1996,1
Amir Masoud Ghezelbash,Shahrokh Parvizi,2000,1
Amit Ghosh,Jacek Wisniewski,2001,1
Amit Ghosh,Jnanadeva Maharana,1995,1
Amit Ghosh,Olaf Dreyer,2001,1
Amit Ghosh,P. Mitra,1994,2
Amit Ghosh,Saurya Das,2000,1
Amit Giveon,Andrea Pasquinucci,1992,1
Amit Giveon,Ari Pakman,2003,1
Amit Giveon,Assaf Shomer,2000,4
Amit Giveon,David Kutasov,1998,2
Amit Giveon,David Tsabar,1998,2
Amit Giveon,Edward Witten,1994,1
Amit Giveon,Eliezer Rabinovici,1995,4
Amit Giveon,Gor Sarkissian,2000,1
Amit Giveon,Ignatios Antoniadis,2001,1
Amit Giveon,Luciano Girardello,1995,1
Amit Giveon,Martin Rocek,1993,4
Amit Giveon,Martin Rov Cek,1995,1
Amit Giveon,Massimo Porrati,1995,1
Amit Giveon,Ofer Feinerman,1998,1
Amit Giveon,Oskar Pelc,1995,3
Amit Giveon,Riccardo Argurio,2000,4
Amit Giveon,Savas Dimopoulos,2001,1
Amit Giveon,Shmuel Elitzur,1998,4
Amit Loewy,Yaron Oz,2002,2
Amit Sever,Assaf Shomer,2001,2
Amit Sever,Micha Berkooz,2001,1
Amitabha Lahiri,David Wands,1994,2
Amitabha Lahiri,E. Harikumar,2001,1
Amitabha Lahiri,E. J. Copeland,1994,2
Amitabha Lahiri,M. Sivakumar,2001,1
Amos Yarom,Ram Brustein,2003,1
Amy E. Ksir,Stephen G. Naculich,2002,1
An-Ying Dai,Zhong-Qi Ma,1993,1
An. Kavalov,B. Sakita,1996,1
Ana Achucarro,Miguel Ortiz,1993,1
Ana Achucarro,Ruth Gregory,1997,1
Ana Lopez,Eduardo Fradkin,1994,1
Anamaria Font,David R. Morrison,1993,2
Anamaria Font,Dieter Lust,1999,2
Anamaria Font,Dubravka Jancic,1993,1
Anamaria Font,Fernando Quevedo,1993,2
Anamaria Font,Matthias Klein,2001,1
Anamaria Font,Per Berglund,1993,1
Anamaria Font,Philip Candelas,1993,4
Anamaria Font,Ralph Blumenhagen,1999,3
Anamaria Font,Sheldon Katz,1993,2
Anamaria Font,Tristan Hubsch,1993,1
Anamaria Font,Xenia De La Ossa,1993,2
Anamarija Borstnik,Norma Mankoc Borstnik,1997,1
Anastasia Doikou,Andrei Babichenko,2001,1
Anastasia Doikou,Luca Mezincescu,1997,3
Anastasia Doikou,Rafael I. Nepomechie,1997,9
Anastasia Volovich,Andrew Strominger,1999,4
Anastasia Volovich,Diana Vaman,2002,1
Anastasia Volovich,Herman Verlinde,2002,1
Anastasia Volovich,Igor R. Klebanov,2002,1
Anastasia Volovich,Jeremy Michelson,1999,1
Anastasia Volovich,John H. Schwarz,2002,1
Anastasia Volovich,John Pearson,2002,1
Anastasia Volovich,Marcus Spradlin,2001,10
Anastasia Volovich,Radu Roiban,2002,1
Anastasia Volovich,Ruth Britto-Pacumio,1999,3
Anastasia Volovich,Yang-Hui He,2002,1
Anastasios C. Petkou,George Siopsis,1999,1
Anastasios C. Petkou,Nicholas D. Vlachos,1998,1
Anastasios Petkou,Burkhard Eden,2000,1
Anastasios Petkou,Christian Schubert,2000,1
Anastasios Petkou,Emery Sokatchev,2000,1
Anastasios Petkou,Kostas Skenderis,1999,1
Anatol N. Kirillov,L. Begin,1993,1
Anatol N. Kirillov,M. A. Walton,1993,1
Anatol N. Kirillov,Nadejda A. Liskova,1992,3
Anatol N. Kirillov,P. Mathieu,1993,1
Anatol N. Kirillov,Sergey Fomin,1993,3
Anatol Nowicki,Emanuele Sorace,1992,1
Anatol Nowicki,Giovanni Amelino-Camelia,1997,1
Anatol Nowicki,Henri Ruegg,1993,1
Anatol Nowicki,Jerzy Lukierski,1993,2
Anatol Nowicki,Marco Tarlini,1992,1
Anatol Nowicki,Valerij N. Tolstoy,1993,1
Anatolij I. Bugrij,Vitalij N. Shadura,1996,3
Anatoly Dymarsky,Dmitry Melnikov,2003,1
Anatoly Konechny,O. Teoman Turgut,2001,1
Anatoly Pashnev,Evgeny Ivanov,2003,1
Anatoly Pashnev,Luca Mezincescu,2003,1
Anatoly Pashnev,Paul K. Townsend,2003,1
Anders Watterstam,Clifford V. Johnson,1992,1
Anders Watterstam,Tim R. Morris,1992,1
Anders Westerberg,Bengt E. W. Nilsson,1994,5
Anders Westerberg,Gabriele Ferretti,1994,1
Anders Westerberg,Kasper Peeters,2000,3
Anders Westerberg,Martin Cederwall,1994,5
Anders Westerberg,Niclas Engberg,1994,1
Anders Westerberg,Niclas Wyllard,1999,3
Anders Westerberg,Per Sundell,1996,1
Anders Westerberg,Pierre Vanhove,2000,3
Anderson Ilha,Clifford Neves,1999,1
Anderson Ilha,Clovis Wotzasek,1999,4
Anderson Ilha,Everton M. C. Abreu,1999,1
Andras Kaiser,Stephen B. Selipsky,1997,1
Andras Szenes,Edward Frenkel,1992,2
Andre De Gouvea,Hitoshi Murayama,1998,1
Andre Leclair,Costas Efthimiou,1993,1
Andre Leclair,Denis Bernard,2001,1
Andre Leclair,Dennis Nemeschansky,1995,1
Andre Leclair,Robert Konik,1997,2
Andre Leclair,Robert M. Konik,1995,1
Andre Lukas,Burt A. Ovrut,1996,21
Andre Lukas,Burt Ovrut,1998,1
Andre Lukas,Daniel Waldram,1996,17
Andre Lukas,David Skinner,2001,2
Andre Lukas,Ed Copeland,2002,1
Andre Lukas,Edmund J. Copeland,2001,3
Andre Lukas,James Gray,2001,3
Andre Lukas,K. S. Stelle,1998,3
Andre Lukas,Mar Bastero-Gil,2002,1
Andre Lukas,Mark Hindmarsh,2002,1
Andre Lukas,Masahiro Yamaguchi,1996,1
Andre Lukas,Matthias Braendle,2000,1
Andre Lukas,Matthias Brandle,2001,2
Andre Lukas,Michael Plumacher,2002,1
Andre Lukas,Nuno D. Antunes,2002,1
Andre Lukas,Ron Donagi,1998,2
Andre Lukas,Zygmunt Lalak,1997,1
Andre Martin,J. Stubbe,1996,1
Andre Martin,K. Chadan,1996,1
Andre Martin,Khosrow Chadan,1998,1
Andre Martin,N. N. Khuri,1998,1
Andre Martin,Tai Tsun Wu,1998,1
Andre Miemiec,Andreas Karch,1998,3
Andre Miemiec,Boris Kors,2001,1
Andre Miemiec,Dario Martelli,2001,1
Andre Miemiec,Dieter Lust,1998,4
Andre Miemiec,Igor Schnakenburg,2003,1
Andre Miemiec,Mina Aganagic,1999,1
Andre Van Tonder,Antal Jevicki,1996,1
Andre Wehner,James T. Wheeler,2000,2
Andre Wilch,Friedemann Brandt,1996,3
Andre Wilch,Marc Henneaux,1996,4
Andrea Belli,Maurizio Martellini,1997,1
Andrea Belli,Mauro Zeni,1997,1
Andrea Brignole,Fabio Zwirner,1995,2
Andrea Brignole,Ferruccio Feruglio,1995,2
Andrea Cappelli,Carlo A. Trugenberger,1995,2
Andrea Cappelli,Filippo Colomo,1997,1
Andrea Cappelli,Giuseppe Dappollonio,2000,2
Andrea Cappelli,Guillermo R. Zemba,1995,4
Andrea Cappelli,Ivan T. Todorov,2000,1
Andrea Cappelli,Lachezar S. Georgiev,2000,1
Andrea Cappelli,Luca Vergnano,1997,1
Andrea Cappelli,Nicodemo Magnoli,2001,1
Andrea Cappelli,Paolo Valtancoli,1995,2
Andrea Cappelli,Riccardo Guida,2001,1
Andrea Gambassi,Roberto Contino,2001,1
Andrea Gregori,Costas Kounnas,1998,2
Andrea Gregori,P. Marios Petropoulos,1998,1
Andrea Pasquinucci,Igor R. Klebanov,1992,2
Andrea Pasquinucci,Jan De Boer,1999,1
Andrea Pasquinucci,Kaj Roland,1994,3
Andrea Pasquinucci,Kostas Skenderis,1999,1
Andrea Pasquinucci,Yaron Oz,1998,1
Andrea Pelissetto,Ettore Vicari,2000,3
Andrea Pelissetto,Martin Hasenbusch,2000,1
Andrea Pelissetto,Michele Caselle,2000,1
Andrea Pelissetto,Paolo Rossi,2001,2
Andrea Pelissetto,Pasquale Calabrese,2002,1
Andrea Quadri,Marco Picariello,2000,4
Andrea Quadri,Pietro Antonio Grassi,1999,1
Andrea Quadri,Ruggero Ferrari,1999,2
Andrea Quadri,Silvio P. Sorella,2001,1
Andrea Refolli,Antoine Van Proeyen,1997,1
Andrea Refolli,Daniela Zanon,1995,5
Andrea Refolli,Niccolo Terzi,1999,2
Andrea Refolli,Silvia Penati,1995,3
Andrea Trombettoni,Fred Cooper,2003,1
Andrea Trombettoni,Pasquale Sodano,2003,1
Andrea Wulzer,Carla Biggio,2002,1
Andrea Wulzer,Fabio Zwirner,2002,1
Andrea Wulzer,Ferruccio Feruglio,2002,1
Andrea Zirotti,Fiorenzo Bastianelli,2002,2
Andrea Zirotti,Olindo Corradini,2002,1
Andreas Albrecht,Nemanja Kaloper,2002,1
Andreas Albrecht,Yong-Seon Song,2002,1
Andreas Aste,Gunter Scharf,1997,5
Andreas Aste,Michael Dutsch,1997,3
Andreas Aste,Urs Walther,1998,1
Andreas Bichl,Harald Grosse,2001,1
Andreas Bichl,Jesper Grimstrup,2001,1
Andreas Bichl,Lukas Popp,2001,1
Andreas Bichl,Manfred Schweda,2001,1
Andreas Bichl,Raimar Wulkenhaar,2001,1
Andreas Brandhuber,Christian Romelsberger,2003,1
Andreas Brandhuber,Harald Ita,2003,1
Andreas Brandhuber,Harald Nieder,2003,1
Andreas Brandhuber,Jacob Sonnenschein,1998,1
Andreas Brandhuber,Jaume Gomis,2001,1
Andreas Brandhuber,Konstadinos Sfetsos,2000,1
Andreas Brandhuber,Mohsen Alishahiha,1999,1
Andreas Brandhuber,Nissan Itzhaki,1998,1
Andreas Brandhuber,Per Berglund,2002,1
Andreas Brandhuber,Sergei Gukov,2001,1
Andreas Brandhuber,Shimon Yankielowicz,1998,1
Andreas Brandhuber,Steven S. Gubser,2001,1
Andreas Brandhuber,Yaron Oz,1999,3
Andreas Bredthauer,Jonas Persson,2003,1
Andreas Bredthauer,Michael Flohr,2002,1
Andreas Bredthauer,Ulf Lindstrom,2003,1
Andreas Fring,Olalla A. Castro-Alvaredo,2003,2
Andreas Fring,Olalla Castro-Alvaredo,2001,2
Andreas Gustavsson,Mans Henningson,1999,2
Andreas Karch,Andrew G. Cohen,2001,1
Andreas Karch,Angel Uranga,2001,1
Andreas Karch,Barak Kol,1999,1
Andreas Karch,Bo Feng,2001,1
Andreas Karch,Daisuke Yamada,2003,1
Andreas Karch,Daniel Z. Freedman,2003,1
Andreas Karch,David B. Kaplan,2001,1
Andreas Karch,David Tong,2001,1
Andreas Karch,Dieter Lust,1997,7
Andreas Karch,Dongsu Bak,2001,1
Andreas Karch,Douglas J. Smith,1998,1
Andreas Karch,Emanuel Katz,2001,3
Andreas Karch,George Zoupanos,1997,3
Andreas Karch,Ilka Brunner,1997,6
Andreas Karch,Jacques Distler,1996,1
Andreas Karch,Jisuke Kubo,1998,1
Andreas Karch,Kentaro Hori,2001,1
Andreas Karch,Lisa Randall,2000,3
Andreas Karch,Lubos Motl,2001,1
Andreas Karch,Mina Aganagic,1999,3
Andreas Karch,Neal Weiner,2002,1
Andreas Karch,Nima Arkani-Hamed,2001,1
Andreas Karch,Ofer Aharony,2003,1
Andreas Karch,Oliver Dewolfe,2003,1
Andreas Karch,Oren Bergman,1999,1
Andreas Karch,Pavel Kovtun,2003,1
Andreas Karch,Tatsuo Kobayashi,1998,1
Andreas Karch,Yang-Hui He,2001,1
Andreas Ludwig,Kareljan Schoutens,1994,1
Andreas Ludwig,Peter Bouwknegt,1994,1
Andreas Nyffeler,Stephen B. Selipsky,1997,1
Andreas Nyffeler,Thomas Appelquist,1997,1
Andreas Rathke,Andrei Barvinsky,2002,2
Andreas Rathke,Claus Kiefer,2002,2
Andreas Recknagel,Anton Yu. Alekseev,1996,2
Andreas Recknagel,Volker Schomerus,1996,3
Andreas Ruffing,Martin Schlichenmaier,1992,1
Andreas Ruffing,Thomas Deck,1992,1
Andreas W. W. Ludwig,Curtis G. Callan,1994,1
Andreas W. W. Ludwig,Igor R. Klebanov,1994,1
Andreas W. W. Ludwig,Juan M. Maldacena,1994,1
Andreas W. W. Ludwig,Kareljan Schoutens,1994,2
Andreas W. W. Ludwig,Peter Bouwknegt,1994,2
Andreas W. W. Ludwig,Sathya Guruswamy,1996,1
Andreas Wipf,Claus Kiefer,1993,1
Andreas Wipf,Mikhail S. Volkov,2000,1
Andreas Wipf,Pierre Van Baal,2001,1
Andreas Wipf,Stephan Durr,1996,1
Andreas Wisskirchen,Monika Lynker,1998,1
Andreas Wisskirchen,Ralph Blumenhagen,1994,9
Andreas Wisskirchen,Rolf Schimmrigk,1995,3
Andrei A. Bytsenko,Guido Cognola,1995,1
Andrei A. Bytsenko,Iver Brevik,2001,1
Andrei A. Bytsenko,Luciano Vanzo,1997,2
Andrei A. Bytsenko,Roger Sollie,2001,1
Andrei A. Bytsenko,Sergei D. Odintsov,1998,1
Andrei A. Bytsenko,Sergio Zerbini,1995,3
Andrei A. Bytsenko,Shinichi Nojiri,1998,1
Andrei A. Galiautdinov,David R. Finkelstein,2000,2
Andrei B. Klimov,Valery P. Karassiov,1994,1
Andrei Barvinsky,Claus Kiefer,2002,2
Andrei Barvinsky,Gabor Kunstatter,2001,2
Andrei Barvinsky,Saurya Das,2001,2
Andrei Bytsenko,Klaus Kirsten,1993,2
Andrei Bytsenko,Sergei Odintsov,1993,1
Andrei Bytsenko,Sergio Zerbini,1994,1
Andrei Bytsko,Anton Alekseev,2000,1
Andrei Cheshel,Sergei V. Ketov,2002,1
Andrei Frolov,Andrei Linde,2002,1
Andrei Frolov,Gary Felder,2002,1
Andrei Frolov,Gary N. Felder,2001,1
Andrei Frolov,Lev Kofman,2001,5
Andrei G. Terekidi,Jurij W. Darewych,2003,1
Andrei Galiautdinov,David Finkelstein,2002,1
Andrei Galiautdinov,David Ritz Finkelstein,2000,2
Andrei Galiautdinov,Heinrich Saller,2000,1
Andrei Galiautdinov,James Baugh,2000,3
Andrei Galiautdinov,Mohsen Shiri-Garakani,2003,1
Andrei Johansen,Jesper Moller,1995,1
Andrei Johansen,Michael Bershadsky,1996,2
Andrei Johansen,Minos Axenides,1995,1
Andrei Linde,Antoine Van Proeyen,1992,3
Andrei Linde,Arkady Tseytlin,2001,1
Andrei Linde,Arthur Mezhlumian,1994,1
Andrei Linde,Dmitri Linde,1994,3
Andrei Linde,Gary Felder,2001,2
Andrei Linde,Gary Gibbons,2000,1
Andrei Linde,Juan Garcia-Bellido,1994,1
Andrei Linde,Leonard Susskind,1995,1
Andrei Linde,Lev Kofman,1994,10
Andrei Linde,Marina Shmakova,1999,3
Andrei Linde,Michael Gutperle,2003,1
Andrei Linde,Nemanja Kaloper,1998,3
Andrei Linde,Raphael Bousso,1998,1
Andrei Linde,Renata Kallosh,1992,17
Andrei Linde,Sandip P. Trivedi,2003,1
Andrei Linde,Sergey Prokushkin,2001,2
Andrei Linde,Shamit Kachru,2003,1
Andrei Linde,Tomas Ortin,1992,1
Andrei Linde,V. Mukhanov,2002,1
Andrei Litvintsev,Peter Van Nieuwenhuizen,2000,4
Andrei Losev,Gregory Moore,1996,2
Andrei Losev,Nikita Nekrasov,1996,2
Andrei Losev,Samson L. Shatashvili,1997,1
Andrei Losev,Samson Shatashvili,1996,2
Andrei Lossev,Nikita Nekrassov,1998,1
Andrei Lossev,Samson Shatashvili,1998,1
Andrei Marshakov,Andrei S. Losev,2003,1
Andrei Marshakov,Nikita A. Nekrasov,2003,1
Andrei Marshakov,Vladimir A. Kazakov,2002,1
Andrei Matytsin,David J. Gross,1994,2
Andrei Micu,Daniel Waldram,2002,1
Andrei Micu,Jan Louis,2001,3
Andrei Micu,Sebastien Gurrieri,2002,2
Andrei Mikhailov,David J. Gross,2002,2
Andrei Mikhailov,Nikita Nekrasov,1998,1
Andrei Mikhailov,Radu Roiban,2002,2
Andrei Mikhailov,Savdeep Sethi,1998,1
Andrei Parnachev,Anton V. Ryzhov,2002,1
Andrei Parnachev,David A. Sahakyan,2001,2
Andrei Parnachev,Laurence G. Yaffe,2000,1
Andrei Parnachev,Nick Dorey,2000,1
Andrei S. Losev,Nikita A. Nekrasov,2003,1
Andrei Smilga,Dietrich Bodeker,1995,1
Andrei Smilga,Larry Mclerran,1995,1
Andrei Starinets,Massimo Porrati,2002,1
Andrei V. Frolov,Valeri P. Frolov,2003,1
Andrei Yu. Mikhailov,Morten Krogh,1998,1
Andrei Yu. Mikhailov,Natalia Saulina,2000,1
Andrei Yu. Mikhailov,Ori J. Ganor,1998,2
Andrei Yu. Mikhailov,Yeuk-Kwan E. Cheung,1998,1
Andrei Zelevinsky,Sergey Fomin,2001,1
Andrei Zelnikov,Sumit R. Das,2001,1
Andrei Zelnikov,Yuri Gusev,1997,1
Andrej Brzoska,Michael Thies,2001,1
Andres Collinucci,Martijn G. C. Eenink,2002,1
Andres Collinucci,Mees De Roo,2002,1
Andres Gomberoff,Claudio Teitelboim,2001,2
Andres Gomberoff,Cristian Martinez,1998,1
Andres Gomberoff,David Kastor,1999,1
Andres Gomberoff,Donald Marolf,1999,2
Andres Gomberoff,Jennie Traschen,1999,1
Andres Gomberoff,Marc Henneaux,2001,1
Andres Gomberoff,Maximo Banados,1998,1
Andres Gomberoff,Xavier Bekaert,2002,1
Andres Jordan,Matias Libedinsky,1997,1
Andrew C. Millard,Stephen L. Adler,1995,1
Andrew Chamblin,Clifford V. Johnson,1998,3
Andrew Chamblin,Csaba Csaki,2000,1
Andrew Chamblin,Douglas M. Eardley,1999,1
Andrew Chamblin,Gary Gibbons,1996,1
Andrew Chamblin,Harvey S. Reall,2000,1
Andrew Chamblin,Hisa-Aki Shinkai,2000,1
Andrew Chamblin,Joshua Erlich,2000,2
Andrew Chamblin,Lloyd Alty,1993,1
Andrew Chamblin,Neil D. Lambert,2001,2
Andrew Chamblin,Raphael Bousso,1998,1
Andrew Chamblin,Robert C. Myers,1998,3
Andrew Chamblin,Robert Caldwell,1996,1
Andrew Chamblin,Roberto Emparan,1998,3
Andrew Chamblin,Tetsuya Shiromizu,2000,1
Andrew Chamblin,Timothy J. Hollowood,2000,1
Andrew Cohen,Howard Georgi,2001,1
Andrew Cohen,Martin Schmaltz,1999,1
Andrew Cohen,Nima Arkani-Hamed,2001,1
Andrew Cohen,Robert Shrock,1999,1
Andrew Cohen,Thomas Appelquist,1999,1
Andrew E. Chubykalo,Roman Smirnov-Rueda,1995,2
Andrew Ferstl,Bayram Tekin,2000,1
Andrew Ferstl,Victor Weir,2000,1
Andrew G. Cohen,Ann E. Nelson,1998,1
Andrew G. Cohen,David B. Kaplan,1998,3
Andrew G. Cohen,Howard Georgi,2001,3
Andrew G. Cohen,Lubos Motl,2001,1
Andrew G. Cohen,Martin Schmaltz,1999,1
Andrew G. Cohen,Nima Arkani-Hamed,2001,4
Andrew G. Cohen,Thomas Appelquist,1999,1
Andrew G. Felce,T. M. Samols,1992,1
Andrew J. Bordner,Dennis B. Crossley,1993,1
Andrew J. Bordner,Theodore J. Allen,1992,2
Andrew J. Tolley,Neil Turok,2001,2
Andrew K. Waldron,Jan C. Plefka,1998,1
Andrew K. Waldron,Marco Serone,1998,1
Andrew Mennim,Brandon Carter,2001,1
Andrew Mennim,Jean-Philippe Uzan,2001,1
Andrew Mennim,Richard A. Battye,2001,1
Andrew N. W. Hone,H. W. Braden,1996,1
Andrew Neitzke,Cumrun Vafa,2001,2
Andrew Neitzke,Lubos Motl,2003,1
Andrew Neitzke,Matthias R. Gaberdiel,2000,1
Andrew Neitzke,Robbert Dijkgraaf,2002,1
Andrew P. Billyard,James E. Lidsey,1999,2
Andrew P. Billyard,Ulf S. Nilsson,1999,1
Andrew Pocklington,Gerard Watts,1997,1
Andrew Pocklington,Patrick Dorey,1997,3
Andrew Pocklington,Roberto Tateo,1997,3
Andrew Pressley,Vyjayanthi Chari,1995,1
Andrew R. Frey,Anupam Mazumdar,2002,1
Andrew R. Frey,Joseph Polchinski,2002,1
Andrew R. Frey,Mariana Grana,2002,1
Andrew Strominger,Brian R. Greene,1995,1
Andrew Strominger,David A. Lowe,1994,3
Andrew Strominger,David M. Kaplan,1996,1
Andrew Strominger,David R. Morrison,1995,1
Andrew Strominger,David Thompson,2003,1
Andrew Strominger,Edward Witten,1997,1
Andrew Strominger,Eric Zaslow,1996,1
Andrew Strominger,Eva Silverstein,2002,1
Andrew Strominger,Gary Horowitz,1996,2
Andrew Strominger,Gregory Moore,1999,2
Andrew Strominger,Jaume Gomis,2002,1
Andrew Strominger,Jeremy Michelson,1998,4
Andrew Strominger,John Preskill,1994,1
Andrew Strominger,Joseph Polchinski,1994,3
Andrew Strominger,Juan M. Maldacena,1996,3
Andrew Strominger,Juan Maldacena,1996,9
Andrew Strominger,Katrin Becker,1995,2
Andrew Strominger,Lubos Motl,2002,1
Andrew Strominger,Marcos Marino,1999,1
Andrew Strominger,Marcus Spradlin,1999,3
Andrew Strominger,Mark Alford,1992,1
Andrew Strominger,Mark Stern,2001,1
Andrew Strominger,Melanie Becker,1995,2
Andrew Strominger,Michael Douglas,1997,1
Andrew Strominger,Michael Gutperle,2001,2
Andrew Strominger,Mina Aganagic,2000,1
Andrew Strominger,Nathan Seiberg,2000,1
Andrew Strominger,Rajesh Gopakumar,2000,5
Andrew Strominger,Raphael Bousso,2001,1
Andrew Strominger,Renata Kallosh,1995,1
Andrew Strominger,Ruben Minasian,1999,1
Andrew Strominger,Ruth Britto-Pacumio,1999,4
Andrew Strominger,Sandip P. Trivedi,1994,1
Andrew Strominger,Sergio Ferrara,1995,1
Andrew Strominger,Shing-Tung Yau,1996,1
Andrew Strominger,Shiraz Minwalla,2000,5
Andrew Strominger,Stephen Hawking,2000,1
Andrew Strominger,Steven B. Giddings,1992,1
Andrew Strominger,Tadashi Takayanagi,2003,1
Andrew Strominger,Thomas M. Fiola,1994,1
Andrew Strominger,Tsvi Piran,1993,1
Andrew Strominger,Xi Yin,2003,1
Andrew Strominger,Youngchul Park,1992,1
Andrew Waldron,Christian Preitschopf,1997,1
Andrew Waldron,Jan De Boer,1995,1
Andrew Waldron,Jan Plefka,1997,3
Andrew Waldron,Jan-Willem Van Holten,1999,1
Andrew Waldron,Kasper Peeters,1999,2
Andrew Waldron,Kostas Skenderis,1995,1
Andrew Waldron,Marco Serone,1998,1
Andrew Waldron,Peter Van Nieuwenhuizen,1995,4
Andrew Waldron,Stanley Deser,2001,1
Andrew Waldron,Tobias Hurth,1997,1
Andrey Johansen,Michael Bershadsky,1997,1
Andrey Johansen,Tony Pantev,1997,1
Andrey Johansen,Vladimir Sadov,1997,1
Andrey Neronov,Ivo Sachs,2000,1
Andrey Pokotilov,Dmitri Sorokin,2001,1
Andrey Pokotilov,Igor Bandos,2001,1
Andrey Pokotilov,Mario Tonin,2001,1
Andrey Pokotilov,Paolo Pasti,2001,1
Andrey Radul,Victor Kac,1995,1
Andriy Pokotilov,Ramzi R. Khuri,2002,2
Andrzej J. Staruszkiewicz,Pawel O. Mazur,2003,1
Andrzej Ostrowski,Zbigniew Hasiewicz,1999,1
Andrzej Ostrowski,Zbigniew Jaskolski,1999,1
Andrzej Sitarz,Florian Scheck,1997,1
Andrzej Sitarz,Mario Paschke,1997,1
Andrzej Staruszkiewicz,Pawel O. Mazur,1998,1
Andrzej Z. Gorski,Jacek Szmigielski,1997,2
Andrzej Z. Gorski,Pawel O. Mazur,1997,1
Andy Wilkins,Conall Kennedy,1998,2
Andy Wilkins,Danny Birmingham,1998,1
Andy Wilkins,Jim Mccarthy,1997,2
Andy Wilkins,Leonard Susskind,1998,1
Andy Wilkins,Siddhartha Sen,1998,1
Aneesh Manohar,Gustavo Dotti,1997,1
Aneesh V. Manohar,Gustavo Dotti,1997,3
Aneesh V. Manohar,Ian Low,2001,1
Aneesh V. Manohar,Witold Skiba,1998,1
Angel Ballesteros,Javier Negro,1994,1
Angel Ferrandez,Angel Gimenez,2002,1
Angel Ferrandez,Pascual Lucas,2002,1
Angel Gimenez,Pascual Lucas,2002,1
Angel Gomez Nicola,Ramon F. Alvarez-Estrada,1997,1
Angel M. Uranga,Bo Feng,2001,1
Angel M. Uranga,Esperanza Lopez,2003,1
Angel M. Uranga,Gary Shiu,2001,3
Angel M. Uranga,Jing Wang,2000,1
Angel M. Uranga,Juan F. G. Cascales,2003,1
Angel M. Uranga,Matthew J. Strassler,1998,1
Angel M. Uranga,Mirjam Cvetic,2000,4
Angel M. Uranga,Oscar Loaiza-Brito,2001,1
Angel M. Uranga,Yang-Hui He,2001,1
Angel Uranga,Bo Feng,2001,1
Angel Uranga,Yang-Hui He,2001,1
Angela V. Olinto,Eun-Joo Ahn,2002,1
Angela V. Olinto,Marco Cavaglia,2002,1
Angelo Galante,Vicente Azcoiti,1999,1
Angsula Ghosh,Sadhan K. Adhikari,1997,1
Angus F. Nicholson,Dallas C. Kennedy,1997,1
Anibal Iucci,Carlos M. Naon,2000,2
Anibal Iucci,Carlos Naon,2001,1
Anibal Iucci,Kang Li,2000,1
Aninda Sinha,Nemani V Suryanarayana,2002,1
Aninda Sinha,Soumitra Sengupta,2001,2
Anindya Biswas,Kamal L. Panigrahi,2002,1
Anindya Biswas,Kamal Lochan Panigrahi,2002,1
Anindya Biswas,Shesansu Sekhar Pal,2003,1
Anindya Biswas,Sudipta Mukherji,2003,1
Anindya K. Biswas,Gautam Sengupta,1997,1
Anindya K. Biswas,Koushik Ray,1995,1
Anindya K. Biswas,Sudipta Mukherji,2001,1
Anirban Basu,Satish D. Joglekar,2000,1
Anirban Basu,Savdeep Sethi,2003,1
Anirvan M. Sengupta,Sudipta Mukherji,1992,1
Anirvan M. Sengupta,Swapna Mahapatra,1992,1
Anjan Ananda Sen,Debajyoti Choudhury,2001,1
Anjan Ananda Sen,Dileep P. Jatkar,2001,1
Anjan Ananda Sen,Somdatta Bhattacharya,2001,1
Anjan Kundu,B Basu-Mallick,1995,1
Anjan Kundu,B. Basu-Mallick,1997,1
Anjan Kundu,Ladislav Hlavaty,1994,1
Anjan Kundu,Walter Strampp,1993,2
Ann E. Nelson,David B. Kaplan,1998,1
Ann Nelson,Michael Dine,1999,1
Ann Nelson,Tom Banks,1999,1
Anna Beliakova,Bergfinnur Durhuus,1993,1
Anna Ceresole,Antoine Van Proeyen,2001,1
Anna Ceresole,Gianguido Dallagata,1999,3
Anna Ceresole,Renata Kallosh,2001,1
Anna Ceresole,Riccardo Dauria,1999,2
Anna Ceresole,Sergio Ferrara,1999,1
Anna Okopinska,Kostas Vlachos,1993,1
Anna Rissone,Florian Dubath,2002,1
Anna Rissone,Michele Maggiore,2000,2
Anna Rissone,Roberto Grena,2000,1
Anna Rissone,Simone Lelli,2000,3
Anna S. Kotanjyan,Aram A. Saharian,2002,1
Annalisa Marzuoli,Maurizio Martellini,1992,1
Annalisa Marzuoli,Mauro Carfora,1992,1
Annamaria Kiss,Carl Herrmann,2000,1
Annamaria Kiss,Emmanuel Loyer,2002,1
Annamaria Kiss,Richard Grimm,2000,1
Annamaria Kiss,Sebastien Gurrieri,2002,1
Annamaria Panza,Roberto Soldati,2000,1
Annamaria Sinkovics,Kostas Skenderis,2002,2
Annamaria Sinkovics,Mine Temurhan,2002,1
Annamaria Sinkovics,Nick Dorey,2002,3
Annamaria Sinkovics,Robbert Dijkgraaf,2002,1
Annamaria Sinkovics,S. Prem Kumar,2002,2
Annamaria Sinkovics,Sebastian De Haro,2002,2
Annamaria Sinkovics,Timothy J. Hollowood,2002,2
Anne Schilling,Barry M. Mccoy,1995,1
Anne Schilling,Peter Van Nieuwenhuizen,1994,1
Anne Taormina,Auttakit Chattaraputi,1999,3
Anne Taormina,Francois Englert,2001,5
Anne Taormina,Laurent Houart,2001,5
Anne Taormina,Roberto Emparan,1999,1
Anne-Christine Davis,Mahbub Majumdar,2002,3
Ansar Fayyazuddin,Bjorn Brinne,2000,2
Ansar Fayyazuddin,Douglas J. Smith,1997,6
Ansar Fayyazuddin,Juan Maldacena,1998,1
Ansar Fayyazuddin,Maxim Zabzine,1999,1
Ansar Fayyazuddin,Michael Spalinski,1997,1
Ansar Fayyazuddin,Ofer Aharony,1998,1
Ansar Fayyazuddin,Subir Mukhopadhyay,2000,2
Ansar Fayyazuddin,Tasneem Zehra Husain,2000,1
Antal Jevicki,Jean Avan,1992,3
Antal Jevicki,Jesse Thaler,2002,1
Antal Jevicki,Joao P. Rodrigues,2002,1
Antal Jevicki,Miao Li,1995,1
Antal Jevicki,Mihail Mihailescu,1999,3
Antal Jevicki,Robert De Mello Koch,2002,1
Antal Jevicki,Samir D. Mathur,2000,2
Antal Jevicki,Sanjaye Ramgoolam,1999,5
Antal Jevicki,Steve Corley,2001,1
Antal Jevicki,Sumit R. Das,2000,3
Antal Jevicki,Tamiaki Yoneya,1993,4
Antal Jevicki,Yoichi Kazama,1998,1
Antares Kleber,Jose P. S. Lemos,1995,1
Antares Kleber,Paulo M. Sa,1995,1
Ante Perica,Stjepan Meljanac,1994,1
Anthony Giaquinto,J. J. Zhang,1994,1
Anthony J. Bracken,Gustav W. Delius,1993,2
Anthony J. Bracken,Mark D. Gould,1993,3
Anthony J. Bracken,Yao-Zhong Zhang,1993,3
Anthony N. Hibberd,Sergey M. Khoroshkin,2001,1
Anthony N. Hibberd,Vladimir V. Bazhanov,2001,1
Anthony W. Thomas,Gerald V. Dunne,2001,1
Anthony W. Thomas,Stewart V. Wright,2001,1
Antoine Coste,Daniel Altschuler,1992,1
Antoine Van Proeyen,Ben Craps,1996,2
Antoine Van Proeyen,Bernard De Wit,1992,1
Antoine Van Proeyen,Carlos Herdeiro,1999,1
Antoine Van Proeyen,Chandrashekar Devchand,2001,1
Antoine Van Proeyen,Daniela Zanon,1997,5
Antoine Van Proeyen,David Mateos,1999,1
Antoine Van Proeyen,Dmitri V. Alekseevsky,2001,1
Antoine Van Proeyen,Ergin Sezgin,1999,1
Antoine Van Proeyen,Eric Bergshoeff,1999,8
Antoine Van Proeyen,Frederik Denef,1998,4
Antoine Van Proeyen,Frederik Roose,1996,1
Antoine Van Proeyen,Friedemann Brandt,1994,3
Antoine Van Proeyen,Gary W. Gibbons,1999,1
Antoine Van Proeyen,Gianguido Dallagata,2001,1
Antoine Van Proeyen,Igor Pesando,1998,3
Antoine Van Proeyen,Joaquim Gomis,1999,2
Antoine Van Proeyen,Jos Gheerardyn,2002,1
Antoine Van Proeyen,Kor Van Hoof,1999,1
Antoine Van Proeyen,Laura Andrianopoli,1999,1
Antoine Van Proeyen,Lev Kofman,1999,2
Antoine Van Proeyen,Marco Billo,1998,4
Antoine Van Proeyen,Mario Trigiante,2002,2
Antoine Van Proeyen,Martijn Derix,1999,2
Antoine Van Proeyen,Pedro J. Silva,2003,1
Antoine Van Proeyen,Piet Claus,1997,3
Antoine Van Proeyen,Pietro Fre,1998,6
Antoine Van Proeyen,Rein Halbersma,2001,2
Antoine Van Proeyen,Renata Kallosh,1992,9
Antoine Van Proeyen,Sergio Cacciatori,1999,1
Antoine Van Proeyen,Silvia Penati,1997,1
Antoine Van Proeyen,Sorin Cucu,2001,2
Antoine Van Proeyen,Stefan Vandoren,2002,1
Antoine Van Proeyen,Tim De Wit,2001,2
Antoine Van Proeyen,Tomas Ortin,1992,1
Antoine Van Proeyen,Toni Mateos,2003,1
Antoine Van Proeyen,Vicente Cortes,2001,1
Antoine Van Proeyen,Walter Troost,1993,9
Anton A. Gerasimov,Emil T. Akhmedov,2001,1
Anton A. Gerasimov,Samson L. Shatashvili,2000,4
Anton Alekseev,Ivan Todorov,1993,1
Anton Alekseev,Volker Schomerus,2000,1
Anton E. M. Van De Ven,J.-P. Boernsen,2002,1
Anton Galajinsky,Olaf Lechtenfeld,1999,2
Anton Galajinsky,Sergey Krivonos,2003,1
Anton Galajinsky,Stefano Bellucci,1999,8
Anton Kapustin,Dmitri Orlov,2000,3
Anton Kapustin,Kentaro Hori,2001,2
Anton Kapustin,Martin Gremm,1999,2
Anton Kapustin,Matthew J. Strassler,1999,1
Anton Kapustin,Micha Berkooz,1998,1
Anton Kapustin,Savdeep Sethi,1998,1
Anton Kapustin,Sergei Gukov,1998,1
Anton Kapustin,Sergey A. Cherkis,1997,5
Anton Kapustin,Vadim Borokhov,2002,2
Anton Kapustin,Xinkai Wu,2002,2
Anton Kapustin,Yi Li,2002,1
Anton Rebhan,Horatiu Nastase,1998,1
Anton Rebhan,Misha Stephanov,1998,1
Anton Rebhan,Peter Van Nieuwenhuizen,1998,2
Anton Rebhan,Robert Wimmer,2002,1
Anton Ryzhov,Masaki Shigemori,2002,1
Anton Ryzhov,Per Kraus,2002,1
Anton V. Galajinsky,Dmitri M. Gitman,1998,1
Anton V. Ryzhov,Eric Dhoker,2001,1
Anton V. Ryzhov,Masaki Shigemori,2003,1
Anton V. Ryzhov,Per Kraus,2003,1
Anton V. Zabrodin,Peter G. O. Freund,1992,4
Anton Yu. Alekseev,Stefan Fredenhagen,2002,1
Anton Yu. Alekseev,Thomas Quella,2002,1
Anton Yu. Alekseev,Volker Schomerus,1996,3
Antonella Grassi,Bogdan Florea,2002,2
Antonella Grassi,Burt A. Ovrut,2001,1
Antonella Grassi,Burt Ovrut,2000,1
Antonella Grassi,Duiliu-Emanuel Diaconescu,2002,2
Antonella Grassi,Zachary Guralnik,2000,2
Antonella Liccardo,Paolo Di Vecchia,1999,2
Antonino Flachi,David J Toms,2001,1
Antonino Flachi,David J. Toms,2001,1
Antonino Flachi,Ian G Moss,2001,1
Antonino Flachi,Ian G. Moss,2001,1
Antonino Sciarrino,Vincenzo Marotta,1996,1
Antonio Aurilia,Euro Spallucci,2002,1
Antonio Aurilia,Stefano Ansoldi,2002,1
Antonio Campos,Carlos Barcelo,2002,1
Antonio Campos,Carlos F. Sopuerta,2001,2
Antonio Capolupo,Giuseppe Vitiello,2002,1
Antonio Capolupo,Massimo Blasone,2002,1
Antonio Del Sol Mesa,Valeri V. Dvoeglazov,1994,1
Antonio Dobado,Antonio L. Maroto,1997,1
Antonio Filippi,Emilio Elizalde,1997,3
Antonio Filippi,Luciano Vanzo,1997,3
Antonio Filippi,Sergio Zerbini,1997,3
Antonio Gatti,Stefano Arnone,2002,6
Antonio Gatti,Tim R. Morris,2002,6
Antonio J. Segui-Santonja,C. Farina,1993,1
Antonio J. Segui-Santonja,Luis J. Boya,1997,1
Antonio J. Segui-Santonja,M. V. Cougo-Pinto,1993,1
Antonio Liguori,Luigi Pilo,1999,1
Antonio Liguori,Mihail Mintchev,1997,2
Antonio Padilla,James P. Gregory,2002,2
Antonio Padilla,Ruth Gregory,2001,2
Antonio Riotto,Luigi Pilo,2002,1
Antonio Riotto,Michele Maggiore,1998,1
Antonio Riotto,Tony Gherghetta,2001,1
Antonio S. De Castro,Wiliam G. Pereira,2003,1
Antonios Papazoglou,Graham G. Ross,2000,2
Antonios Papazoglou,Ian I. Kogan,2000,7
Antonios Papazoglou,Luigi Pilo,2001,1
Antonios Papazoglou,Stavros Mouslopoulos,2000,5
Antonios Papazoglou,Thibault Damour,2002,2
Antonios Tsapalis,Jiannis Pachos,1997,1
Antti J. Niemi,Edwin Langmann,1999,1
Antti J. Niemi,Jussi Kalkkinen,1996,1
Antti J. Niemi,Kaupo Palo,1998,1
Antti J. Niemi,L. Faddeev,1996,2
Antti J. Niemi,Lisa Freyhult,2002,1
Antti J. Niemi,Ludvig Faddeev,1998,3
Antti J. Niemi,Mauri Miettinen,1999,2
Antti J. Niemi,O. Tirkkonen,1992,2
Antti J. Niemi,Pirjo Pasanen,1995,1
Antti J. Niemi,Sami Virtanen,1998,1
Antti J. Niemi,Sazzad Nasir,2001,1
Antti J. Niemi,Topi Karki,1995,1
Antti J. Niemi,Yuri Stroganov,1999,1
Anupam Mazumdar,E. J. Copeland,1998,1
Anupam Mazumdar,P. M. Saffin,1998,1
Anupama Mehra,K. Dasgupta,1999,1
Anupama Mehra,Krishnendu Dasgupta,1999,1
Anupama Mehra,M. Sami,1999,2
Anupama Mehra,Pankaj Sharan,1999,2
Apostolos Dimitriadis,Simon F. Ross,2002,1
Aram A. Saharian,August Romeo,2001,1
Arash Mafi,Keith R. Dienes,2001,1
Archil B. Kobakhidze,Masud Chaichian,1999,3
Archil B. Kobakhidze,Mirian Tsulaia,2001,1
Archil Kobakhidze,Dimitry Polyakov,2001,1
Archil Kobakhidze,Masud Chaichian,2001,1
Ari Pankiewicz,Nakwoo Kim,2002,1
Ari Pankiewicz,Soo-Jong Rey,2002,1
Ari Pankiewicz,Stefan Theisen,2002,1
Ariel Zhitnitsky,Igor Halperin,1998,1
Arihiro Tamura,Hideaki Aoyama,1992,1
Aristophanes Dimakis,Folkert Muller-Hoissen,2000,4
Arjan Keurentjes,David R. Morrison,2001,1
Arjan Keurentjes,Jan De Boer,2001,1
Arjan Keurentjes,John Morgan,2001,1
Arjan Keurentjes,Kentaro Hori,2001,1
Arjan Keurentjes,Robbert Dijkgraaf,2001,1
Arjan Keurentjes,Savdeep Sethi,2001,2
Arkadas Ozakin,Steven S. Gubser,2003,1
Arkady A. Tseytlin,Arvind Rajaraman,1997,1
Arkady A. Tseytlin,George Papadopoulos,2003,1
Arkady A. Tseytlin,Igor R. Klebanov,1997,4
Arkady A. Tseytlin,Martin Oloughlin,2003,1
Arkady A. Tseytlin,Matthias Blau,2003,1
Arkady A. Tseytlin,Mikhail S. Volkov,2001,1
Arkady A. Tseytlin,Mirjam Cvetic,1995,1
Arkady A. Tseytlin,Sergey Frolov,2001,1
Arkady A. Tseytlin,Steven S. Gubser,1998,2
Arkady Segal,Mikhail Vasiliev,1999,1
Arkady Segal,Sergey Prokushkin,1999,1
Arkady Tseytlin,David J. Gross,2000,1
Arkady Tseytlin,Lev Kofman,2001,1
Arkady Tseytlin,Nadav Drukker,2000,1
Arkady Tseytlin,Renata Kallosh,2001,1
Arkady Tseytlin,Sonia Stanciu,1998,1
Arkady Vainshtein,Cedric Deffayet,2001,1
Arkady Vainshtein,Gia Dvali,2001,1
Arkady Vainshtein,Gregory Gabadadze,2001,1
Arkady Vainshtein,Ian I. Kogan,1995,1
Arkady Vainshtein,Mikhail Shifman,1995,3
Arkady Vainshtein,Mikhail Voloshin,2000,1
Arkady Vaintrob,Michael Bershadsky,1999,1
Arkady Vaintrob,Slava Zhukov,1999,1
Armando Antillon,Gabriel German,1995,1
Armando Antillon,Joaquin Escalona,1995,2
Armando Antillon,Manuel Torres,1995,2
Armen G. Sergeev,Martin Wolf,2003,1
Armen Nersessian,Bodo Geyer,2001,2
Armen Nersessian,Corneliu Sochichiu,2001,1
Armen Nersessian,Eduardo Ramos,1998,1
Armen Nersessian,Petr Lavrov,2001,2
Armen Nersessian,Stefano Bellucci,2001,5
Arne L. Larsen,Fermin Aldabe,1997,1
Arne L. Larsen,Kazuo Ghoroku,1994,1
Arne L. Larsen,Mariusz P. Dabrowski,1997,1
Arne L. Larsen,Minos Axenides,1994,3
Arne L. Larsen,Valery P. Frolov,1993,1
Arne. L. Larsen,Mariusz P. Dabrowski,1996,1
Arno R. Bohm,M. J. Mithaiwala,1999,1
Arno R. Bohm,N. L. Harshman,1999,1
Arpad Hegedus,Janos Balog,2000,1
Arshad Momen,Carl Rosenzweig,1996,1
Arshad Momen,F. Moraes,1996,1
Arshad Momen,G. Dastegir Al-Quaderi,2000,1
Arshad Momen,L. Chandar,1995,1
Arshad Momen,Tapobrata Sarkar,2002,1
Arshad Momen,V. John,1996,1
Artemio Gonzalez-Lopez,Federico Finkel,1995,3
Artemio Gonzalez-Lopez,Gloria Mari Beffa,1996,1
Artemio Gonzalez-Lopez,Miguel A. Rodriguez,1995,3
Artemio Gonzalez-Lopez,Niky Kamran,1996,3
Artemio Gonzalez-Lopez,Peter J. Olver,1996,2
Artemio Gonzalez-Lopez,Rafael Hernandez Heredero,1996,1
Arthur K. Kerman,Chi-Yong Lin,1998,1
Arthur Lue,Cedric Deffayet,2001,1
Arthur Lue,Erick J. Weinberg,1999,2
Arthur Lue,Gia Dvali,2001,1
Arthur Lue,Gregory Gabadadze,2001,1
Arthur Mezhlumian,Dmitri Linde,1994,1
Artur B. Adib,Carlos A. S. Almeida,2002,1
Artur B. Adib,Marcelo Gleiser,2002,1
Arturo Ramos,Jose F. Cari~Nena,2000,1
Arundhati Dasgupta,Hermann Nicolai,2000,2
Arundhati Dasgupta,Jan Plefka,2000,2
Arundhati Dasgupta,P. Ramadevi,1996,2
Arundhati Dasgupta,Parthasarathi Majumdar,1996,2
Arundhati Dasgupta,Saurya Das,1996,5
Arundhati Dasgupta,Tapobrata Sarkar,1997,3
Arvind N. Vaidya,C. Farina,1994,1
Arvind N. Vaidya,L. C. De Albuquerque,1994,1
Arvind N. Vaidya,Luiz Claudio M. De Albuquerque,1993,1
Arvind N. Vaidya,Silvio J. Rabello,1993,5
Arvind Narayan Vaidya,Luiz Eduardo Silva Souza,2002,2
Arvind Narayan Vaidya,Rafael De Lima Rodrigues,1995,3
Arvind Rajaraman,Barak Kol,1996,1
Arvind Rajaraman,Igor R. Klebanov,1997,1
Arvind Rajaraman,Ilka Brunner,1999,1
Arvind Rajaraman,Jason Kumar,2002,1
Arvind Rajaraman,Moshe Rozali,1999,5
Arvind Rajaraman,Ofer Aharony,2000,1
Arvind Rajaraman,Per Kraus,2000,1
Arvind Rajaraman,Renata Kallosh,1996,2
Arvind Rajaraman,Stephen Shenker,2000,1
Arvind Rajaraman,Wing Kai Wong,1996,1
Asad Naqvi,Bo Feng,2002,2
Asad Naqvi,Esko Keski-Vakkuri,2002,1
Asad Naqvi,Finn Larsen,2002,1
Asad Naqvi,Francisco A. Brito,2002,1
Asad Naqvi,Jan De Boer,2002,1
Asad Naqvi,Joshua Erlich,1999,1
Asad Naqvi,Matthew J. Strassler,2001,1
Asad Naqvi,Micha Berkooz,2001,1
Asad Naqvi,Min-Xin Huang,2002,3
Asad Naqvi,Mirjam Cvetic,2002,1
Asad Naqvi,S. F. Hassan,2002,1
Asad Naqvi,Seiji Terashima,2002,1
Asad Naqvi,Thomas S. Levi,2002,2
Asad Naqvi,Vijay Balasubramanian,2001,7
Asad Naqvi,Vishnu Jejjala,2002,1
Asad Naqvi,Yang-Hui He,2002,1
Asato Tsuchiya,Jan Troost,2003,1
Asato Tsuchiya,Jun Nishimura,1994,4
Asato Tsuchiya,Ken-Ji Hamada,1993,1
Asato Tsuchiya,Matsuo Sato,2002,1
Asato Tsuchiya,Shinya Tamura,1994,2
Asato Tsuchiya,Tomohiro Hotta,1998,1
Asato Tsuchiya,Toshiaki Aida,1995,1
Asato Tsuchiya,Tsukasa Tada,1999,1
Asato Tsuchiya,Yoshihisa Kitazawa,1995,1
Asher Peres,Daniel R. Terno,2003,1
Asher Peres,Netanel H. Lindner,2003,1
Asher Peres,Orit Levin,1994,1
Ashish Saxena,I. Y. Park,2003,1
Ashish Saxena,Oleg Lunin,2002,2
Ashish Saxena,Samir D. Mathur,2002,3
Ashish Saxena,Yogesh K. Srivastava,2002,1
Ashok Das,C. A. P. Galvao,1992,1
Ashok Das,Carlos Farina,1998,1
Ashok Das,Clovis Wotzasek,1995,1
Ashok Das,D. G. C. Mckeon,2002,1
Ashok Das,F. T. Brandt,1998,16
Ashok Das,F. Toppan,2001,1
Ashok Das,Gerald Dunne,1997,3
Ashok Das,Gerald V. Dunne,2001,2
Ashok Das,J. Barcelos-Neto,1998,2
Ashok Das,J. C. Brunelli,1993,10
Ashok Das,J. C. Taylor,2001,5
Ashok Das,J. Frenkel,1998,18
Ashok Das,J. Maharana,2001,6
Ashok Das,Jnanadeva Maharana,1994,2
Ashok Das,K. Rao,2000,1
Ashok Das,M. M. Sheikh-Jabbari,2001,1
Ashok Das,Marcelo Hott,1994,4
Ashok Das,Nelson R. F. Braga,1994,1
Ashok Das,Paulo F. Bedaque,1992,1
Ashok Das,Ricardo Amorim,1994,2
Ashok Das,S. Pernice,2002,1
Ashok Das,Sergio A. Pernice,1996,2
Ashok Das,Sergio. A. Pernice,1996,1
Ashok Das,Shibaji Roy,1995,3
Ashok Das,Silvana Perez,2001,4
Ashok Das,Sudhakar Panda,1995,1
Ashok Das,V. S. Alves,2001,3
Ashok Das,Wen-Jui Huang,1994,1
Ashok Das,Ziemowit Popowicz,2001,3
Ashok Das.,J. C. Brunelli,1995,1
Ashoke Sen,Barton Zwiebach,1993,19
Ashoke Sen,Cumrun Vafa,1995,1
Ashoke Sen,Davide Gaiotto,2001,3
Ashoke Sen,Debashis Ghoshal,2000,2
Ashoke Sen,Gary Horowitz,1995,1
Ashoke Sen,Jaydeep Majumder,1999,3
Ashoke Sen,John H. Schwarz,1993,3
Ashoke Sen,Leonardo Rastelli,2000,10
Ashoke Sen,Matthias R Gaberdiel,1999,1
Ashoke Sen,Nathan Berkovits,2000,1
Ashoke Sen,Nicolas Moeller,2000,1
Ashoke Sen,Partha Mukhopadhyay,2001,2
Ashoke Sen,S. F. Hassan,1992,1
Ashoke Sen,Savdeep Sethi,1997,1
Asim Gangopadhyaya,Avinash Khare,1995,1
Asim Gangopadhyaya,Jeffry V. Mallow,2001,2
Asim Gangopadhyaya,Prasanta K. Panigrahi,1993,2
Asim Gangopadhyaya,Ranabir Dutt,1996,1
Asim Gangopadhyaya,Uday P. Sukhatme,1993,6
Asim Gangopadhyayaa,Jeffry V. Mallow,1998,1
Asim Gangopadhyayaa,Uday P. Sukhatme,1998,1
Asis Basu,Bijon Bagchi,2000,1
Asis Basu,Jayprokas Chakrabarti,2000,1
Asit K. De,Dipankar Chakrabarti,2002,1
Asit K. De,H. Banerjee,1996,1
Asitp-94-25,Hanying Guo,1994,1
Asitp-94-25,Jianming Li,1994,1
Asle Sudbo,Flavio S. Nogueira,2002,3
Asle Sudbo,Hagen Kleinert,2002,2
Asmita Mukherjee,Dipankar Chakrabarti,1999,1
Asmita Mukherjee,Raghunath Ratabole,2000,2
Asmita Mukherjee,Rajen Kundu,1999,1
Asmita Mukherjee,Somdatta Bhattacharya,1998,1
Assaf Shomer,Micha Berkooz,2001,1
Assaf Shomer,Riccardo Argurio,2000,4
Astri Kleppe,Ingemar Bengtsson,1996,1
Atish Dabholkar,Chris Hull,2002,1
Atish Dabholkar,Cumrun Vafa,2001,1
Atish Dabholkar,Gautam Mandal,1997,1
Atish Dabholkar,Jaemo Park,1996,3
Atish Dabholkar,Jeffrey A. Harvey,1998,1
Atish Dabholkar,P. Ramadevi,1997,1
Atish Dabholkar,Sandip P. Trivedi,1999,1
Atish Dabholkar,Shahrokh Parvizi,2002,1
Atsuo Kuniba,Junji Suzuki,1993,4
Atsuo Kuniba,Ryogo Hirota,1995,1
Atsuo Kuniba,Shuichi Nakamura,1995,1
Atsuo Kuniba,Tomoki Nakanishi,1992,2
Atsuo Kuniba,Yasuhiro Ohta,1995,1
Atsuo Kuniba,Zengo Tsuboi,1996,1
Atsushi Horikoshi,Haruhiko Terao,1998,1
Atsushi Horikoshi,Ken-Ichi Aoki,1998,1
Atsushi Horikoshi,Masaki Taniguchi,1998,1
Atsushi Matsuo,Kiyokazu Nagatomo,1997,2
Atsushi Nakamula,Masaru Kamata,1998,3
Atsushi Nakamula,Takao Koikawa,1997,1
Atsushi Nakamula,Takuya Maki,1997,1
Atsushi Nakamura,Kei-Ichi Kondo,1995,1
Atsushi Nakamura,Kenji Ikegami,1995,1
Atsushi Nakayashiki,Brian Davies,1992,1
Atsushi Nakayashiki,Kei Miki,1992,2
Atsushi Nakayashiki,Michio Jimbo,1992,3
Atsushi Nakayashiki,Omar Foda,1992,2
Atsushi Nakayashiki,Tetsuji Miwa,1992,3
Atsushi Nakayashiki,Yasuhiko Yamada,1995,2
Atsushi Okazaki,Koji Harada,1995,3
Atsushi Okazaki,Masa-Aki Taniguchi,1995,2
Atsushi Yamaguchi,Hiroshi Ishikawa,2003,1
Atsushi Yoshida,Douglas Singleton,1995,2
Atsusi Okazaki,Koji Harada,1995,1
Atsusi Okazaki,Masa-Aki Taniguchi,1995,1
Attilio Cucchieri,Daniel Zwanziger,1996,3
Atushi Ishikawa,Hirokazu Tanaka,1997,2
Atushi Ishikawa,Kiyoshi Ezawa,1996,1
Atushi Ishikawa,Masahiro Anazawa,1997,4
August Romeo,Emilio Elizalde,1994,3
August Romeo,Israel Klich,1999,1
August Romeo,Robin W. Tucker,1994,1
August Romeo,S. Leseduarte,1996,2
August Romeo,Sergei D. Odintsov,1994,5
Augusto Sagnotti,Carlo Angelantonj,1996,2
Augusto Sagnotti,Fabio Riccioni,1997,3
Augusto Sagnotti,Gianfranco Pradisi,1992,4
Augusto Sagnotti,Massimo Bianchi,1996,2
Augusto Sagnotti,Ruben Minasian,1996,1
Augusto Sagnotti,Sergio Ferrara,1996,2
Augusto Sagnotti,Yassen S. Stanev,1996,3
Augusto Sagnotti,Yassen Stanev,1996,1
Austin Pickering,Charles Lane,2001,1
Austin Pickering,Peter West,1996,1
Auttakit Chattaraputi,Francois Englert,2002,2
Auttakit Chattaraputi,Laurent Houart,2002,2
Auttakit Chattaraputi,Roberto Emparan,1999,1
Avaroth Harindranath,Wei-Min Zhang,1993,1
Avaroth Harindranth,Wei-Min Zhang,1993,1
Avijit K. Ganguly,Palash B. Pal,1998,1
Avijit Mukherjee,Howard J. Schnitzer,1997,1
Avijit Mukherjee,Joao P. Nunes,1997,1
Avijit Mukherjee,Jose M. Isidro,1997,1
Avinash Dhar,Gautam Mandal,1992,17
Avinash Dhar,Justin R. David,1996,2
Avinash Dhar,K. P. Yogendran,1999,1
Avinash Dhar,Porus Lakdawala,1994,1
Avinash Dhar,Spenta R. Wadia,1992,17
Avinash Dhar,Yoshihisa Kitazawa,2001,2
Avinash Khare,B. Bagchi,1995,1
Avinash Khare,B. Dey,1995,1
Avinash Khare,C. N. Kumar,1995,1
Avinash Khare,C. Rasinariu,1995,1
Avinash Khare,D. T. Barclay,1993,1
Avinash Khare,E. Harikumar,2001,1
Avinash Khare,Fred Cooper,1994,1
Avinash Khare,J. Law,1993,1
Avinash Khare,Koushik Ray,1996,1
Avinash Khare,M. B. Paranjape,1993,3
Avinash Khare,M. Sivakumar,2001,1
Avinash Khare,P. K. Panigrahi,1993,1
Avinash Khare,P. K. Roy,1995,1
Avinash Khare,Pijush K. Ghosh,1994,2
Avinash Khare,Prasanta K. Panigrahi,1994,1
Avinash Khare,Prasanta K. Tripathy,2000,2
Avinash Khare,R. B. Mackenzie,1993,1
Avinash Khare,R. K. Bhaduri,1993,1
Avinash Khare,R. Mackenzie,1994,1
Avinash Khare,Rajat K. Bhaduri,1993,2
Avinash Khare,S. N. Biswas,1995,1
Avinash Khare,U. Sukhatme,1993,2
Avinash Khare,Uday P. Sukhatme,1995,1
Avinash Khare,Uday Sukhatme,1994,1
Avinash Khare C. Nagaraja Kumar,B. Dey,1996,1
Avraham E. Mayo,Ram Brustein,2001,1
Avraham E. Mayo,Stefano Foffa,2001,1
Avshalom C. Elitzur,Lev Vaidman,1993,1
Axel Krause,Gottfried Curio,2000,2
Axel Pelster,Boris Kastening,1999,1
Axel Pelster,Bruno Van Den Bossche,2001,1
Axel Pelster,Hagen Kleinert,1999,3
Axel Pelster,Konstantin Glaum,2001,2
Axel Pelster,M. Bachmann,1999,1
Axel Pelster,Michael Bachmann,2001,1
Axel Weber,Juan Carlos Dolivo,1998,1
Axel Winterhalder,Michael Forger,1999,2
Ayse Humeyra Bilge,Sahin Kocak,1995,1
Ayse Humeyra Bilge,Tekin Dereli,1995,1
Aziz El Rhalami,El Hassan Saidi,2002,1
B Basu-Mallick,Kumar S. Gupta,2003,1
B Basu-Mallick,Pijush K. Ghosh,2003,1
B L Feigin,I Yu Tipunin,1997,2
B L Feigin,V A Sirota,1998,1
B Spence,Bs Acharya,1997,5
B Spence,C Koehl,1997,2
B Spence,Cm Hull,1998,1
B Spence,Jm Figueroa-Ofarrill,1997,7
B Spence,M Oloughlin,1997,1
B Spence,S Stanciu,1998,1
B-L. Hu,E. Calzetta,1996,1
B. A. Bernevig,J. Brodie,2000,1
B. A. Bernevig,L. Susskind,2000,1
B. A. Bernevig,N. Toumbas,2000,1
B. A. Campbell,K. A. Olive,1993,1
B. A. Campbell,N. Kaloper,1993,1
B. A. Campbell,R. Madden,1993,1
B. A. Faizullaev,M. M. Musakhanov,1994,2
B. A. Faizullaev,N. K. Pak,1995,1
B. A. Harris,G. C. Joshi,1992,1
B. A. Kniehl,P. A. Grassi,2000,1
B. A. Kupershmidt,John Harnad,1992,1
B. A. Lysov,O. F. Dorofeyev,1999,1
B. A. Ovrut,C. N. Pope,1999,2
B. A. Ovrut,D. Lust,2000,2
B. A. Ovrut,E. A. Ivanov,1997,1
B. A. Ovrut,E. I. Buchbinder,1997,2
B. A. Ovrut,E. Lima,1999,2
B. A. Ovrut,H. Lu,1999,2
B. A. Ovrut,I. L. Buchbinder,1997,3
B. A. Ovrut,M. Faux,2000,2
B. A. Ovrut,R. Brustein,1995,1
B. A. Ovrut,S. M. Kuzenko,1997,2
B. A. Tay,P. Kielanowski,2001,1
B. A. Tay,R. De La Madrid,2001,1
B. A. Tay,S. Wickramasekara,2002,1
B. Abdesselam,D. Arnaudon,1994,1
B. Abdesselam,D. H. Tchrakian,2002,1
B. Abdesselam,J. Rizos,2002,1
B. Abdesselam,N. Mohammedi,2001,1
B. Andreas,D. Lust,1997,2
B. Andreas,G. Curio,1997,3
B. B. Deo,L. Maharana,2002,2
B. B. Deo,L. P. Singh,1998,1
B. Bagchi,F. Cannata,2000,1
B. Bagchi,M. Znojil,2000,1
B. Bagchi,P. K. Roy,1995,1
B. Bagchi,R. Roychoudhury,2000,1
B. Bagchi,S. N. Biswas,1995,1
B. Bakalov,E. Horozov,1995,1
B. Bakalov,M. Yakimov,1995,1
B. Basu-Mallick,H. Ujino,1999,1
B. Basu-Mallick,Kumar S. Gupta,2001,3
B. Basu-Mallick,M. Wadati,1999,1
B. Basu-Mallick,P. Ramadevi,1994,1
B. Basu-Mallick,Pijush K. Ghosh,2002,2
B. Basu-Mallick,Tanaya Bhattacharyya,2002,2
B. Bellet,P. Garcia,1995,1
B. Bellet,P. Garcia And A. Neveu,1995,1
B. Berche,L. Turban,1993,1
B. Birnir,J. A. Harvey,1992,1
B. Birnir,S. B. Giddings,1992,1
B. Bistrovic,H. Li,2002,1
B. Bistrovic,R. Jackiw,2002,1
B. Bistrovic,S.-Y. Pi,2002,1
B. Bistrovic,V. P. Nair,2002,1
B. Brinne,C. Albertsson,2001,1
B. Brinne,M. Rocek,2001,1
B. Brinne,R. Von Unge,2001,1
B. Brinne,U. Lindstrom,2001,1
B. Bruegmann,E. Marinari,1994,1
B. C. Georgalas,C. Chiou-Lahanas,1995,3
B. C. Georgalas,E. C. Vagenas,2000,2
B. C. Georgalas,E. Papantonopoulos,1994,5
B. C. Georgalas,G. A. Diamandis,1992,11
B. C. Georgalas,I. Pappa,2001,1
B. C. Georgalas,N. E. Mavromatos,1992,4
B. C. Georgalas,P. Kouroumalou,2001,1
B. C. Georgalas,T. Christodoulakis,2000,2
B. C. Georgalas,X. Maintas,1992,1
B. C. Georgalas,X. N. Maintas,1995,3
B. C. Paul,R. Tavakol,2002,1
B. C. Paul,S. Chakraborty,2001,1
B. C. Paul,S. Mukherjee,2002,1
B. Carter,R. A. Battye,1998,3
B. Chakraborty,R. Banerjee,1998,1
B. Chandrasekhar,Prasanta K. Panigrahi,2003,1
B. Chen,H. Itoyama,1998,5
B. Chen,H. Kihara,1998,2
B. Chen,K. Murakami,1999,3
B. Chen,T. Matsuo,1999,3
B. Chibisov,M. Shifman,1997,1
B. Craps,F. Roose,1997,3
B. Craps,M. Billo,2000,1
B. Craps,W. Troost,1997,2
B. Cuadros-Melgar,F. R. Machado,2002,1
B. Cuadros-Melgar,F. T. Brandt,2002,1
B. D. Keister,W. N. Polyzou,1996,1
B. Davies,D. Altschuler,1993,1
B. Davoudi,M. R. Rahimi Tabar,1995,1
B. Davoudi,S. Rouhani,1995,1
B. De Carlos,C. Mu~Noz,1992,1
B. De Carlos,E. J. Copeland,1998,1
B. De Carlos,J. A. Casas,1992,1
B. De Carlos,J. M. Moreno,1999,4
B. De Carlos,M. B. Hindmarsh,2001,2
B. De Carlos,N. Mcnair,2001,2
B. De Carlos,T. Barreiro,1998,1
B. De Wit,B. Kleijn,1995,5
B. De Wit,D. Lust,1996,1
B. De Wit,E. Rabinovici,1992,1
B. De Wit,F. Vanderseypen,1992,1
B. De Wit,G. L. Cardoso,2000,3
B. De Wit,G. Lopes Cardoso,1996,1
B. De Wit,H. Nicolai,1992,2
B. De Wit,J. C. Plefka,1997,2
B. De Wit,J. De Jaegher,1997,1
B. De Wit,J. Kappeli,2000,3
B. De Wit,K. Behrndt,1996,1
B. De Wit,K. Peeters,1997,2
B. De Wit,M. Faux,1995,4
B. De Wit,M. Rocek,1996,1
B. De Wit,M. T. Grisaru,1992,3
B. De Wit,P. Claus,1995,4
B. De Wit,P. Termonia,1995,4
B. De Wit,P. Van Nieuwenhuizen,1993,1
B. De Wit,R. Kallosh,1996,1
B. De Wit,R. Siebelink,1995,3
B. De Wit,S. Vandoren,1997,2
B. De Wit,T. Mohaupt,1996,4
B. Delamotte,D. Mouhanna,1998,3
B. Delamotte,J. Vidal,2002,2
B. Delamotte,L. Canet,2002,2
B. Delamotte,P. Lecheminant,1998,1
B. Dey,C. N. Kumar,1995,1
B. Dimitrov,P. Bozhilov,1999,1
B. Dittrich,R. Loll,2002,1
B. Dolan,C. P. Burgess,2000,1
B. Doyon,S. Lukyanov,2002,1
B. Dragovich,G. Djordjevic,2001,1
B. Dragovich,G. S. Djordjevic,2000,2
B. Dragovich,L. Nesic,2001,1
B. Dragovich,Lj. Nesic,2000,2
B. Duplantier,E. Guitter,1992,2
B. Duplantier,F. David,1992,2
B. Durhuus,C. Kristjansen,1996,1
B. Durhuus,C.-W. H. Lee,2001,1
B. Durhuus,G. Thorleifsson,1992,1
B. Durhuus,J. Ambjorn,1992,3
B. Durhuus,R. Nest,2000,1
B. Durhuus,T. Jonsson,1992,5
B. Durin,B. Pioline,2003,1
B. Dutta,James Dent,2002,1
B. Dutta,R. Arnowitt,2000,4
B. E. Baaquie,L. C. Kwek,2000,1
B. E. Baaquie,R. Parwani,1995,1
B. E. Hanlon,G. C. Joshi,1996,1
B. E. Hanlon,N. D. Hari Dass,1995,1
B. E. Hanlon,S. P. Brumby,1996,1
B. E. Hanlon,T. Yukawa,1995,1
B. E. Stern,V. B. Kopeliovich,1996,2
B. E. Stern,W. J. Zakrzewski,2000,1
B. E. W. Nilsson,C. N. Pope,1992,2
B. E. W. Nilsson,G. Ferretti,1994,1
B. E. W. Nilsson,H. Lu,1992,1
B. E. W. Nilsson,K. S. Stelle,1992,2
B. E. W. Nilsson,M. Cederwall,1994,1
B. E. W. Nilsson,P. C. West,1992,1
B. Eden,C. Schubert,1998,5
B. Eden,E. Sokatchev,1998,9
B. Eden,G. Arutyunov,2001,2
B. Eden,P. C. West,1998,4
B. Eden,P. S. Howe,1998,4
B. Eden,S. Ferrara,2001,1
B. Enriquez,V. Rubtsov,1993,1
B. Eynard,C. Kristjansen,1995,3
B. Eynard,G. Bonnet,1999,1
B. Eynard,J. Zinn-Justin,1992,2
B. Eynard,M. Bertola,2003,1
B. Eynard,P. Bleher,2002,1
B. F. Svaiter,N. F. Svaiter,1996,1
B. F. Toner,K. C. Wali,2002,1
B. F. Toner,R. R. Volkas,2002,1
B. Feigin,S. Parkhomenko,1993,1
B. Fiol,C. Vafa,2001,1
B. Fiol,F. Cachazo,2001,1
B. Fiol,K. Intriligator,2001,1
B. Fiol,S. Katz,2001,1
B. G. Konopelchenko,G. Landolfi,1998,2
B. G. Nickel,C. Bagnuls,2000,1
B. G. Nickel,C. Bervillier,2000,1
B. G. Nickel,D. I. Meiron,2000,1
B. G. Zakharov,N. N. Nikolaev,1994,1
B. G. Zakharov,V. R. Zoller,1994,1
B. Gavela,E. Gabrielli,1998,1
B. Gerganov,M. Moriconi,2000,1
B. Geyer,D. M. Gitman,1998,4
B. Geyer,D. Mulsch,1997,9
B. Geyer,D. Robaschik,1999,1
B. Geyer,E. Elizalde,1995,1
B. Geyer,I. V. Tyutin,2002,1
B. Geyer,K. Kirsten,1995,1
B. Geyer,L. N. Granda,1996,1
B. Geyer,M. Bordag,1995,1
B. Geyer,M. Lazar,1999,2
B. Geyer,P. Lavrov,1997,2
B. Geyer,P. M. Lavrov,1997,6
B. Geyer,P. Moshin,1997,2
B. Geyer,P. Yu. Moshin,2003,1
B. Geyer,S. D. Odintsov,1996,3
B. Geyer,S. Falkenberg,1997,3
B. Geyer,Y. I. Shilnov,1996,1
B. Greene,D. Morrison,1996,1
B. Greene,J. Distler,1996,1
B. H. Lian,S. Hosono,1996,1
B. H. Lian,S. S. Roan,1994,1
B. H. Lian,S.-T. Yau,1994,1
B. Hamprecht,H. Kleinert,2003,3
B. Harms,P. H. Cox,1992,1
B. Harms,R. Casadio,2000,2
B. Harms,Y. Leblanc,1992,11
B. Hartmann,J. Kunz,1999,2
B. Hartmann,N. Tell,1999,1
B. Hartmann,Y. Brihaye,1999,2
B. Henrich,C. H. Keitel,2003,1
B. Henrich,K. Z. Hatsagortsyan,2003,1
B. Hiller,M. C. Nemes,2001,2
B. Hiller,M. Sampaio,2001,2
B. Hiller,S. Gobira,2002,1
B. Holdom,H. Collins,2000,1
B. Holdom,T. Hirayama,2003,1
B. Hunt,M. Lynker,1996,1
B. Hunt,R. Schimmrigk,1996,1
B. Iochum,J. M. Gracia-Bondia,1997,1
B. Iochum,P. Martinetti,1999,1
B. Iochum,T. Krajewski,1999,1
B. Iochum,T. Schucker,1997,1
B. J. Schroers,B. M. A. G. Piette,1994,2
B. J. Schroers,F. A. Bais,1997,5
B. J. Schroers,J. Gladikowski,1995,1
B. J. Schroers,J. K. Slingerland,2002,2
B. J. Schroers,M. A. Singer,2002,1
B. J. Schroers,N. M. Muller,2002,1
B. J. Schroers,N. S. Manton,2002,1
B. J. Schroers,W. J. Zakrzewski,1994,1
B. J. Schulz,C. Korff,1999,2
B. J. Short,G. W. Delius,2001,1
B. J. Short,N. J. Mackay,2001,2
B. Janssen,E. Bergshoeff,1996,2
B. Janssen,E. Eyras,1996,2
B. Janssen,J. P. Van Der Schaar,1996,2
B. Janssen,M. De Roo,1996,2
B. Jensen,I. Brevik,1998,2
B. Jensen,K. A. Milton,2000,1
B. Julia,C. M. Hull,1998,1
B. Julia,C. N. Pope,1997,3
B. Julia,D. Bernard,1997,1
B. Julia,D. Dunbar,2000,1
B. Julia,D. Seminara,2000,1
B. Julia,E. Cremmer,1997,3
B. Julia,H. Lu,1997,3
B. Julia,H. Nicolai,1994,2
B. Julia,J. Rozowsky,2000,1
B. Julia,L. Dixon,2000,1
B. Julia,M. Henneaux,1999,1
B. Julia,M. Perelstien,2000,1
B. Julia,M. Trigante,2000,1
B. Julia,P. Henry-Labordere,2001,1
B. Julia,S. Silva,1999,2
B. Julia,Z. Bern,2000,1
B. Jurco,M. Schlieker,1994,1
B. Jurco,P. Stovicek,1994,1
B. K. Chung,H. J. Shin,1993,4
B. K. Chung,J. -M. Chung,1998,2
B. K. Chung,J.-M. Chung,1994,4
B. K. Chung,K. G. Joo,1993,2
B. K. Chung,Q-Han Park,1993,5
B. K. Chung,Soonkeon Nam,1993,6
B. K. Chung,Y. M. Ahn,1994,1
B. K. Patra,S. Mallik,2000,1
B. K. Patra,Sourav Sarkar,2000,1
B. K. Patra,V. J. Menon,2000,1
B. Kleihaus,D. H. Tchrakian,1998,6
B. Kleihaus,D. Okeeffe,1998,1
B. Kleihaus,F. Navarro-Lerida,2002,1
B. Kleihaus,F. Zimmerschied,1999,3
B. Kleihaus,J. Kunz,1998,5
B. Kleihaus,Jutta Kunz,1999,3
B. Kleihaus,Y. Brihaye,1998,1
B. Kleijn,J. De Jaegher,1997,1
B. Kleijn,M. Faux,1995,3
B. Kleijn,P. Claus,1995,3
B. Kleijn,P. Termonia,1995,3
B. Kleijn,R. Siebelink,1995,3
B. Kleijn,S. Vandoren,1997,2
B. Klein,J. J. M. Verbaarschot,2000,1
B. Kloibock,J. M. Grimstrup,2002,1
B. Kloibock,L. Popp,2002,1
B. Kloibock,M. Schweda,2002,1
B. Kloibock,M. Wickenhauser,2002,1
B. Kloibock,V. Putz,2002,1
B. Kol,E. Halyo,1996,1
B. Kol,L. Susskind,1996,1
B. Kol,O. Bergman,1998,1
B. Kulik,F. Gonzalez-Rey,1998,2
B. Kulik,I. Y. Park,1998,2
B. Kulik,M. Rocek,1998,1
B. L. Cerchiai,B. Zumino,2001,4
B. L. Cerchiai,D. Brace,2001,2
B. L. Cerchiai,U. Varadarajan,2001,1
B. L. Feigin,P. Bowcock,1999,1
B. L. Feigin,S. Yu. Gubanov,2000,1
B. L. G. Bakker,Chueng-Ryong Ji,2000,1
B. L. Hu,Esteban Calzetta,1995,1
B. L. Hu,K. Shiokawa,1995,1
B. L. Voronov,I. V. Tyutin,1999,1
B. L. Voronov,S. S. Shahverdiyev,1999,1
B. L. Wang,J. Mccarthy,1995,1
B. L. Wang,M. K. Murray,1995,1
B. L. Wang,R. B. Zhang,1995,1
B. Leclerc,D. Krob,1994,2
B. Leclerc,Israel Gelfand,1994,1
B. Leclerc,J.-Y. Thibon,1994,1
B. Leclerc,V. S. Retakh,1994,1
B. Lian,S.-S. Roan,1997,1
B. Lian,S.-T. Yau,1997,1
B. M. A. G Piette,Y. Brihaye,2001,1
B. M. A. G. Piette,D. H. Tchrakian,2000,1
B. M. A. G. Piette,I. Floratos,2001,1
B. M. A. G. Piette,J. Gladikowski,1995,1
B. M. A. G. Piette,N. S. Manton,2000,1
B. M. A. G. Piette,V. Paturyan,2000,1
B. M. A. G. Piette,W. J. Zakrzewski,1994,2
B. M. A. G. Piette,Y. Brihaye,2000,1
B. M. Barbashov,V. N. Pervushin,2000,1
B. M. Karnakov,N. B. Narozhny,1999,2
B. M. Karnakov,V. A. Belinskii,1999,2
B. M. Karnakov,V. D. Mur,1999,2
B. M. Mccoy,E. Melzer,1992,4
B. M. Mccoy,P. A. Pearce,1997,1
B. M. Mccoy,R. Kedem,1992,4
B. M. Mccoy,S. Dasmahapatra,1993,2
B. M. Mccoy,S. O. Warnaar,1997,1
B. M. Mccoy,T. R. Klassen,1992,3
B. M. Pimentel,H. Blas,1999,1
B. M. Pimentel,I. Brevik,2001,1
B. M. Pimentel,J. L. Boldo,1995,2
B. M. Pimentel,J. L. Tomazelli,1994,9
B. M. Pimentel,J. S. Valverde,1999,2
B. M. Pimentel,J. T. Lunardi,1999,3
B. M. Pimentel,L. A. Manzoni,1998,5
B. M. Pimentel,M. C. B. Abdalla,2003,1
B. M. Pimentel,M. J. Menon,1998,1
B. M. Pimentel,R. G. Teixeira,1995,3
B. M. Pimentel,V. Ya. Fainberg,1999,2
B. M. Zupnik,E. A. Ivanov,1997,5
B. M. Zupnik,S. V. Ketov,1997,1
B. Maroufi,M. B. Sedra,2000,1
B. Maroufi,M. Bennai,2000,1
B. Maroufi,M. Hssaini,2000,1
B. Melic,S. Meljanac,1996,1
B. Mercier,Y. Brihaye,2001,1
B. Mirza,M. Dehghani,2002,1
B. Mueller,L. C. Biedenharn,1993,1
B. Mueller,M. Tarlini,1993,1
B. Mueller,S. Mrowczynski,1994,1
B. Muller,C. Hu,1996,1
B. Muller,S. G. Matinyan,1999,4
B. Muller,S. Leupold,1996,1
B. Muller,S. Matinyan,1996,1
B. Muller,T. S. Biro,1999,4
B. Muller,U. Heinz,1996,1
B. Muratori,C. Adam,1999,9
B. Muratori,C. Nash,1999,9
B. Muthukumar,P. Mitra,2002,1
B. N. Bakalov,I. T. Todorov,1995,1
B. N. Bakalov,L. S. Georgiev,1995,1
B. Nienhuis,K. A. Seaton,1993,1
B. Nienhuis,P. A. Pearce,1993,1
B. Nienhuis,S. O. Warnaar,1993,2
B. Nienhuis,V. V. Bazhanov,1993,1
B. O. Kerbikov,Yu. A. Simonov,1995,1
B. Ormsby,E. Lopez,1998,1
B. Ovrut,M. Cvetic,1995,1
B. Ovrut,M. Faux,1993,6
B. Ovrut,R. Brustein,1992,8
B. Ovrut,W. A. Sabra,1995,1
B. P. Mandal,S. D. Joglekar,2001,1
B. Pedrini,C. Schweigert,1999,1
B. Pedrini,J. Frohlich,2000,1
B. Pedrini,J. Walcher,1999,1
B. Peeters,H. J. Boonstra,1997,1
B. Peeters,K. Skenderis,1997,1
B. Petersson,S. Bilke,1997,1
B. Petersson,Z. Burda,1997,1
B. Piette,D. H. Tchrakian,1997,1
B. Piette,I. Floratos,2001,1
B. Piette,T. Ioannidou,1998,2
B. Piette,W. J. Zakrzewski,1996,7
B. Pioline,C. Bachas,1999,2
B. Pioline,C. Kounnas,1997,1
B. Pioline,D. Kazhdan,2001,1
B. Pioline,E. Dhoker,2000,1
B. Pioline,E. Kiritsis,1997,4
B. Pioline,E. Rabinovici,1997,2
B. Pioline,H. Nicolai,2001,1
B. Pioline,H. Partouche,1997,2
B. Pioline,I. Antoniadis,1996,3
B. Pioline,J. Hoppe,2000,1
B. Pioline,J. Plefka,2001,1
B. Pioline,N. A. Obers,1997,9
B. Pioline,P. M. Petropoulos,1997,1
B. Pioline,S. Elitzur,2000,1
B. Pioline,T. R. Taylor,1997,1
B. Ponsot,J. Teschner,1999,3
B. Ponsot,V. Schomerus,2001,1
B. R. Greene,C. I. Lazaroiu,1997,2
B. R. Greene,D. R. Morrison,1993,2
B. R. Greene,M. Bershadsky,1997,1
B. R. Greene,P. S. Aspinwall,1993,2
B. R. Greene,Piljin Yi,1998,1
B. R. Greene,T. M. Chiang,1997,1
B. R. Mistchuk,I. L. Buchbinder,1995,1
B. R. Mistchuk,V. D. Pershin,1995,1
B. R.~Greene,P.~Berglund,1992,1
B. R.~Greene,T.~Hubsch,1992,1
B. Radak,S. James Gates,2000,1
B. Radak,V. G. J. Rodgers,2000,1
B. Razzaghe-Ashrafi,H. Itoyama,1992,1
B. Reznik,D. Rohrlich,1993,1
B. Reznik,L. Vaidman,1993,1
B. Reznik,S. Coleman,1993,1
B. Reznik,S. Nussinov,1993,1
B. Reznik,S. Popescu,1993,1
B. Reznik,Y. Aharonov,1993,1
B. Rosenstein,G. Gat,1993,1
B. Rosenstein,P. Kurzepa,1993,1
B. Rusakov,S. Yankielowicz,1994,1
B. S. Acharya,B. Spence,1997,2
B. S. Acharya,M. Oloughlin,1996,2
B. S. Balakrishna,K. T. Mahanthappa,1993,2
B. S. Balakrishna,Kameshwar C. Wali,1992,1
B. Sakita,Dimitra Karabali,1992,2
B. Sakita,Rashmi Ray,1993,1
B. Sakita,Satoshi Iso,1992,2
B. Sarel,L. P. Horwitz,1995,1
B. Sathiapalan,L. Chandar,1994,2
B. Sathiapalan,N. D. Hari Dass,1997,1
B. Sathiapalan,S. Kalyana Rama,1998,2
B. Sathiapalan,S. Sarkar,2001,1
B. Sathiapalan,Subrata Bal,1999,1
B. Sazdovic,D. Popovic,1997,1
B. Sazdovic,D. S. Popovic,1998,2
B. Sazdovic,M. Blagojevic,1997,4
B. Sazdovic,O. Miskovic,1998,2
B. Sazdovic,V. Juricic,2002,1
B. Scheffold,M. Marcu,1992,1
B. Scheffold,T. Filk,1992,1
B. Schroer,H.-W. Wiesbrock,1998,2
B. Scoppola,D. C. Brydges,2002,1
B. Scoppola,P. K. Mitter,1998,2
B. Spence,G. Au,1994,2
B. Spence,G. Papadopoulos,1992,6
B. Spence,J. Underwood,1995,1
B. Spence,M. Oloughlin,1997,1
B. Spence,P. De Medeiros,2002,1
B. Stefanski,Jr,2002,2
B. Stefanski,Jr.,2002,1
B. Stefanski,V. Braun,2002,1
B. Stefanski Jr,G. Arutyunov,2001,1
B. Stefanski Jr,M. R. Gaberdiel,1999,1
B. Stefanski Jr,N. Quiroz,2001,1
B. Stefanski Jr,T. Dasgupta,1999,1
B. Sundborg,G. Theodoridis,1993,1
B. Sundborg,H. Gustafsson,1994,1
B. Sundborg,J. Isberg,1992,2
B. Sundborg,P. Saltsidis,1994,1
B. Sundborg,R. V. Unge,1994,1
B. Sundborg,U. Lindstrom,1992,3
B. Suo,L. Zhao,2001,1
B. Suo,P. Wang,2001,1
B. Tekin,K. Saririan,1998,2
B. Tekin,Y. Hosotani,1998,2
B. U. Eden,E. Sokatchev,2000,2
B. U. Eden,P. C. West,2000,2
B. U. Eden,P. S. Howe,2000,2
B. V. Khachatryan,L. Sh. Grigoryan,2002,1
B. Van De Sande,S. Dalley,1997,3
B. Wang,C. Molina,2000,1
B. Wang,E. Abdalla,2000,1
B. Wehefritz-Kaufmann,H. Saleur,2000,1
B. Y. Hou,B. Yuan Hou,1997,1
B. Y. Hou,L. Zhao,1997,1
B. Y. Hou,X. M. Ding,1997,1
B. Yapiskan,O. F. Dayi,2002,1
B. Ydri,G. Alexanian,2001,1
B. Ydri,G. Immirzi,2001,1
B. Ydri,S. Baez,1998,1
B. Ydri,S. Vaidya,1998,2
B. Ydri,T. R. Govindarajan,1999,2
B. Yuan Hou,L. Zhao,1997,1
B. Yuan Hou,X. M. Ding,1997,1
B. Zellermann,C. Stern,1995,1
B. Zellermann,E. Werner,1995,1
B. Zellermann,T. Heinzl,1995,1
B. Zheng,K. Fujimura,1993,1
B. Zheng,K. Okano,1993,1
B. Zheng,K. Yamagishi,1993,1
B. Zheng,L. Schuelke,1994,1
B. Zheng,L. Schulke,1993,2
B. Zheng,Z. B. Li,1993,2
B. Zumino,D. Brace,2001,2
B. Zumino,O. Ogievetsky,1992,1
B. Zumino,U. Varadarajan,2001,1
B. Zupnik,E. Ivanov,2000,1
B. Zupnik,E. Sokatchev,1999,1
B. Zupnik,J. Niederle,2000,2
B. Zupnik,L. Andrianopoli,1999,1
B. Zupnik,O. Lechtenfeld,2000,1
B. Zupnik,S. Ferrara,1999,1
B. Zupnik,S. Krivonos,2000,1
B. Zwiebach,D. Cangemi,1995,1
B. Zwiebach,H. Hata,1993,1
B. Zwiebach,H. Sonoda,1993,1
B. Zwiebach,K. Ranganathan,1993,1
B. Zwiebach,M. Bershadsky,1999,1
B. Zwiebach,N. Berkovits,1999,1
B. Zwiebach,R. Jackiw,1995,1
B. Zwiebach,S. Zhukov,1999,1
B. Zwiebach,T. Hauer,1999,1
B.-D. Doerfel,St. Meissner,1996,4
B.-J. Schaefer,J. Wambach,2001,1
B.-J. Schaefer,O. Bohr,2001,1
Badis Ydri,Giorgio Immirzi,2002,1
Badis Ydri,Kumar S. Gupta,2000,1
Bahniman Ghosh,Sunil Mukhi,1999,1
Banhiman Ghosh,Sumit R. Das,2000,1
Barak Kol,Eric Gimon,2001,1
Barak Kol,Gary Gibbons,1996,1
Barak Kol,J. Rahmfeld,1998,1
Barak Kol,Michael Kroyter,2000,1
Barak Kol,Ofer Aharony,1997,2
Barak Kol,Oren Bergman,1999,2
Barak Kol,Renata Kallosh,1996,2
Barak Kol,Shimon Yankielowicz,2002,1
Barak Kol,Toby Wiseman,2003,1
Barry M. Mccoy,Christian Korff,2001,1
Barry M. Mccoy,Ezer Melzer,1993,1
Barry M. Mccoy,Rinat Kedem,1992,3
Barry M. Mccoy,Ruben Costa-Santos,2001,1
Barry M. Mccoy,William P. Orrick,1995,3
Barry Mccoy,Rinat Kedem,1992,1
Barry Mccoy,Srinandan Dasmahapatra,1992,1
Barry R. Holstein,Bjorn Garbrecht,2001,1
Barry R. Holstein,John F. Donoghue,2001,3
Barry R. Holstein,N. E. J Bjerrum-Bohr,2002,1
Barry R. Holstein,Niels Emil Jannik Bjerrum-Bohr,2002,1
Barry R. Holstein,Thomas Konstandin,2001,1
Bartomeu Fiol,Christian Romelsberger,2000,2
Bartomeu Fiol,Marcos Marino,2000,1
Bartomeu Fiol,Michael R. Douglas,1999,3
Barton Zwiebach,Cumrun Vafa,1997,1
Barton Zwiebach,Davide Gaiotto,2001,3
Barton Zwiebach,Edward Witten,1992,1
Barton Zwiebach,Gregory Moore,2002,1
Barton Zwiebach,Hong Liu,2002,1
Barton Zwiebach,Joseph A. Minahan,2000,3
Barton Zwiebach,Leonardo Rastelli,2000,11
Barton Zwiebach,Matthias R. Gaberdiel,1997,4
Barton Zwiebach,Michael R. Douglas,2002,1
Barton Zwiebach,Michael Wolf,1992,1
Barton Zwiebach,Nathan Berkovits,1997,2
Barton Zwiebach,Nicolas Moeller,2000,2
Barton Zwiebach,Oliver Dewolfe,1998,4
Barton Zwiebach,Oren Bergman,1994,1
Barton Zwiebach,Sabbir Rahman,1995,1
Barton Zwiebach,Taichiro Kugo,1992,1
Barton Zwiebach,Tamas Hauer,1998,5
Bas Kleijn,Bernard De Wit,1998,2
Bas Kleijn,Stefan Vandoren,1998,2
Bas Peeters,Dileep P. Jatkar,1995,1
Bas Peeters,Harm Jan Boonstra,1998,2
Bas Peeters,Jan De Boer,1995,3
Bas Peeters,Kostas Skenderis,1995,5
Bas Peeters,Peter Van Nieuwenhuizen,1993,4
Bayram Tekin,Gerald Dunne,2000,2
Bayram Tekin,Gerald V. Dunne,2000,1
Bayram Tekin,Ian I. Kogan,2000,4
Bayram Tekin,Ian. I Kogan,2001,1
Bayram Tekin,Kamran Saririan,1998,2
Bayram Tekin,Martin Schvellinger,2000,1
Bayram Tekin,Murat Tas,2001,1
Bayram Tekin,P. Castelo Ferreira,2000,1
Bayram Tekin,Pang-Ning Tan,1996,2
Bayram Tekin,S. Deser,2002,3
Bayram Tekin,Vakif K. Onemli,2000,3
Bayram Tekin,Victor Weir,2000,1
Bayram Tekin,Yutaka Hosotani,1996,4
Beatriz Gato-Rivera,Bert Schellekens,1994,1
Beatriz Gato-Rivera,Christoph Schweigert,1994,1
Beatriz Gato-Rivera,Jose Ignacio Rosado,1994,7
Beatriz Gato-Rivera,Jurgen Fuchs,1994,1
Beatriz Gato-Rivera,Matthias Doerrzapf,1997,4
Bedl Yang,Chaiho Rim,1999,1
Bedl Yang,Changrim Ahn,1999,1
Bedl Yang,Chanju Kim,1999,1
Bedl Yang,V. A. Fateev,1999,1
Behrooz Razaznejad,Bengt E. W. Nilsson,1998,1
Behrooz Razaznejad,Martin Cederwall,1998,1
Behrooz Razaznejad,Tom Adawi,1998,1
Behrooz Razaznejad,Ulf Gran,1998,1
Behzad Bina,Murat Gunaydin,1997,1
Bei Lok Hu,Esteban A. Calzetta,2001,1
Bei Lok Hu,Francisco D. Mazzitelli,2001,1
Belal E. Baaquie,Yim Kok Kean,2002,1
Ben Craps,David Kutasov,2002,2
Ben Craps,David Mateos,1999,1
Ben Craps,Finn Larsen,2001,1
Ben Craps,Frederik Roose,1996,8
Ben Craps,Govindan Rajesh,2002,2
Ben Craps,Jeffrey A. Harvey,2002,1
Ben Craps,Joaquim Gomis,1999,1
Ben Craps,Marco Billo,1999,4
Ben Craps,Matthias R. Gaberdiel,2001,2
Ben Craps,Micha Berkooz,2002,1
Ben Craps,Per Kraus,2001,1
Ben Craps,Walter Troost,1996,1
Ben Freivogel,Leonard Susskind,2001,1
Ben Freivogel,Matthew Lippert,2002,1
Ben Freivogel,Nicolaos Toumbas,2001,1
Ben Freivogel,Steven B. Giddings,2002,1
Ben Geller,John Conley,2002,1
Ben Geller,Laura Pomerance,2002,1
Ben Geller,Mark G. Jackson,2002,1
Ben Geller,Sharad Shrivastava,2002,1
Ben Short,Niall Mackay,2001,1
Bender,Pinsky,1992,1
Bender,Van De Sande,1992,1
Benedicte Ponsot,Sebastian Silva,2002,1
Bengt E. W Nilsson,Niclas Engberg,1993,1
Bengt E. W Nilsson,Per Sundell,1993,1
Bengt E. W. Nilsson,Dario Martelli,2000,1
Bengt E. W. Nilsson,David S. Berman,2000,2
Bengt E. W. Nilsson,Dimitrios Tsimpis,2001,4
Bengt E. W. Nilsson,Gabriele Ferretti,1994,3
Bengt E. W. Nilsson,Henric Larsson,2000,3
Bengt E. W. Nilsson,Magnus Holm,1997,2
Bengt E. W. Nilsson,Mans Henningson,1999,1
Bengt E. W. Nilsson,Martin Cederwall,1994,16
Bengt E. W. Nilsson,Mikkel Nielsen,1999,3
Bengt E. W. Nilsson,Niclas Engberg,1993,2
Bengt E. W. Nilsson,Per Salomonson,1995,2
Bengt E. W. Nilsson,Per Sundell,1993,5
Bengt E. W. Nilsson,Tom Adawi,1997,2
Bengt E. W. Nilsson,Ulf Gran,1997,6
Bengt E. W. Nilsson,Vanicson L. Campos,2000,2
Bengt Ew Nilsson,Martin Cederwall,2000,2
Bengt Ew Nilsson,Mikkel Nielsen,2000,2
Bengt Ew Nilsson,Ulf Gran,2000,2
Benjamin Grinstein,Detlef R. Nolte,1997,6
Benjamin Grinstein,Witold Skiba,2000,3
Benjamin Harms,Roberto Casadio,1996,4
Benoit Bellet,Frederic Geniet,1995,1
Benoit Bellet,Marcus B. Pinto,1995,1
Benoit Bellet,Philippe Garcia,1995,1
Bergfinnur Durhuus,Ryszard Nest,2001,1
Bergfinnur Durhuus,Thordur Jonsson,1993,5
Bernadette Deschepper,Jan Govaerts,1999,1
Bernard De Wit,Dieter Luest,1995,1
Bernard De Wit,Dieter Lust,1996,4
Bernard De Wit,Gabriel Lopes Cardoso,1996,6
Bernard De Wit,Henning Samtleben,2002,1
Bernard De Wit,Hermann Nicolai,1999,2
Bernard De Wit,Ivan Herger,1999,1
Bernard De Wit,Jan Louis,1995,2
Bernard De Wit,Jan Plefka,1997,4
Bernard De Wit,Jurg Kappeli,2002,1
Bernard De Wit,Kasper Peeters,1997,4
Bernard De Wit,Klaus Behrndt,1998,1
Bernard De Wit,Mario Trigiante,2002,1
Bernard De Wit,Martin Rocek,2001,2
Bernard De Wit,Mohab Abou-Zeid,1999,1
Bernard De Wit,Soo-Jong Rey,1996,1
Bernard De Wit,Stefan Vandoren,1998,4
Bernard De Wit,Thomas Mohaupt,1996,6
Bernard De Wit,Vadim Kaplunovsky,1995,1
Bernard De Wit,Wafic A. Sabra,1998,1
Bernard Derrida,Vincent Hakim,1995,1
Bernard Derrida,Vincent Pasquier,1995,1
Bernard Julia,David C. Dunbar,1999,1
Bernard Julia,Domenico Seminara,1999,1
Bernard Julia,Hermann Nicolai,2001,1
Bernard Julia,Igor A. Bandos,2003,1
Bernard Julia,Louis Paulot,2002,3
Bernard Julia,Marc Henneaux,2001,2
Bernard Julia,Mario Trigiante,1999,1
Bernard Julia,Pierre Henry-Labord`Ere,2002,1
Bernard Julia,Pierre Henry-Labordere,2002,2
Bernard Julia,Sebastian Silva,2002,1
Bernard Julia,Thibault Damour,2001,1
Bernard Knaepen,Christiane Schomblond,1996,3
Bernard Knaepen,J. Antonio Garcia,1998,1
Bernard Knaepen,Marc Henneaux,1996,5
Bernard Knaepen,Xavier Bekaert,2000,1
Bernard Nienhuis,Ole Warnaar,1993,1
Bernard Nienhuis,Paul A. Pearce,1997,1
Bernard Nienhuis,Ronald Rietman,1993,1
Bernard Nienhuis,Uwe Grimm,1996,1
Bernardo Uribe,Ernesto Lupercio,2002,1
Bernd Bruegmann,Jorge Pullin,1992,2
Bernd Bruegmann,Rodolfo Gambini,1992,2
Bernd Niemeyer,Gordon Chalmers,2000,1
Bernd Niemeyer,Olaf Lechtenfeld,2000,1
Bernd Schreiber,Stefan Lenz,1995,1
Bernd Schroers,Jae-Suk Park,1998,1
Bernd Schroers,Robbert Dijkgraaf,1998,1
Bernd Spendig,K. Juenemann,2001,1
Bernd Spendig,Olaf Lechtenfeld,2000,2
Berndt Muller,Carsten Greiner,1996,1
Berndt Muller,Sergei G. Matinyan,1996,1
Bernhard Drabant,Wolfgang Weich,1993,1
Bert Janssen,Cesar Gomez,2000,3
Bert Janssen,Diego Rodriguez-Gomez,2003,1
Bert Janssen,Dominic Brecher,2001,2
Bert Janssen,E. Bergshoeff,1995,1
Bert Janssen,Eduardo Eyras,1998,1
Bert Janssen,Eric Bergshoeff,1995,4
Bert Janssen,Jos Gheerardyn,2003,1
Bert Janssen,K. Behrndt,1995,1
Bert Janssen,Klaus Behrndt,1996,1
Bert Janssen,Mees De Roo,1999,1
Bert Janssen,Natxo Alonso-Alberca,2000,1
Bert Janssen,Patrick Meessen,1999,2
Bert Janssen,Pedro J. Silva,2000,3
Bert Janssen,Pedro Silva,2000,1
Bert Janssen,Sudipta Mukherji,1999,1
Bert Janssen,Tomas Ortin,1995,4
Bert Janssen,Yolanda Lozano,1998,7
Bert Schellekens,Christoph Schweigert,1994,4
Bert Schellekens,Jurgen Fuchs,1994,4
Bert Schroer,Detlev Buchholz,2000,1
Bert Schroer,Hans-Juergen Borchers,2000,1
Bert Schroer,Lucio Fassarella,2001,2
Bert Schroer,Michael Duetsch,1999,1
Bertfried Fauser,Harald Stumpf,1995,1
Bertfried Fauser,Heinz Dehnen,1999,2
Bertha Cuadros-Melgar,Bin Wang,2001,1
Bertha Cuadros-Melgar,Elcio Abdalla,2001,3
Bertha Cuadros-Melgar,Sze-Shiang Feng,2001,1
Bertrand Le Roy,Richard Kerner,1996,1
Bertrand Le Roy,Viktor Abramov,1996,1
Betti Hartmann,Bruno Bertrand,2003,1
Betti Hartmann,Burkhard Kleihaus,2000,3
Betti Hartmann,D. H. Tchrakian,2000,2
Betti Hartmann,Eugenio R. Bezerra De Mello,2002,2
Betti Hartmann,Jutta Kunz,1998,5
Betti Hartmann,Yves Brihaye,1998,14
Bhabani Prasad Mandal,Rabin Banerjee,2000,1
Bhabani Prasad Mandal,Satish D. Joglekar,1995,3
Bhabani Prasad Mandal,Shinichi Deguchi,1999,1
Bhabani Prasad Mandal,Subir Mukhopadhyay,1997,1
Bhabani Prasad Mandal,Yuko Kobashi,2002,1
Bhabani Prssad Mandal,Satish D. Joglekar,1996,1
Bianca L. Cerchiai,Bruno Zumino,2000,1
Bihn Zhou,Chuan-Jie Zhu,1999,4
Bijon Bagchi,Jayprokas Chakrabarti,2000,1
Bill Spence,Christopher Hull,2001,1
Bill Spence,Clifford Johnson,1992,1
Bill Spence,Jose Figueroa-Ofarrill,2001,1
Bill Spence,Paul De Medeiros,2001,1
Bill Spence,Tim Morris,1992,1
Billy D. Jones,Robert J. Perry,1996,2
Billy D. Jones,Stanislaw D. Glazek,1996,1
Bin Chen,Chiang-Mei Chen,2003,1
Bin Chen,Feng-Li Lin,2001,6
Bin Chen,Han-Ying Guo,1994,1
Bin Chen,Hao-Gang Ding,1994,1
Bin Chen,Hong-Bo Teng,1994,3
Bin Chen,Ke Wu,1994,5
Bin Chen,Kunihiko Uehara,1996,1
Bin Chen,Miao Li,2002,1
Bin Chen,Takesi Saito,1994,2
Bin Wang,Chi-Yong Lin,2000,1
Bin Wang,Elcio Abdalla,1999,12
Bin Wang,Jiong-Ming Zhu,2001,1
Bin Wang,Li-Hui Xue,2002,2
Bin Wang,R. B. Mann,2001,1
Bin Wang,Ru-Keng Su,2000,5
Bin Wang,Sze-Shiang Feng,1999,3
Bin Wang,W-Y. P. Hwang,2003,1
Bin Wang,W. G. Qiu,2002,1
Bin Wang,Xin-He Meng,1999,1
Bin Wang,Xinmin Zhang,2003,1
Bin Zhou,Han-Ying Guo,2003,1
Bin Zhou,Jianzhong Pan,2003,1
Bin Zhou,Ke Wu,2003,1
Bindu A. Bambah,C. Mukku,1996,2
Bindu A. Bambah,J. Segar,1996,1
Bindu A. Bambah,M. S. Sriram,1996,2
Bindu A. Bambah,S. Lakshmibala,1996,2
Bing He,Ji-Min Wu,2000,1
Bing He,Ying Chen,2000,1
Birgit Wehefritz-Kaufmann,Hubert Saleur,2001,2
Biswajit Chakraborty,Rabin Banerjee,2000,5
Biswajit Chakraborty,Subir Ghosh,2002,1
Biswajit Chakraborty,Tomy Scaria,2000,3
Biswarup Mukhopadhyaya,Saurabh Sur,2001,2
Biswarup Mukhopadhyaya,Somasri Sen,2002,2
Biswarup Mukhopadhyaya,Soumitra Sengupta,1998,4
Bjo Rn Jensen,Ulf Lindstrom,1996,1
Bjorg A. Larson,Dagny M. Kimberly,2002,1
Bjorg A. Larson,J. A. Phillips,2002,1
Bjorg A. Larson,S. James Gates,2002,1
Bjorg A. Larson,V. G. J. Rodgers,2002,1
Bjorg A. Larson,W. D. Linch,2002,1
Bjorn Andreas,Daniel Hernandez Ruiperez,2001,1
Bjorn Andreas,Gottfried Curio,1999,5
Bjorn Andreas,Ruben Minasian,2000,1
Bjorn Andreas,Shing-Tung Yau,2001,1
Bjorn Brinne,Cecilia Albertsson,2001,1
Bjorn Brinne,Douglas J. Smith,2000,2
Bjorn Brinne,Rikard Von Unge,2001,1
Bjorn Brinne,Subir Mukhopadhyay,2000,1
Bjorn Brinne,Svend E. Hjelmeland,1999,1
Bjorn Brinne,Tasneem Zehra Husain,2000,1
Bjorn Brinne,Ulf Lindstrom,1999,2
Bjorn Garbrecht,John F. Donoghue,2001,1
Bjorn Garbrecht,Michael G. Schmidt,2002,1
Bjorn Garbrecht,Thomas Konstandin,2001,1
Bjorn Garbrecht,Tomislav Prokopec,2002,1
Bjorn Jensen,Parviz H. Mani,1997,1
Bl Feigin,Iyu Tipunin,2000,1
Bo Feng,Gaetano Bertoldi,2002,1
Bo Feng,Ian Ellwood,2001,1
Bo Feng,Jan De Boer,2002,1
Bo Feng,Min-Xin Huang,2002,2
Bo Feng,Nicolas Moeller,2001,4
Bo Feng,Nikolaos Prezas,2000,3
Bo Feng,Sebastian Franco,2002,2
Bo Feng,Vijay Balasubramanian,2002,2
Bo Feng,Vishnu Jejjala,2002,1
Bo Feng,Yang Hui He,2002,1
Bo Feng,Yang-Hui He,1999,18
Bo Sundborg,Gabriele Ferretti,1996,1
Bo Sundborg,Martin Kruczenski,2000,1
Bo Sundborg,Parviz Haggi-Mani,2000,1
Bo Sundborg,Teresia Mansson,2000,1
Bo Sundborg,Ulf H. Danielsson,1995,4
Bo Zhang,Ming Yu,1998,1
Bo-Qiang Ma,Dae Sung Hwang,2000,1
Bo-Qiang Ma,Ivan Schmidt,2000,1
Bo-Qiang Ma,Stanley J. Brodsky,2000,1
Bo-Sture Skagerstam,David Persson,1993,1
Bo-Sture Skagerstam,Per Elmfors,1993,2
Bo-Yu Hou,Bo-Yuan Hou,1994,4
Bo-Yu Hou,Dan-Tao Peng,2001,4
Bo-Yu Hou,Heng Fan,1996,4
Bo-Yu Hou,Kai Chen,2000,5
Bo-Yu Hou,Kang-Jie Shi,1996,8
Bo-Yu Hou,Rui-Hong Yue,2001,3
Bo-Yu Hou,Rui-Hongyue,2002,1
Bo-Yu Hou,Ryu Sasaki,2003,1
Bo-Yu Hou,Wen-Li Yang,1996,11
Bo-Yu Hou,Yan-Shen Wang,1999,1
Bo-Yu Hou,Yi-Xin Chen,2002,1
Bo-Yu Hou,Zhan-Ning Hu,1994,3
Bo-Yu Hou,Zhong-Qi Ma,1994,2
Bo-Yu Hou,Zhong-Xia Yang,1996,1
Bo-Yuan Hou,Rui-Hong Yue,2001,1
Bo-Yuan Hou,Yi-Xin Chen,2002,1
Bo-Yuan Hou,Zhong-Qi Ma,1994,3
Bob Bacus,V. G. J. Rodgers,2000,1
Bob Holdom,Hael Collins,2000,2
Bobby Acharya,Cumrun Vafa,2001,2
Bobby Acharya,Edward Witten,2001,1
Bobby Acharya,Kentaro Hori,2002,1
Bobby Acharya,Mina Aganagic,2002,1
Bobby Acharya,Sergei Gukov,2002,1
Bobby Acharya,Xenia De La Ossa,2002,1
Bobby E. Gunara,David P. Hutasoit,1999,1
Bobby E. Gunara,Freddy P. Zen,1999,1
Bobby E. Gunara,Roby Muhamad,1999,1
Bobby S. Acharya,Jerome P. Gauntlett,2000,1
Bobby S. Acharya,Nakwoo Kim,2000,1
Bodo Geyer,Dietmar Muelsch,2000,1
Bodo Geyer,Dietmar Mulsch,1999,4
Bodo Geyer,Dmitry Gitman,1999,1
Bodo Geyer,Ilya Shapiro,1999,1
Bodo Geyer,Markus Lazar,2000,1
Bodo Geyer,Pavel Yu. Moshin,1999,2
Bodo Geyer,Petr Lavrov,2001,2
Bodo Geyer,Petr M. Lavrov,1999,2
Bogdan Florea,David R. Morrison,2000,1
Bogdan Florea,Duiliu-Emanuel Diaconescu,2000,3
Bogdan Florea,Govindan Rajesh,2000,1
Bogdan Florea,Harald Skarke,2001,1
Bogdan Florea,Philip Candelas,2000,1
Bogdan Florea,Richard Corrado,1999,1
Bogdan Florea,Robert Mcnees,1999,1
Bogdan Florea,Xenia De La Ossa,2001,1
Bogdan Kulik,Radu Roiban,2000,1
Bogdan Morariu,Bruno Zumino,1998,6
Bogdan Morariu,Daniel Brace,1998,6
Bogdan Morariu,Michael Graesser,1997,1
Bogdan Morariu,Paolo Aschieri,1999,2
Bogomil Gerganov,Costas J. Efthimiou,1998,1
Bogomil Gerganov,Marco Ameduri,1998,1
Boguslaw Broda,Grzegorz Duniec,2002,1
Boguslaw Broda,Malgorzata Bakalarska,1998,4
Bojan Gornik,N. Mankoc Borstnik,2001,1
Bojan Gornik,Norma Mankoc Borstnik,2001,1
Bokai Yang,Chin-Rong Lee,1995,1
Bokai Yang,Rue-Ron Hsu,1995,1
Bom Soo Kim,Hyuk-Jae Lee,1999,1
Bom Soo Kim,Jae Hyung Yee,1999,1
Bong H. Lian,Gregg J. Zuckerman,1992,4
Bong H. Lian,Keiji Oguiso,2002,1
Bong H. Lian,Shing-Tung Yau,1994,4
Bong H. Lian,Shinobu Hosono,2002,1
Boris Barbashov,Piotr Flin,2002,1
Boris Barbashov,Victor Pervushin,2002,1
Boris Dubrovin,Youjin Zhang,1996,2
Boris Feigin,Edward Frenkel,1993,3
Boris Feigin,Feodor Malikov,1993,2
Boris Feigin,Oleg Andreev,1994,1
Boris Feigin,Vadim Schechtman,1994,1
Boris K Ors,Michael G. Schmidt,1998,1
Boris Kastening,Hagen Kleinert,1999,1
Boris Kastening,M. Bachmann,1999,1
Boris Khesin,Claude Roger,1994,1
Boris Khesin,Feodor Malikov,1994,1
Boris Khesin,Ilya Zakharevich,1993,1
Boris Khesin,Pavel Etingof,1993,1
Boris Khesin,Volodimir Lyubashenko,1994,1
Boris Konopelchenko,Robert Carroll,1995,1
Boris Kors,Dieter Lust,1999,14
Boris Kors,Gottfried Curio,2001,2
Boris Kors,Lars Goerlich,1999,6
Boris Kors,Michael G. Schmidt,2000,1
Boris Kors,Michael Haack,1999,1
Boris Kors,Ralph Blumenhagen,1999,13
Boris Kors,Tassilo Ott,2001,3
Boris Kors,Volker Braun,2002,2
Boris Noyvert,Doron Gepner,2001,1
Boris Pioline,Elias Kiritsis,1997,1
Boris Rusakov,Marek Karliner,1992,1
Boris Zupnik,Evgeny Ivanov,1998,1
Boris Zupnik,Olaf Lechtenfeld,1998,1
Borut Bajc,Gregory Gabadadze,1999,1
Boyu Hou,Kangjie Shi,1995,1
Boyu Hou,Liu Chao,1995,1
Boyu Hou,Ruihong Yue,2001,1
Boyu Hou,Wenli Yang,1995,1
Boyu Hou,Yanshen Wang,1995,1
Boyu Hou,Yongqiang Wang,2001,1
Boyu Hou,Zhanying Yang,2001,1
Brandon Bates,Frederik Denef,2003,1
Brandon Carter,David Langlois,1995,3
Brandon Carter,Jean-Philippe Uzan,2001,2
Brandon Carter,Patrick Peter,1999,1
Brandon Carter,Richard A. Battye,2001,2
Brandon Carter,Ruth Gregory,1994,1
Branislav Jurco,Igor Bakovic,2002,1
Branislav Jurco,Julius Wess,2000,7
Branislav Jurco,Lutz Moller,2001,1
Branislav Jurco,Paolo Aschieri,2002,2
Branislav Jurco,Peter Schupp,2000,9
Branislav Jurco,Stefan Schraml,2000,2
Branislav Sazdovic,Branko Dragovich,2002,1
Branislav Sazdovic,Olivera Miskovic,1998,1
Branko Dragovich,Zoran Rakic,2003,1
Branko Urosevic,Julian Lee,1994,1
Brenno Carlini Vallilo,Nathan Berkovits,2000,3
Brenno Carlini Vallilo,Sergei Gukov,2001,1
Brent H. Allen,Robert J. Perry,1998,3
Brent H. Allen,Roger D. Kylin,1998,1
Brent Nelson,Mary K. Gaillard,1999,2
Brent Nelson,Yi-Yen Wu,1999,1
Brett Van De Sande,John Hiller,1994,1
Brett Van De Sande,Matthias Burkardt,1995,1
Brett Van De Sande,Stephen Pinsky,1992,1
Brett Van De Sande,Steve Pinsky,1994,1
Brian C. Hall,Bruce K. Driver,1998,1
Brian Davies,Masato Okado,1995,1
Brian Davies,Michio Jimbo,1992,1
Brian Davies,Omar Foda,1992,1
Brian Davies,Tetsuji Miwa,1992,1
Brian Greene,Frederik Denef,2001,1
Brian Greene,Mark Raugas,2001,1
Brian Greene,Paul Aspinwall,1994,1
Brian J. Hand,George Leibbrandt,1995,1
Brian P. Dolan,C. Nash,2002,2
Brian P. Dolan,Denjoe Oconnor,2001,3
Brian P. Dolan,J. Lee,2001,1
Brian P. Dolan,Oliver Jahn,2001,1
Brian P. Dolan,P. Presnajder,2001,1
Brian P. Dolan,Peter Presnajder,2002,1
Brian P. Dolan,X. Martin,2001,1
Brian R. Greene,C. I. Lazaroiu,1998,3
Brian R. Greene,Chong-Sun Chu,2000,1
Brian R. Greene,Chris Beasley,1999,1
Brian R. Greene,Christopher M. Oneill,1992,1
Brian R. Greene,Cumrun Vafa,1996,1
Brian R. Greene,Daniel Kabat,2002,1
Brian R. Greene,David R. Morrison,1993,6
Brian R. Greene,Gary Shiu,2000,6
Brian R. Greene,Jacques Distler,1997,1
Brian R. Greene,Koenraad Schalm,2000,3
Brian R. Greene,M. R. Plesser,1999,1
Brian R. Greene,M. Ronen Plesser,1994,1
Brian R. Greene,Mark G. Jackson,2002,2
Brian R. Greene,Mark Gross,1995,1
Brian R. Greene,Mark Raugas,1998,1
Brian R. Greene,Michael R. Douglas,1997,2
Brian R. Greene,Paul S. Aspinwall,1993,2
Brian R. Greene,Richard Easther,2001,5
Brian R. Greene,Samir D. Mathur,1992,1
Brian R. Greene,Ti-Ming Chiang,1995,3
Brian R. Greene,William H. Kinney,2001,2
Brian R. Greene,William H. Kinney Gary Shiu,2002,1
Brian R. Greene,Yakov Kanter,1995,2
Brian Wecht,Ken Intriligator,2003,1
Brian Wecht,Thomas Mehen,2002,1
Brook Williams,John Mcgreevy,2002,1
Brook Williams,Simeon Hellerman,2002,1
Bruce A. Bassett,Marco Serone,2003,1
Bruce A. Bassett,Monica Borunda,2003,1
Bruce A. Bassett,Shinji Tsujikawa,2003,1
Bruce A. Campbell,Kirk Kaminsky,2000,3
Bruce Hunt,Rolf Schimmrigk,1995,1
Bruce M. Boghosian,Peter J. Love,2002,1
Bruce W. Westbury,John W. Barrett,1993,3
Bruno Bertrand,Yves Brihaye,2003,1
Bruno Carneiro Da Cunha,Emil J. Martinec,2003,1
Bruno G. Carneiro Da Cunha,P. Teotonio-Sobrinho,1997,1
Bruno Iochum,Daniel Kastler,1995,4
Bruno Iochum,Lionel Carminati,1996,3
Bruno Iochum,Thomas Schucker,1994,8
Bruno Van Den Bossche,Hagen Kleinert,2001,1
Bruno Zumino,C. Chryssomalakos,1994,1
Bruno Zumino,Chong-Sun Chu,1996,2
Bruno Zumino,Daniel Brace,1998,5
Bruno Zumino,M. Schlieker,1994,1
Bruno Zumino,Mary K. Gaillard,1997,2
Bruno Zumino,Paolo Aschieri,1999,2
Bruno Zumino,Paul Watts,1992,5
Bruno Zumino,Pei-Ming Ho,1996,2
Bruno Zumino,Peter Schupp,1992,6
Bryce Dewitt,Carmen Molina-Paris,1995,2
Bryce Yan,John M. Cornwall,1995,1
Bs Acharya,Cm Hull,1998,1
Bs Acharya,Jm Figueroa-Ofarrill,1997,5
Bs Acharya,M Oloughlin,1997,1
Bs Acharya,S Stanciu,1998,1
Bugra Borasoy,Dean Lee,1999,1
Bukyung Sul,Kyoungtae Kimm,1997,1
Bulat I. Suleimanov,Vadim R. Kudashev,1998,1
Bum-Hoon Lee,Chaiho Rim,2001,1
Bum-Hoon Lee,Chang-Yeong Lee,1999,1
Bum-Hoon Lee,Changhyun Ahn,1998,2
Bum-Hoon Lee,Chanju Kim,1993,1
Bum-Hoon Lee,Chanyong Park,2002,2
Bum-Hoon Lee,Choonkyu Lee,1993,1
Bum-Hoon Lee,Dongsu Bak,1999,1
Bum-Hoon Lee,Eunsang Kim,1999,1
Bum-Hoon Lee,Hoil Kim,1998,2
Bum-Hoon Lee,Hyuk-Jae Lee,1999,1
Bum-Hoon Lee,Hyun Seok Yang,1995,15
Bum-Hoon Lee,Hyunsoo Min,1993,3
Bum-Hoon Lee,Inbo Kim,1998,2
Bum-Hoon Lee,Jongwook Kim,2003,1
Bum-Hoon Lee,Keun-Young Kim,2000,3
Bum-Hoon Lee,Ki Boum Eom,2002,1
Bum-Hoon Lee,Kimyeong Lee,2000,1
Bum-Hoon Lee,Koji Hashimoto,1999,1
Bum-Hoon Lee,Kyung-Seok Cha,2002,1
Bum-Hoon Lee,Kyungsun Moon,2001,1
Bum-Hoon Lee,Nakwoo Kim,1999,1
Bum-Hoon Lee,Naoki Sasakura,1999,1
Bum-Hoon Lee,Nobuyoshi Ohta,1999,1
Bum-Hoon Lee,Pyungwon Ko,1993,1
Bum-Hoon Lee,Soon-Tae Hong,2001,1
Bum-Hoon Lee,Sung-Shig Kang,2002,1
Bum-Hoon Lee,Young-Jai Park,2001,1
Bumseok Kyae,Hyun Min Lee,2000,5
Bumseok Kyae,Jihn E. Kim,2000,6
Bunji Sakita,Dimitra Karabali,2001,2
Burak T. Kaynak,Metin Arik,2002,1
Burkhard Eden,Christian Schubert,2000,1
Burkhard Eden,Emery Sokatchev,2000,1
Burkhard Eden,Giancarlo Rossi,2002,1
Burkhard Eden,Massimo Bianchi,2002,1
Burkhard Eden,Yassen S. Stanev,2002,1
Burkhard Kleihaus,Jutta Kunz,1995,11
Burkhard Kleihaus,Marion Wirschins,1998,1
Burkhard Seif,Thomas Guhr,1998,1
Burkhard Seif,Tilo Wettig,1998,1
Burt A. Ovrut,Charles F. Doran,2001,1
Burt A. Ovrut,Daniel Waldram,1995,31
Burt A. Ovrut,Dieter Luest,1999,1
Burt A. Ovrut,Dieter Lust,1994,2
Burt A. Ovrut,Evgeny Buchbinder,2002,1
Burt A. Ovrut,Evgeny I. Buchbinder,2002,2
Burt A. Ovrut,Gabriel Lopes Cardoso,1992,4
Burt A. Ovrut,Greg Huey,2000,1
Burt A. Ovrut,Ioseph Buchbinder,1997,1
Burt A. Ovrut,Ioseph L. Buchbinder,1997,1
Burt A. Ovrut,Jaemo Park,2000,1
Burt A. Ovrut,Justin Khoury,2001,5
Burt A. Ovrut,K. S. Stelle,1998,2
Burt A. Ovrut,Kristin Forger,1996,1
Burt A. Ovrut,Matthias Braendle,2000,1
Burt A. Ovrut,Michael Faux,1999,3
Burt A. Ovrut,Nathan Seiberg,2001,1
Burt A. Ovrut,Neil Turok,2001,5
Burt A. Ovrut,Paul J. Steinhardt,2000,6
Burt A. Ovrut,Rene Reinbacher,2002,2
Burt A. Ovrut,Ron Donagi,1998,8
Burt A. Ovrut,Ron Y. Donagi,2001,1
Burt A. Ovrut,Sergei M. Kuzenko,1997,1
Burt A. Ovrut,Stefan J. Theisen,1996,1
Burt A. Ovrut,Tony Pantev,1999,5
Burt A. Ovrut,Zachary Guralnik,2001,1
Burt A. Ovrut,Zygmunt Lalak,1997,1
Burt Ovrut,Dan Waldram,2000,1
Burt Ovrut,Daniel Waldram,1998,1
Burt Ovrut,Eduardo Lima,2001,2
Burt Ovrut,Ioseph Buchbinder,1998,1
Burt Ovrut,Jaemo Park,2001,2
Burt Ovrut,Ram Brustein,1992,1
Burt Ovrut,Rene Reinbacher,2001,1
Burt Ovrut,Ron Donagi,2000,1
Burt Ovrut,Sergei Kuzenko,1998,1
Burt Ovrut,Tony Pantev,2000,1
Burt Ovrut,Zachary Guralnik,2000,1
Byungbae Kim,Ivan T. Ivanov,1994,1
Byungbae Kim,Martin Rocek,1994,1
Byungbae Kim,Martin Rov Cek,1994,1
Byungbae Kim,Ulf Lindstrom,1994,1
Byungkoo Lee,Soonkeon Nam,1997,1
C Koehl,Jm Figueroa-Ofarrill,1997,2
C-I Tan,E. Vicari,1995,1
C-I Tan,K. Orginos,1995,1
C-I Tan,M. Campostrini,1995,1
C-I Tan,P. Rossi,1995,1
C-I Tan,R. C. Brower,1995,2
C-M. Viallet,G. Rollet,1992,1
C-M. Viallet,J-M. Maillard,1992,2
C-M. Viallet,M. Bellon,1993,1
C-M. Viallet,M. P. Bellon,1992,1
C-M. Viallet,S. Boukraa,1993,1
C. A. A. De Carvalho,D. G. Barci,1996,1
C. A. A. De Carvalho,E. S. Fraga,1994,2
C. A. A. De Carvalho,John M. Cornwall,2001,1
C. A. A. De Carvalho,N. Bralic,1997,1
C. A. A. De Carvalho,P. Donatis,1997,1
C. A. A. De Carvalho,R. M. Cavalcanti,1995,3
C. A. G. Almeida,D. Bazeia,2001,1
C. A. G. Almeida,L. Losano,2001,1
C. A. G. Sasaki,C. Linhares De Jesus,1997,1
C. A. G. Sasaki,D. G. G. Sasaki,1998,1
C. A. G. Sasaki,F. Fucito,1997,1
C. A. G. Sasaki,J. L. Boldo,2000,2
C. A. G. Sasaki,L. C. Q. Vilar,1995,8
C. A. G. Sasaki,M. Carvalho,1995,2
C. A. G. Sasaki,M. Henneaux,1997,1
C. A. G. Sasaki,O. S. Ventura,1997,4
C. A. G. Sasaki,S. P. Sorella,1995,9
C. A. G. Sasaki,V. E. R. Lemes,1997,2
C. A. Garcia Canal,H. Fanchiotti,2002,1
C. A. Garcia Canal,L. N. Epele,2002,1
C. A. Garcia Canal,M. Marucho,2002,1
C. A. Hurst,Hendrik Grundling,1997,1
C. A. Iucci,C. M. Naon,2001,1
C. A. Iucci,V. I. Fernandez,2001,1
C. A. Linhares,D. G. G. Sasaki,1999,1
C. A. Linhares,L. C. Q. Vilar,1998,2
C. A. Linhares,S. P. Sorella,1998,2
C. A. Linhares,V. E. R. Lemes,1998,2
C. A. Lutken,C. P. Burgess,1994,1
C. A. Lutken,F. Quevedo,1994,1
C. A. Lutken,J. I. Latorre,1997,1
C. A. Lutken,J. Walcher,1999,1
C. A. Lutken,P. Kaste,1999,1
C. A. Lutken,W. Lerche,1999,1
C. A. R. Herdeiro,G. W. Gibbons,1999,3
C. A. S. Almeida,D. M. Medeiros,2000,3
C. A. S. Almeida,Deusdedit M. Medeiros,1999,1
C. A. S. Almeida,F. A. S. Nobre,1999,1
C. A. S. Almeida,F. S. A. Cavalcante,1997,1
C. A. S. Almeida,H. R. Christiansen,1997,1
C. A. S. Almeida,M. A. M. Gomes,2000,1
C. A. S. Almeida,M. H. Pacheco,2003,1
C. A. S. Almeida,M. S. Cunha,1997,2
C. A. S. Almeida,R. R. Landim,1999,7
C. A. Savoy,C. Grojean,1997,1
C. A. Savoy,Ph Brax,1997,1
C. A. Savoy,Ph. Brax,2001,1
C. A. Scrucca,F. Zwirner,2001,1
C. A. Scrucca,G. Grignani,1996,1
C. A. Scrucca,J. C. Plefka,1998,1
C. A. Scrucca,J. F. Morales,1997,2
C. A. Scrucca,L. Silvestrini,2001,1
C. A. Scrucca,M. Bertolini,1998,1
C. A. Scrucca,M. Serone,1997,4
C. A. Scrucca,M. Trapletti,2002,1
C. A. Scrucca,P. Creminelli,2002,1
C. A. Scrucca,P. Fre`,1998,1
C. A. Scrucca,P. Sodano,1996,1
C. A. Scrucca,R. Barbieri,2002,1
C. A. Scrucca,R. Contino,2002,1
C. A. Scrucca,R. Iengo,1998,1
C. A. Scrucca,R. Rattazzi,2002,1
C. A. Trugenberger,F. Quevedo,1996,1
C. A. Trugenberger,G. R. Zemba,1992,6
C. A. Trugenberger,G. V. Dunne,1992,2
C. A. Trugenberger,H. Kleinert,1998,2
C. A. Trugenberger,M. C. Diamantini,1993,8
C. A. Trugenberger,P. Sodano,1993,2
C. A. Trugenberger.,M. C. Diamantini,1995,1
C. A. Trugenberger.,P. Sodano,1995,1
C. Acerbi,G. Mussardo,1996,2
C. Adam,C. Ekstrand,2000,1
C. Adam,C. Nash,1999,9
C. Adam,F. R. Klinkhamer,2001,2
C. Adam,J. Sanchez-Guillen,2003,1
C. Adam,T. Sykora,2000,1
C. Ahn,G. Delfino,1993,1
C. Ahn,G. Mussardo,1993,1
C. Ahn,S. Krivonos,1995,1
C. Ahn,W. M. Koo,1995,3
C. Albertsson,M. Rocek,2001,1
C. Albertsson,R. Von Unge,2001,1
C. Albertsson,U. Lindstrom,2001,1
C. Alexandrou,R. Rosenfelder,1998,4
C. Angelantonj,E. Dudas,1999,3
C. Angelantonj,G. Dappollonio,1999,1
C. Angelantonj,G. Pradisi,1996,1
C. Angelantonj,I. Antoniadis,1999,3
C. Angelantonj,J. Mourad,2002,1
C. Angelantonj,K. Foerger,1999,1
C. Angelantonj,M. Bianchi,1996,1
C. Angelantonj,Ya. S. Stanev,1996,1
C. Aragone,P. J. Arias,1993,3
C. Aragone,Pio J. Arias,1993,1
C. Armendariz-Picon,Eugene A. Lim,2003,1
C. Armendariz-Picon,Patrick B. Greene,2003,1
C. Armendariz-Picon,T. Damour,1999,1
C. Armendariz-Picon,V. Mukhanov,1999,1
C. Arvanitis,F. Geniet,1995,2
C. Arvanitis,J.-L. Kneur,1995,1
C. Arvanitis,M. Iacomi,1995,1
C. Arvanitis,R. Tzani,1996,1
C. B. Guan,H. Y. Guo,2001,1
C. B. Guan,Z. Chang,2001,2
C. B. Lang,K. Splittorff,2001,1
C. B. Lang,M. Oswald,2001,1
C. B. Thorn,O. Bergman,1997,1
C. B. Thorn,R. R. Metsaev,2000,1
C. Bachas,C. De Calan,1994,1
C. Bachas,C. Fabre,1995,4
C. Bachas,C. Schweigert,2000,1
C. Bachas,E. Dudas,1999,1
C. Bachas,E. Kiritsis,1993,3
C. Bachas,H. Ooguri,2001,1
C. Bachas,H. Partouche,1996,1
C. Bachas,I. Antoniadis,1996,3
C. Bachas,J. De Boer,2001,1
C. Bachas,J. Hoppe,2000,1
C. Bachas,M. Douglas,2000,1
C. Bachas,M. Petropoulos,2000,1
C. Bachas,M. Porrati,1992,1
C. Bachas,N. A. Obers,1997,1
C. Bachas,P. M. S. Petropoulos,1994,1
C. Bachas,P. Vanhove,1997,1
C. Bachas,R. Dijkgraaf,2001,1
C. Bachas,T. N. Tomaras,1994,1
C. Bachas,T. R. Taylor,1996,1
C. Bachas,T. Yanagida,1995,1
C. Bagnuls,C. Bervillier,1997,7
C. Bagnuls,D. I. Meiron,2000,1
C. Barnes,N. Turok,1997,1
C. Barnes,W. K. Baskerville,1997,1
C. Bartocci,M. Carfora,1994,1
C. Bartocci,U. Bruzzo,1994,1
C. Becchi,C. Imbimbo,1996,4
C. Becchi,S. Giusto,1996,4
C. Bervillier,D. I. Meiron,2000,1
C. Bizdadea,C. C. Ciobirca,2003,2
C. Bizdadea,E. M. Cioroianu,1999,10
C. Bizdadea,E. N. T^Imneanu,1999,1
C. Bizdadea,I. Negru,1999,5
C. Bizdadea,L. Saliu,2000,2
C. Bizdadea,M. G. Mocioaca,2000,1
C. Bizdadea,M. T. Miauta,2001,3
C. Bizdadea,S. C. Sararu,2003,2
C. Bizdadea,S. O. Saliu,1995,26
C. Burdik,L. Cerny,1992,1
C. Burdik,M. Tsulaia,2000,3
C. Burdik,O. Navratil,1992,2
C. Burdik,P. Hellinger,1993,1
C. C. Ciobirca,E. M. Cioroianu,2003,2
C. C. Ciobirca,S. C. Sararu,2003,2
C. C. Ciobirca,S. O. Saliu,2003,2
C. C. Lassig,G. C. Joshi,1996,2
C. C. Lassig,G. C. Joshi.,1995,1
C. C. Taylor,M. A. Hartman,1999,1
C. Callan,D. Freed,1992,1
C. Campigotto,M. Kibler,1994,1
C. Campigotto,Yu. F. Smirnov,1994,1
C. Cartier,E. J. Copeland,1999,2
C. Cartier,R. Durrer,2003,1
C. Cartier,R. Madden,1999,1
C. Castro,E. I. Guendelman,2002,1
C. Castro,E. Spallucci,1998,7
C. Castro,M. Pavsic,2001,2
C. Castro,S. Ansoldi,1998,7
C. Chiou-Lahanas,E. Papantonopoulos,1995,1
C. Chiou-Lahanas,G. A. Diamandis,1995,3
C. Chiou-Lahanas,X. N. Maintas,1995,3
C. Chryssomalakos,H. Quevedo,2001,1
C. Chryssomalakos,J. A. De Azcarraga,1998,2
C. Chryssomalakos,J. C. Perez Bueno,1998,2
C. Chryssomalakos,J. D. Vergara,2001,1
C. Chryssomalakos,J. M. Izquierdo,1999,1
C. Chryssomalakos,M. Rosenbaum,2001,1
C. Chryssomalakos,Peter Schupp,1994,1
C. Codirla,H. Osborn,1997,1
C. Codirla,M. J. Perry,1998,1
C. Crnkovic,J. L. F. Barbon,1992,1
C. Crnkovic,L. Alvarez-Gaume,1992,1
C. Cronstrom,M. Noga,1994,1
C. Csaki,E. Poppitz,2001,1
C. Csaki,J. Erlich,2001,1
C. Csaki,V. V. Khoze,2001,1
C. Csaki,Y. Shadmi,2001,1
C. Csaki,Y. Shirman,2001,1
C. Cummins,L. Begin,1998,3
C. Cummins,L. Lapointe,2001,1
C. Cummins,M. A. Walton,2002,1
C. Cummins,P. Mathieu,1998,3
C. Curto,S. J. Gates,2000,1
C. Curto,V. G. J. Rodgers,2000,1
C. D. Fosco,C. Nu~Nez,1997,1
C. D. Fosco,C. P. Constantinidis,2003,1
C. D. Fosco,D. G. Barcy,1995,1
C. D. Fosco,E. Fradkin,1999,1
C. D. Fosco,F. A. Schaposnik,1995,11
C. D. Fosco,F. D. Mazzitelli,1996,1
C. D. Fosco,G. L. Rossini,1997,2
C. D. Fosco,I. J. R. Aitchison,1996,3
C. D. Fosco,J. C. Le Guillou,1998,1
C. D. Fosco,L. Da Rold,2001,2
C. D. Fosco,L. E. Oxman,1995,3
C. D. Fosco,M. L. Ciccolini,2000,2
C. D. Fosco,N. Bralic,1995,1
C. D. Fosco,N. F. Svaiter,1999,1
C. D. Fosco,O. S. Ventura,2000,1
C. D. Fosco,R. C. Trinchero,1993,3
C. D. Fosco,R. E. Gamboa Saravi,1999,1
C. D. Fosco,S. P. Sorella,2000,2
C. D. Fosco,S. Randjbar-Daemi,1995,1
C. D. Fosco,T. Matsuyama,1996,4
C. D. Fosco,V. E. R. Lemes,2000,1
C. D. Froggatt,H. B. Nielsen,2000,1
C. D. Froggatt,N. Mankoc Borstnik,2000,1
C. D. Palmer,M. E. Carrington,2001,1
C. Daboul,J. Daboul,1994,1
C. Daboul,P. Slodowy,1994,1
C. Dantoni,D. Buchholz,1994,1
C. Dappiaggi,G. Arcioni,2002,1
C. Dappiaggi,M. Carfora,2002,1
C. Daskaloyannis,D. Bonatsos,1994,1
C. Daskaloyannis,D. Ellinas,1994,1
C. Daskaloyannis,D. Lenis,1994,2
C. Daskaloyannis,Dennis Bonatsos,1993,6
C. Daskaloyannis,K. Kanakoglou,1999,1
C. Daskaloyannis,K. Kokkotas,1993,1
C. Daskaloyannis,P. Kolokotronis,1994,4
C. De Calan,P. M. S. Petropoulos,1994,1
C. De Concini,C. Procesi,1993,1
C. De Concini,Victor G. Kac,1993,1
C. Deffayet,E. Dudas,1998,1
C. Deffayet,P. Binetruy,1998,1
C. Deffayet,P. Ramond,1998,1
C. Deliduman,D. Minic,1998,4
C. Deliduman,I. Bars,1997,6
C. Deliduman,O. Andreev,1998,1
C. Destri,E. Onofri,1992,2
C. Destri,H. J. De Vega,1992,5
C. Destri,L. Belardinelli,1995,1
C. Destri,P. Maraner,1992,1
C. Destri,T. Segalini,1995,1
C. Devchand,J. Nuyts,1996,1
C. Devchand,Jean Nuyts,1997,1
C. Devchand,Jeremy Schiff,1996,2
C. Dib,I. Schmidt,1997,1
C. Dib,O. Espinosa,1997,1
C. Duval,L. Palla,1994,3
C. Duval,P. A. Horvathy,1994,8
C. Duval,V. Ovsienko,1994,1
C. Duval,Z. Horvath,1994,1
C. E. Beasley,M. R. Plesser,2001,1
C. E. Carlson,C. Molina-Paris,1997,1
C. E. Carlson,J. Perez-Mercader,1997,1
C. E. Carlson,Matt Visser,1997,1
C. Ekstrand,J. Mickelsson,1999,1
C. Ekstrand,T. Sykora,2000,1
C. Emmrich,H. Roemer,1997,1
C. Emmrich,H. Romer,1996,1
C. F. De Araujo,Jr.,1997,1
C. F. De Araujo,L. Tomio,1997,1
C. F. De Araujo,S. K. Adhikari,1997,1
C. F. De Araujo,T. Frederico,1997,1
C. F. E. Holzhey,F. Wilczek,1992,1
C. F. Kristjansen,J. Ambjorn,1992,6
C. F. Kristjansen,J. Jurkiewicz,1992,3
C. F. Kristjansen,L. Chekhov,1993,1
C. F. Kristjansen,S. Jain,1993,1
C. F. Kristjansen,Y. M. Makeenko,1992,1
C. F. Kristjansen,Yu. Makeenko,1993,1
C. F. Kristjansen,Z. Burda,1993,1
C. F. L. Godinho,C. N. Ferreira,2001,2
C. F. L. Godinho,J. A. Helayel-Neto,2002,2
C. F. L. Godinho,M. Botta Cantcheff,2003,1
C. F. Talavera,J. Cruz,1996,1
C. F. Talavera,J. Navarro-Salas,1993,6
C. F. Talavera,M. Navarro,1994,5
C. F. Talavera,V. Aldaya,1994,1
C. Fabre,E. Kiritsis,1997,1
C. Fabre,H. Partouche,1996,1
C. Fabre,I. Antoniadis,1996,1
C. Fabre,N. A. Obers,1997,1
C. Fabre,P. Vanhove,1997,1
C. Fabre,T. R. Taylor,1996,1
C. Fabre,T. Yanagida,1995,1
C. Farina,F. A. Barone,2003,1
C. Farina,F. C. Santos,2000,1
C. Farina,F. C. Santos. A. C. Santos,1998,1
C. Farina,H. Boschi-Filho,1994,6
C. Farina,J. F. M. Mendes,2001,1
C. Farina,J. J. Passos Sobrinho,2000,1
C. Farina,J. Rafelski,1997,1
C. Farina,L. A. S. Machado,2002,1
C. Farina,L. C. Albuquerque,1994,1
C. Farina,L. C. De Albuquerque,1994,1
C. Farina,M. R. Negrao,1998,4
C. Farina,M. V. Cougo-Pinto,1993,10
C. Farina,P. A. Maia Neto,2002,1
C. Farina,P. F. Borges,1996,4
C. Farina,R. M. Cavalcanti,2003,1
C. Farina,S. J. Rabello,1994,1
C. Farina,Silvio J. Rabello,1994,1
C. Ford,C. Wiesendanger,1996,1
C. Ford,G. Jorjadze,2000,2
C. Ford,G. Weigt,2000,2
C. Ford,I. Sachs,1997,1
C. Ford,I. Sachs ),1995,1
C. Ford,J. M. Pawlowski,2000,1
C. Ford,J. Pawlowski,1998,1
C. Ford,L. Oraifeartaigh,1995,1
C. Ford,T. Tok,1998,4
C. Ford,U. G. Mitreuter,1998,1
C. Fosco,F. A. Schaposnik,1997,2
C. Fosco,G. L. Rossini,1997,1
C. Fraser,D. Fabbri,1999,1
C. Fraser,G. Dallagata,1999,1
C. Fraser,M. A. C. Kneipp,1995,2
C. Fraser,M. Trigiante,1999,1
C. Fraser,N. Dorey,1995,2
C. Fraser,P. Fre,1999,1
C. Fraser,P. Termonia,1999,1
C. Fraser,T. J. Hollowood,1995,2
C. Fronsdal,S. Ferrara,1997,4
C. Fusi,K. Yoshida,1998,1
C. Fusi,S. Arnone,1998,1
C. G. Beneventano,E. M. Santangelo,1995,6
C. G. Beneventano,K. Kirsten,1999,1
C. G. Beneventano,M. De Francia,1998,3
C. G. Bollini,D. G. Barci,1996,1
C. G. Bollini,L. E. Oxman,1996,1
C. G. Bollini,M. C. Rocca,1996,5
C. G. Bollini,T. Escobar,1998,1
C. G. Bollini L. E. Oxman,M. C. Rocca,1996,1
C. G. Callan,I. R. Klebanov,1995,2
C. G. Callan,J. M. Maldacena,1995,1
C. G. Callan,L. Thorlacius,1998,1
C. G. Callan,S. S. Gubser,1996,1
C. G. Carvalhaes,C. P. Natividade,1995,1
C. G. Carvalhaes,H. Boschi Filho,1995,1
C. G. Carvalhaes,L. V. Belvedere,1995,4
C. G. Carvalhaes,N. A. Lemos,1997,3
C. G. Carvalhaes,R. L. P. G. Amaral,1997,2
C. G. Carvalhaes,R. L. P. G. Do Amaral,1998,1
C. G. Ducati,Celso C. Nishi,2001,1
C. G. Ducati,S. De Leo,2001,1
C. G. Torre,I. M. Anderson,1996,1
C. G. Torre,M. Varadarajan,1997,2
C. G. Wells,C. J. Fewster,1994,1
C. G. Wells,G. W. Gibbons,1993,1
C. Garcia-Recio,L. L. Salcedo,2000,1
C. Gomez,E. Alvarez,1998,5
C. Gomez,E. Lopez,1993,10
C. Gomez,G. Sierra,1992,8
C. Gomez,L. Hernandez,2000,1
C. Gomez,R. Cuerno,1992,2
C. Gomez,R. Hernandez,1995,5
C. Gomez,T. Ortin,1998,1
C. Gonera,P. Kosinski,1998,3
C. Gonera,P. Kosinski.,1995,1
C. Gonera,P. Maslanka,2001,2
C. Gonera,S. Giller,1995,1
C. Gonera,Y. Brihaye,1995,1
C. Grojean,E. Dudas,1997,1
C. Grojean,F. Quevedo,2001,1
C. Grojean,G. Servant,1999,1
C. Grojean,G. Tasinato,2001,1
C. Grojean,I. Zavala,2001,1
C. Grojean,J. Cline,1999,1
C. Grojean,J. M. Cline,2000,1
C. Grojean,J. Mourad,1998,2
C. Grojean,P. Binetruy,2000,1
C. Grojean,Ph Brax,1997,1
C. Grosche,G. S. Pogosyan,1994,1
C. H. Keitel,K. Z. Hatsagortsyan,2003,1
C. H. Lai,Christopher Ting,1992,2
C. H. Lee,Chang Soo Park,1996,1
C. H. Lee,D. K. Park,1996,1
C. H. Lee,Eui-Soon Yim,1996,1
C. H. Lee,Jae-Rok Kahng,1996,1
C. H. Lee,Sahng-Kyoon Yoo,1996,1
C. H. Lee,Soo-Young Lee,1996,1
C. H. Oh,Harunobu Kubo,1996,1
C. H. Oh,K. Singh,1994,5
C. H. Oh,K. Y. Wee,1995,1
C. H. Oh,Kazuo Fujikawa,1995,2
C. H. Oh,L. C. Kwek,1995,3
C. H. Otto Chui,Christian Mercat,2001,3
C. H. Otto Chui,Paul A. Pearce,2001,4
C. H. Otto Chui,Will Orrick,2001,1
C. H. Sah,J. L. Dupont,1993,1
C. H. Tze,D. Minic,2002,1
C. Heineman,C. Martin,1998,1
C. Heineman,D. Vautherin,1998,1
C. Heineman,E. Iancu,1998,1
C. Helfgott,J. Deboer,2002,1
C. Helfgott,M. B. Halpern,2002,3
C. Helfgott,N. A. Obers,2002,1
C. Helfgott,O. Ganor,2002,1
C. Herdeiro,G. W. Gibbons,2000,1
C. Herdeiro,L. Andrianopoli,2000,1
C. Herdeiro,M. Derix,2000,1
C. Herrmann,G. Akemann,1998,1
C. Herrmann,M. Hasler,1998,1
C. Herrmann,R. Grimm,1998,1
C. Hofman,E. Verlinde,1998,2
C. Hofman,J.-S. Park,1999,1
C. Holzhey,F. Larsen,1994,1
C. Holzhey,F. Wilczek,1994,1
C. Hu,S. Leupold,1996,1
C. Hu,S. Matinyan,1996,1
C. Hu,U. Heinz,1996,1
C. Hull,N. Berkovits,1997,1
C. Hull,P. De Medeiros,2002,2
C. I. Lazaroiu,Chris Beasley,1999,1
C. I. Lazaroiu,D. Vaman,2001,1
C. I. Lazaroiu,I. Runkel,2003,1
C. I. Lazaroiu,K. Landsteiner,2003,2
C. I. Lazaroiu,L. Anguelova,2002,4
C. I. Lazaroiu,M. Bershadsky,1997,1
C. I. Lazaroiu,M. R. Plesser,1999,1
C. I. Lazaroiu,Mark Raugas,1998,1
C. I. Lazaroiu,Piljin Yi,1998,1
C. I. Lazaroiu,R. Roiban,2001,3
C. I. Lazaroiu,T. M. Chiang,1997,1
C. Imbimbo,C. M. Becchi,1993,3
C. Imbimbo,R. Collina,1993,2
C. Imbimbo,S. Giusto,1996,4
C. Imbimbo,S. Theisen,1999,1
C. Imbimbo,S. Yankielowicz,1999,1
C. Itoi,N. Sakai,1993,3
C. Itoi,S. Higuchi,1993,3
C. Itoi,S. M. Nishigaki,1996,1
C. Itoi,S. Nishigaki,1993,2
C. Itzykson,F. Lesage,1994,1
C. Itzykson,J.-B. Zuber,1991,3
C. Itzykson,M. Bauer,1996,1
C. Itzykson,M. Gaudin,1994,1
C. Itzykson,P. Di Francesco,1992,4
C. Itzykson,P. Ruelle,1996,1
C. J. A. P. Martins,C. Van De Bruck,2000,1
C. J. A. P. Martins,M. Dorca,2000,1
C. J. A. P. Martins,M. Parry,2000,1
C. J. Burden,M. L. Walker,1999,2
C. J. Burden,P. C. Tjiang,1998,1
C. J. Burden,T. W. Allen,1995,2
C. J. Efthimiou,D. A. Spector,2000,1
C. J. Efthimiou,S. A. Apikyan,1997,2
C. J. Hamer,D. Schutte,1995,1
C. J. Hamer,M. Sheppeard,1995,1
C. J. Hamer,Zheng Weihong,1995,1
C. J. Houghton,N. M. Rom~Ao,1999,1
C. J. Houghton,N. S. Manton,1999,1
C. J. Hunter,D. N. Page,1998,1
C. J. Hunter,M. M. Taylor-Robinson,1998,1
C. J. Hunter,S. W. Hawking,1998,3
C. Jakovljevic,M. A. Walton,1994,1
C. Jakovljevic,T. Gannon,1994,1
C. Kiefer,J.-G. Demers,1995,1
C. Kiefer,P. Hajicek,2000,1
C. Kim,D. Karabali,1998,2
C. Kim,V. P. Nair,1998,2
C. Klimcik,G. Valent,2003,1
C. Klimcik,H. Grosse,1995,6
C. Klimcik,P. Presnajder,1995,6
C. Klimcik,P. Severa,1994,8
C. Klimcik,S. Parkhomenko,1999,2
C. Klimcik,V. Soucek,1993,1
C. Kobdaj,S. Thomas,1993,1
C. Korff,J. L. Miramontes,1999,1
C. Korff,O. A. Castro-Alvaredo,1999,2
C. Korthels-Altes,I. I. Kogan,2001,1
C. Kounnas,D. Luest,1992,2
C. Kounnas,D. Lust,1993,2
C. Kounnas,E. Kiritsis,1993,15
C. Kounnas,F. Zwirner,1994,1
C. Kounnas,I. Antoniadis,1994,2
C. Kounnas,J. Rizos,1996,6
C. Kounnas,J.-P. Derendinger,1999,1
C. Kounnas,L. Cornalba,2002,1
C. Kounnas,M. Petropoulos,1996,2
C. Kounnas,M. S. Costa,2002,1
C. Kounnas,N. A. Obers,1997,1
C. Kounnas,P. M. Petropoulos,1996,5
C. Kounnas,S. Ferrara,1994,2
C. Kristjansen,E. Guitter,1999,2
C. Kristjansen,G. W. Semenoff,2002,2
C. Kristjansen,J. Ambjorn,1997,3
C. Kristjansen,J. Correia,1999,1
C. Kristjansen,J. Jurkiewicz,1998,1
C. Kristjansen,J. Plefka,2002,3
C. Kristjansen,K. N. Anagnostopoulos,1998,1
C. Kristjansen,L. Chekhov,1996,1
C. Kristjansen,M. Staudacher,2002,4
C. Kristjansen,N. Beisert,2002,3
C. Kristjansen,P. Di Francesco,1999,2
C. Kristjansen,P. Olesen,1997,1
C. Kristjansen,R. Loll,1999,1
C. Kristjansen,Y. Watabiki,1997,1
C. L. Ho,Y. Hosotani,1994,1
C. L. Schat,D. R. Bes,1994,1
C. L. Schat,J. P. Garrahan,1994,1
C. L. Schat,L. M. Kruczenski,1994,1
C. L. Schat,N. N. Scoccola,1994,1
C. Laroche,L. Baulieu,1997,1
C. Laroche,M. Picco,1997,1
C. Laroche,N. Ohta,1997,1
C. Lee,H.-C. Kao,1994,1
C. Lee,K. Lee,1994,1
C. Lee,T. Lee,1994,1
C. Linhares De Jesus,D. G. Barci,1998,1
C. Linhares De Jesus,L. C. Q. Vilar,1997,3
C. Linhares De Jesus,M. B. D. Silva Maia Porto,1998,1
C. Linhares De Jesus,O. S. Ventura,1997,2
C. Linhares De Jesus,S. P. Sorella,1997,3
C. Linhares De Jesus,V. E. R. Lemes,1997,3
C. Lovelace,D. M. Belov,2003,1
C. Lozano,H. J. Schnitzer,1999,1
C. Lozano,H. Rhedin,2000,1
C. Lozano,H. Schnitzer,2000,3
C. Lozano,I. Ennes,2000,3
C. Lozano,I. P. Ennes,1999,1
C. Lozano,S. G. Naculich,1999,1
C. Lozano,S. Naculich,2000,3
C. Lu,D. Seminara,1998,1
C. Lu,G. Dunne,1998,1
C. Lu,K. Lee,1998,1
C. Lu,L. Griguolo,1998,1
C. Lu,S. Deser,1998,1
C. Lucchesi,J.-G. Demers,1993,1
C. Lucchesi,O. Piguet,1992,1
C. Lucchesi,Q. Liu,1994,1
C. Lucchesi,R. Brooks,1993,2
C. Lucchesi,R. Jackiw,1994,1
C. Lucchesi,S. P. Sorella,1992,1
C. Lutken,C. Schweigert,2000,1
C. Lutken,J. Fuchs,2000,1
C. Lutken,J. Walcher,2000,1
C. Lutken,P. Kaste,2000,1
C. Lutken,W. Lerche,2000,1
C. M. A. Scheich,S. A. Abel,1993,2
C. M. Becchi,R. Collina,1993,2
C. M. Bender,G. Dunne,1996,1
C. M. Bender,H. F. Jones,1993,1
C. M. Bender,M. Moshe,1996,1
C. M. Hofman,W. K. Ma,2001,1
C. M. Hull,E. Bergshoeff,1995,2
C. M. Hull,E. Eyras,1998,1
C. M. Hull,G. Papadopoulos,1993,1
C. M. Hull,G. W. Gibbons,2001,1
C. M. Hull,J. P. Van Der Schaar,1998,1
C. M. Hull,J.-L. Vazquez-Bello,1993,1
C. M. Hull,L. Palacios,1992,1
C. M. Hull,M. Abou Zeid,1996,5
C. M. Hull,O. A. Soloviev,1995,1
C. M. Hull,P. K. Townsend,1993,3
C. M. Hull,R. Halbersma,1998,1
C. M. Hull,R. R. Khuri,1998,1
C. M. Hull,T. Ortin,1995,1
C. M. Hull,Y. Lozano,1998,1
C. M. Hull,Z. Khatun,1994,1
C. M. M. Polito,L. P. Colatto,2000,1
C. M. Naon,D. C. Cabra,1993,2
C. M. Naon,D. G. Barci,1997,1
C. M. Naon,E. F. Moreno,1993,1
C. M. Naon,M. C. Von Reichenbach,1994,2
C. M. Naon,M. L. Trobo,1994,5
C. M. Naon,M. V. Manias,1996,3
C. M. Naon,V. I. Fernandez,1996,3
C. M. Pere~Na,E. Sorace,1993,1
C. M. Pere~Na,Enrico Celeghini,1993,1
C. M. Pere~Na,F. Bonechi,1993,1
C. M. Pere~Na,M. Tarlini,1993,1
C. M. Pere~Na,R. Giachetti,1993,1
C. M. Viallet,J. M. Maillard,1996,1
C. M. Yee,J. A. Nieto,2000,1
C. M. Yung,M. J. Orourke,1995,1
C. M. Yung,M. T. Batchelor,1994,5
C. M. Yung,R. J. Baxter,1995,1
C. M. Yung,Roland C. Warner,1993,1
C. Maccaferri,D. Mamone,2003,1
C. Maccaferri,F. Bazzocchi,2002,1
C. Maccaferri,L. Bonora,2003,1
C. Maccaferri,M. Cirafici,2002,1
C. Maccaferri,M. Salizzoni,2003,1
C. Maccaferri,S. Profumo,2002,1
C. Manuel,J. I. Latorre,1993,1
C. Manuel,X. Vilasis-Cardona,1993,1
C. Martin,D. Vautherin,1998,1
C. Martin,E. Iancu,1998,1
C. Mayer,F. R. Klinkhamer,2001,1
C. Molina,E. Abdalla,1998,2
C. Molina,R. Banerjee,1998,1
C. Molina-Paris,J. Perez-Mercader,1997,1
C. Molina-Paris,Matt Visser,1997,1
C. Montonen,H. Perez Rojas,1993,1
C. Montonen,J. L. Lucio M.,1993,1
C. Montonen,M. Chaichian,1993,6
C. Montonen,M. Vargas,1993,1
C. Montonen,R. Gonzales Felipe,1993,2
C. Montonen,W. F. Chen,1998,3
C. Mukku,J. Segar,1996,1
C. Mukku,M. S. Sriram,1996,2
C. Mukku,S. Lakshmibala,1996,2
C. Mu~Noz,F. Gomez,1992,1
C. Mu~Noz,J. A. Casas,1992,2
C. N. Colacino,M. Cadoni,2000,1
C. N. Ferreira,H. J. Mosquera Cuesta,2002,1
C. N. Ferreira,H. J. Mosquera-Cuesta,2000,1
C. N. Ferreira,J. A. Helayel-Neto,2000,2
C. N. Ferreira,L. C. Garcia De Andrade,2000,1
C. N. Ferreira,M. B. D. S. M. Porto,2000,1
C. N. Ferreira,V. B. Bezerra,2001,2
C. N. Ktorides,S. D. Avramis,2002,1
C. N. Leung,D.-S. Lee,1997,2
C. N. Leung,Y. J. Ng,1995,3
C. N. Pope,E. Cremmer,1997,5
C. N. Pope,E. Lima,1999,2
C. N. Pope,E. Sezgin,1992,9
C. N. Pope,G. W. Gibbons,1993,18
C. N. Pope,H. Lu,1992,117
C. N. Pope,H. Sati,1999,1
C. N. Pope,I. V. Lavrinenko,1996,6
C. N. Pope,I. Y. Park,2001,1
C. N. Pope,J. Barrett,1993,1
C. N. Pope,J. F. Vazquez-Poritz,2000,1
C. N. Pope,J. Liu,1997,1
C. N. Pope,J. Maharana,1997,1
C. N. Pope,J. Rahmfeld,1998,1
C. N. Pope,J. X. Lu,1999,1
C. N. Pope,James T. Liu,1999,5
C. N. Pope,K. S. Stelle,1992,21
C. N. Pope,K. Thielemans,1993,2
C. N. Pope,K. W. Xu,1992,10
C. N. Pope,K.-W. Xu,1994,3
C. N. Pope,M. Bremer,1998,1
C. N. Pope,M. Cvetic,1998,42
C. N. Pope,M. J. Duff,1995,10
C. N. Pope,M. J. Perry,1993,1
C. N. Pope,M. S. Bremer,1997,1
C. N. Pope,Mirjam Cvetic,2001,1
C. N. Pope,N. Khviengia,1996,2
C. N. Pope,N. P. Warner,2003,1
C. N. Pope,P. C. West,1992,1
C. N. Pope,P. Hoxha,1999,2
C. N. Pope,P. J. Ruback,1993,1
C. N. Pope,P. K. Townsend,1996,2
C. N. Pope,P. M. Cowdall,1996,1
C. N. Pope,P. Wagner,2002,1
C. N. Pope,R. Martinez-Acosta,1999,1
C. N. Pope,R. Mohayaee,1994,1
C. N. Pope,R. R. Martinez-Acosta,2000,1
C. N. Pope,S. A. Hartnoll,2002,1
C. N. Pope,S. C. Zhao,1993,2
C. N. Pope,S. Mukherji,1996,3
C. N. Pope,S. R. Scuro,1999,1
C. N. Pope,S. S. Gubser,1999,1
C. N. Pope,S. Schrans,1992,5
C. N. Pope,T. A Tran,1999,2
C. N. Pope,T. A. Tran,1997,7
C. N. Pope,T. R. Tran,1997,1
C. N. Pope,X. J. Wang,1992,15
C. N. Pope,Z. Khviengia,1994,5
C. N. Pope,Z. W. Chong,2002,1
C. N. Pope Amd J. Rahmfeld,H. Lu,1996,1
C. N. Pope Amd J. Rahmfeld,S. Mukherji,1996,1
C. Nagaraja Kumar,N. Gurappa,1996,1
C. Nagaraja Kumar,Prasanta. K. Panigrahi,1996,1
C. Neves,C. Wotzasek,2000,2
C. Neves,C. Wotzasek.,1995,1
C. Neves,D. C. Rodrigues,2001,1
C. Neves,E. M. C. De Abreu,1995,1
C. Neves,E. R. De Oliveira,2001,1
C. Neves,F. I. Takakura,2001,1
C. Neves,J. Ananias Neto,2000,4
C. Neves,W. Oliveira,2000,6
C. Nowak,G. Handrich,1998,1
C. Nunez,C. Scrucca,1998,1
C. Nunez,E. F. Moreno,1997,1
C. Nunez,E. Moreno,1996,1
C. Nunez,F. A. Schaposnik,1996,2
C. Nunez,F. Hussain,1998,1
C. Nunez,J. C. Le Guillou,1996,2
C. Nunez,M. Bertolini,1998,1
C. Nunez,P. Fre,1998,1
C. Nunez,R. Iengo,1998,1
C. Nu~Nez,E. Andres,1992,1
C. Nu~Nez,E. Moreno,1997,2
C. Nu~Nez,F. A. Schaposnik,1995,6
C. Nu~Nez,F. D. Mazzitelli,1995,1
C. Nu~Nez,G. Aldazabal,1992,1
C. Nu~Nez,G. Alejandro,1995,1
C. Nu~Nez,G. Silva,1998,1
C. Nu~Nez,I. Allekotte,1992,1
C. Nu~Nez,J. C. Le Guillou,1996,2
C. Nu~Nez,J. D. Edelstein,1995,1
C. Nu~Nez,J. J. Giambiagi,1995,1
C. Nu~Nez,O. Jofre,1993,1
C. Nu~Nez,S. Gonorazky,1998,1
C. O. Lousto,E. Elizalde,1995,1
C. O. Lousto,S. D. Odintsov,1995,1
C. Ohzeki,M. Yamanobe,1997,1
C. Ohzeki,T. Miyazaki,1997,1
C. Ordo~Nez,J. M. Pons,1993,1
C. Ordo~Nez,J. Paris,1993,1
C. Ordo~Nez,R. Toldr`A,1993,1
C. P,L. H. Yu,1993,1
C. P,Sun,1993,1
C. P. Bachas,M. B. Green,1997,2
C. P. Bachas,P. Bain,1999,1
C. P. Burgess,C. Skordis,2001,1
C. P. Burgess,D. Nolte,2001,1
C. P. Burgess,E. Filotas,2002,1
C. P. Burgess,F. Lemieux,2002,1
C. P. Burgess,F. Quevedo,1994,20
C. P. Burgess,F. Ravndal,2001,1
C. P. Burgess,G. Rajesh,2001,2
C. P. Burgess,G. Tasinato,2002,2
C. P. Burgess,H. Firouzjahi,2001,1
C. P. Burgess,I. Maksymyk,1997,2
C. P. Burgess,I. Zavala,2002,2
C. P. Burgess,J. M. Cline,2001,2
C. P. Burgess,J.-P. Derendinger,1995,2
C. P. Burgess,M. E. Knutt-Wehlau,1998,1
C. P. Burgess,M. Kamela,1998,2
C. P. Burgess,M. Klein,2002,1
C. P. Burgess,M. Majumdar,2001,1
C. P. Burgess,M. Quiros,1995,2
C. P. Burgess,M. T. Grisaru,1998,1
C. P. Burgess,M. Zebarjad,1998,1
C. P. Burgess,N. Hambli,1995,1
C. P. Burgess,N. R. Constable,1999,2
C. P. Burgess,P. Martineau,2001,3
C. P. Burgess,P. Page,1998,1
C. P. Burgess,R. C. Myers,1994,5
C. P. Burgess,R. Holman,2002,1
C. P. Burgess,R. Rabadan,2003,1
C. P. Burgess,R.-J. Zhang,2001,2
C. P. Burgess,S. L. Parameswaran,2002,2
C. P. Burgess,S.-J. Rey,2002,1
C. P. Burgess,Y. Aghababaie,2002,3
C. P. Constantinidis,C. S. Xiong,1994,1
C. P. Constantinidis,D. F. Marchioro,1999,1
C. P. Constantinidis,E. E. Leite,2002,1
C. P. Constantinidis,E. Vinteler,1995,1
C. P. Constantinidis,F. Gieres,2001,1
C. P. Constantinidis,F. P. Devecchi,1997,3
C. P. Constantinidis,F. Toppan,1998,1
C. P. Constantinidis,H. Aratyn,1992,2
C. P. Constantinidis,J. F. Gomes,1992,3
C. P. Constantinidis,L. A. Ferreira,1992,4
C. P. Constantinidis,L. Bonora,1994,4
C. P. Constantinidis,L. P. Colatto,1996,1
C. P. Constantinidis,M. S. Sarandy,2001,1
C. P. Constantinidis,O. Piguet,2001,1
C. P. Herzog,D. T. Son,2002,1
C. P. Herzog,I. R. Klebanov,2001,2
C. P. Herzog,L. Pando Zayas,2001,1
C. P. Herzog,S. S. Gubser,2001,1
C. P. Korthals Altes,G. Dvali,1997,1
C. P. Korthals Altes,K. Farakos,1997,1
C. P. Korthals Altes,S. Bronoff,1997,1
C. P. Korthals-Altes,S. Nicolis,1994,1
C. P. Martin,D. Sanchez-Ruiz,1999,3
C. P. Martin,E. Alvarez,1993,2
C. P. Martin,Enrique Alvarez,1995,1
C. P. Martin,F. Ruiz Ruiz,1992,9
C. P. Martin,G. Giavarini,1992,6
C. P. Martin,G. Leibbrandt,1998,1
C. P. Martin,J. M. Gracia-Bondia,1993,3
C. P. Martin,J. M.. Gracia-Bondia,1995,1
C. P. Martin,Jose M. Gracia-Bondia,1996,1
C. P. Martin,Joseph C. Varilly,1996,1
C. P. Martin,Luis Alvarez-Consul,1996,1
C. P. Natividade,H. Boschi Filho,1995,1
C. P. Natividade,H. Boschi-Filho,1996,4
C. P. Natividade,L. V. Belvedere,1995,3
C. P. Sun,X. F. Liu,2000,1
C. P. Sun X. F. Liu,S. X. Yu,2000,1
C. Park,J. De Boer,2000,1
C. Park,M. B. Halpern,2000,1
C. Paufler,H. Romer,2000,1
C. Pena,E. Gabrielli,1999,1
C. Pena,M. Garcia Perez,1999,3
C. Pena,P. Van Baal,1999,2
C. Pinheiro,F. A. B. Rabelo De Carvalho,1993,1
C. Pinheiro,G. O. Pires,1992,2
C. Procesi,Victor G. Kac,1993,1
C. Quesne,J. Beckers,1996,1
C. Quesne,M. Moshinsky,1995,1
C. Quesne,N. Debergh,1996,1
C. Quesne,Yu. F. Smirnov,1995,1
C. R. Fernandez-Pousa,J. L. Miramontes,1994,7
C. R. Fernandez-Pousa,J. Luis Miramontes,1999,1
C. R. Fernandez-Pousa,J. Sanchez Guillen,1994,3
C. R. Fernandez-Pousa,M. V. Gallas,1994,5
C. R. Fernandez-Pousa,T. J. Hollowood,1996,2
C. R. Gattringer,G. W. Semenoff,1996,4
C. R. Gattringer,L. D. Paniak,1996,2
C. R. Gattringer,S. Jaimungal,1997,2
C. R. Hagen,D. K. Park,1994,1
C. R. Hagen,E. C. G. Sudarshan,1993,1
C. R. Hagen,J. Anandan,1993,1
C. R. Hagen,M. E. Bowers,1998,1
C. R. Lee,G. L. Huang,1993,1
C. R. Nappi,E. Witten,1993,1
C. R. Ordonez,K. M. Apfeldorf,1994,1
C. R. Preitschopf,M. A. Vasiliev,1998,2
C. R. Preitschopf,P. Van Nieuwenhuizen,1997,1
C. R. Preitschopf,T. Hurth,1997,1
C. R. Stephens,Denjoe Oconnor,1993,6
C. R. Stephens,F. Freire,1996,1
C. R. Stephens,J. C. Lopez Vieyra,1996,4
C. R. Stephens,M. A. Van Eijck,1994,2
C. R. Stephens,M. A. Van Ejick,1993,1
C. R. Stephens,P. O. Hess,1996,4
C. R. Stephens,S. Dilcher,2000,1
C. Ramirez,H. Garcia-Compean,1997,11
C. Ramirez,J. F. Plebanski,1997,1
C. Ramirez,J. Gamboa,1992,1
C. Ramirez,M. Sabido,1999,4
C. Ramirez,O. Obregon,1997,11
C. Rasinariu,H. Aratyn,1996,2
C. Rasinariu,J. V. Mallow,1998,1
C. Rasinariu,P. Panigrahi,1998,1
C. Rasinariu,R. Dutt,1998,3
C. Rasinariu,S. Chaturvedi,1998,1
C. Rasinariu,U. P. Sukhatme,1998,1
C. Rasinariu,U. Sukhatme,1995,4
C. Reina,L. Bonora,1998,1
C. Reina,M. Nolasco,1992,1
C. Ringeval,J.-P. Uzan,2001,1
C. Ringeval,P. Peter,2001,1
C. Robin Graham,Edward Witten,1999,1
C. Roger,P. Marcel,1996,1
C. Roger,V. Ovsienko,1994,2
C. Rovelli,K. Krasnov,1999,1
C. Rovelli,L. Freidel,1999,1
C. Rovelli,R. De Pietri,1999,1
C. Rubano,G. Esposito,2003,1
C. Rubano,P. Scudellaro,1999,2
C. Rubano,R. De Ritis,1999,2
C. Rupp,E. Kraus,2002,1
C. Rupp,F. R. Klinkhamer,1997,2
C. Rupp,J. Erdmenger,1999,1
C. Rupp,K. Sibold,1999,2
C. S. Acatrinei,R. Iengo,1998,1
C. S. Aulakh,V. Soni,1992,2
C. S. Chu,E. Sezgin,1997,3
C. S. Chu,L. Bonora,1997,3
C. S. Chu,M. Rinaldi,1997,2
C. S. Chu,P. C. West,1998,1
C. S. Chu,P. S. Howe,1998,2
C. S. Fischer,H. Reinhardt,2003,1
C. S. Fischer,L. Von Smekal,2003,1
C. S. Fischer,R. Alkofer,2003,1
C. S. Lam,C. Vafa,2002,1
C. S. Lam,D. Zanon,2002,1
C. S. Lam,Kenneth Johnson,1995,1
C. S. Lam,M. T. Grisaru,2002,1
C. S. Lam,Peter E. Haagensen,1995,1
C. S. Lam,R. Dijkgraaf,2002,1
C. S. Lam,Terry Gannon,1992,1
C. S. Lam,Y. J. Feng,1994,1
C. S. Lim,H. Hatanaka,1998,1
C. S. Lim,T. Inami,1998,1
C. S. Lim,T. Kobayashi,1994,1
C. S. Rhodes,C. Van De Bruck,2002,3
C. S. Rhodes,P. Brax,2002,2
C. S. Rhodes,Ph. Brax,2002,1
C. S. Xiong,L. Bonora,1992,11
C. S. Xiong,Q. P. Liu,1994,1
C. Saclioglu,S. Nergiz,1997,1
C. Saclioglu,U. Gursoy,2001,1
C. Schmidhuber,I.~R. Klebanov,1995,1
C. Schmidhuber,J. L. F. Barbon,1995,1
C. Schmidhuber,K. Demeterfi,1995,1
C. Schubert,D. Fliegner,1994,3
C. Schubert,D. G. C. Mckeon,1998,2
C. Schubert,E. Sokatchev,1998,6
C. Schubert,M. G. Schmidt,1993,4
C. Schubert,P. C. West,1998,4
C. Schubert,P. Haberl,1994,3
C. Schubert,P. S. Howe,1998,4
C. Schulz-Mirbach,C. Syros,1996,1
C. Schwartz,M. B. Halpern,1997,3
C. Schweigert,G. Felder,1999,2
C. Schweigert,I. Runkel,2001,2
C. Schweigert,J. Frohlich,1999,2
C. Schweigert,J. Fuchs,1993,28
C. Schweigert,J. Walcher,1999,5
C. Schweigert,L. Birke,1999,1
C. Schweigert,L. Borisov,1997,1
C. Schweigert,L. R. Huiszoon,2000,1
C. Schweigert,M. B. Halpern,1997,1
C. Schweigert,M. Douglas,2000,1
C. Schweigert,M. G. Schmidt,1994,1
C. Schweigert,P. Kaste,2000,1
C. Schweigert,R. Minasian,1997,1
C. Schweigert,S. J. Fuchs,1994,1
C. Schweigert,S. Theisen,1997,1
C. Schweigert,U. Ray,1996,1
C. Schweigert,W. Lerche,1997,3
C. Schwiebert,P. P. Kulish,1992,1
C. Schwiebert,R. Sasaki,1992,1
C. Scrucca,F. Hussain,1998,1
C. Scrucca,M. Bertolini,1998,1
C. Scrucca,P. Fre,1998,1
C. Scrucca,R. Iengo,1998,1
C. Seijas,J. Mas,2002,1
C. Seijas,M. Perez-Victoria,2002,1
C. Sigaud,F. J. Vanhecke,1996,2
C. Sigaud,J. A. Mignaco,1996,2
C. Skordis,F. Ravndal,2001,1
C. Sochichiu,E. E. Donets,2000,1
C. Sochichiu,M. Tsulaia,2000,1
C. Sochichiu,S. A. Frolov,1992,3
C. Sonnenschein,O. Aharony,1996,1
C. Sonnenschein,S. Theisen,1996,1
C. Sonnenschein,S. Yankielowicz,1996,1
C. Sourdis,I. Bakas,2002,1
C. Stern,E. Werner,1995,1
C. Stern,T. Heinzl,1995,1
C. Stornaiolo,G. Bimonte,2003,1
C. Stornaiolo,G. Esposito,2003,1
C. Stornaiolo,G. Marmo,2003,1
C. T. Hill,D.-U. Jungnickel,1993,1
C. T. Hill,W. A. Bardeen,1993,1
C. Teitelboim,M. Henneaux,1996,3
C. Teitelboim,S. Deser,1996,3
C. Timirgaziu,E. Dudas,2002,1
C. Timirgaziu,J. Mourad,2002,1
C. Ungarelli,G. Veneziano,1997,2
C. Ungarelli,K. A. Meissner,1997,1
C. Ungarelli,K. Meissner,1997,1
C. Ungarelli,M. Gasperini,1997,2
C. Ungarelli,M. Maggiore,1997,1
C. V. Johnson,N. R. Constable,2000,1
C. V. Johnson,R. C. Myers,2000,1
C. V. Johnson,S. Dalley,1992,1
C. V. Johnson,T. R. Morris,1992,1
C. Vafa,D. A. Lowe,1996,1
C. Vafa,D. Nemeschansky,1998,1
C. Vafa,D. R. Morrison,1996,1
C. Vafa,D. Zanon,2002,1
C. Vafa,E. Witten,1996,3
C. Vafa,F. A. Cachazo,2000,1
C. Vafa,F. Cachazo,2001,3
C. Vafa,H. Ooguri,1993,2
C. Vafa,J. A. Harvey,1995,1
C. Vafa,J. A. Minahan,1998,1
C. Vafa,J. C. Breckenridge,1996,2
C. Vafa,J. Maldacena,2000,1
C. Vafa,K. Intriligator,1996,3
C. Vafa,M. Atiyah,2000,1
C. Vafa,M. Bershadsky,1993,7
C. Vafa,M. R. Douglas,1996,1
C. Vafa,M. T. Grisaru,2002,1
C. Vafa,N. Berkovits,1999,1
C. Vafa,N. C. Leung,1997,1
C. Vafa,N. Nekrasov,1998,1
C. Vafa,N. P. Warner,1998,1
C. Vafa,N. Warner,1996,1
C. Vafa,P. H. Frampton,1999,1
C. Vafa,P. Mayr,1995,4
C. Vafa,R. C. Myers,1996,2
C. Vafa,R. Dijkgraaf,2002,1
C. Vafa,R. Gopakumar,1997,1
C. Vafa,S. Cecotti,1992,5
C. Vafa,S. Ferrara,1995,1
C. Vafa,S. Gukov,1999,1
C. Vafa,S. Kachru,1995,2
C. Vafa,S. Katz,1996,4
C. Vafa,S. L. Shatashvili,1994,1
C. Vafa,S. Mukhi,1993,1
C. Vafa,S. Sethi,1996,1
C. Vafa,S. Sinha,2000,1
C. Vafa,T. Pantev,1996,1
C. Vafa,T. R. Taylor,1999,1
C. Vafa,V. Sadov,1995,5
C. Vafa,W. Lerche,1995,2
C. Valenzuela,M. Loewe,1999,1
C. Van De Bruck,M. Dorca,2000,4
C. Van De Bruck,M. Parry,2000,1
C. Van De Bruck,P. Brax,2001,3
C. Van De Bruck,Ph. Brax,2002,1
C. Van De Bruck,R. H. Brandenberger,2000,1
C. Von Reichenbach,D. C. Cabra,1998,1
C. Von Reichenbach,P. Pujol,1998,1
C. Wetterich,F. Freire,1995,2
C. Wetterich,G. V. Gersdorff,2000,1
C. Wetterich,J. Adams,1995,1
C. Wetterich,J. Berges,1995,3
C. Wetterich,L. Rosa,2000,1
C. Wetterich,M. Reuter,1994,4
C. Wetterich,N. Tetradis,1994,3
C. Wetterich,O. Lauscher,2000,1
C. Wetterich,P. Vitale,2000,1
C. Wetterich,S. Bornholdt,1994,2
C. Wetterich,T. Papenbrock,1994,1
C. Wieczerkowski,Giovanni Felder,1993,1
C. Wieczerkowski,M. Crivelli,1993,1
C. Wieczerkowski,Y. Xylander,1994,1
C. Wiesendanger,I. Sachs,1996,1
C. Wiesendanger,L. Oraifeartaigh,1996,1
C. Wilke,G. Wunner,1996,1
C. Wotzasek,D. Bazeia,2001,3
C. Wotzasek,E. M. C. De Abreu,1997,1
C. Wotzasek,J. Barcelos-Neto,1999,1
C. Wotzasek,J. R. Nascimento,2002,1
C. Wotzasek,J. R. S. Nascimento,2001,4
C. Wotzasek,L. Losano,2002,1
C. Wotzasek,M. A. Anacleto,2001,1
C. Wotzasek,N. R. F. Braga,1995,1
C. Wotzasek,R. Amorim,1995,2
C. Wotzasek,R. Banerjee,1997,4
C. Wotzasek,R. F. Ribeiro,2001,5
C. Wotzasek,R. Menezes,2002,3
C. Wotzasek.,E. M. C. De Abreu,1995,1
C. Zachos,S. Vokos,1993,1
C. Zachos,T. Curtright,1992,3
C.- W. H. Lee,S. G. Rajeev,1997,1
C.-G. Shi,J. Yamashita,2003,1
C.-G. Shi,M. Hirayama,2003,1
C.-L. Ho,D. Wesolowski,1993,1
C.-L. Ho,Y. Hosotani,1993,1
C.-M. Viallet,G. Falqui,1992,1
C.-W. H. Lee,S. G. Rajeev,1997,6
Caio M. M. Polito,Daniel H. T. Franco,2002,1
Calin Ciocarlie,Iosif Bena,2002,1
Calin Ciocarlie,Iouri Chepelev,2003,1
Calin Ciocarlie,Jongwon Park,2001,1
Calin Ciocarlie,Peter Lee,2001,1
Caltech Ph. D. Thesis,Christof Schmidhuber,1993,1
Camillo Imbimbo,Carlo Becchi,1998,1
Camillo Imbimbo,Carlo M. Becchi,1995,1
Camillo Imbimbo,Debashis Ghoshal,1994,1
Camillo Imbimbo,Stefano Giusto,1998,1
Camillo Imbimbo,Sunil Mukhi,1994,3
Cardoso De Melo,M. C. Nemes,1993,1
Cardoso De Melo,Saulo C. S. Silva,1993,1
Caren Marzban,R. Kantowski,1992,1
Carl E. Carlson,Carmen Molina--Paris,1996,1
Carl E. Carlson,Christopher D. Carone,2002,1
Carl E. Carlson,Juan Perez--Mercader,1996,1
Carl E. Carlson,Matt Visser,1996,1
Carl E. Carlson,Nahum Zobin,2002,1
Carl E. Dolby,Stephen F. Gull,2001,2
Carl Herrmann,Gianguido Dallagata,2001,1
Carl Herrmann,Holger Guenther,1999,2
Carl Herrmann,Jan Louis,1999,3
Carl Herrmann,Klaus Behrndt,2000,1
Carl Herrmann,Marco Zagermann,2001,1
Carl Herrmann,Maximilian Hasler,1997,1
Carl Herrmann,Richard Grimm,1997,2
Carl Herrmann,Robert Boehm,1999,1
Carl Herrmann,Steven Thomas,2000,1
Carl M. Bender,Dorje C. Brody,2003,1
Carl M. Bender,Gerald V. Dunne,1995,1
Carl M. Bender,H. F. Jones,2000,2
Carl M. Bender,Hugh F. Jones,2003,1
Carl M. Bender,Joshua Feinberg,1994,1
Carl M. Bender,Kimball A. Milton,1993,6
Carl M. Bender,Luis M. A. Bettencourt,1996,2
Carl M. Bender,Mehmet Simsek,2001,1
Carl M. Bender,Peter Meisinger,2001,1
Carl M. Bender,Peter N. Meisinger,2000,2
Carl M. Bender,Qinghai Wang,2002,1
Carl M. Bender,Stefan Boettcher,1993,5
Carl M. Bender,Van M. Savage,1999,1
Carla Biggio,Fabio Zwirner,2002,1
Carla Biggio,Ferruccio Feruglio,2002,2
Carlo A. Trugenberger,Guillermo R. Zemba,1995,2
Carlo A. Trugenberger,M. Cristina Diamantini,1998,1
Carlo Angelantonj,Gianfranco Pradisi,1996,1
Carlo Angelantonj,Massimo Bianchi,1996,1
Carlo Angelantonj,Matthias R. Gaberdiel,2000,1
Carlo Angelantonj,Ralph Blumenhagen,1999,2
Carlo Angelantonj,Yassen Stanev,1996,1
Carlo Becchi,Renzo Collina,1999,1
Carlo Becchi,Stefano Giusto,1998,1
Carlo Rovelli,Lee Smolin,1992,3
Carlo Trugenberger,Fernando Quevedo,1996,2
Carlo Ungarelli,Marco Cavaglia,1999,1
Carlos A. Garcia Canal,Horacio E Camblong,2001,1
Carlos A. Garcia Canal,Horacio E. Camblong,2000,3
Carlos A. Garcia Canal,Huner Fanchiotti,2000,4
Carlos A. Garcia Canal,Luis N. Epele,2000,4
Carlos A. P. Galvao,Juan A. Mignaco,2000,1
Carlos A. R. Herdeiro,Lorenzo Cornalba,2001,1
Carlos A. R. Herdeiro,Miguel S. Costa,2001,1
Carlos A. S. Almeida,Marcelo Gleiser,2002,1
Carlos Barcelo,Carlos F. Sopuerta,2002,1
Carlos Barcelo,Fermin Viniegra,2002,1
Carlos Barcelo,Matt Visser,2000,4
Carlos Barcelo,Roy Maartens,2002,1
Carlos Barcelo,Stefano Liberati,2001,1
Carlos Castro,Jerzy Plebanski,1997,1
Carlos Castro,Jorge Mahecha,2000,3
Carlos Castro,M. S. El Naschie,2000,1
Carlos Contreras,Lautaro Vergara,1996,1
Carlos F. Sopuerta,Cristiano Germani,2002,2
Carlos F. Sopuerta,Fermin Viniegra,2002,1
Carlos F. Sopuerta,Roy Maartens,2002,1
Carlos Farina,Silvio J. Rabello,1994,1
Carlos Gorrichategui,Carlos R. Ordonez,2002,1
Carlos Gorrichategui,Ernesto Hernadez,2002,1
Carlos Gorrichategui,Gino N. J. Ananos,2002,1
Carlos Gorrichategui,Horacio E. Camblong,2002,1
Carlos Herdeiro,Gary W. Gibbons,1999,1
Carlos Herdeiro,Keshav Dasgupta,2002,1
Carlos Herdeiro,Laura Andrianopoli,1999,1
Carlos Herdeiro,Martijn Derix,1999,1
Carlos Herdeiro,Renata Kallosh,2001,2
Carlos Herdeiro,Shinji Hirano,2001,2
Carlos Leiva,Mikhail S. Plyushchay,2003,2
Carlos Lozano,J. M. F. Labastida,1997,6
Carlos Lozano,Marcos Marino,1999,1
Carlos M. Naon,Kang Li,2000,2
Carlos M. Naon,Mariano J. Salvay,2002,1
Carlos Munoz,Hang Bae Kim,1997,1
Carlos Munoz,Kiwoon Choi,1997,1
Carlos Naon,Kang Li,1997,3
Carlos Naon,Mariano Salvay,2001,1
Carlos Naon,Victoria Fernandez,1999,1
Carlos Naon,Wen-Jun Chen,2001,1
Carlos Nunez,Fabio Zyserman,2001,1
Carlos Nunez,I. Y. Park,2001,1
Carlos Nunez,Jose D. Edelstein,1996,3
Carlos Nunez,Jose Edelstein,2001,1
Carlos Nunez,Juan M. Maldacena,2000,1
Carlos Nunez,Juan Maldacena,2000,1
Carlos Nunez,Justin R. David,2001,1
Carlos Nunez,Kasper Olsen,2000,2
Carlos Nunez,Luis Anchordoqui,2000,2
Carlos Nunez,Marta Trobo,2001,1
Carlos Nunez,Martin Schvellinger,2001,3
Carlos Nunez,Ricardo Schiappa,2000,1
Carlos Nunez,Santiago Perez Bergliaffa,2001,1
Carlos Nunez,Sean A. Hartnoll,2002,1
Carlos Nunez,Shiraz Minwalla,2001,1
Carlos Nunez,Tuan A. Tran,2001,1
Carlos Nunez,Umut Gursoy,2002,1
Carlos Nu~Nez,Fidel A. Schaposnik,1995,2
Carlos Nu~Nez,Fidel Schaposnik,1993,1
Carlos Nu~Nez,Jose D. Edelstein,1995,3
Carlos Nu~Nez,Jose Edelstein,1993,1
Carlos Pinheiro,Cintia G. Pinheiro,2000,1
Carlos Pinheiro,F. C. Khanna,2000,8
Carlos Pinheiro,Gilmar S. Dias,1996,3
Carlos Pinheiro,J. A. Helayel-Neto,1996,3
Carlos Pinheiro,Robert Riche,2000,1
Carlos Pinheiro,Sortelano Araujo Diniz,2000,1
Carlos R. Ordonez,Ernesto Hernadez,2002,1
Carlos R. Ordonez,Gino N. J. Ananos,2002,2
Carlos R. Ordonez,Horacio E. Camblong,2000,7
Carlos R. Ordonez,Karyn M. Apfeldorf,2000,1
Carlos Tello,Luciano Barosi,2003,1
Carlos Tello Echevarria,Nathan Berkovits,1999,1
Carmen Molina--Paris,Juan Perez--Mercader,1996,1
Carmen Molina--Paris,Matt Visser,1996,1
Carmen Molina-Paris,David Hochberg,1998,2
Carmen Molina-Paris,Diego D. Dalvit,2000,1
Carmen Molina-Paris,Francisco D. Mazzitelli,2000,1
Carmen Molina-Paris,Juan Perez-Mercader,1998,2
Carmen Molina-Paris,Matt Visser,1997,3
Carmen Nunez,Claudio A. Scrucca,1997,3
Carmen Nunez,E. Andres,1994,1
Carmen Nunez,Faheem Hussain,1997,3
Carmen Nunez,G. Aldazabal,1994,1
Carmen Nunez,Gaston Giribet,2000,2
Carmen Nunez,I. Allekotte,1994,1
Carmen Nunez,Pablo Minces,1998,1
Carmen Nunez,Roberto Iengo,1997,3
Carmen Nu~Nez,Claudio A. Scrucca,1997,1
Carmen Nu~Nez,Faheem Hussain,1997,2
Carmen Nu~Nez,Gaston Giribet,1999,1
Carmen Nu~Nez,Roberto Iengo,1997,2
Carmen Nu~Nez.,Oscar Jofre,1995,1
Caroline Santos,Roberto Emparan,2000,1
Caroline Santos,Ruth Gregory,2000,2
Carsten Patzold,Juergen Baacke,1996,2
Carsten Patzold,Katrin Heitmann,1996,2
Carsten Van De Bruck,Philippe Brax,2003,1
Carsten Van De Bruck,Ruth Durrer,2001,1
Carsten Van De Bruck,Timon Boehm,2001,1
Cecilia Albertsson,Maxim Zabzine,2001,3
Cecilia Albertsson,Rikard Von Unge,2001,1
Cecilia Albertsson,Ulf Lindstrom,2001,4
Cecilia B. M. H. Chirenti,Elcio Abdalla,2003,1
Cecilia Clementi,Giulio Pettini,1997,1
Cecilia Clementi,Lando Caiani,1997,1
Cecilia Clementi,Lapo Casetti,1997,1
Cecilia Clementi,Marco Pettini,1997,1
Cecilia Clementi,Raoul Gatto,1997,1
Cedric Deffayet,David Langlois,1999,3
Cedric Deffayet,Gia Dvali,2001,2
Cedric Deffayet,Gregory Gabadadze,2001,2
Cedric Deffayet,Pierre Binetruy,1999,3
Cedric Deffayet,Ulrich Ellwanger,1999,1
Cedric Leygnac,Dmitri Galtsov,2002,1
Cedric Leygnac,Gerard Clement,2002,1
Cedric R. Leao,Victor O. Rivelles,2001,1
Celeghini,G. Vitiello,1993,1
Celeghini,M. Rasetti,1993,1
Celeghini,S. De Martino,1993,1
Celeghini,S. De Siena,1993,1
Celine Laroche,Laurent Baulieu,1998,3
Celine Laroche,Nikita Nekrasov,1999,2
Celso C. Nishi,S. De Leo,2001,1
Cemsinan Deliduman,Itzhak Bars,1997,3
Cenalo Vaz,Louis Witten,1993,2
Cenalo Vaz,Rui Neves,2002,5
Cesar D. Fosco,Francisco D. Mazzitelli,2000,1
Cesar Gomez,Enrique Alvarez,1998,8
Cesar Gomez,German Sierra,1992,1
Cesar Gomez,Henri Ruegg,1994,1
Cesar Gomez,Juan Jose Manjarin,2001,2
Cesar Gomez,Lorenzo Hernandez,2001,1
Cesar Gomez,Pedro J. Silva,1999,3
Cesar Gomez,Pedro Resco,2001,2
Cesar Gomez,Pedro Silva,2000,1
Cesar Gomez,Philippe Zaugg,1994,1
Cesar Gomez,Rafael Hernandez,1995,3
Cesar Gomez,Soo-Jong Rey,2002,1
Cesar Gomez,Sumit R. Das,2002,2
Cesar Mora,Tonatiuh Matos,1996,1
Cesare Reina,Davide Fabbri,1999,1
Cesare Reina,Leonardo Gualtieri,1999,1
Cesare Reina,Pietro Fre,1999,1
Cesare Reina ),Davide Franco,1993,1
Cezary Gonera,Pawel Maslanka,1998,2
Cezary Gonera,Piotr Kosinski,1999,1
Cezary Gonera,Tomasz Brzezinski,1998,2
Ch. Devchand,V. Ogievetsky,1992,10
Ch. Kopper,V. F. Mueller,1999,1
Ch. Mathys,D. Wyler,2001,1
Ch. Mathys,J. Diemand,2001,1
Chad Middleton,George Siopsis,2002,1
Chae Young Oh,Namil Park,2002,1
Chae Young Oh,Yoonbai Kim,2002,1
Chaiho Rim,Changrim Ahn,1998,9
Chaiho Rim,Chanju Kim,1999,7
Chaiho Rim,D. S. Soh,1993,2
Chaiho Rim,Giovanni Amelino-Camelia,1996,1
Chaiho Rim,Jae Hyung Yee,2002,1
Chaiho Rim,K. H. Cho,1993,1
Chaiho Rim,Kyung-Hyun Cho,1993,2
Chaiho Rim,Kyungsun Moon,2001,1
Chaiho Rim,M. Stanishkov,2002,1
Chaiho Rim,Marian Stanishkov,2002,1
Chaiho Rim,N. W. Park,1994,1
Chaiho Rim,P. Baseilhac,2000,2
Chaiho Rim,Phillial Oh,1996,4
Chaiho Rim,S. U. Park,1993,1
Chaiho Rim,Sung-Soo Kim,1997,1
Chaiho Rim,Taejun Lee,2003,1
Chaiho Rim,V. A. Fateev,1999,2
Chaiho Rim,Yoonbai Kim,1997,1
Chan Hong-Mo,J. Faridani,1993,4
Chan Hong-Mo,Jacqueline Faridani,1996,1
Chan Hong-Mo,Jakov Pfaudler,1996,1
Chan Hong-Mo,Tsou Sheung Tsun,1993,5
Chandrashekar Devchand,Dmitri V. Alekseevsky,2001,2
Chandrashekar Devchand,Jean Nuyts,1998,4
Chandrashekar Devchand,Olaf Lechtenfeld,1997,3
Chandrashekar Devchand,Vicente Cortes,2001,2
Chang S. Chan,Herman Verlinde,2000,2
Chang S. Chan,Morten Krogh,2000,1
Chang S. Chan,Ori J. Ganor,2000,1
Chang S. Chan,Percy L. Paul,2000,1
Chang Soo Park,D. K. Park,1996,3
Chang Soo Park,Eui-Soon Yim,1996,1
Chang Soo Park,Hungsoo Kim,1998,1
Chang Soo Park,Jae Kwan Kim,1998,1
Chang Soo Park,Jae-Rok Kahng,1996,1
Chang Soo Park,Myung Geun Jeong,1998,1
Chang Soo Park,Sahng-Kyoon Yoo,1996,2
Chang Soo Park,Soo-Young Lee,1996,2
Chang-Guang Shi,Minoru Hirayama,2001,1
Chang-Ho Kim,Kee Yong Kim,1994,1
Chang-Ho Kim,Yongduk Kim,1994,1
Chang-Ho Kim,Young-Jai Park,1994,3
Chang-Pu Sun,Li Hua Yu,1993,1
Chang-Pu Sun,Mo-Lin Ge,1992,2
Chang-Pu Sun,Wei Li,1992,1
Chang-Yeong Lee,Dae Sung Hwang,1995,2
Chang-Yeong Lee,Dahl Park,1997,3
Chang-Yeong Lee,Dong Won Lee,1997,2
Chang-Yeong Lee,Eunsang Kim,1999,2
Chang-Yeong Lee,Hoil Kim,1999,5
Chang-Yeong Lee,Hyun Seok Yang,1999,1
Chang-Yeong Lee,Nakwoo Kim,1999,1
Chang-Yeong Lee,Sangmin Lee,1999,1
Chang-Yeong Lee,Seungjoon Hyun,1999,1
Chang-Yeong Lee,Won Tae Kim,1998,1
Chang-Yeong Lee,Youngjai Kiem,1997,4
Chang-Yeong Lee,Yuval Neeman,1995,2
Changhai Lu,Gerald Dunne,1996,1
Changhai Lu,Kimyeong Lee,1996,3
Changhui Li,Haogang Ding,2001,1
Changhui Li,Jian Dai,2001,1
Changhui Li,Xingchang Song,2001,1
Changhyun Ahn,E. Ivanov,1995,2
Changhyun Ahn,Hoil Kim,1998,3
Changhyun Ahn,Hyun Seok Yang,1998,2
Changhyun Ahn,Jinsub Paeng,2000,1
Changhyun Ahn,Kyungho Oh,1997,9
Changhyun Ahn,Kyungsung Woo,2000,3
Changhyun Ahn,Radu Tatar,1997,9
Changhyun Ahn,S. Krivonos,1995,1
Changhyun Ahn,Sang-Jin Sin,2001,1
Changhyun Ahn,Soo-Jong Rey,1999,2
Changhyun Ahn,Soonkeon Nam,1995,6
Changhyun Ahn,Taichi Itoh,2001,3
Changhyun Ahn,Yutaka Ookouchi,2003,1
Changrim Ahn,Chanju Kim,1999,7
Changrim Ahn,Hongsu Kim,1997,1
Changrim Ahn,Jae-Sok Oh,1997,1
Changrim Ahn,Kazuyasu Shigemoto,1993,1
Changrim Ahn,Kong-Ju-Bock Lee,1994,2
Changrim Ahn,Leung Chim,2000,2
Changrim Ahn,M. Stanishkov,2002,1
Changrim Ahn,Marian Stanishkov,2002,1
Changrim Ahn,Minoru Horibe,1993,1
Changrim Ahn,P. Baseilhac,2000,2
Changrim Ahn,Paul A. Pearce,2000,2
Changrim Ahn,Rafael I. Nepomechie,2000,3
Changrim Ahn,Soonkeon Nam,1994,2
Changrim Ahn,V. A. Fateev,1999,2
Changrim Ahn,Wai Ming Koo,1996,1
Changzheng Qu,Liu Zhao,1997,1
Chanju Kim,Chong Oh Lee,2003,1
Chanju Kim,Choonkyu Lee,1993,3
Chanju Kim,Dimitra Karabali,1997,2
Chanju Kim,Hang Bae Kim,2002,3
Chanju Kim,Hyunsoo Min,1993,1
Chanju Kim,Jerome P. Gauntlett,2000,1
Chanju Kim,Kimyeong Lee,2000,3
Chanju Kim,M. Stanishkov,2002,1
Chanju Kim,O-Kab Kwon,2001,3
Chanju Kim,P. Baseilhac,2000,2
Chanju Kim,Piljin Yi,2000,2
Chanju Kim,Pyungwon Ko,1993,1
Chanju Kim,Sang-Heon Yi,2002,1
Chanju Kim,Soo-Jong Rey,1999,1
Chanju Kim,V. A. Fateev,1999,2
Chanju Kim,V. P. Nair,1996,3
Chanju Kim,Yoonbai Kim,1994,7
Chanju Kim,Youngjai Kiem,2001,1
Chanyong Park,Chul H. Lee,1999,1
Chanyong Park,Jae-Weon Lee,1999,1
Chanyong Park,Ki Boum Eom,2002,1
Chanyong Park,Kyung-Seok Cha,2002,1
Chanyong Park,Sang Jin Sin,1999,1
Chanyong Park,Sang-Jin Sin,1997,4
Chanyong Park,Seoktae Koh,1999,1
Chanyong Park,Sung-Shig Kang,2002,1
Chanyong Park,Sunggeun Lee,1999,1
Chao-Shang Huang,Jing Jiang,2001,1
Chao-Shang Huang,Tianjun Li,2001,1
Chao-Shang Huang,Wei Liao,2001,1
Chaouki Boulahouache,George Thompson,1998,1
Charles A. Nelson,Sicong Jing,1998,3
Charles B. Thorn,Joel S. Rozowsky,1999,3
Charles B. Thorn,Klaus Bering,1999,1
Charles B. Thorn,Korkut Bardakci,2001,3
Charles B. Thorn,M. B. Halpern,2001,1
Charles B. Thorn,Oren Bergman,1995,3
Charles B. Thorn,Skuli Gudmundsson,2002,2
Charles B. Thorn,Steven L. Carbon,1994,1
Charles B. Thorn,Tuan A. Tran,2002,1
Charles D. Lane,Jeffrey A. Harvey,2001,1
Charles D. Lane,Sean M. Carroll,2001,1
Charles D. Lane,Takemi Okamoto,2001,1
Charles D. Lane,V. Alan Kostelecky,2001,1
Charles F. Doran,Michael Faux,2001,3
Charles M. Sommerfield,Hisakazu Minakata,2000,1
Charles M. Sommerfield,Ramesh Abhiraman,1995,1
Charles Nash,Denjoe O Connor,1992,4
Charles Nash,Denjoe Oconnor,1995,1
Charles P. Boyer,Krzysztof Galicki,1998,1
Charlotte F. Kristjansen,Jan Ambjorn,1993,1
Chen Ying,He Bing,1999,1
Chen Ying,Lin He,1999,1
Chen Ying,Wu Ji-Min,1999,1
Chengqian Gong,Sen-Ben Liao,1994,1
Cheol Ryou,Haru-Tada Sato,2001,1
Cheol Ryou,Jaemo Park,2002,1
Cheol Ryou,Phillial Oh,2001,2
Cheol Ryou,Taichi Itoh,2001,2
Cheol Ryou,Yeonjung Kim,2001,1
Cheol Ryou,Yoonbai Kim,2002,1
Cheol Ryou,Youngjai Kiem,2001,2
Chethan N. Gowdigere,Nicholas P. Warner,2002,1
Chi-Keung Chow,O. W. Greenberg,2000,1
Chi-Yong Lin,E. R. Takano Natti,1998,1
Chi-Yong Lin,Elcio Abdalla,2000,1
Chi-Yong Lin,Michael Strickland,2000,1
Chi-Yong Lin,P. L. Natti,1998,1
Chi-Yong Lin,Sen-Ben Liao,2000,1
Chiang-Mei Chen,Chuan-Tsung Chan,2001,2
Chiang-Mei Chen,Dmitri V. Galtsov,1999,7
Chiang-Mei Chen,Feng-Li Lin,2001,2
Chiang-Mei Chen,Hyun Seok Yang,2001,2
Chiang-Mei Chen,Ishwaree P. Neupane,2003,1
Chiang-Mei Chen,John E. Wang,2003,1
Chiang-Mei Chen,Kei-Ichi Maeda,1999,1
Chiang-Mei Chen,M. K. Mak,1999,8
Chiang-Mei Chen,Michael Gutperle,2002,1
Chiang-Mei Chen,Paul M. Saffin,2001,1
Chiang-Mei Chen,Pei-Ming Ho,2003,1
Chiang-Mei Chen,Sergei A. Sharakin,1999,5
Chiang-Mei Chen,T. Harko,1999,8
Chiang-Mei Chen,W. F. Kao,2001,4
Chiara Nappi,Olaf Lechtenfeld,1992,1
Chiara Pagani,Leonardo Castellani,2001,1
Chiara R. Nappi,Edward Witten,1992,2
Chiara R. Nappi,Louise Dolan,1998,6
Chiara R. Nappi,Maans Henningson,1993,1
Chie Ohzeki,Masanobu Nojiri,1996,1
Chie Ohzeki,Motowo Yamanobe,1996,1
Chie Ohzeki,Tadashi Miyazaki,1996,1
Chie Ohzeki,Takashi Matsunaga,1996,1
Chien-Hao Liu,Orlando Alvarez,1995,1
Chien-Hao Liu,Volker Braun,1998,1
Chien-Wen Hwang,Guey-Lin Lin,1999,1
Chien-Wen Hwang,Jie-Jun Tseng,1999,1
Chien-Wen Hwang,Kin-Wang Ng,1999,1
Chien-Wen Hwang,Tzuu-Kang Chyi,1999,1
Chien-Wen Hwang,W. F. Kao,1999,1
Chigak Itoi,Masako Asano,1994,2
Chigak Itoi,Norisuke Sakai,1993,4
Chigak Itoi,Saburo Higuchi,1993,4
Chigak Itoi,Shin-Ichi Kojima,1994,2
Chigak Itoi,Shinsuke Nishigaki,1993,2
Chigak Itoi,Wei Chen,1993,3
Chihong Chou,V. P. Nair,1993,1
Chilong Lin,Ron-Jou Hsieh,1996,1
Chilong Lin,Yaw-Hwang Chen,1996,1
Chin-Rong Lee,Green Huang,1992,1
Chin-Rong Lee,Rue-Ron Hsu,1992,2
Chin-Rong Lee,Wei-Fu Lin,1992,1
Chong Oh Lee,Yoonbai Kim,2003,1
Chong-Sun Chu,Feng-Li Lin,2002,1
Chong-Sun Chu,Frederic Zamora,1999,1
Chong-Sun Chu,Gabriele Travaglini,2001,6
Chong-Sun Chu,Gary Shiu,2000,1
Chong-Sun Chu,Harald Dorn,2001,1
Chong-Sun Chu,Harold Steinacker,1994,2
Chong-Sun Chu,Jerzy Lukierski,2002,1
Chong-Sun Chu,John Madore,2001,1
Chong-Sun Chu,Konstantinos Kyritsis,2003,1
Chong-Sun Chu,Miao Li,1999,1
Chong-Sun Chu,Michela Petrini,2002,2
Chong-Sun Chu,Pei-Ming Ho,1994,10
Chong-Sun Chu,Rodolfo Russo,2000,6
Chong-Sun Chu,Stefano Sciuto,2000,2
Chong-Sun Chu,Valentin V. Khoze,2001,8
Chong-Sun Chu,Wojtek J. Zakrzewski,2002,1
Chong-Sun Chu,Yeong-Chuan Kao,1999,1
Chong-Sun Chu,Yi-Yen Wu,1998,1
Chongying Dong,Geoffrey Mason,1994,2
Chongying Dong,Zongzhu Lin,1994,1
Choon-Lin Ho,Chun-Ming Chiang,2000,2
Choon-Lin Ho,Chung-Chieh Lee,2000,1
Choon-Lin Ho,Pinaki Roy,2002,1
Choon-Lin Ho,V. R. Khalilov,1998,2
Choon-Lin Ho,Yutaka Hosotani,1992,2
Choonkyu Lee,Daniel Cangemi,1992,1
Choonkyu Lee,Dongsu Bak,1994,3
Choonkyu Lee,Hyunsoo Min,1993,2
Choonkyu Lee,Jin Hur,2002,1
Choonkyu Lee,Kimyeong Lee,1997,4
Choonkyu Lee,Min-Young Choi,2003,1
Choonkyu Lee,O-Kab Kwon,2000,2
Choonkyu Lee,Piljin Yi,1994,3
Choonkyu Lee,Pyungwon Ko,1993,1
Choonkyu Lee,Q-Han Park,1996,2
Choonkyu Lee,Sang-Jun Kim,1996,1
Choonkyu Lee,Seok Kim,2001,2
Choonkyu Lee,Won Tae Kim,1994,1
Chopin Soo,Lay Nam Chang,1992,8
Chris Barnes,Kim Baskerville,1997,1
Chris Barnes,Neil Turok,1997,2
Chris Beasley,Edward Witten,2002,2
Chris Beasley,M. R. Plesser,1999,1
Chris Ford,Jan M. Pawlowski,2002,2
Chris Harvey-Fros,Jacek Generowicz,1997,1
Chris Harvey-Fros,Tim R. Morris,1997,1
Chris Hull,Constantin Bachas,2002,1
Chris Hull,Michael R. Douglas,1997,1
Chris Koehl,David Mateos,1999,1
Chris Koehl,Jerome Gauntlett,1999,1
Chris Koehl,Marija Zamaklar,1999,1
Chris Koehl,Paul Townsend,1999,1
Chris M. Hull,Jerome P. Gauntlett,1999,1
Chris M. Hull,Ramzi R. Khuri,1999,1
Chris Radford,Hilary Booth,1996,1
Chris Van Den Broeck,Kor Van Hoof,1999,1
Christel Kamp,Gernot Munster,2000,1
Christiaan Hofman,Erik Verlinde,1998,1
Christiaan Hofman,Gysbert Zwart,1998,1
Christiaan Hofman,Jae-Suk Park,1997,4
Christiaan Hofman,Whee Ky Ma,2000,1
Christian Brouder,Robert Oeckl,2002,1
Christian Brouder,William Schmitt,2002,1
Christian Fronsdal,Daniel Sternheimer,1999,1
Christian Fronsdal,Moshe Flato,1998,2
Christian Fronsdal,Sergio Ferrara,1998,1
Christian Grosche,Frank Steiner,1993,1
Christian Hilmoine,Rune Niclasen,2000,1
Christian Mercat,Paul A. Pearce,2001,4
Christian Mercat,Will Orrick,2001,1
Christian Munkel,Dieter W. Heermann,1993,1
Christian Preitschopf,Dmitri Sorokin,1998,2
Christian Preitschopf,Igor Bandos,1999,1
Christian Preitschopf,Jerzy Lukierski,1999,1
Christian Preitschopf,Martin Cederwall,1992,1
Christian Preitschopf,Peter Van Nieuwenhuizen,1997,1
Christian Preitschopf,Tobias Hurth,1997,1
Christian R. Preitschopf,Dmitri Sorokin,1998,1
Christian R. Preitschopf,Lars Brink,1993,1
Christian R. Preitschopf,Martin Cederwall,1993,3
Christian Romelsberger,Duiliu-Emanuel Diaconescu,1999,1
Christian Romelsberger,Harald Ita,2003,1
Christian Romelsberger,Harald Nieder,2003,1
Christian Romelsberger,Ilka Brunner,1999,2
Christian Romelsberger,Johannes Walcher,2002,1
Christian Romelsberger,Kristian D. Kennaway,2002,1
Christian Romelsberger,Michael R. Douglas,1999,3
Christian Romelsberger,Nick Halmagyi,2002,1
Christian Romelsberger,Radu Roiban,2002,1
Christian Romelsberger,Rami Entin,1999,1
Christian Romelsberger,Richard Corrado,2002,1
Christian Romelsberger,Sujay K. Ashok,2002,1
Christian Romelsberger,Yaron Oz,2003,1
Christian Rupp,Elisabeth Kraus,2002,1
Christian Rupp,Johanna Erdmenger,1998,3
Christian Rupp,Klaus Sibold,1998,4
Christian Rupp,Rainer Scharf,2001,1
Christian Schubert,D. G. C. Mckeon,1998,1
Christian Schubert,Denny Fliegner,1995,2
Christian Schubert,Emery Sokatchev,2000,1
Christian Schubert,F. A. Dilkes,1998,1
Christian Schubert,Gerald V. Dunne,1999,5
Christian Schubert,Holger Gies,2002,1
Christian Schubert,Louise C. Martin,2003,1
Christian Schubert,Lukas Nellen,1995,2
Christian Schubert,Martin Reuter,1996,2
Christian Schubert,Michael G. Schmidt,1995,8
Christian Schubert,Myriam Mondragon,1995,2
Christian Schubert,Peter Haberl,1995,1
Christian Schubert,Stephen L. Adler,1996,1
Christian Schubert,Victor M. Villanueva Sandoval,2003,1
Christian Stern,Koji Harada,1997,1
Christian Stern,Thomas Heinzl,1997,1
Christian Surlykke,Holger Bech Nielsen,1994,1
Christian Surlykke,Svend Erik Rugh,1994,1
Christian Wieczerkowski,Giovanni Felder,1994,1
Christian Wieczerkowski,Juri Rolf,1996,1
Christiane Schomblond,Marc Henneaux,1996,3
Christiane Schomblond,Sophie De Buyl,2002,1
Christiane Schomblond,Thibault Damour,2002,1
Christiane Schomblond,Xavier Bekaert,2000,1
Christine Unkmeir,Sergei V. Ketov,1996,2
Christine Unkmeir,Sven-Olaf Moch,1996,1
Christof Gattringer,Erhard Seiler,1993,1
Christof Wetterich,Holger Gies,2001,2
Christoph Adam,Gerardo L. Rossini,1997,1
Christoph Kopper,Clemens Schophaus,1996,1
Christoph Kopper,Frederic Meunier,2001,1
Christoph Kopper,Georg Keller,1996,1
Christoph Kopper,Thomas Reisz,2000,1
Christoph Kopper,Volkhard F. Muller,2000,1
Christoph Richard,Paul A. Pearce,2001,1
Christoph Schweigert,Florian Conrady,2002,1
Christoph Schweigert,Giovanni Felder,1999,1
Christoph Schweigert,Ingo Runkel,2002,3
Christoph Schweigert,Jurg Frohlich,1999,1
Christoph Schweigert,Jurgen Fuchs,1993,10
Christoph Schweigert,Maximilian Kreuzer,1995,1
Christoph Schweigert,Pedro Bordalo,2001,1
Christoph Schweigert,Sylvain Ribault,2001,1
Christoph Sieg,Harald Dorn,2002,2
Christophe Fraser,David Tong,1997,1
Christophe Fraser,Davide Fabbri,1998,1
Christophe Fraser,Gianguido Dallagata,1998,1
Christophe Fraser,Mario Trigiante,1998,1
Christophe Fraser,Piet Termonia,1998,1
Christophe Fraser,Pietro Fre,1998,1
Christophe Fraser,Timothy J. Hollowood,1996,2
Christophe Grojean,Csaba Csaki,2000,2
Christophe Grojean,Joshua Erlich,2000,2
Christophe Grojean,Timothy Hollowood,2000,1
Christophe Ringeval,Jean-Philippe Uzan,2003,1
Christophe Ringeval,Patrick Peter,2003,1
Christopher D. Carone,Nahum Zobin,2002,1
Christopher Gordon,Neil Turok,2002,1
Christopher Gordon,Roy Maartens,2000,1
Christopher Hull,George Papadopoulos,2001,2
Christopher Hull,Jose Figueroa-Ofarrill,2001,3
Christopher Hull,Matthias Blau,2001,2
Christopher Hull,Paul De Medeiros,2001,1
Christopher M. Hull,Gary W. Gibbons,2000,1
Christopher M. Hull,Harvey S. Reall,2002,1
Christopher M. Hull,Jan B. Gutowski,2002,1
Christopher M. Hull,Jerome P. Gauntlett,2000,3
Christopher M. Hull,Michael B. Green,1996,1
Christopher M. Hull,Mirjam Cvetic,1996,2
Christopher M. Hull,Mohab Abou Zeid,1999,1
Christopher M. Hull,Paul K. Townsend,1996,2
Christopher M. Hull,Stathis Pakis,2002,1
Christopher M. Oneill,Samir D. Mathur,1992,1
Christopher P. Herzog,David Berenstein,2002,1
Christopher P. Herzog,Igor R. Klebanov,2000,6
Christopher P. Herzog,Peter Ouyang,2001,3
Christopher T. Hill,Hsin-Chia Cheng,2001,1
Christopher T. Hill,Jing Wang,2001,2
Christopher T. Hill,Pierre Ramond,2000,1
Christopher T. Hill,Stefan Pokorski,2001,2
Christopher Ting,Edward Teo,1997,1
Christos Charmousis,Jean-Francois Dufaux,2002,2
Christos Charmousis,Peter Bowcock,2000,1
Christos Charmousis,Pierre Binetruy,2002,1
Christos Charmousis,Roberto Emparan,2001,1
Christos Charmousis,Ruth Gregory,1999,3
Christos Charmousis,Stephen C Davis,2002,1
Christos Charmousis,Valery A. Rubakov,1999,1
Chryssomalis Chryssomalakos,Paul Watts,1993,1
Chryssomalis Chryssomalakos,Peter Schupp,1993,1
Chuan-Jie Zhu,Jun-Bao Wu,2002,3
Chuan-Jie Zhu,Roberto Iengo,1999,2
Chuan-Jie Zhu,Wu-Jun Bao,2003,1
Chuan-Jie Zhu,Xing-Chang Song,2002,1
Chuan-Jie Zhu,Yong-Shi Wu,1992,1
Chuan-Jie Zhu,Yu Tian,2002,3
Chuan-Jie Zhu,Zhu-Jun Zheng,2002,3
Chuan-Sheng Xiong,Ezra Getzler,2000,1
Chuan-Sheng Xiong,Hiroaki Kanno,1996,1
Chuan-Sheng Xiong,Katsushi Ito,1998,1
Chuan-Sheng Xiong,Kentaro Hori,1996,2
Chuan-Sheng Xiong,Masao Jinzenji,1997,1
Chuan-Sheng Xiong,Sung-Kil Yang,1998,1
Chuan-Sheng Xiong,Takeo Inami,1996,1
Chuan-Sheng Xiong,Tatsuya Ueno,1996,1
Chuan-Sheng Xiong,Tohru Eguchi,1996,5
Chuan-Tsung Chan,Chun-Khiang Chua,2000,1
Chuan-Tsung Chan,Feng-Li Lin,2001,1
Chuan-Tsung Chan,Hyun Seok Yang,2001,2
Chuan-Tsung Chan,Jen-Chi Lee,2001,1
Chul H. Lee,Hyun Kyu Lee,1994,1
Chul H. Lee,Jae-Weon Lee,1998,2
Chul H. Lee,Joon Ha Kim,1994,1
Chul H. Lee,Sang Jin Sin,1999,1
Chul H. Lee,Seoktae Koh,1998,2
Chul Koo Kim,Dae Kwan Kim,1997,1
Chul Koo Kim,Jae Hyung Yee,2001,1
Chul Koo Kim,Kyun Nahm,2001,3
Chul Koo Kim,Wen-Fa Lu,2001,4
Chun-Qing Huang,Helmut Kroger,2002,1
Chun-Qing Huang,Jin-Jiang Liu,2002,1
Chun-Qing Huang,Jun-Qin Jiang,2002,1
Chun-Qing Huang,Xiang-Qian Luo,2002,1
Chung-I Tan,David A. Lowe,2002,1
Chung-I Tan,Kostas N. Orginos,1996,1
Chung-I Tan,Miao Li,1994,1
Chung-I Tan,Nevidita Deo,1992,1
Chung-I Tan,Paolo Rossi,1994,1
Chung-I Tan,Richard C. Brower,1992,6
Chung-I Tan,Samir D. Mathur,1999,3
Chung-I Tan,Sanjay Jain,1992,1
Chung-Wen Kao,Gouranga C. Nayak,2000,1
Chung-Wen Kao,Horst Stoecker,2000,1
Chung-Wen Kao,Qun Wang,2000,1
Chung-Wen Kao,Walter Greiner,2000,1
Cihan Saclioglu,Savas Arapoglu,2003,1
Cihan Saclioglu,Serdar Nergiz,1995,3
Cintia G. Pinheiro,F. C. Khanna,2000,1
Ciprian Acatrinei,Corneliu Sochichiu,2001,1
Ciprian Acatrinei,Marco Fabbrichesi,1999,1
Ciprian Acatrinei,Roberto Iengo,1999,1
Cl. Gabriel,M. Lubo,1998,1
Cl. Gabriel,M. Rooman,1997,1
Cl. Gabriel,Ph Spindel,1999,1
Cl. Gabriel,Ph. Spindel,1997,4
Cl. Gabriel,R. Brout,1998,1
Cl. Gabriel,R. Parentani,1997,1
Cl. Gabriel,S. Detournay,2002,1
Cl. Gabriel,S. Massar,1997,1
Clare Dunning,Patrick Dorey,2000,6
Clare Dunning,Roberto Tateo,2000,6
Claude Barrab`Es,Valeri Frolov,1995,1
Claude Gabriel,Yves Brihaye,1998,1
Claude Godreche,Jean-Marc Luck,2001,1
Claude Godreche,Malte Henkel,2001,1
Claude Godreche,Michel Pleimling,2001,1
Claude Roger,Volodimir Lyubashenko,1994,1
Claudio A. Scrucca,Faheem Hussain,1997,4
Claudio A. Scrucca,Jose F. Morales,1998,2
Claudio A. Scrucca,Marco Serone,1998,10
Claudio A. Scrucca,Matteo Bertolini,1998,2
Claudio A. Scrucca,Pietro Fre`,1998,1
Claudio A. Scrucca,Roberto Iengo,1997,6
Claudio A. Scrucca,Rodolfo Russo,1999,1
Claudio Coriano,Hidenaga Yamagishi,1992,1
Claudio Coriano,Ismail Zahed,1992,1
Claudio Coriano,Rajesh R. Parwani,1992,2
Claudio Nassif,P. R. Silva,2000,1
Claudio Simeone,Rafael Ferraro,1995,1
Claudio Teitelboim,Cristian Martinez,1999,1
Claudio Teitelboim,J. David Vergara,1992,1
Claudio Teitelboim,Jorge Zanelli,1992,2
Claudio Teitelboim,Marc Henneaux,1992,2
Claudio Teitelboim,Maximo Ba~Nados,1992,1
Claus Jeschek,Klaus Behrndt,2003,1
Claus Kiefer,Mariusz P. Dabrowski,1997,1
Claus Zahlten,Haru-Tada Sato,2000,1
Claus Zahlten,Michael G. Schmidt,2000,1
Clemens Schophaus,Georg Keller,1996,1
Clifford Johnson,Tim Morris,1992,1
Clifford Neves,Clovis Wotzasek,1999,2
Clifford Neves,Everton M. C. Abreu,1999,1
Clifford V. Johnson,David C. Page,2000,2
Clifford V. Johnson,Dominic Brecher,2002,1
Clifford V. Johnson,Eric G. Gimon,1996,2
Clifford V. Johnson,Harald G. Svendsen,2003,1
Clifford V. Johnson,Joseph Polchinski,1996,2
Clifford V. Johnson,Kenneth J. Lovis,2000,3
Clifford V. Johnson,Laur Jarv,2000,3
Clifford V. Johnson,Lisa M. Dyson,2001,1
Clifford V. Johnson,Michela Petrini,2000,2
Clifford V. Johnson,Nemanja Kaloper,1995,1
Clifford V. Johnson,Nick Evans,1997,3
Clifford V. Johnson,Per Berglund,1995,1
Clifford V. Johnson,Peter L. White,1992,1
Clifford V. Johnson,Philippe Zaugg,1995,1
Clifford V. Johnson,Ramzi R. Khuri,1995,2
Clifford V. Johnson,Robert C. Myers,1994,13
Clifford V. Johnson,Roberto Emparan,1998,4
Clifford V. Johnson,Shamit Kachru,1995,1
Clifford V. Johnson,Shyamoli Chaudhuri,1996,1
Clifford V. Johnson,Simon F. Ross,2001,1
Clifford V. Johnson,Tim R. Morris,1992,2
Clisthenis P. Constantinidis,Francois Gieres,2003,2
Clisthenis P. Constantinidis,Jose Luis Boldo,2003,1
Clisthenis P. Constantinidis,Jose Luiz Boldo,2003,1
Clisthenis P. Constantinidis,Matthieu Lefrancois,2003,2
Clisthenis P. Constantinidis,Olivier Piguet,2003,2
Clovis Wotzasek,Everton M. C. Abreu,1998,4
Clovis Wotzasek,Nelson R. F. Braga,1996,1
Clovis Wotzasek,Rabin Banerjee,2000,2
Cm Hull,Jm Figueroa-Ofarrill,1998,1
Cm. Viallet,M. Dubois-Violette,1992,1
Cm. Viallet,M. Henneaux,1992,1
Cm. Viallet,M. Talon,1992,1
Collin Bennett,Thomas Branson,2001,1
Conall Kennedy,Danny Birmingham,1998,1
Conall Kennedy,Emil M. Prodanov,2000,2
Conall Kennedy,Siddhartha Sen,1998,1
Cong-Xin Liu,Guo-Xing Ju,1998,1
Cong-Xin Liu,Ke Wu,1998,1
Cong-Xin Liu,Shi-Kun Wang,1998,1
Conor Houghton,Kimyeong Lee,1999,1
Conor Houghton,Nicholas Manton,1997,1
Conor Houghton,Patrick Irwin,1999,1
Conor Houghton,Paul Sutcliffe,1996,7
Conor Houghton,Richard Battye,2002,1
Conor J. Houghton,Erick J. Weinberg,2002,1
Conor J. Houghton,Steffen Krusch,2001,1
Conrad J. Burden,Craig D. Roberts,1993,1
Conrad J. Burden,Paulus C. Tjiang,1998,1
Constantin Bachas,Michael B. Green,1997,1
Constantin Bachas,Michael R. Douglas,1997,1
Constantin Bachas,Nicolas Couchoud,2001,1
Constantin Bachas,Paul Windey,2001,1
Constantin P. Bachas,Michael B. Green,1997,1
Constantin Rasinariu,Ovidiu Lipan,2000,1
Corinne A. Manogue,Jorg Schray,1993,2
Corinne A. Manogue,Tevian Dray,1998,2
Corneliu Sochichiu,Elias Kiritsis,2002,1
Corneliu Sochichiu,Stefano Bellucci,2001,2
Cosimo Stornaiolo,Giampiero Esposito,1999,3
Cosimo Stornaiolo,Giuseppe Bimonte,2003,1
Cosimo Stornaiolo,Giuseppe Marmo,2002,2
Cosmas K Zachos,Thomas L Curtright,2001,3
Cosmas Zachos,David Fairlie,1997,3
Cosmas Zachos,Thomas Curtright,1995,11
Cosmas Zachos,Tsuneo Uematsu,1996,2
Costas Bachas,Marios Petropoulos,1992,1
Costas Efthimiou,Samwel Apikyan,1996,1
Costas J. Efthimiou,Donald Spector,2002,1
Costas J. Efthimiou,Marco Ameduri,1998,1
Costas J. Efthimiou,Theodore J. Allen,2002,1
Costas John Efthimiou,Donald Spector,1993,1
Costas Kounnas,Dieter Lust,1999,1
Costas Kounnas,Elias Kiritsis,1995,5
Costas Kounnas,Ignatios Antoniadis,1999,1
Costas Kounnas,Itzhak Bars,1996,3
Costas Kounnas,J.-Pierre Derendinger,1999,1
Costas Kounnas,Jacques Distler,1996,1
Costas Kounnas,Luis Alvarez-Gaume,1996,1
Costas Kounnas,Marcos Marino,1996,1
Costas Kounnas,P. Marios Petropoulos,1998,1
Costas Kounnas,Ralph Blumenhagen,1999,1
Costas Kounnas,Riccardo Dauria,1997,1
Costas Kounnas,Sergio Ferrara,1997,1
Costin Popescu,Eric G. Gimon,1999,1
Costin Popescu,Jaemo Park,1997,2
Costin Popescu,John H. Schwarz,1996,4
Costin Popescu,Mina Aganagic,1996,4
Courtney J. Mewton,Mark D. Gould,2002,1
Courtney J. Mewton,Xiang-Mao Ding,2002,1
Courtney J. Mewton,Yao-Zhong Zhang,2002,1
Craig A. Tracy,Harold Widom,1992,6
Craig A. Tracy,John Harnad,1993,1
Craig A. Tracy,John Palmer,1993,1
Craig A. Tracy,Morris Beatty,1993,1
Craig A. Tracy.,Kasper J. Eriksen,1995,1
Craig A. Tracy.,Yang Chen,1995,1
Cresus F. L. Godinho,Everton M. C. Abreu,1998,1
Cresus F. L. Godinho,Nelson R. F. Braga,1998,4
Cristian Martinez,Jack Gegenberg,2003,1
Cristian Martinez,Jorge Zanelli,1999,5
Cristian Martinez,Marc Henneaux,2002,1
Cristian Martinez,Maximo Banados,1998,1
Cristian Martinez,Ricardo Troncoso,2002,5
Cristian Martinez,Rodrigo Aros,2002,2
Cristiano Carpi,Francesco Fucito,1998,1
Cristiano Germani,Roy Maartens,2001,1
Cristina Manuel,Rolf Tarrach,1993,1
Cristobal Lara,Jose Bordes,1999,1
Cs. Koccak,T. Dereli,1996,2
Csaba Csaki,Daniel Freedman,1997,1
Csaba Csaki,Graham D. Kribs,2000,1
Csaba Csaki,Hirosi Ooguri,1998,1
Csaba Csaki,Hitoshi Murayama,1997,4
Csaba Csaki,John Terning,1997,9
Csaba Csaki,Jorge Russo,1998,2
Csaba Csaki,Joshua Erlich,1997,9
Csaba Csaki,Konstadinos Sfetsos,1999,1
Csaba Csaki,Lisa Randall,1996,2
Csaba Csaki,Martin Schmaltz,1996,5
Csaba Csaki,Michael L. Graesser,2000,1
Csaba Csaki,Robert Leigh,1996,1
Csaba Csaki,Timothy Hollowood,2000,1
Csaba Csaki,Timothy J. Hollowood,2000,5
Csaba Csaki,Witold Skiba,1996,11
Csaba Csaki,Yaron Oz,1998,2
Csaba Csaki,Yuri Shirman,1999,2
Ctirad Klimv Ci K,Eliza Klimv Ci K,1992,1
Cumrun Vafa,David R. Morrison,1996,3
Cumrun Vafa,Debashis Ghoshal,1995,1
Cumrun Vafa,Edward Witten,1994,4
Cumrun Vafa,Freddy Cachazo,2002,1
Cumrun Vafa,Hirosi Ooguri,1995,9
Cumrun Vafa,J. M. F. Labastida,2000,1
Cumrun Vafa,Ken Intriligator,1992,2
Cumrun Vafa,Kentaro Hori,1997,4
Cumrun Vafa,Marcos Marino,2000,4
Cumrun Vafa,Michael Bershadsky,1997,2
Cumrun Vafa,Mina Aganagic,2000,9
Cumrun Vafa,Nathan Berkovits,1993,3
Cumrun Vafa,Nicholas P. Warner,2003,1
Cumrun Vafa,Paul Fendley,1992,1
Cumrun Vafa,Rajesh Gopakumar,1998,4
Cumrun Vafa,Robbert Dijkgraaf,2002,6
Cumrun Vafa,Sergei Gukov,2002,2
Cumrun Vafa,Sergio Cecotti,1992,1
Cumrun Vafa,Shamit Kachru,1995,1
Cumrun Vafa,Sheldon Katz,1996,4
Cumrun Vafa,Vladimir A. Kazakov,2002,1
Cumrun Vafa,Zurab Kakushadze,1998,1
Curtin Callan,Frank Wilczek,1994,1
Curtis G. Callan,Igor R. Klebanov,1993,3
Curtis G. Callan,Joanna L. Karczmarek,2001,1
Curtis G. Callan,Jr.,1995,3
Curtis G. Callan,Juan M. Maldacena,1994,4
Curtis G. Callan,Konstantin G. Savvidy,1998,2
Curtis G. Callan,Oyvind Tafjord,1999,1
Cyril Furtlehner,Stephane Ouvry,1994,1
D A Rasheed,G W Gibbons,1995,2
D Elliott,D Mcanally,1996,1
D Elliott,R Delbourgo,1996,1
D G C Mckeon,F T Brandt,1996,1
D Mcanally,R Delbourgo,1996,1
D Mcmullan,M Lavelle,2002,1
D Mcmullan,R Horan,2002,1
D S Mcanally,I Tsohantjis,2000,1
D S Mcanally,P D Jarvis,1998,2
D S Mcanally,S P Corney,1998,2
D V Nanopoulos,J Ellis,1993,1
D V Nanopoulos,N E Mavromatos,1993,1
D. A. Komarov,M. N. Chernodub,1998,1
D. A. Korotkin,J. A. H. Samtleben,1995,1
D. A. Kosower,D. C. Dunbar,1996,1
D. A. Kosower,L. Dixon,1993,2
D. A. Kosower,Z. Bern,1993,2
D. A. Lowe,E. Lopez,1996,1
D. A. Lowe,G. T. Horowitz,1996,1
D. A. Lowe,J. A. Harvey,1995,1
D. A. Lowe,J. C. Breckenridge,1996,1
D. A. Lowe,J. M. Maldacena,1996,1
D. A. Lowe,J. Uglum,1994,1
D. A. Lowe,K. Landsteiner,1996,1
D. A. Lowe,L. Susskind,1994,1
D. A. Lowe,L. Thorlacius,1994,2
D. A. Lowe,M. Oloughlin,1993,1
D. A. Lowe,R. C. Myers,1996,1
D. A. Lowe,S. Chaudhuri,1995,2
D. A. Macintire,M. Dine,1992,1
D. A. Macintire,R. G. Leigh,1992,1
D. A. Owen,E. I. Guendelman,1993,2
D. A. Owen,V. A. Nechitailo,1995,1
D. A. Owen,V. Nechitailo,1993,1
D. A. R. Dalvit,F. D. Mazzitelli,1994,1
D. A. Rasheed,G. W. Gibbons,1996,1
D. A. Ryzhikh,L. Laperashvili,2001,1
D. A. Ryzhikh,L. V. Laperashvili,2001,1
D. A. Sahakyan,D. Kutasov,2000,1
D. A. Sahakyan,S. A. Apikyan,1998,2
D. A. Steer,J. Mourad,2003,1
D. A. Steer,M. F. Parry,2002,1
D. A. Steer,Ph. Brax,2002,3
D. A. Steer,R. J. Rivers,1998,4
D. A. Steer,T. S. Evans,2000,2
D. A. Steer,Timon Boehm,2002,1
D. Alba,H. Crater,2001,1
D. Alba,L. Lusanna,2001,3
D. Alba,M. Pauri,2001,2
D. Alexander,M. Temple-Raston,1992,1
D. Altschuler,E. Thiran,1998,1
D. Altschuler,P. Ruelle,1998,1
D. Amati,J. G. Russo,1996,2
D. Amati S. Elitzur,E. Rabinovici,1993,1
D. Anselmi,D. Z. Freedman,1996,3
D. Anselmi,G. Festuccia,2002,1
D. Anselmi,J. Erlich,1997,1
D. Anselmi,L. Girardello,1993,4
D. Anselmi,M. Billo,1993,1
D. Anselmi,M. Grisaru,1996,1
D. Anselmi,M. Porrati,2000,1
D. Anselmi,M. T. Grisaru,1996,2
D. Anselmi,P. Fre,1993,3
D. Anselmi,P. Soriani,1994,2
D. Armand Ugon,P. Mora,1992,1
D. Armand Ugon,R. Gambini,1992,1
D. Arnaudon,D. Karakhanyan,2001,1
D. Arnaudon,F. C. Alcaraz,1993,1
D. Arnaudon,J. Ambjorn,2000,1
D. Arnaudon,M. Mirumyan,2001,1
D. Arnaudon,M. Scheunert,1993,1
D. Arnaudon,P. Sorba,2000,4
D. Arnaudon,R. Poghossian,2000,1
D. Arnaudon,T. Sedrakyan,2000,3
D. Arnaudon,V. Rittenberg,1993,1
D. Atkinson,P. Maris,1992,1
D. Atkinson,V. P. Gusynin,1992,1
D. B. Ali,J. A. Gracey,2001,1
D. B. Fairlie,I. A. B. Strachan,1996,1
D. B. Fairlie,J. A. Mulvey,1993,1
D. B. Fairlie,J. Govaerts,1992,2
D. B. Fairlie,J. Nuyts,1993,3
D. B. Fairlie,Jean Nuyts,1996,1
D. B. Fairlie,L. M. Baker,1999,2
D. B. Fairlie,R. Zhdanov,1996,1
D. B. Mckernan,I. D. Lawrie,1996,1
D. B. Papadopoulos,J. E. Paschalis,1999,1
D. B. Papadopoulos,K. Kleidis,1998,2
D. B. Uglov,I. T. Ivanov,1992,1
D. B. Uglov,V. E. Korepin,1993,1
D. B. Westra,M. De Roo,2002,1
D. B. Westra,S. Panda,2002,1
D. Babusci,S. Bellucci,2001,1
D. Babusci,V. Faraoni,2001,1
D. Badagnani,G. Aldazabal,1999,1
D. Badagnani,L. E. Ibanez,1999,1
D. Bahns,G. Piacitelli,2002,2
D. Bahns,K. Fredenhagen,2002,2
D. Bahns,S. Doplicher,2002,2
D. Bailin,G. V. Kraniotis,1997,12
D. Bailin,S. Thomas,1993,7
D. Bailin,W. A. Sabra,1992,11
D. Bak,D. Seminara,1995,3
D. Bak,G. Amelino-Camelia,1994,4
D. Baleanu,Y. Guler,2002,1
D. Bar-Moshe,M. S. Marinov,1994,2
D. Bazeia,D. Toledo,1997,1
D. Bazeia,E. Passos,2003,1
D. Bazeia,F. A. Brito,1996,6
D. Bazeia,H. Boschi-Filho,1998,1
D. Bazeia,J. M. C. Malbouisson,2002,1
D. Bazeia,J. Menezes,2001,2
D. Bazeia,J. R. Nascimento,2002,2
D. Bazeia,J. R. S. Nascimento,1996,3
D. Bazeia,L. Losano,2001,5
D. Bazeia,M. Alves,2000,1
D. Bazeia,M. M. Santos,2001,2
D. Bazeia,R. F. Ribeiro,1997,6
D. Bazeia,R. Jackiw,1998,1
D. Bazeia,R. Menezes,2002,1
D. Bazeia,T. Mariz,2003,1
D. Bazeia,V. B. Bezerra,2000,1
D. Bazeia,V. Latora,2000,1
D. Bazeia,W. Freire,2002,2
D. Bellisai,F. Fucito,1998,2
D. Bellisai,G. Travaglini,1997,3
D. Berenstein,E. Gava,2002,1
D. Berenstein,H. Nastase,2002,1
D. Berenstein,J. Maldacena,2002,1
D. Berenstein,K. S. Narain,2002,1
D. Bernard,D. Serban,1993,2
D. Bernard,F. A. Smirnov,1996,3
D. Bernard,F. D. M. Haldane,1993,1
D. Bernard,J.-F. Mathiot,2001,1
D. Bernard,M. Gaudin,1993,1
D. Bernard,N. Regnault,2000,1
D. Bernard,O. Babelon,1996,3
D. Bernard,P. Mathieu,1996,1
D. Bernard,Th. Cousin,2001,1
D. Bernard,V. A. Karmanov,2001,1
D. Bernard,V. Pasquier,1993,3
D. Bernard,Z. Maassarani,1996,1
D. Bernard. V. Pasquier,D. Serban,1995,1
D. Binosi,M. Shifman,2000,1
D. Binosi,T. Ter Veldhuis,1999,2
D. Birmingham,M. Rakowski,1993,2
D. Blaschke,D. Proskurin,2001,2
D. Blaschke,G. Roepke,1995,3
D. Blaschke,H.-P. Pavel,1995,1
D. Blaschke,S. Vinitsky,2002,1
D. Blaschke,V. N. Pervushin,1995,2
D. Blaschke,V. Pervushin,2000,3
D. Bonatsos,D. Ellinas,1994,1
D. Borthwick,M. Rinaldi,1994,2
D. Borthwick,S. Klimek,1994,2
D. Borthwick,T. Paul,1994,1
D. Boulatov,J. Ambjorn,1998,1
D. Boulatov,J. L. Nielsen,1998,1
D. Boulatov,J. Rolf,1998,1
D. Boulatov,Y. Watabiki,1998,1
D. Boyanovsky,D.-S. Lee,1992,1
D. Boyanovsky,H. J. De Vega,1992,2
D. Boyanovsky,R. Holman,1994,1
D. Brace,U. Varadarajan,2001,1
D. Brecher,H. S. Reall,2000,1
D. Brecher,J. P. Gregory,2002,1
D. Brecher,M. J. Perry,1998,2
D. Brecher,P. M. Saffin,2001,3
D. Buchholz,F. Strocchi,1997,1
D. Buchholz,G. Morchio,1997,1
D. Buchholz,J. E. Roberts,1997,1
D. Buchholz,S. Doplicher,1997,1
D. C. Brydges,P. K. Mitter,2002,1
D. C. Cabra,E. F. Moreno,1993,2
D. C. Cabra,F. A. Schaposnik,1995,1
D. C. Cabra,G. L. Rossini,1995,1
D. C. Cabra,G. Mussardo,1997,1
D. C. Cabra,K. D. Rothe,1994,4
D. C. Cabra,P. Pujol,1997,2
D. C. Dunbar,J. S. Rozowsky,1998,4
D. C. Dunbar,L. Dixon,1996,5
D. C. Dunbar,M. Perelstein,1998,4
D. C. Dunbar,P. S. Norridge,1995,1
D. C. Dunbar,T. Shimada,1993,1
D. C. Dunbar,Z. Bern,1993,6
D. C. Latimer,K. C. Hannabuss,2002,1
D. C. Robinson,J. Madore,2002,1
D. C. Robinson,M. Maceda,2002,1
D. C. Rodrigues,J. Ananias Neto,2001,1
D. C. Rodrigues,W. Oliveira,2001,1
D. Cabra,F. A. Schaposnik,1994,1
D. Cabra,N. Bralic,1994,1
D. Caenepeel,D. G. C. Mckeon,1993,1
D. Caenepeel,F. Gingras,1993,1
D. Caenepeel,M. Leblanc,1993,4
D. Caenepeel,R. Mackenzie,1994,1
D. Campo,J. C. Niemeyer,2002,1
D. Campo,R. Parentani,2002,1
D. Cangemi,Dongsu Bak,1993,1
D. Cangemi,M. Crescimanno,1992,1
D. Cangemi,R. Brooks,1992,1
D. Cangemi,R. Jackiw,1993,4
D. Chang,I. Phillips,1992,1
D. Chang,Lev Rozansky,1992,1
D. Colferai,G. Nardelli,1997,1
D. Cremades,F. Marchesano,2002,4
D. Cremades,L. E. Ibanez,2002,4
D. Dalmazi,E. A. Silva,2001,1
D. Dalmazi,E. Abdalla,1992,3
D. Dalmazi,E. M. C. Abreu,2001,2
D. Dalmazi,G. Akemann,2000,1
D. Dalmazi,J. J. M Verbaarschot,2000,1
D. Dalmazi,J. J. M. Verbaarschot,2000,2
D. Dalmazi,K. Harada,1992,1
D. Dalmazi,L. O. Buffon,1996,2
D. Dalmazi,Luiz C. De Albuquerque,1999,1
D. Dalmazi,M. C. B. Abdalla,1992,2
D. Dalmazi,Marcelo Hott,1999,3
D. Dalmazi,Nelson A. Alves,1999,1
D. Dalmazi,P. H. Damgaard,2000,1
D. Delepine,J. Weyers,1997,1
D. Delepine,R. Gonzalez Felipe,1997,1
D. Depireux,P. Mathieu,1993,1
D. Diakonov,K. Zarembo,1998,1
D. Diakonov,M. Maul,1999,1
D. Dudal,H. Verschelde,2002,6
D. Dudal,J. A. Gracey,2003,1
D. Dudal,K. Van Acoleyen,2002,1
D. Dudal,M. Picariello,2002,3
D. Dudal,M. S. Sarandy,2002,3
D. Dudal,R. E. Browne,2003,1
D. Dudal,S. P. Sorella,2002,4
D. Dudal,V. E. R. Lemes,2002,3
D. Dunbar,D. Seminara,2000,1
D. Dunbar,J. Rozowsky,2000,1
D. Dunbar,L. Dixon,2000,1
D. Dunbar,M. Perelstien,2000,1
D. Dunbar,M. Trigante,2000,1
D. Dunbar,Z. Bern,2000,1
D. E. Berenstein,L. F. Urrutia,1993,1
D. E. Evans,J. Bockenhauer,1998,3
D. E. Jaramillo,J. H. Munoz,1998,1
D. E. Nikonov,V. I. Manko,1993,1
D. E. Nikonov,V. V. Dodonov,1993,1
D. E. Pelinovsky,I. V. Barashenkov,1998,1
D. Easson,R. Brandenberger,2000,1
D. Easson,S. Alexander,2000,1
D. Ebert,D. V. Antonov,1996,3
D. Ebert,H. Toki,2001,1
D. Ebert,K. G. Klimenko,2000,2
D. Ebert,M. Nagy. M. K. Volkov,1994,1
D. Ebert,M. V. Rogal,2001,1
D. Ebert,V. Ch. Zhukovsky,1997,4
D. Ebert,V. V. Khudyakov,2000,1
D. Ebert,Yu. A. Simonov,1996,1
D. Espriu,J. Alfaro,1999,2
D. Espriu,J. Matias,1993,1
D. Espriu,L. Balart,2002,1
D. F. Litim,F. Freire,2001,1
D. F. Litim,J. M. Pawlowski,2001,1
D. F. Litim,N. Tetradis,1995,1
D. F. Marchioro,D. G. Delfrate,2002,1
D. F. Marchioro,F. P. Devecchi,1999,2
D. Fabbri,G. Dallagata,1999,1
D. Fabbri,L. Gualtieri,1999,1
D. Fabbri,M. Billo`,2000,2
D. Fabbri,M. Trigiante,1999,1
D. Fabbri,P. Fre,1999,1
D. Fabbri,P. Fre`,1999,3
D. Fabbri,P. Merlatti,2000,2
D. Fabbri,P. Termonia,1999,2
D. Finnell,P. Pouliot,1995,1
D. Fioravanti,E. Quattrini,1996,1
D. Fioravanti,F. Ravanini,1996,1
D. Fioravanti,G. Mussardo,2000,1
D. Fioravanti,G. Pradisi,1993,1
D. Fioravanti,M. Stanishkov,1998,2
D. Fioravanti,P. Simon,2000,1
D. Fliegner,M. G. Schmidt,1994,3
D. Fliegner,P. Haberl,1994,3
D. Fradkin,S. Lukyanov,1998,1
D. Fradkin,V. Fateev,1998,1
D. Francia,K. Yoshida,2001,1
D. Francia,S. Arnone,2001,1
D. Freed,G. Moore,1998,1
D. Freed,J. A. Harvey,1998,1
D. Freed,R. Minasian,1998,1
D. Fursaev,G. Kunstatter,1999,1
D. Fursaev,J. Gegenberg,1999,1
D. Fursaev,V. Frolov,1998,4
D. G. Barci,E. R. Mucciolo,2000,1
D. G. Barci,E. S. Fraga,1996,1
D. G. Barci,J. F. Medeiros Neto,2000,1
D. G. Barci,L. C. Q. Vilar,1998,1
D. G. Barci,L. E. Oxman,1995,8
D. G. Barci,M. B. D. Silva Maia Porto,1998,1
D. G. Barci,M. C. Rocca,1996,1
D. G. Barci,M. Rocca,1995,1
D. G. Barci,S. P. Sorella,1998,4
D. G. Barci,V. E. R. Lemes,1998,1
D. G. Barcy,L. E. Oxman,1995,1
D. G. C. Mckeon,F. A. Dilkes,1995,5
D. G. C. Mckeon,F. Gingras,1993,1
D. G. C. Mckeon,F. T. Brandt,2002,2
D. G. C. Mckeon,I. A. Shovkovy,1996,2
D. G. C. Mckeon,I. Sachs,1998,1
D. G. C. Mckeon,J. C. Taylor,2002,1
D. G. C. Mckeon,J. Frenkel,2002,2
D. G. C. Mckeon,K. Nguyen,1997,1
D. G. C. Mckeon,L. C. Martin,1996,1
D. G. C. Mckeon,L. Martin,1996,1
D. G. C. Mckeon,M. Leblanc,1993,1
D. G. C. Mckeon,S. V. Kuzmin,2002,1
D. G. C. Mckeon,T. G. Steele,2003,1
D. G. C. Mckeon,T. N. Sherry,1996,7
D. G. C. Mckeon,V. A. Miransky,1996,1
D. G. C. Mckeon,V. Elias,1996,3
D. G. Caldi,Z. Zhu,1993,2
D. G. Delfrate,F. P. Devecchi,2002,1
D. G. G. Sasaki,L. C. Q. Vilar,1999,1
D. G. G. Sasaki,S. P. Sorella,1998,2
D. G. G. Sasaki,V. E. R. Lemes,1999,1
D. G. Pak,H. W. Lee,2001,1
D. G. Pak,Haewon Lee,1999,2
D. G. Pak,M. L. Walker,2002,1
D. G. Pak,W. S. Bae,2000,1
D. G. Pak,Y. M. Cho,1999,9
D. G. Rakityansky,Yu. A. Sitenko,1996,5
D. G. Robertson,G. Mccartor,1996,1
D. G. Robertson,S. S. Pinsky,1996,1
D. Galeazzi,L. Masperi,1993,1
D. Galeazzi,R. Fiore,1993,1
D. Gepner,E. Baver,1999,1
D. Gepner,U. Gursoy,1999,1
D. Gianzo,J. O. Madsen,1998,1
D. Gianzo,J. Sanchez Guillen,1998,1
D. Giuliano,G. Cristofano,2000,1
D. Giuliano,G. Maiella,2000,1
D. Gomez-Ullate,F. Finkel,2001,3
D. Gomez-Ullate,M. A. Rodriguez,2000,4
D. Gomez-Ullate,R. Zhdanov,2001,3
D. Grumiller,D. V. Vassilevich,2002,3
D. Grumiller,D. Vassilevich,2002,1
D. Grumiller,W. Kummer,2002,3
D. Gurevich,J. Donin,1994,1
D. H. Correa,E. F. Moreno,2001,6
D. H. Correa,F. A. Schaposnik,2001,5
D. H. Correa,G. S. Lozano,2001,3
D. H. Correa,S. Reuillon,2002,1
D. H. Phong,E. Dhoker,1994,7
D. H. Phong,Eric Dhoker,1993,15
D. H. Phong,I. Krichever,1999,1
D. H. Phong,I. M. Krichever,1996,7
D. H. T. Franco,J. A. Helayel-Neto,1996,5
D. H. T. Franco,J. L. Acebal,2000,1
D. H. T. Franco,L. P. Colatto,1997,1
D. H. T. Franco,M. A. De Andrade,1997,1
D. H. T. Franco,M. S. Goes-Negrao,1998,1
D. H. T. Franco,O. M. Del Cima,1996,4
D. H. T. Franco,O. Piguet,1996,4
D. H. Tchrakian,D. Okeeffe,1998,1
D. H. Tchrakian,D. Yu. Grigoriev,2002,2
D. H. Tchrakian,F. Zimmerschied,1996,7
D. H. Tchrakian,G. M. Obrien,1996,1
D. H. Tchrakian,H. J. W. Mueller-Kirsten,1996,3
D. H. Tchrakian,J. Burzlaff,1995,2
D. H. Tchrakian,J. Kunz,1998,1
D. H. Tchrakian,J. Rizos,2002,1
D. H. Tchrakian,J.-G. Zhou,1996,1
D. H. Tchrakian,J.-Q. Liang,1996,1
D. H. Tchrakian,K. Arthur,1996,2
D. H. Tchrakian,P. M. Sutcliffe,2002,1
D. H. Tchrakian,R. P. Manvelyan,1995,1
D. H. Tchrakian,S. Tamaryan,2003,1
D. H. Tchrakian,S.-N. Tamarian,1998,1
D. H. Tchrakian,T. N. Tomaras,1997,1
D. H. Tchrakian,V. A. Rubakov,2002,1
D. H. Tchrakian,V. Paturyan,2000,2
D. H. Tchrakian,Y. Brihaye,1998,6
D. H. Tchrakian,Yves Brihaye,2000,2
D. Han,M. E. Noz,1997,1
D. Han,Marilyn E. Noz,1999,1
D. Han,Y. S. Kim,1996,3
D. Hasler,G. M. Graf,1999,2
D. Hasler,J. Froehlich,1999,1
D. Hasler,J. Hoppe,1999,3
D. Hasler,S.-T. Yau,1999,1
D. I. Kazakov,I. N. Kondrashuk,1993,1
D. I. Kazakov,L. V. Avdeev,1993,3
D. I. Kazakov,M. Yu. Kalmykov,1994,3
D. I. Kazakov,S. N. Solodukhin,1993,1
D. I. Olive,E. Rabinovici,1993,1
D. I. Olive,H. Nicolai,2001,1
D. I. Olive,J. W. R. Underwood,1993,1
D. I. Olive,L. A. Ferreira,1994,1
D. I. Olive,M. A. C. Kneipp,1994,2
D. I. Olive,M. V. Saveliev,1994,1
D. I. Olive,N. Turok,1993,1
D. I. Olive,P. R. Johnson,1994,1
D. Ida,H. Ochiai,2001,1
D. Ida,R. B. Mann,2002,1
D. Ida,T. Shiromizu,2001,2
D. Iellici,E. S. Moreira Jr,1998,1
D. J. Broadhurst,D. Kreimer,1996,7
D. J. Broadhurst,D. M. Bradley,1996,1
D. J. Broadhurst,J. A. Gracey,1996,1
D. J. Broadhurst,J. Kamnitzer,2000,1
D. J. Broadhurst,J. M. Borwein,1996,3
D. J. Gross,I. R. Klebanov,1995,1
D. J. Gross,W. Taylor,1993,1
D. J. Lamb,M. Kobayashi,1994,3
D. J. Lamb,S. M. Roy,1994,1
D. J. Navarro,G. J. Olmo,2002,1
D. J. Navarro,J. Cruz,1997,3
D. J. Navarro,J. M. Izquierdo,1997,1
D. J. Navarro,J. Navarro-Salas,1994,9
D. J. Schwarz,H. Grosse,1992,1
D. J. Schwarz,P. Prevsnajder,1992,1
D. J. Schwarz,W. Kummer,1992,1
D. J. Smith,K. Zarembo,1997,1
D. J. Smith,P. Olesen,1997,1
D. J. Smith,Y. Makeenko,1997,1
D. J. Toms,J. J. Mckenzie-Smith,1998,2
D. J. Toms,J. W. Goodison,1993,3
D. J. Toms,K. Kirsten,1995,1
D. Jancic,E. Derrick,1993,2
D. Jancic,M. Mandelberg,1995,1
D. Jancic,P. Berglund,1993,1
D. Jancic,P. Candelas,1995,1
D. Jancic,T. Hubsch,1993,1
D. Jungnickel,J. Erler,1992,1
D. Jungnickel,J. Lauer,1992,1
D. Jungnickel,M. Spalinski,1992,2
D. Jungnickel,S. Stieberger,1992,2
D. K. Hong,I. A. Shovkovy,1997,1
D. K. Hong,S. H. Park,1993,1
D. K. Hong,S.-J. Sin,1996,1
D. K. Hong,V. P. Gusynin,1997,1
D. K. Hong,Y. Kim,1996,1
D. K. Park,Dal-Ho Yoon,1999,1
D. K. Park,Eui-Soon Yim,1996,1
D. K. Park,H. J. W. Mueller-Kirsten,2000,2
D. K. Park,H. J. W. Muller--Kirsten,2001,1
D. K. Park,H. J. W. Muller-Kirsten,1999,14
D. K. Park,H. W. Lee,1996,4
D. K. Park,Hung Soo Kim,1995,1
D. K. Park,Hungsoo Kim,1998,11
D. K. Park,Hyun-Soo Min,1999,1
D. K. Park,J. -Q. Liang,1999,2
D. K. Park,J. Q. Liang,1999,1
D. K. Park,J.-Q. Liang,2000,3
D. K. Park,Jae Kwan Kim,1995,4
D. K. Park,Jae-Rok Kahng,1996,1
D. K. Park,Jian-Zu Zhang,2000,1
D. K. Park,Jin Young Kim,1996,4
D. K. Park,Myung Geun Jeong,1998,1
D. K. Park,S. -P. Kou,1999,1
D. K. Park,S. N. Tamaryan,2000,1
D. K. Park,S. Tamaryan,2000,10
D. K. Park,Sahng-Kyoon Yoo,1996,9
D. K. Park,Soo-Young Lee,1996,7
D. K. Park,Y. -B. Zhang,1999,1
D. K. Park,Y. -G. Miao,2000,1
D. K. Park,Y. S. Myung,1996,4
D. K. Park,Yan-Gang Miao,2001,1
D. Kabat,M. J. Strassler,1994,2
D. Kabat,S. H. Shenker,1995,1
D. Kabat,W. Taylor,1997,1
D. Kamani,H. Arfaei,1999,2
D. Kapetanakis,G. Koutsoumbas,1994,1
D. Kapetanakis,P. Mayr,1994,1
D. Karabali,V. P. Nair,1998,3
D. Karakhanyan,M. Mirumyan,2001,1
D. Karakhanyan,P. Sorba,2001,1
D. Karakhanyan,R. Kirschner,1999,1
D. Karczewska,R. Manka,1996,3
D. Kastor,G. W. Gibbons,1993,1
D. Kastor,J. Traschen,1993,1
D. Kastor,L. A. J. London,1993,1
D. Kastor,P. K. Townsend,1993,1
D. Klemm,D. Zanon,2000,4
D. Klemm,G. Siopsis,2001,2
D. Klemm,L. Martucci,2002,2
D. Klemm,M. Cadoni,2000,2
D. Klemm,M. M. Caldarelli,2001,1
D. Klemm,P. Carta,2000,2
D. Klemm,S. Cacciatori,2000,3
D. Klemm,S. Mignemi,2000,1
D. Klemm,W. A. Sabra,2000,6
D. Korotkin,H. Nicolai,1994,4
D. Korotkin,H. Samtleben,1996,3
D. Kreimer,J. A. Gracey,1996,1
D. Kreimer,J. Franzkowski,1993,1
D. Kreimer,L. Bruecher,1993,1
D. Kreimer,R. Delbourgo,1999,1
D. Krob,Israel Gelfand,1994,1
D. Krob,J.-Y. Thibon,1994,1
D. Krob,V. S. Retakh,1994,1
D. Kutasov,E. J. Martinec,2000,1
D. Kutasov,E. Martinec,1996,2
D. Kutasov,E. Rabinovici,1997,3
D. Kutasov,F. Larsen,1998,1
D. Kutasov,J. A. Harvey,2000,1
D. Kutasov,M. Bershadsky,1992,1
D. Kutasov,N. Seiberg,1995,3
D. Kutasov,O. Pelc,1999,1
D. Kutasov,R. Leigh,1998,1
D. Kutasov,S. Elitzur,1997,4
D. L. Bennett,H. B. Nielsen,1997,1
D. L. Bennett,R. P. Woodard,1997,1
D. L. Wiltshire,J. Twamley,1994,2
D. L. Wiltshire,S. J. Poletti,1994,2
D. L. Wiltshire,S. Mignemi,1992,1
D. Lebedev,M. Golenishcheva-Kutuzova,1998,1
D. Lebedev,M. Semenov-Tian-Shansky,2001,1
D. Lebedev,S. Kharchev,1999,4
D. Lebedev,S. Khoroshkin,1994,1
D. Lenis,Dennis Bonatsos,1994,2
D. Lenis,P. Kolokotronis,1994,2
D. Levkov,F. Bezrukov,2003,1
D. Li,R. Iengo,1993,1
D. Litim,N. Tetradis,1995,1
D. Louis Martinez,M. Chaichian,1993,2
D. Louis Martinez,R. Gonzalez Felipe,1993,2
D. Luest,E. Kiritsis,1994,1
D. Luest,G. Curio,2000,1
D. Luest,G. Lopes Cardoso,1994,1
D. Luest,L. Ibanez,1992,1
D. Luest,S. Theisen,2000,1
D. Luest,T. Mohaupt,1994,1
D. Lust,E. Kiritsis,1993,2
D. Lust,G. Curio,1997,5
D. Lust,G. Dallagata,2002,2
D. Lust,G. L. Cardoso,2002,1
D. Lust,G. Lopes Cardoso,1994,3
D. Lust,G. Zoupanos,2002,1
D. Lust,K. Behrndt,1996,2
D. Lust,M. Faux,2000,2
D. Lust,P. Manousselis,2002,1
D. Lust,R. Blumenhagen,1999,1
D. Lust,R. Kallosh,1996,1
D. Lust,S. Mahapatra,2002,1
D. Lust,S. Stieberger,2003,1
D. Lust,T. Mohaupt,1995,2
D. Lust,Thomas Mohaupt,1994,1
D. M. Belov,I. Ya. Arefeva,1999,7
D. M. Belov,O. A. Rytchkov,2000,1
D. M. Belov,P. B. Medvedev,2000,3
D. M. Bradley,J. M. Borwein,1996,1
D. M. E. Mcarthur,R. Dick,2002,1
D. M. Ghilencea,H. P. Nilles,2001,2
D. M. Ghilencea,S. Groot Nibbelink,2001,2
D. M. Ghilencea,S. Stieberger,2001,1
D. M. Gitman,G. Fulop,1998,1
D. M. Gitman,I. Brevik,1996,1
D. M. Gitman,I. L. Buchbinder,1999,3
D. M. Gitman,I. V. Shirokov,2001,1
D. M. Gitman,I. V. Tyutin,1994,9
D. M. Gitman,M. C. Baldiotti,2001,1
D. M. Gitman,P. M. Lavrov,1998,3
D. M. Gitman,P. Yu. Moshin,2003,1
D. M. Gitman,S. D. Odintsov,1996,3
D. M. Gitman,S. I. Zlatev,1996,1
D. M. Gitman,S. P. Gavrilov,1992,10
D. M. Gitman,Sh. M. Shvartsman,1993,2
D. M. Gitman,V. A. Krykhtin,1999,1
D. M. Gitman,V. B. Tlyachev,2000,2
D. M. Gitman,V. D. Pershin,1999,2
D. M. Gitman,V. G. Bagrov,2000,3
D. M. Gitman,Yu. I. Shilnov,1996,1
D. M. Mcavity,H. Osborn,1993,1
D. M. Medeiros,R. R. Landim,2000,3
D. M. Mladenov,G. Ropke,2001,2
D. M. Mladenov,H.-P. Pavel,1997,3
D. M. Mladenov,S. A. Gogilidze,1997,1
D. M. Mladenov,V. P. Gerdt,2002,2
D. Maison,Y. M. Cho,1996,1
D. Mamone,L. Bonora,2002,4
D. Mamone,M. Salizzoni,2002,4
D. Marolf,J. Lewandowski,1994,1
D. Marolf,J. Mourao,1994,1
D. Marolf,T. Thiemann,1994,1
D. Matalliotakis,H. P. Nilles,1997,1
D. Matalliotakis,S. Theisen,1997,1
D. Mateos,P. K. Townsend,2001,1
D. Mauro,E. Deotto,2001,1
D. Mauro,E. Gozzi,1999,2
D. Mauro,P. Carta,2001,1
D. Mc Neill,G. Amelino-Camelia,1996,1
D. Mc Neill,I. J. R. Aitchison,1996,2
D. Mc Neill,M. Klein-Kreisler,1996,1
D. Mc Neill,N. E. Mavromatos,1996,2
D. Mcmullan,E. Bagan,2000,1
D. Mcmullan,M. Lavelle,1995,2
D. Minic,H. Awata,1997,2
D. Minic,I. Bars,1998,5
D. Minic,M. Gunaydin,1998,2
D. Minic,M. Li,1997,1
D. Minic,M. Zagermann,1998,2
D. Minic,P. Berglund,1997,7
D. Minic,S. Chaudhuri,1993,4
D. Minic,T. Hubsch,2000,6
D. Minic,V. P. Nair,1994,1
D. Morrison,J. Distler,1996,1
D. Mouhanna,J. Vidal,2002,2
D. Mouhanna,L. Canet,2002,2
D. Mouhanna,P. Lecheminant,1998,1
D. Mulsch,P. M. Lavrov,1997,2
D. N. Nishnianidze,F. Cannata,2002,2
D. N. Nishnianidze,M. V. Ioffe,1994,3
D. N. Page,D. V. Fursaev,2001,1
D. N. Page,S. W. Hawking,1998,1
D. N. Page,V. P. Frolov,2001,1
D. Nanopoulos,J. Ellis,1993,2
D. Nanopoulos,J. Ellis. N. Mavromatos,1996,1
D. Nanopoulos,J. Lopez,1992,1
D. Nanopoulos,K. Yuan,1992,1
D. Nanopoulos,N. Mavromatos,1993,2
D. Nemeschansky,J. A. Minahan,1997,4
D. Nemeschansky,M. Bershadsky,1992,2
D. Nemeschansky,N. P. Warner,1992,11
D. Nemeschansky,V. Yasnov,2000,1
D. Nemeschansky,W. Lerche,1992,2
D. Nemeschansky,Z. Maassarani,1992,1
D. Nogradi,D. Varga,1999,1
D. Nogradi,F. Wagner,1999,1
D. Nogradi,Z. Bajnok,1999,3
D. Nolte,F. Quevedo,2001,1
D. Nolte,G. Rajesh,2001,1
D. Nolte,M. Majumdar,2001,1
D. Nolte,R.-J. Zhang,2001,1
D. Nowak-Szczepaniak,Luca Lusanna,2000,1
D. Papadopoulos,P. I. Porfyriadis,1997,1
D. Polyakov,M. M. Sheikh-Jabbari,1999,1
D. Popovic,M. Blagojevic,1997,1
D. Prange,G. Pinter,1999,1
D. Prange,K. Bresser,1999,1
D. Proskurin,S. Vinitsky,2002,1
D. Proskurin,V. Pervushin,2001,2
D. R. Bes,J. P. Garrahan,1994,1
D. R. Bes,L. M. Kruczenski,1994,1
D. R. Bes,N. N. Scoccola,1994,2
D. R. Karakhanyan,R. Kirschner,1999,1
D. R. Karakhanyan,R. L. Mkrtchyan,1994,2
D. R. Karakhanyan,R. P. Manvelyan,1994,2
D. R. Lamm,E. J. Weniger,2000,1
D. R. Lamm,S. R. Valluri,2000,1
D. R. Lamm,U. D. Jentschura,2000,1
D. R. Morrison,H. Ooguri,1996,1
D. R. Morrison,K. Becker,1996,1
D. R. Morrison,K. Intriligator,1996,2
D. R. Morrison,M. Becker,1996,1
D. R. Morrison,M. Bershadsky,1996,1
D. R. Morrison,N. Seiberg,1997,1
D. R. Morrison,P. S. Aspinwall,1993,4
D. R. Morrison,S. Kachru,1996,1
D. R. Morrison,V. Sadov,1996,1
D. R. Morrison,Y. Oz,1996,1
D. R. Morrison,Z. Yin,1996,1
D. R. Phillips,M. C. Birse,1998,1
D. R. Phillips,S. R. Beane,1998,1
D. R. T. Jones,I. Jack,1993,7
D. R. T. Jones,J. Panvel,1993,2
D. R. T. Jones,N. Mohammedi,2001,1
D. R. T. Jones,O. Foda,2002,1
D. Reynaud,J.-L. Kneur,2001,3
D. Reynaud,P. Baseilhac,2000,1
D. Ridout,P. Bouwknegt,2002,1
D. Ridout,P. Dawson,2002,1
D. Robaschik,M. Lazar,1999,1
D. Rodney Truax,Michael Martin Nieto,1993,2
D. Rodney Truax,V. Alan Kostelecky,1993,1
D. Rodney Truax,V. I. Manko,1993,1
D. Roest,E. Bergshoeff,2001,6
D. Roest,K. Behrndt,2001,1
D. Roest,N. Alonso-Alberca,2003,1
D. Roest,P. Sundell,2001,1
D. Roest,R. Kallosh,2001,2
D. Roest,R. Linares,2002,2
D. Roest,T. De Wit,2002,1
D. Roest,T. Ortin,2001,3
D. Roest,U. Gran,2002,3
D. Roggenkamp,V. Schomerus,2000,1
D. Rohrlich,L. Vaidman,1993,2
D. Rohrlich,S. Coleman,1993,1
D. Rohrlich,S. Nussinov,1993,1
D. Rohrlich,S. Popescu,1993,2
D. Rohrlich,Y. Aharonov,1993,2
D. S. Berman,E. Bergshoeff,2000,2
D. S. Berman,E. Rabinovici,2002,1
D. S. Berman,J. P. Van Der Schaar,2000,2
D. S. Berman,Maulik K. Parikh,1999,2
D. S. Berman,P. Sundell,2000,4
D. S. Freed,M. J. Hopkins,2000,1
D. S. Gorbunov,M. V. Libanov,1999,1
D. S. Gorbunov,S. L. Dubovsky,1999,2
D. S. Gorbunov,S. M. Sibiryakov,2001,1
D. S. Gorbunov,V. A. Rubakov,1999,2
D. S. Popovic,M. Blagojevic,1998,1
D. S. Soh,K. H. Cho,1993,1
D. S. Soh,N. W. Park,1994,1
D. S. Soh,S. U. Park,1993,1
D. Schutte,M. Sheppeard,1995,1
D. Schutte,Zheng Weihong,1995,1
D. Seminara,G. Amelino-Camelia,1995,5
D. Seminara,G. Dunne,1998,1
D. Seminara,G. Modanese,1992,1
D. Seminara,J. Rozowsky,2000,1
D. Seminara,K. Bautier,1997,1
D. Seminara,K. Lee,1998,1
D. Seminara,L. Cantini,2000,3
D. Seminara,L. Cervi,2001,1
D. Seminara,L. Dixon,2000,1
D. Seminara,L. Griguolo,1995,12
D. Seminara,M. Henneaux,1997,1
D. Seminara,M. Perelstien,2000,1
D. Seminara,M. Trigante,2000,1
D. Seminara,P. Menotti,1992,6
D. Seminara,P. Valtancoli,2001,1
D. Seminara,R. Jackiw,1996,1
D. Seminara,S. Deser,1997,8
D. Seminara,S.-Y. Pi,1996,1
D. Seminara,U. Aglietti,1996,1
D. Seminara,Z. Bern,2000,1
D. Senechal,M. A. Walton,1992,1
D. Senechal,M. Walton,1992,1
D. Senechal,P. Mathieu,1992,2
D. Serban,F. Lesage,1994,2
D. Serban,V. Pasquier,1993,4
D. Serban,Z. Maassarani,1996,1
D. Singleton,Sergiu I. Vacaru,2001,3
D. Singleton,V. Dzhunushaliev,1998,6
D. Sorokin,D. Volkov,1995,2
D. Sorokin,E. Bergshoeff,1998,1
D. Sorokin,E. E. Donets,2000,1
D. Sorokin,I. Bandos,1995,2
D. Sorokin,M. Tonin,1993,3
D. Sorokin,M. Tsulaia,2000,1
D. Sorokin,P. K. Townsend,1998,1
D. Sorokin,P. Pasti,1995,2
D. Sorokin,V. O. Rivelles,2000,1
D. Steinbacher,F. Lenz,2002,1
D. Sternheimer,M. Flato,1994,1
D. Stevenson,M. K. Murray,2001,1
D. Stevenson,P. Bouwknegt,2001,1
D. Stevenson,V. Mathai,2001,1
D. Stockinger,E. Kraus,2001,1
D. Stoll,M. Thies,1995,1
D. Svrtan,M. Stojic,1996,1
D. Svrtan,S. Meljanac,1996,1
D. T. Barclay,U. Sukhatme,1993,1
D. T. Son,G. Policastro,2001,3
D. T. Son,Yuri V. Kovchegov,2002,1
D. Toledo,J. R. S. Nascimento,1997,1
D. Toledo,R. F. Ribeiro,1997,1
D. Tomino,T. Imai,2003,1
D. Tomino,Y. Kitazawa,2003,1
D. Tomino,Y. Takayama,2003,1
D. Tong,M. P. Mattis,1997,1
D. Tong,N. Dorey,1997,3
D. Tong,S. Vandoren,1997,2
D. Tong,T. J. Hollowood,1999,1
D. Tong,V. V. Khoze,1997,1
D. Toublan,J. C. Osborn,1998,2
D. Toublan,J. J. M. Verbaarschot,1998,7
D. Toublan,P. H. Damgaard,1998,1
D. Ts. Stoyanov,M. N. Stoilov,1997,1
D. Tsimpis,G. Ferretti,2001,1
D. Tsimpis,G. Papadopoulos,2003,1
D. Tsimpis,J. Gillard,2003,1
D. Tsimpis,P. Salomonson,2001,1
D. U. Matrasulov,M. M. Musakhanov,1995,1
D. U. Matrasulov,V. I. Matveev,1995,1
D. Uglov,I. Ivanov,1995,1
D. Ursescu,L. C. Liu,2002,1
D. Ursescu,M Tomaselli,2002,1
D. Ursescu,S. Fritzsche,2002,1
D. Ursescu,T. Kuehl,2002,1
D. Ursescu,W. Noertershaeuser,2002,1
D. V. Ahluwalia,M. B. Johnson,1993,3
D. V. Ahluwalia,M. B. Jonnson,1993,1
D. V. Ahluwalia,M. Kirchbach,2000,3
D. V. Ahluwalia,M. Sawicki,1993,1
D. V. Ahluwalia,Mikolaj Sawicki,1994,1
D. V. Ahluwalia,T. Goldman,1993,4
D. V. Aleynikov,E. A. Tolkachev,2002,1
D. V. Antonov,Yu. A. Simonov,1996,1
D. V. Fursaev,G. Miele,1993,1
D. V. Fursaev,S. N. Solodukhin,1995,1
D. V. Fursaev,V. P. Frolov,1995,8
D. V. Galtsov,E. E. Donets,1992,4
D. V. Galtsov,M. S. Volkov,1993,1
D. V. Galtsov,M. Yu. Zotov,1997,2
D. V. Galtsov,O. A. Rytchkov,1998,1
D. V. Galtsov,O. V. Kechkin,1994,4
D. V. Galtsov,R. Kerner,2001,1
D. V. Galtsov,S. A. Sharakin,1996,1
D. V. Galtsov,V. V. Dyadichev,2000,6
D. V. Leykin,J. C. Eilbeck,1993,1
D. V. Leykin,V. B. Kuznetsov,1993,1
D. V. Leykin,V. Z. Enolskii,1993,1
D. V. Long,G. M. Shore,1996,1
D. V. Meshcheryakov,T. D. Meshcheryakova,2002,1
D. V. Meshcheryakov,V. B. Tverskoy,2001,1
D. V. Nanopoulos,E. Winstanley,1997,1
D. V. Nanopoulos,F. Anselmo,2000,4
D. V. Nanopoulos,G. Amelino-Camelia,1996,2
D. V. Nanopoulos,G. Volkov,2000,4
D. V. Nanopoulos,Ioannis Giannakis,1994,2
D. V. Nanopoulos,J. Ellis,1992,10
D. V. Nanopoulos,John Ellis,1992,18
D. V. Nanopoulos,John Ellis N. E. Mavromatos,1993,1
D. V. Nanopoulos,Jorge L. Lopez,1994,1
D. V. Nanopoulos,Kajia Yuan,1994,2
D. V. Nanopoulos,Mark Evans,1994,1
D. V. Nanopoulos,N. E. Mavromatos,1992,20
D. V. Nanopoulos,P. Kanti,1997,2
D. V. Nanopoulos,Per Berglund,1998,2
D. V. Nanopoulos,Zongan Qiu,1998,2
D. V. Naumov,S. E. Korenblit,1997,2
D. V. Naumov,V. M. Leviant,1997,2
D. V. Shirkov,V. F. Kovalev,1997,1
D. V. Shirkov,V. V. Pustovalov,1997,1
D. V. Soroka,J. Wess,2001,1
D. V. Soroka,V. A. Soroka,2001,2
D. V. Vassilevich,E. Elizalde,1996,3
D. V. Vassilevich,E. M. Santangelo,2001,1
D. V. Vassilevich,H. Falomir,2001,1
D. V. Vassilevich,H. Liebl,1997,4
D. V. Vassilevich,K. Kirsten,1997,3
D. V. Vassilevich,M. Bordag,1997,4
D. V. Vassilevich,M. Lygren,1996,2
D. V. Vassilevich,N. Shtykov,1994,1
D. V. Vassilevich,P. B. Gilkey,1997,3
D. V. Vassilevich,T. P. Branson,1997,2
D. V. Vassilevich,W. Kummer,1997,10
D. Vaman,R. Roiban,2001,1
D. Varga,F. Wagner,1999,1
D. Varga,Z. Bajnok,1999,1
D. Vasiliev,L. Chekhov,2003,1
D. Vassilevich,E. M. Santangelo,2001,1
D. Vassilevich,H. Falomir,2001,1
D. Vassilevich,K. Kirsten,1998,2
D. Vassilevich,M. Bordag,1998,3
D. Vassilevich,P. Gilkey,2002,1
D. Vassilevich,P. Van Nieuwenhuizen,2002,1
D. Vautherin,E. Iancu,1998,1
D. Vautherin,T. Matsui,1996,1
D. Volkov,I. Bandos,1995,2
D. Volkov,M. Tonin,1995,1
D. Volkov,P. Pasti,1995,1
D. Waldram,J. A. Harvey,1993,2
D. Waldram,J. P. Gauntlett,1993,2
D. Waldram,M. M. Robinson,1993,1
D. Wesolowski,Y. Hosotani,1993,2
D. Winder,H. F. Jones,2000,1
D. Winder,P. Parkin,2000,1
D. Witt,E. Woolgar,1999,1
D. Witt,G. Galloway,1999,1
D. Witt,K. Schleich,1999,1
D. Wyler,J. Diemand,2001,1
D. Yetter,L. Crane,1994,1
D. Yu. Grigoriev,P. M. Sutcliffe,2002,1
D. Yu. Grigoriev,V. A. Rubakov,2002,1
D. Yu. Grigoriev,Y. Brihaye,2002,1
D. Z Freedman,P. Henry-Labordere,2000,1
D. Z. Freedman,E. Dhoker,1999,2
D. Z. Freedman,G. Lozano,1993,1
D. Z. Freedman,H. Osborn,1998,1
D. Z. Freedman,J. Erdmenger,2000,1
D. Z. Freedman,J. Erlich,1997,1
D. Z. Freedman,J. I. Latorre,1993,1
D. Z. Freedman,K. Johnson,1992,2
D. Z. Freedman,K. Pilch,1999,2
D. Z. Freedman,L. Rastelli,1999,1
D. Z. Freedman,M. Bauer,1994,1
D. Z. Freedman,M. Perez-Victoria,2000,1
D. Z. Freedman,M. T. Grisaru,1996,2
D. Z. Freedman,N. P. Warner,1999,2
D. Z. Freedman,N. Rius,1993,1
D. Z. Freedman,O. Dewolfe,1999,1
D. Z. Freedman,P. E. Haagensen,1993,2
D. Z. Freedman,R. Munoz-Tapia,1992,1
D. Z. Freedman,S. D. Mathur,1999,1
D. Z. Freedman,S. S. Gubser,1999,3
D. Z. Freedman,X. Vilasis-Cardona,1992,1
D. Zagier,V. Fridkin,1999,1
D. Zagier,Yu. Stroganov,1999,1
D. Zanon,G. Siopsis,2001,1
D. Zanon,G. W. Delius,1992,2
D. Zanon,L. Martucci,2002,2
D. Zanon,M. Grisaru,1997,1
D. Zanon,M. Pernici,1993,1
D. Zanon,M. Rocek,1997,1
D. Zanon,M. T. Grisaru,1992,7
D. Zanon,N. Terzi,2000,2
D. Zanon,R. Dijkgraaf,2002,1
D. Zanon,R. Von Unge,1997,1
D. Zanon,S. Cacciatori,2000,3
D. Zanon,S. Penati,1993,11
D. Zanon,W. A. Sabra,2000,2
D. Zanon.,M. T. Grisaru,1995,1
D. Zappala,H. Mohrbach,1999,1
D. Zappala,M. Mazza,2001,1
D. Zappala,P. Castorina,2002,2
D. Zappala,V. Branchina,1999,1
D. Zoller,J. F. Clark,1995,1
D. Zoller,M. Awada,1995,1
D. Zwanziger,L. Baulieu,1998,2
D. Zwanziger,M. Schaden,1994,1
D. Zwanziger,P. A. Grassi,2000,1
D.-S. Lee,I. A. Shovkovy,1998,1
D.-S. Lee,P. N. Mcgraw,1998,1
D.-S. Lee,Y. J. Ng,1997,3
D.-U. Jungnickel,W. A. Bardeen,1993,1
D.~V.~Vassilevich,N.~Shtykov,1995,1
Da-Hua Zhang,Ning Wu,2002,1
Da-Hua Zhang,Zhan Xu,2002,1
Dae Kil Park,Harald J. W. Mueller-Kirsten,2001,2
Dae Kil Park,Yan-Gang Miao,2001,2
Dae Kwan Kim,K. G. Klimenko,1997,1
Dae Kwan Kim,Kwang-Sup Soh,1996,1
Dae Sung Hwang,Ivan Schmidt,2000,1
Dae Sung Hwang,Stanley J. Brodsky,2000,1
Dae Sung Hwang,Yuval Neeman,1995,1
Dae-Yup Song,K. H. Kim,1995,1
Dagny Kimberly,Damien A. Easson,2001,1
Dagny Kimberly,Robert Brandenberger,2001,1
Dagny M. Kimberly,J. A. Phillips,2002,1
Dagny M. Kimberly,S. James Gates,2002,1
Dagny M. Kimberly,V. G. J. Rodgers,2002,1
Dagny M. Kimberly,W. D. Linch,2002,1
Dahl Park,Jae Kwan Kim,1996,1
Dahl Park,Kwang-Sup Soh,1999,1
Dahl Park,Rong-Gen Cai,1999,1
Dahl Park,Youngjai Kiem,1995,9
Daiji Ennyu,Hiroshi Kawabe,1999,2
Daiji Ennyu,Naohito Nakazawa,1997,3
Daisuke Ida,Gary W. Gibbons,2002,2
Daisuke Ida,Hirotaka Ochiai,2001,2
Daisuke Ida,Kin-Ya Oda,2002,1
Daisuke Ida,Seong Chan Park,2002,1
Daisuke Ida,Takashi Torii,2001,3
Daisuke Ida,Tetsuya Shiromizu,2001,7
Daisuke Yamada,Pavel Kovtun,2003,1
Dal-Ho Yoon,Hungsoo Kim,1999,1
Dal-Ho Yoon,Hyun-Soo Min,1999,1
Dal-Ho Yoon,Sahng-Kyoon Yoo,1999,1
Dal-Ho Yoon,Soo-Young Lee,1999,1
Dalia S. Goldwirth,Malcolm J. Perry,1993,1
Damiano Anselmi,Luciano Girardello,1994,1
Damiano Anselmi,Paolo Soriani,1994,1
Damiano Anselmi,Pietro Fre,1992,5
Damien A. Easson,John H. Brodie,2003,1
Damien A. Easson,Robert Brandenberger,2001,1
Damien A. Easson,Robert H. Brandenberger,1999,2
Dan Christensen,Robert B. Mann,1992,1
Dan Gluck,Tadakatsu Sakai,2003,1
Dan Gluck,Yaron Oz,2003,1
Dan Kabat,Miguel Ortiz,1992,1
Dan Radu Grigore,Gunter Scharf,2002,3
Dan Tomino,Nobuyoshi Ohta,2000,1
Dan Waldram,Ron Donagi,2000,1
Dan Waldram,Tony Pantev,2000,1
Dan-Tao Peng,Kang-Jie Shi,2001,2
Dan-Tao Peng,Rui-Hong Yue,2001,2
Dang Van Soa,Hoang Ngoc Long,1994,1
Dang Van Soa,Nguyen Suan Han,1994,1
Dani`Ele Steer,Filippo Vernizzi,2002,1
Dani`Ele Steer,Ruth Durrer,2002,1
Daniel A. T. Vanzella,George E. A. Matsas,2003,1
Daniel Armand-Ugon,Jorge Griego,1993,1
Daniel Armand-Ugon,Jorge Pullin,1995,1
Daniel Armand-Ugon,Leonardo Setaro,1993,1
Daniel Armand-Ugon,Octavio Obregon,1995,1
Daniel Armand-Ugon,Pablo Mora,1993,1
Daniel Armand-Ugon,Rodolfo Gambini,1993,3
Daniel Arnaudon,Michel Bauer,1993,1
Daniel Arnaudon,Vladimir Rittenberg,1993,1
Daniel Brace,Paolo Aschieri,1999,2
Daniel C. Cabra,Enrique F. Moreno,1998,1
Daniel C. Cabra,Gerardo L. Rossini,1996,2
Daniel Cabra,Eduardo Fradkin,1995,1
Daniel Cabra,Fidel A. Schaposnik,1995,1
Daniel Cabra,Gerardo L. Rossini,1995,1
Daniel Cangemi,Eric Dhoker,1994,2
Daniel Cangemi,Gerald Dunne,1993,4
Daniel Cangemi,Marco Billo,1997,1
Daniel Cangemi,Martin Leblanc,1993,1
Daniel Cangemi,Paolo Di Vecchia,1997,1
Daniel Cangemi,Roman Jackiw,1992,3
Daniel Domert,Martin Olsson,2002,1
Daniel Domert,Ulf H. Danielsson,2002,1
Daniel F. Litim,Filipe Freire,2000,1
Daniel F. Litim,Jan M. Pawlowski,1998,10
Daniel Freedman,Joshua Erlich,1997,1
Daniel Freedman,Witold Skiba,1997,1
Daniel Gottesman,David Beckman,2001,1
Daniel Gottesman,John Preskill,2001,1
Daniel H. T. Franco,Jose A. Helayel-Neto,1997,2
Daniel H. T. Franco,Olivier Piguet,1997,3
Daniel H. T. Franco,Oswaldo M. Del Cima,1997,3
Daniel Hernandez Ruiperez,Gottfried Curio,2001,1
Daniel Hernandez Ruiperez,Shing-Tung Yau,2001,1
Daniel Iagolnitzer,Jacques Bros,1998,1
Daniel Kabat,David A. Lowe,2000,4
Daniel Kabat,Gilad Lifschytz,1998,8
Daniel Kabat,Mark G. Jackson,2002,1
Daniel Kabat,Michael R. Douglas,1996,1
Daniel Kabat,Miguel Ortiz,1993,1
Daniel Kabat,Norihiro Iizuka,2001,2
Daniel Kabat,Philippe Pouliot,1996,2
Daniel Kabat,Richard Easther,2002,1
Daniel Kabat,Soo-Jong Rey,1997,1
Daniel Kabat,Stephen H. Shenker,1996,1
Daniel Kabat,Washington Taylor,1997,1
Daniel Kastler,Lionel Carminati,1996,1
Daniel Kastler,Thomas Schucker,1994,6
Daniel Lee,Dean Lee,2000,1
Daniel Lee,Nathan Salwen,2000,1
Daniel M. Sforza,Rafael Ferraro,1996,1
Daniel R. Bes,Juan P. Garrahan,1996,1
Daniel R. Bes,Martin Kruczenski,1996,1
Daniel R. Phillips,Silas R. Beane,1997,1
Daniel R. Phillips,Thomas D. Cohen,1997,1
Daniel R. Terno,Netanel H. Lindner,2003,1
Daniel Robbins,Govindan Rajesh,2003,1
Daniel Robbins,Keshav Dasgupta,2003,1
Daniel Robbins,Savdeep Sethi,2003,1
Daniel Roggenkamp,Stefan Forste,2003,1
Daniel S. Freed,Edward Witten,1999,1
Daniel S. Freed,Pierre Deligne,1999,1
Daniel S. Freed,Xianzhe Dai,1994,1
Daniel Sternheimer,Giuseppe Dito,1996,1
Daniel Sternheimer,Leon Takhtajan,1996,1
Daniel Sternheimer,Moshe Flato,1994,3
Daniel Waldram,Dario Martelli,2001,4
Daniel Waldram,Greg Huey,2000,1
Daniel Waldram,Jan Louis,2002,1
Daniel Waldram,Jerome P. Gauntlett,2000,7
Daniel Waldram,Justin Khoury,2000,1
Daniel Waldram,K. S. Stelle,1998,2
Daniel Waldram,Kristin Forger,1996,1
Daniel Waldram,Monika Marquart,2002,1
Daniel Waldram,Nakwoo Kim,2000,5
Daniel Waldram,Paul J. Steinhardt,2000,2
Daniel Waldram,Ron Donagi,1998,5
Daniel Waldram,Sanjaye Ramgoolam,1998,1
Daniel Waldram,Sebastien Gurrieri,2002,1
Daniel Waldram,Stathis Pakis,2001,3
Daniel Waldram,Stefan J. Theisen,1996,1
Daniel Waldram,Tony Pantev,1999,3
Daniel Waldram,Yaron Oz,2000,1
Daniel Z. Freedman,Don N. Page,1994,1
Daniel Z. Freedman,Eric Dhoker,1998,7
Daniel Z. Freedman,Gary T. Horowitz,2001,1
Daniel Z. Freedman,Gianluca Grignani,1992,1
Daniel Z. Freedman,Hirosi Ooguri,2001,1
Daniel Z. Freedman,Indrajit Mitra,2001,1
Daniel Z. Freedman,Joseph A. Minahan,2000,1
Daniel Z. Freedman,Joshua Erlich,1996,1
Daniel Z. Freedman,Kenneth Johnson,1992,1
Daniel Z. Freedman,Kostas Skenderis,2001,2
Daniel Z. Freedman,Krzysztof Pilch,2000,1
Daniel Z. Freedman,Leonardo Rastelli,1998,5
Daniel Z. Freedman,Lubos Motl,2002,1
Daniel Z. Freedman,Massimo Bianchi,2000,3
Daniel Z. Freedman,Matthew Headrick,2002,2
Daniel Z. Freedman,Michel Bauer,1995,1
Daniel Z. Freedman,Miguel E. Ortiz,1994,1
Daniel Z. Freedman,Neil R. Constable,2002,2
Daniel Z. Freedman,Nuria Rius,1992,1
Daniel Z. Freedman,Ofer Aharony,2003,1
Daniel Z. Freedman,Oliver Dewolfe,2000,5
Daniel Z. Freedman,Ramzi R. Khuri,1994,2
Daniel Z. Freedman,Samir D. Mathur,1998,4
Daniel Z. Freedman,Sean M. Carroll,1994,1
Daniel Z. Freedman,Shiraz Minwalla,2002,2
Daniel Z. Freedman,Steven S. Gubser,2001,1
Daniel Z. Freedman,Witold Skiba,1998,2
Daniel Zwanziger,Ismail Zahed,1999,1
Daniel Zwanziger,Laurent Baulieu,1999,3
Daniela Bigatti,Leonard Susskind,1997,4
Daniela Garajeu,Richard Grimm,1994,1
Daniela Garajeu,Serge Lazzarini,1994,1
Daniela Zanon,Dietmar Klemm,1999,3
Daniela Zanon,Frederik Denef,1998,4
Daniela Zanon,Igor Pesando,1998,3
Daniela Zanon,Marco Astorino,2002,1
Daniela Zanon,Marco Billo,1998,4
Daniela Zanon,Mario Pernici,2000,1
Daniela Zanon,Matteo A. Cardella,2002,1
Daniela Zanon,Mauro Brigante,2002,1
Daniela Zanon,Niccolo Terzi,1999,2
Daniela Zanon,Pietro Fre,1998,4
Daniela Zanon,Sergio Cacciatori,1998,5
Daniela Zanon,Sergio L. Cacciatori,2002,1
Daniela Zanon,Silvia Penati,1992,7
Daniela Zanon,Walter Troost,1998,3
Daniele A. Steer,Levon Pogosian,2002,1
Daniele A. Steer,Tanmay Vachaspati,2000,2
Daniele Binosi,Tonnis Ter Veldhuis,2000,1
Daniele Guido,Hans-Werner Wiesbrock,1997,1
Daniele Guido,Roberto Longo,1995,2
Daniele Perini,Roberto Percacci,2002,2
Danijel Jurman,Ivan Andric,2003,1
Danny Birmingham,Ivo Sachs,1998,4
Danny Birmingham,Kumar S. Gupta,2001,1
Danny Birmingham,Mark Rakowski,1993,5
Danny Birmingham,Massimiliano Rinaldi,2001,2
Danny Birmingham,Sergey N. Solodukhin,2001,2
Danny Birmingham,Siddhartha Sen,1998,6
Danny Birmingham,Soussan Mokhtari,2001,1
Danny Marfatia,Jing Jiang,2000,1
Danny Marfatia,Tianjun Li,2000,1
Danny Stevenson,Varghese Mathai,2002,1
Dao-Jun Liu,Jian-Gang Hao,2002,2
Dao-Jun Liu,Xin-Zhou Li,2002,2
Dao-Neng Gao,Han-Ying Guo,1995,1
Dao-Neng Gao,Yu Cai,1995,1
Dapeng Xu,Janos Polonyi,1994,1
Dapeng Xu,Sen-Ben Liao,1994,1
Dardo D. Piriz,Javier P. Muniain,1995,1
Dario Benedetti,Francesco Dandrea,2002,1
Dario Benedetti,Giovanni Amelino-Camelia,2002,1
Dario Martelli,Gabriele Ferretti,1998,3
Dario Martelli,Henric Larsson,2000,1
Dario Martelli,Jerome P. Gauntlett,2001,4
Dario Martelli,Jussi Kalkkinen,1999,4
Dario Martelli,Nakwoo Kim,2001,2
Dario Martelli,Stathis Pakis,2002,1
Dario Martelli,Vanicson L. Campos,2000,1
Dario Martelli,Wolfgang Mueck,2001,2
Darius G. Gagne,Eric Dhoker,1995,1
Darius Gagne,Eric Dhoker,1995,1
Darius Sadri,M. M. Sheikh-Jabbari,2003,1
Dariusz Chruscinski,Hartmann Roemer,1998,1
Dariusz Chruscinski,Jerzy Kijowski,1997,2
Darrell R. Lamm,Ernst Joachim Weniger,2001,1
Darrell R. Lamm,Holger Gies,2001,1
Darrell R. Lamm,Sree Ram Valluri,2001,1
Darrell R. Lamm,Ulrich D. Jentschura,2001,1
Darwin Chang,We-Fu Chang,1995,1
David A. Kastor,Fay Dowker,1993,1
David A. Kastor,Jennie Traschen,1993,2
David A. Kastor,Jerome P. Gauntlett,1993,2
David A. Lowe,David M. Kaplan,1996,1
David A. Lowe,Elena Caceres,2001,1
David A. Lowe,Esperanza Lopez,1997,3
David A. Lowe,Gian Luigi Alberghi,1999,3
David A. Lowe,Gilad Lifschytz,2000,4
David A. Lowe,Horatiu Nastase,2003,1
David A. Lowe,Jerome P. Gauntlett,1996,1
David A. Lowe,John H. Schwarz,1996,1
David A. Lowe,John Uglum,1995,1
David A. Lowe,Joseph Polchinski,1995,1
David A. Lowe,Juan M. Maldacena,1996,1
David A. Lowe,Kamran Diba,2001,2
David A. Lowe,Karl Landsteiner,1997,3
David A. Lowe,Kevin Goldstein,2001,3
David A. Lowe,Larus Thorlacius,1995,1
David A. Lowe,Leonard Susskind,1995,1
David A. Lowe,Mark Trodden,1999,1
David A. Lowe,Michael R. Douglas,1996,1
David A. Lowe,Norihiro Iizuka,2001,2
David A. Lowe,Richard C. Brower,2002,1
David A. Lowe,Richard Easther,1999,1
David A. Lowe,Rikard Von Unge,1998,1
David A. Lowe,Sanjaye Ramgoolam,2003,1
David A. Lowe,Steven Corley,2001,3
David Alba,Luca Lusanna,1997,4
David Alba,Massimo Pauri,2000,1
David B. Fairlie,Jan Govaerts,1992,1
David B. Fairlie,Tatsuya Ueno,1997,3
David B. Kaplan,Lubos Motl,2001,1
David B. Kaplan,Martin Schmaltz,1995,1
David B. Kaplan,Nima Arkani-Hamed,2001,1
David Bailin,Huan-Xiong Yang,2002,1
David Bailin,Maria E. Angulo,2002,1
David Beckman,John Preskill,2001,1
David Berenstein,Horatiu Nastase,2002,2
David Berenstein,Igor R. Klebanov,2002,1
David Berenstein,Jacques Distler,1997,2
David Berenstein,Juan Maldacena,1998,2
David Berenstein,Michael R. Douglas,2002,1
David Berenstein,Moshe Rozali,1996,1
David Berenstein,Richard Corrado,1996,6
David Berenstein,Robert G. Leigh,1998,11
David Berenstein,Sonia Paban,1996,1
David Berenstein,Vishnu Jejjala,2000,3
David Berenstein,Willy Fischler,1996,2
David Brungs,Werner Nahm,1998,1
David C. Dunbar,Domenico Seminara,1999,1
David C. Dunbar,Keith G. Joshi,1992,2
David C. Dunbar,Mario Trigiante,1999,1
David C. Dunbar,Nicolaus W. P. Turner,2002,2
David C. Dunbar,Paul S. Norridge,1994,1
David C. Lewellen,Gerald B. Cleaver,1992,1
David C. Page,Douglas J. Smith,2002,1
David C. Page,Frederic Leblond,2001,1
David C. Page,Kenneth J. Lovis,2000,2
David C. Page,Robert C. Myers,2001,1
David D. Song,Richard J. Szabo,1998,2
David Delphenich,Joseph Schechter,1997,1
David Dudal,Henri Verschelde,2002,2
David E. Crooks,James Babington,2002,2
David E. Crooks,Nick Evans,2002,3
David E. Radford,Louis H. Kauffman,1994,1
David Eichler,David H. Oaknin,2000,1
David Eichler,Ram Brustein,2000,1
David Eichler,Stefano Foffa,2000,1
David Eliezer,Gordon Semenoff,1992,2
David Eliezer,Gordon W. Semenoff,1993,1
David Eliezer,Ian I. Kogan,1993,1
David Eliezer,Mario Bergeron,1993,1
David Eliezer,Mikhail I. Dobroliubov,1993,1
David Eliezer,Richard J. Szabo,1993,1
David Fairlie,Linda Baker,1999,1
David Fairlie,Thomas Curtright,1997,3
David Finkelstein,James Baugh,2002,1
David Finkelstein,Zhong Tang,1994,3
David G. Robertson,Gary Mccartor,1993,2
David G. Robertson,Kenneth G. Wilson,1994,1
David G. Robertson,Stephen S. Pinsky,1995,1
David H. Adams,Emil M. Prodanov,2000,1
David H. Adams,James C. Sexton,2000,1
David H. Adams,Samik Sen,2000,1
David H. Adams,Siddhartha Sen,1995,3
David H. Lyth,Hitoshi Murayama,1998,1
David H. Lyth,Mary K. Gaillard,1998,1
David H. Oaknin,Ram Brustein,2000,2
David H. Oaknin,Stefano Foffa,2000,1
David Hasler,Jens Hoppe,2002,1
David Hochberg,Juan Perez-Mercader,1998,2
David Hochberg,Matt Visser,1998,2
David I Olive,Matthias R Gaberdiel,2002,1
David I Olive,Peter C West,2002,1
David I. Olive,Marco A. C. Kneipp,1993,1
David I. Olive,Marcos Alvarez,1999,3
David I. Santiago,Ronald J. Adler,1999,1
David J Toms,Ian G Moss,2001,1
David J. Fernandez C.,Luis M. Nieto,1995,1
David J. Fernandez C.,Oscar Rosas-Ortiz,1995,1
David J. Gross,Hirosi Ooguri,1998,2
David J. Gross,Igor R. Klebanov,1997,1
David J. Gross,N. Itzhaki,2000,2
David J. Gross,Nadav Drukker,1999,4
David J. Gross,Nikita A. Nekrasov,2000,3
David J. Gross,Radu Roiban,2002,2
David J. Gross,Rajesh Gopakumar,1994,1
David J. Gross,Vipul Periwal,2001,1
David J. Gross,Washington Taylor,1993,4
David J. Toms,Ian G. Moss,2001,1
David J. Toms,John D. Smith,1996,1
David J. Toms,Klaus Kirsten,1995,1
David J. Winters,David Mateos,2003,1
David J. Winters,Frederic Leblond,2001,2
David J. Winters,Martin Kruczenski,2002,2
David J. Winters,Robert C. Myers,2001,5
David Karasik,Yoav Lederer,2001,1
David Kastor,Donald Marolf,1999,1
David Kastor,Euy Soo Na,1998,1
David Kastor,Fay Dowker,1997,1
David Kastor,Hyunji Cho,2000,2
David Kastor,Jennie Traschen,1992,11
David Kastor,K. Z. Win,1997,2
David Kastor,Moataz Emam,2000,1
David Kastor,Renata Kallosh,1994,1
David Kastor,Tibor Torma,1994,1
David Kastor,Tomas Ortin,1994,1
David Kastor,Vijay Balasubramanian,1998,1
David Kutasov,David Tsabar,1998,1
David Kutasov,Edward Hsu,1992,1
David Kutasov,Eliezer Rabinovici,2000,1
David Kutasov,Emil J. Martinec,2001,1
David Kutasov,Emil Martinec,1996,1
David Kutasov,Finn Larsen,2000,1
David Kutasov,Gor Sarkissian,2000,1
David Kutasov,Govindan Rajesh,2002,2
David Kutasov,Gregory Moore,2000,3
David Kutasov,Ivan Kostov,2000,1
David Kutasov,Jeffrey A. Harvey,2001,1
David Kutasov,Joshua Boorstein,1994,2
David Kutasov,Marcos Marino,2000,2
David Kutasov,Martin Oloughlin,1996,1
David Kutasov,Micha Berkooz,1998,2
David Kutasov,Michael B. Green,1997,1
David Kutasov,Nathan Seiberg,1998,1
David Kutasov,Ofer Aharony,1998,1
David Kutasov,Shmuel Elitzur,1998,2
David Kutasov,Vasilis Niarchos,2003,1
David Kutasov,Vladimir Kazakov,2000,1
David L. Obrien,Paul A. Pearce,1995,1
David L. Obrien,Roger E. Behrend,1995,1
David L. Olmsted,Howard J. Schnitzer,1996,1
David L. Wiltshire,Jorma Louko,2001,1
David L. Wiltshire,Matt Visser,2002,1
David Langlois,David Wands,2000,2
David Langlois,Lorenzo Sorbo,2002,2
David Langlois,Maria Rodriguez-Martinez,2001,3
David Langlois,Misao Sasaki,2000,2
David Langlois,Philippe Brax,2002,1
David Langlois,Pierre Binetruy,1999,3
David Langlois,Roy Maartens,2000,2
David Langlois,Ulrich Ellwanger,1999,1
David Louapre,Laurent Freidel,2002,2
David Lowe,Sanjaye Ramgoolam,2001,1
David Lowe,Steven Corley,2001,1
David M. Kaplan,Jeremy Michelson,1995,2
David M. Kaplan,Juan M. Maldacena,1996,1
David Mateos,Friedemann Brandt,1998,1
David Mateos,Jerome Gauntlett,1999,1
David Mateos,Joan Simon,1998,2
David Mateos,Joaquim Gomis,1998,3
David Mateos,Marija Zamaklar,1999,1
David Mateos,Martin Kruczenski,2003,1
David Mateos,Paul K. Townsend,1998,4
David Mateos,Paul Townsend,1999,2
David Mateos,Robert C. Myers,2003,1
David Mateos,Roberto Emparan,2001,1
David Mateos,Selena Ng,2001,4
David Mattingly,Ted Jacobson,1999,2
David Mcmullan,Emili Bagan,1995,9
David Mcmullan,Izumi Tsutsui,1993,3
David Mcmullan,Martin Lavelle,1993,17
David Mcmullan,Peter Levay,1995,1
David Mcmullan,Robin Horan,1998,7
David Mcmullan,Shogo Tanimura,2001,1
David Montano,Gil Rivlis,1992,1
David N. Yetter,Louis Crane,1993,5
David N. Yetter,Louis H. Kauffman,1993,3
David Nolland,Paul Mansfield,1999,5
David Nolland,Tatsuya Ueno,2002,1
David Obrien,Paul A. Pearce,1995,1
David P. Hutasoit,Freddy P. Zen,1999,1
David P. Hutasoit,Roby Muhamad,1999,1
David Persson,Per Elmfors,1993,1
David R. Morrison,Duiliu-Emanuel Diaconescu,2000,1
David R. Morrison,Govindan Rajesh,2000,1
David R. Morrison,Jan De Boer,2001,1
David R. Morrison,John Morgan,2001,1
David R. Morrison,Kentaro Hori,2001,1
David R. Morrison,M. Ronen Plesser,1994,5
David R. Morrison,Michael R. Douglas,1997,1
David R. Morrison,Nathan Seiberg,1996,2
David R. Morrison,Ori J. Ganor,1996,1
David R. Morrison,Paul S. Aspinwall,1993,7
David R. Morrison,Philip Candelas,1993,3
David R. Morrison,Robbert Dijkgraaf,2001,1
David R. Morrison,Savdeep Sethi,2001,2
David R. Morrison,Sheldon Katz,1993,4
David R. Morrison,Xenia De La Ossa,1993,1
David Ridout,Leung Chim,1999,1
David Ridout,Peter Bouwknegt,1999,1
David Ritz Finkelstein,Heinrich Saller,2000,1
David Ritz Finkelstein,James Baugh,2000,2
David Ritz Finkelstein,Mohsen Shiri-Garakani,2003,1
David S. Berman,Henric Larsson,2000,2
David S. Berman,Martin Cederwall,2000,2
David S. Berman,Mikkel Nielsen,2000,2
David S. Berman,Per Sundell,2000,2
David S. Berman,Ulf Gran,2000,2
David S. Berman,Vanicson L. Campos,2000,1
David Skinner,Ed Copeland,2002,1
David Skinner,James Gray,2002,1
David Tepper,Jonathan Huntley,1998,2
David Tepper,Nam Jong Moh,1998,1
David Tepper,Nam-Jong Moh,2003,1
David Tepper,Sultan Catto,1998,2
David Tong,George Papadopoulos,2000,1
David Tong,James Sparks,2002,1
David Tong,Jerome P. Gauntlett,2000,3
David Tong,Kentaro Hori,2001,1
David Tong,Kimyeong Lee,2000,1
David Tong,Mina Aganagic,2001,1
David Tong,Neil. D. Lambert,1999,2
David Tong,Nemani V. Suryanarayana,2000,1
David Tong,Nick Dorey,1999,1
David Tong,Paul K. Townsend,2000,3
David Tong,Ruben Portugues,2000,1
David Tong,Sangheon Yi,2000,1
David Tong,Sergei Gukov,2002,3
David Tong,Sunil Mukhi,2000,1
David Tsabar,Ofer Feinerman,1998,1
David Tsabar,Shmuel Elitzur,1998,2
David Wands,E. J. Copeland,1994,8
David Wands,Helen A. Bridgman,2000,2
David Wands,James E. Lidsey,1997,5
David Wands,Karim A. Malik,2000,1
David Wands,Kei-Ichi Maeda,1995,2
David Wands,Misao Sasaki,2000,1
David Wands,Richard Easther,1995,2
David Wands,Roy Maartens,2000,2
David Zoller,Moustafa Awada,1994,2
Davide Fabbri,Gianguido Dallagata,1998,1
Davide Fabbri,Leonardo Gualtieri,1999,2
Davide Fabbri,Mario Trigiante,1998,1
Davide Fabbri,Piet Termonia,1998,2
Davide Fabbri,Pietro Fr`E,2001,1
Davide Fabbri,Pietro Fre,1998,2
Davide Fabbri,Pietro Fre`,1999,1
Davide Fioravanti,Francesco Ravanini,1995,1
Davide Fioravanti,Marco Rossi,2001,4
Davide Fioravanti,Marian Stanishkov,1995,3
Davide Gaiotto,Leonardo Rastelli,2001,5
Davide Gaiotto,Nissan Itzhaki,2003,1
De Leo Stefano,Jr.,1998,2
De Leo Stefano,Rotelli Pietro,1995,4
De Leo Stefano,Waldyr A. Rodrigues,1998,2
De-Pin Zhao,De-Si Zang,1999,1
De-Pin Zhao,Sze-Shiang Feng,1999,1
De-Pin Zhao,Zhi Yao,1999,1
De-Si Zang,Sze-Shiang Feng,1999,1
De-Si Zang,Zhi Yao,1999,1
Dean L. Welch,Eric W. Hirschmann,1995,1
Dean L. Welch,Gary T. Horowitz,1993,2
Dean Lee,Erick A. Roura,1999,1
Dean Lee,Nathan Salwen,1999,4
Dean Lee,Pablo J. Marrero,1999,1
Debabrata Basu,K. V. Shajesh,1996,2
Debabrata Basu,Subrata Bal,1996,2
Debajyoti Choudhury,Debashis Ghoshal,2002,1
Debajyoti Choudhury,Dileep P. Jatkar,2001,2
Debajyoti Choudhury,Somdatta Bhattacharya,2001,1
Debajyoti Choudhury,Sudhakar Panda,2002,1
Debashis Gangopadhyay,L. P. Singh,2002,1
Debashis Gangopadhyay,R. Bhattacharyya,2002,1
Debashis Gangopadhyay,Rajsekhar Bhattacharyya,1998,4
Debashis Gangopadhyay,Soumitra Sengupta,1994,4
Debashis Ghoshal,Dileep P. Jatkar,1992,2
Debashis Ghoshal,Porus Lakdawala,1993,1
Debashis Ghoshal,Stefan Forste,1997,4
Debashis Ghoshal,Stefan Theisen,1999,2
Debashis Ghoshal,Sudhakar Panda,1995,3
Debashis Ghoshal,Sunil Mukhi,1992,4
Defu Hou,Enke Wang,1998,1
Defu Hou,Ulrich Heinz,1998,1
Dejan Stojkovic,Glenn D. Starkman,2000,2
Dejan Stojkovic,Glenn Starkman,2001,1
Dejan Stojkovic,Mark Trodden,2000,2
Dejan Stojkovic,Tanmay Vachaspati,2001,1
Dejan Stojkovic,Valeri Frolov,2002,2
Demosthenes Ellinas,J. A. De Azcarraga,1993,1
Demosthenes Ellinas,Jan Sobczyk,1994,1
Demosthenes Ellinas,Vassilios Kovanis,1993,1
Denis Bernard,Kazuhiro Hikami,1994,1
Denis Bernard,Michel Bauer,1995,4
Denis Bernard,Miki Wadati,1994,1
Denis Bernard,Olivier Babelon,1992,3
Denis Gontsa,Sergiu I. Vacaru,2001,1
Denis Kochan,Michal Demetrian,2001,1
Denjoe Oconnor,F. Freire,1996,1
Denjoe Oconnor,J. Lee,2001,1
Denjoe Oconnor,Jose Gaite,1995,1
Denjoe Oconnor,Julieta Medina,2002,1
Denjoe Oconnor,M. A. Van Eijck,1994,2
Denjoe Oconnor,M. A. Van Ejick,1993,1
Denjoe Oconnor,P. Presnajder,2001,1
Denjoe Oconnor,Peter Presnajder,2002,1
Denjoe Oconnor,X. Martin,2000,2
Denne Wesolowski,Sumantra Chakravarty,1994,1
Denne Wesolowski,Yutaka Hosotani,1994,1
Dennis B. Crossley,Theodore J. Allen,1993,2
Dennis Bonatsos,K. Kanakoglou,1999,1
Dennis Bonatsos,K. Kokkotas,1993,1
Dennis Bonatsos,P. Kolokotronis,1994,4
Dennis C. Richman,Roger C. Millikan,2001,1
Dennis D. Dietrich,Gouranga. C. Nayak,2000,1
Dennis D. Dietrich,Walter Greiner,2000,1
Dennis Nemeschansky,Jonathan Bagger,2000,2
Dennis Nemeschansky,Joseph A. Minahan,1995,4
Dennis Nemeschansky,Ren-Jie Zhang,2000,1
Dennis Nemeschansky,Richard Altendorfer,2000,1
Denny Fliegner,Martin Reuter,1997,1
Denny Fliegner,Michael G. Schmidt,1995,2
Denny Fliegner,Peter Haberl,1995,1
Deog Ki Hong,Jin Young Kim,1995,1
Deog Ki Hong,Junegone Chay,1992,1
Deog Ki Hong,S. H. Park,1992,1
Deog Ki Hong,Taejin Lee,1992,1
Detlef R. Nolte,Witold Skiba,2000,3
Detlev Buchholz,Franco Strocchi,2000,1
Detlev Buchholz,Giovanni Morchio,2000,1
Detlev Buchholz,Hans-Juergen Borchers,2000,1
Detlev Buchholz,Izumi Ojima,1997,1
Detlev Buchholz,Jacques Bros,1995,4
Detlev Buchholz,Jakob Yngvason,1994,1
Detlev Buchholz,Jens Mund,2000,2
Detlev Buchholz,John E. Roberts,2000,1
Detlev Buchholz,Martin Florig,1999,1
Detlev Buchholz,Rainer Verch,1995,2
Detlev Buchholz,Roberto Longo,1999,1
Detlev Buchholz,Rudolf Haag,1999,1
Detlev Buchholz,Sergio Doplicher,2000,1
Detlev Buchholz,Stephen J. Summers,1999,3
Deusdedit M. Medeiros,R. R. Landim,1999,1
Devis Iellici,Valter Moretti,1996,3
Dian-Min Tong,Shan-De Yang,1994,1
Dian-Min Tong,Zhong-Qi Ma,1994,1
Diana Vaman,Herman Verlinde,2002,2
Diana Vaman,Horatiu Nastase,1999,5
Diana Vaman,Iosif Bena,2000,2
Diana Vaman,James T. Liu,2003,1
Diana Vaman,John Pearson,2002,1
Diana Vaman,Leopoldo A. Pando Zayas,2002,2
Diana Vaman,Marcus Spradlin,2002,1
Diana Vaman,Mihai Visinescu,1996,3
Diana Vaman,Peter Van Nieuwenhuizen,1999,1
Diana Vaman,Peter Van Niewenhuizen,1999,1
Diarmuid Crowley,Michael K. Murray,1997,1
Didier A Depireux,Jeremy Schiff,1992,1
Didier Caenepeel,Martin Leblanc,1994,1
Didier Caenepeel,Richard Mackenzie,1993,1
Diederik Roest,Eric Bergshoeff,2003,1
Diederik Roest,Mikkel Nielsen,2003,1
Diederik Roest,Roman Linares,2003,1
Diederik Roest,Ulf Gran,2003,1
Diego A. R. Dalvit,Francisco D. Mazzitelli,1996,2
Diego Bellisai,Francesco Fucito,1997,2
Diego Bellisai,Gabriele Travaglini,1997,2
Diego Bellisai,Jose M. Isidro,2000,1
Diego Bellisai,Marco Matone,1997,2
Diego D. Dalvit,Francisco D. Mazzitelli,2000,1
Diego J. Navarro,Jose Navarro-Salas,1999,3
Diego J. Navarro,Pedro Navarro,1999,1
Diego Rodriguez-Gomez,Yolanda Lozano,2003,1
Diego Trancanelli,Gianluca Grignani,2003,1
Diego Trancanelli,Gordon W. Semenoff,2003,1
Diego Trancanelli,Marta Orselli,2003,1
Dieter Luest,Ingo Gaida,1995,1
Dieter Luest,Jan Louis,1995,1
Dieter Luest,Luis E. Ibanez,1992,1
Dieter Luest,Michael Faux,1999,1
Dieter Luest,Vadim Kaplunovsky,1995,1
Dieter Lust,Douglas J. Smith,1998,1
Dieter Lust,Gabriel Lopes Cardoso,1994,17
Dieter Lust,George Zoupanos,1997,2
Dieter Lust,Gianguido Dallagata,2001,2
Dieter Lust,Gottfried Curio,1995,6
Dieter Lust,Hermann Nicolai,1999,1
Dieter Lust,Ilka Brunner,1998,1
Dieter Lust,Ingo Gaida,1997,1
Dieter Lust,Ingo Gaido,1994,1
Dieter Lust,Klaus Behrndt,1997,6
Dieter Lust,Lars Goerlich,2000,3
Dieter Lust,Michael Faux,2000,1
Dieter Lust,Michael Haack,1999,1
Dieter Lust,Mina Aganagic,1999,1
Dieter Lust,Mohab Abou-Zeid,1999,1
Dieter Lust,Ralph Blumenhagen,1999,14
Dieter Lust,Soo-Jong Rey,1995,2
Dieter Lust,Swapna Mahapatra,1997,1
Dieter Lust,Tassilo Ott,2001,3
Dieter Lust,Thomas Mohaupt,1994,11
Dieter Lust,Tomasz R. Taylor,2003,1
Dieter Lust,Volker Braun,2002,2
Dieter Lust,Wafic A. Sabra,1997,2
Dieter Lust,Wafic. A. Sabra,1997,1
Dieter Maison,George Lavrelashvili,1993,2
Dieter Maison,Mikhail S. Volkov,1999,1
Dieter Mayer,Zbigniew Walczak,1997,2
Dietmar Ebert,Dmitri Antonov,1998,5
Dietmar Ebert,Hiroshi Toki,2001,2
Dietmar Ebert,Miho Koma,2001,2
Dietmar Ebert,Yoshiaki Koma,2001,2
Dietmar Klemm,Guido Cognola,1999,1
Dietmar Klemm,Laura Tamassia,2001,1
Dietmar Klemm,Luciano Vanzo,2002,1
Dietmar Klemm,Marco Astorino,2002,1
Dietmar Klemm,Marco M. Caldarelli,1998,3
Dietmar Klemm,Mauro Brigante,2002,1
Dietmar Klemm,Sergio Cacciatori,1999,4
Dietmar Klemm,Sergio L. Cacciatori,2003,1
Dietmar Klemm,Silvia Penati,2001,1
Dietmar Klemm,Wafic A. Sabra,2003,1
Dietrich Bodeker,Larry Mclerran,1995,1
Dileep P. Jatkar,Gautam Mandal,2000,2
Dileep P. Jatkar,K. P. Yogendran,2001,1
Dileep P. Jatkar,Keshav Dasgupta,1997,1
Dileep P. Jatkar,Radhika Vathsan,2001,2
Dileep P. Jatkar,S. Kalyana Rama,1996,1
Dileep P. Jatkar,S. Randjbar-Daemi,1999,1
Dileep P. Jatkar,Somdatta Bhattacharya,2001,1
Dileep P. Jatkar,Spenta R. Wadia,2000,2
Dileep P. Jatkar,Subrata Sur,2001,1
Dileep P. Jatkar,Sudhakar Panda,1995,3
Dileep P. Jatkar,Sudipta Mukherji,1995,2
Dileep P. Jatkar,Sunil Mukhi,1992,2
Dimitra Karabali,Satoshi Iso,1992,2
Dimitra Karabali,V. P. Nair,1995,6
Dimitri Polyakov,Ian I. Kogan,2000,3
Dimitri Polyakov,Masud Chaichian,2002,1
Dimitrios Tsimpis,Erich Poppitz,2000,1
Dimitrios Tsimpis,Gregory Moore,1999,1
Dimitrios Tsimpis,Martin Cederwall,2001,4
Dimitrios Tsimpis,Ruben Minasian,1999,4
Dimitry Leites,Irina Shchepochkina,1997,1
Dimitry Leites,Pavel Grozman,1997,3
Dimitry Leites,Xuan Peiqi,1997,1
Dimitry Polyakov,Masud Chaichian,2001,1
Dionisio Bazeia,Francisco A. Brito,1997,2
Dionisio Bazeia,Jose D. Edelstein,1997,1
Dionisio Bazeia,Marta L. Trobo,1997,1
Dipankar Chakrabarti,Rajen Kundu,1999,1
Diptiman Sen,Sumathi Rao,1992,1
Dirk Kreimer,Isabella Bierenbaum,2001,1
Dirk Kreimer,Richard Kreckel,2001,1
Dirk Lehmann,Gernot Munster,1996,1
Dirk Lehmann,Harald Griesshammer,1996,1
Diuliu-Emanuel Diaconescu,Edward Witten,2000,1
Diuliu-Emanuel Diaconescu,Gregory Moore,2000,1
Dj. Vsijavcki,V. Radovanovic,1994,1
Djamel Dou,Roberto Percacci,1997,1
Djordje Minic,Eric G. Gimon,1999,1
Djordje Minic,Eric Gimon,2000,2
Djordje Minic,Hidetoshi Awata,1999,1
Djordje Minic,Jan De Boer,2001,2
Djordje Minic,Joachim Rahmfeld,2000,1
Djordje Minic,Lay Nam Chang,2001,4
Djordje Minic,Miao Li,1999,1
Djordje Minic,Murat Gunaydin,1998,1
Djordje Minic,Naotoshi Okamura,2001,4
Djordje Minic,Per Berglund,1999,1
Djordje Minic,Petr Horava,2000,2
Djordje Minic,Robert G. Leigh,2002,2
Djordje Minic,Saifuddin Rayyan,2002,2
Djordje Minic,Sandor Benczik,2002,2
Djordje Minic,Tamiaki Yoneya,1999,1
Djordje Minic,Tatsu Takeuchi,2001,4
Djordje Minic,Vijay Balasubramanian,2000,5
Djordje Minic,Vishnu Jejjala,2002,2
Dmitri Antonov,Nikita Agasian,2001,1
Dmitri Antonov,Nikita O. Agasian,2001,1
Dmitri Boulatov,Vladimir Kazakov,2000,1
Dmitri D. Galtsov,Mikhail S. Volkov,1994,1
Dmitri Diakonov,Victor Petrov,1996,6
Dmitri Fursaev,Valeri Frolov,1998,1
Dmitri Galtsov,Gerard Clement,1996,5
Dmitri Galtsov,Richard Kerner,1999,1
Dmitri Galtsov,Vladimir Dyadichev,2000,1
Dmitri Linde,Leonard Susskind,1995,1
Dmitri Linde,Renata Kallosh,1995,1
Dmitri Sorokin,Evgeny Ivanov,2002,1
Dmitri Sorokin,Francesco Toppan,1996,1
Dmitri Sorokin,Gianguido Dallagata,1997,1
Dmitri Sorokin,Ichiro Oda,2002,1
Dmitri Sorokin,Igor Bandos,1996,14
Dmitri Sorokin,Igor Rudychev,1996,1
Dmitri Sorokin,Jerzy Lukierski,1999,5
Dmitri Sorokin,Kurt Lechner,1997,3
Dmitri Sorokin,Luca Mazzucato,2002,1
Dmitri Sorokin,Marco Matone,2002,1
Dmitri Sorokin,Mario Tonin,1996,13
Dmitri Sorokin,Mikhail Plyushchay,2003,1
Dmitri Sorokin,Mirian Tsulaia,2003,1
Dmitri Sorokin,Nathan Berkovits,1997,1
Dmitri Sorokin,Paolo Pasti,1996,11
Dmitri Sorokin,Paul K. Townsend,1997,1
Dmitri Sorokin,Sudhakar Panda,2003,1
Dmitri V. Alekseevsky,Vicente Cortes,2001,2
Dmitri V. Fursaev,Gennaro Miele,1996,3
Dmitri V. Fursaev,Lara De Nardo,1996,2
Dmitri V. Fursaev,Sergey N. Solodukhin,1994,1
Dmitri V. Galtsov,Evgeni E. Donets,1995,1
Dmitri V. Galtsov,Kei-Ichi Maeda,1999,1
Dmitri V. Galtsov,Michael Gutperle,2002,1
Dmitri V. Galtsov,Mikhail S. Volkov,1998,1
Dmitri V. Galtsov,Paul M. Saffin,2001,1
Dmitri V. Galtsov,Sergei A. Sharakin,1999,5
Dmitri V. Vassilevich,Peter B. Gilkey,1995,1
Dmitri V. Vassilevich,Thomas P. Branson,1995,1
Dmitri Vassilevich,Klaus Kirsten,2002,1
Dmitri Vassilevich,Peter Gilkey,2002,1
Dmitri Vassilevich,Sergei Alexandrov,1996,1
Dmitrij P. Sorokin,Dmitrij V. Volkov,1993,3
Dmitrij P. Sorokin,Igor A. Bandos,1993,2
Dmitrij P. Sorokin,Mario Tonin,1993,1
Dmitrij P. Sorokin,Martin Cederwall,1994,1
Dmitrij P. Sorokin,Vladimir V. Yanovsky,1993,1
Dmitrij Sorokin,Dmitrij Volkov,1995,2
Dmitrij Sorokin,Francesco Toppan,1996,1
Dmitrij Sorokin,Igor Bandos,1995,2
Dmitrij Sorokin,Mario Tonin,1995,3
Dmitrij Sorokin,Paolo Pasti,1995,3
Dmitrij V. Shirkov,Vladimir F. Kovalev,2000,1
Dmitrij V. Soroka,Vyacheslav A. Soroka,2002,1
Dmitrij V. Volkov,Igor A. Bandos,1993,2
Dmitrij V. Volkov,Mario Tonin,1993,1
Dmitrij V. Volkov,Martin Cederwall,1994,1
Dmitrij Volkov,Igor Bandos,1995,2
Dmitry Belyaev,Jonathan Bagger,2002,1
Dmitry Gitman,Ilya Shapiro,1999,1
Dmitry Kerner,Doron Gepner,2000,1
Domenec Espriu,Jan Ambjorn,1997,1
Domenec Espriu,Luca Tagliacozzo,2003,1
Domenec Espriu,Naoki Sasakura,1997,1
Domenico Giulini,Jorma Louko,1992,1
Domenico Seminara,Dongsu Bak,1995,1
Domenico Seminara,Luigi Cantini,2000,3
Domenico Seminara,Mario Trigiante,1999,1
Domenico Seminara,Pietro Menotti,1999,5
Domingo Marin Ricoy,Viktoria Malyshenko,1997,1
Dominic Brecher,Kenneth J. Lovis,2002,1
Dominic Brecher,Robert C. Myers,2002,1
Dominic Brecher,Yolanda Lozano,2001,2
Dominic Lee,Georgios Metikas,1998,1
Dominik J. Schwarz,Jerome Martin,2001,3
Dominik J. Schwarz,Nelson Pinto Neto,2001,1
Dominik J. Schwarz,Nelson Pinto-Neto,2002,2
Dominik J. Schwarz,Patrick Peter,2001,3
Don N. Page,Eric Woolgar,2002,1
Don N. Page,Miguel E. Ortiz,1994,1
Don N. Page,Sang Pyo Kim,2000,2
Don N. Page,Sean M. Carroll,1994,1
Don N. Page,Sumati Surya,2002,1
Donald M. Witt,Kristin Schleich,2001,1
Donald M. Witt,Sumati Surya,2001,1
Donald Marolf,Eanna E. Flanagan,1999,1
Donald Marolf,Frederic Leblond,2002,2
Donald Marolf,Gary T. Horowitz,1996,3
Donald Marolf,Jennie Traschen,1999,1
Donald Marolf,Jorma Louko,1998,2
Donald Marolf,Jose M. Mourao,1994,1
Donald Marolf,Jose Mour~Ao,1996,1
Donald Marolf,Jurek Lewandowski,1996,1
Donald Marolf,Leopoldo A. Pando Zayas,2002,1
Donald Marolf,Luca Martucci,2003,1
Donald Marolf,Mark Trodden,2001,1
Donald Marolf,Pedro J. Silva,2001,2
Donald Marolf,Rafael Sorkin,2002,1
Donald Marolf,Robert C. Myers,2002,2
Donald Marolf,Robert M. Wald,1999,1
Donald Marolf,Simon F. Ross,2000,4
Donald Marolf,Sumati Surya,1998,2
Donald Marolf,Thomas Thiemann,1996,1
Donald Spector,John Rogers,1992,1
Donald Spector,Theodore J. Allen,2002,1
Donald Spector,Zvonimir Hlousek,1993,3
Donalf Marolf,Gary T. Horowitz,1996,1
Donam Youm,Mirjam Cvetic,1993,11
Donam Youm,Mirjam Cvetiv C,1994,3
Donam Youm,Mirjam Cvetivc,1995,1
Donam Youm,Yaron Oz,1999,1
Dong Hyun Park,Haru-Tada Sato,2000,2
Dong Hyun Park,Sangmin Lee,2000,1
Dong Hyun Park,Youngjai Kiem,2000,3
Dong Sup Soh,Kyung Hyun Cho,1995,1
Dong Sup Soh,Sang Pyo Kim,1995,1
Dong Won Lee,Won Tae Kim,1998,1
Dong-Pei Zhu,Sze-Shiang Feng,1999,1
Dong-Sheng Du,Qi-Shu Yan,2001,1
Dongsu Bak,Hyuk-Jae Lee,1997,1
Dongsu Bak,Hyunsoo Min,1997,3
Dongsu Bak,Jae Hyung Yee,1998,5
Dongsu Bak,Jeong-Hyuck Park,2000,4
Dongsu Bak,Joohan Lee,1998,1
Dongsu Bak,Kimyeong Lee,1997,12
Dongsu Bak,Koji Hashimoto,1999,1
Dongsu Bak,Kwang-Sup Soh,1998,5
Dongsu Bak,Michael Gutperle,2003,1
Dongsu Bak,Mohammad M. Sheikh-Jabbari,2002,2
Dongsu Bak,Naoki Sasakura,1999,1
Dongsu Bak,Nobuyoshi Ohta,2001,2
Dongsu Bak,Oren Bergman,1994,1
Dongsu Bak,Piljin Yi,1999,3
Dongsu Bak,R. Jackiw,1993,2
Dongsu Bak,Sang Pyo Kim,1998,2
Dongsu Bak,Sang-Woo Kim,2001,1
Dongsu Bak,Shinji Hirano,2003,1
Dongsu Bak,So-Young Pi,1994,1
Dongsu Bak,Soo-Jong Rey,1998,3
Dongsu Bak,Sung Ku Kim,1998,5
Dorje C. Brody,Hugh F. Jones,2003,1
Doron Gepner,Ernest Baver,1995,3
Doron Gepner,Joseph Conlon,2002,1
Doron Gepner,Jurgen Fuchs,1993,1
Doron Gepner,Umut Gursoy,1998,1
Douglas J. Smith,Emily J. Hackett-Jones,2002,1
Douglas J. Smith,Subir Mukhopadhyay,2000,1
Douglas J. Smith,Tasneem Zehra Husain,2000,1
Douglas Singleton,Vladimir Dzhunushaliev,2002,1
Douglas W. Mckay,Herman J. Munczek,1996,1
Douglas W. Mckay,Surujhdeo Seunarine,2000,2
Dragos Constantin,Melanie Becker,2002,1
Dubravka Jancic,Fernando Quevedo,1993,1
Dubravka Jancic,Per Berglund,1993,1
Dubravka Jancic,Philip Candelas,1993,1
Dubravka Jancic,Tristan Hubsch,1993,1
Dubravka Jancic,Xenia De La Ossa,1993,1
Duiliu-Emanuel Diaconescu,Edward Witten,2000,1
Duiliu-Emanuel Diaconescu,Gheorghe Ionesei,1998,1
Duiliu-Emanuel Diaconescu,Govindan Rajesh,1999,2
Duiliu-Emanuel Diaconescu,Gregory Moore,2000,1
Duiliu-Emanuel Diaconescu,Jaume Gomis,1997,6
Duiliu-Emanuel Diaconescu,Michael R. Douglas,1997,2
Duiliu-Emanuel Diaconescu,Nathan Seiberg,1997,1
Duiliu-Emanuel Diaconescu,Philip Candelas,2000,1
Duiliu-Emanuel Diaconescu,Rami Entin,1997,2
Duiliu-Emanuel Diaconescu,Sergei Gukov,1998,1
Dumitru Astefanesei,Robert C. Myers,2001,1
Dumitru Baleanu,Yurdahan Guler,1999,5
Dzo Mikulovicz,Rainer Dick,2000,1
E Corrigan,P Bowcock,1995,1
E Corrigan,Pe Dorey,1995,1
E Corrigan,Rh Rietdijk,1995,1
E Rodulfo,R Delbourgo,1997,1
E Thiran,J Weyers,1992,1
E Thiran,Ph Ruelle,1992,1
E. A. Bergshoeff,E. Eyras,2000,1
E. A. Bergshoeff,M. De Roo,2000,4
E. A. Bergshoeff,R. Kallosh,1992,1
E. A. Bergshoeff,S. Panda,2000,1
E. A. Bergshoeff,T. C. De Wit,2000,1
E. A. Bergshoeff,T. Ortin,1992,1
E. A. Dudas,P. Binetruy,1996,1
E. A. Ivanov,E. I. Buchbinder,1997,2
E. A. Ivanov,I. L. Buchbinder,1997,5
E. A. Ivanov,S. M. Kuzenko,1997,2
E. A. Ivanov,S. V. Ketov,1997,1
E. A. Silva,E. M. C. Abreu,2001,1
E. A. Tolkachev,P. Osland,1996,1
E. A. Tolkachev,V. G. Kovalevich,1996,1
E. A. Tolkachev,Ya. M. Shnir,1996,1
E. Abdalla,F. M. De Carvalho Filho,1995,1
E. Abdalla,F. P. Devecchi,1993,1
E. Abdalla,G. Sotkov,1993,1
E. Abdalla,J. C. Brunelli,1993,1
E. Abdalla,K. D. Rothe,1995,2
E. Abdalla,K. H. C. Castello-Branco,2002,1
E. Abdalla,K. Harada,1992,1
E. Abdalla,L. E. Saltini,1993,1
E. Abdalla,M. C. B. Abdalla,1992,13
E. Abdalla,M. Forger,1992,1
E. Abdalla,M. Stanishkov,1993,1
E. Abdalla,N. Alves,1998,1
E. Abdalla,O. H. G. Branco,1993,1
E. Abdalla,R. Banerjee,1997,2
E. Abdalla,R. Mohayaee,1996,1
E. Adi,S. Solomon,1994,1
E. Aifantis,J. Pouget,2002,1
E. Aifantis,T. Ioannidou,2002,1
E. Aldrovandi,G. Falqui,1993,1
E. Aldrovandi,L. Bonora,1992,2
E. Aldrovandi,R. Paunov,1992,1
E. Aldrovandi,V. Bonservizi,1992,1
E. Alfinito,G. Profilo,1996,1
E. Alfinito,G. Soliani,1996,2
E. Alfinito,G. Vitiello,1997,1
E. Alfinito,L. Solombrino,1996,1
E. Alfinito,M. S. Causo,1996,1
E. Alfinito,R. Manka,1997,1
E. Alvarez,E. Verdaguer,1993,1
E. Alvarez,I. Bakas,1995,2
E. Alvarez,J. Borlaf,1996,3
E. Alvarez,J. Cespedes,1993,1
E. Alvarez,J. H. Leon,1997,2
E. Alvarez,J. L. F. Barbon,1993,2
E. Alvarez,J. M. Gracia-Bondia,1993,2
E. Alvarez,L. Alvarez-Gaume,1993,5
E. Alvarez,L. Hernandez,2000,1
E. Alvarez,P. Meessen,1997,3
E. Alvarez,T. Ortin,1997,2
E. Alvarez,Y. Lozano,1993,3
E. Andres,G. Aldazabal,1992,2
E. Andres,I. Allekotte,1992,2
E. Andriyash,K. Stepanyantz,2002,1
E. Ardonne,P. Bouwknegt,2002,1
E. Ardonne,P. Dawson,2002,1
E. Babaev,H. Kleinert,1998,1
E. Bagan,M. Lavelle,2000,1
E. Batista,I. P. Costa E Silva,1999,3
E. Batista,P. Teotonio-Sobrinho,1999,3
E. Batista,S. Majid,2002,1
E. Baver,U. Gursoy,1999,1
E. Benedict,H.-J. Lee,1996,1
E. Benedict,R. Jackiw,1996,1
E. Bergshoeff,E. Eyras,1996,4
E. Bergshoeff,E. Sezgin,1992,5
E. Bergshoeff,E. Sokatchev,1996,1
E. Bergshoeff,G. Papadopoulos,1995,3
E. Bergshoeff,H. J. Boonstra,1992,5
E. Bergshoeff,J. De Boer,1993,1
E. Bergshoeff,J. P. Van Der Schaar,1996,5
E. Bergshoeff,K. Behrndt,1995,4
E. Bergshoeff,K. S. Stelle,1992,1
E. Bergshoeff,L. A. J London,1992,1
E. Bergshoeff,M. B. Green,1995,2
E. Bergshoeff,M. De Roo,1992,12
E. Bergshoeff,M. Vasiliev,1994,1
E. Bergshoeff,N. Alonso-Alberca,2003,1
E. Bergshoeff,N. Ohta,2000,1
E. Bergshoeff,P. K. Townsend,1992,10
E. Bergshoeff,P. M. Cowdall,1997,1
E. Bergshoeff,P. Sundell,2000,3
E. Bergshoeff,R-G. Cai,2000,1
E. Bergshoeff,R. Halbersma,1998,1
E. Bergshoeff,R. Kallosh,1994,5
E. Bergshoeff,R. Linares,2002,2
E. Bergshoeff,R. Percacci,1992,1
E. Bergshoeff,S. Panda,1993,3
E. Bergshoeff,T. De Wit,2002,1
E. Bergshoeff,T. Ortin,1994,9
E. Bergshoeff,T. Tjin,1993,1
E. Bergshoeff,U. Gran,2002,3
E. Bergshoeff,X. Shen,1992,1
E. Bergshoeff,Y. Lozano,1997,2
E. Billey,I. Krichever,1994,1
E. Billey,J. Avan,1993,4
E. Billey,M. Talon,1994,1
E. Billey,O. Babelon,1993,4
E. Brezin,S. Hikami,1992,2
E. Buffenoir,K. Noui,2002,1
E. Buffenoir,P. Roche,2002,1
E. C. G. Sudarshan,Luis J. Boya,1994,1
E. C. Marino,F. I. Takakura,1996,1
E. C. Marino,J. Barcelos-Neto,2001,2
E. C. Marino,R. Banerjee,1996,3
E. C. Marino,R. O. Ramos,1993,1
E. C. Vagenas,G. A. Diamandis,2000,2
E. C. Vagenas,T. Christodoulakis,2000,2
E. Celeghini,E. Sorace,1992,3
E. Celeghini,F. Bonechi,1992,3
E. Celeghini,G. Vitiello,1994,2
E. Celeghini,M. A. Del Olmo,2001,1
E. Celeghini,M. Rasetti,1994,2
E. Celeghini,M. Tarlini,1992,3
E. Celeghini,R. Giachetti,1992,3
E. Celeghini,S. De Martino,1998,1
E. Celeghini,S. De Siena,1998,1
E. Corrigan,G. W. Delius,1999,1
E. Corrigan,M. Ablikim,2000,1
E. Corrigan,P. Bowcock,1995,1
E. Corrigan,P. E. Dorey,1993,2
E. Corrigan,R. H. Rietdijk,1994,2
E. Corrigan,R. Sasaki,1993,5
E. Corrigan,Z-M Sheng,1996,1
E. Corrigan P. E. Dorey,R. H. Rietdijk,1994,1
E. Cremmer,H. Lu,1997,5
E. Cremmer,I. V. Lavrinenko,1998,1
E. Cremmer,J. Schnittger,1995,2
E. Cremmer,J.-F. Roussel,1993,1
E. Cremmer,J.-L. Gervais,1995,2
E. Cremmer,Jean-Loup Gervais,1993,1
E. Cremmer,K. S. Stelle,1997,2
E. Cremmer,T. A. Tran,1998,1
E. D. Jones,H. Pierre Noyes,1997,1
E. Demilio,S. Micciche,1999,1
E. Deotto,E. Gozzi,1999,4
E. Deotto,G. Furlan,1999,2
E. Derrick,J. Distler,1995,1
E. Derrick,L. Parkes,1993,1
E. Derrick,P. Berglund,1993,2
E. Derrick,P. Candelas,1993,2
E. Derrick,T. Hubsch,1993,2
E. Derrick,X. De La Ossa,1995,1
E. Dhoker,G. Chan,1999,1
E. Dhoker,J. Erdmenger,2000,1
E. Dhoker,L. Rastelli,1999,1
E. Dhoker,M. Perez-Victoria,2000,1
E. Dhoker,P. Heslop,2003,1
E. Dhoker,P. Howe,2003,1
E. Dhoker,S. D. Mathur,1999,1
E. Di Grezia,S. Esposito,2003,1
E. Dudas,G. Dappollonio,1998,3
E. Dudas,I. Antoniadis,1998,7
E. Dudas,J. Mourad,1997,10
E. Dudas,P. Binetruy,1998,1
E. Dudas,P. Ramond,1998,1
E. E. Donets,J. J. Rosales,2000,1
E. E. Donets,J. Juan Rosales,1999,1
E. E. Donets,M. M. Tsulaia,1999,1
E. E. Donets,M. S. Volkov,1993,1
E. E. Donets,M. Tsulaia,2000,3
E. E. Donets,M. Yu. Zotov,1997,1
E. E. Donets,V. O. Rivelles,2000,1
E. E. Leite,L. A. Ferreira,2002,1
E. E. Leite,L. Bonora,2002,1
E. Eisenberg,L. P. Horwitz,1993,2
E. Eisenberg,S. Tasaki,1993,1
E. Eisenberg,Y. Strauss,1997,1
E. Elizalde,F. C. Santos,2002,2
E. Elizalde,I. L. Shapiro,1994,3
E. Elizalde,K. Kirsten,1994,7
E. Elizalde,L. Vanzo,1997,1
E. Elizalde,M. Bordag,1995,4
E. Elizalde,M. Kawamura,1995,1
E. Elizalde,M. Lygren,1996,2
E. Elizalde,P. Fosalba-Vela,1995,1
E. Elizalde,R. Kantowski,1996,1
E. Elizalde,S. D. Odintsov,1992,47
E. Elizalde,S. D. Odintsov Nd S. Zerbini,1992,1
E. Elizalde,S. D. Odintsov.,1995,1
E. Elizalde,S. Leseduarte,1992,7
E. Elizalde,S. Naftulin,1992,8
E. Elizalde,S. Nojiri,1995,2
E. Elizalde,S. Zerbini,1992,7
E. Elizalde,V. V. Chitov,1997,1
E. Elizalde,Yu. I. Shilnov,1994,6
E. Elizalde,Yu. Kubyshin,1994,2
E. Ercolessi,F. Lizzi,1994,4
E. Ercolessi,G. Bimonte,1993,5
E. Ercolessi,G. Landi,1994,4
E. Ercolessi,G. Sparano,1994,4
E. Ercolessi,L. Chandar,1993,3
E. Ercolessi,P. Teotonio-Sobrinho,1993,5
E. Eyras,J. P. Van Der Schaar,1996,3
E. Eyras,M. De Roo,1996,4
E. Eyras,M. Zamaklar,2000,1
E. Eyras,P. K. Townsend,2000,1
E. Eyras,R. Halbersma,1998,1
E. Eyras,S. Panda,2000,2
E. Eyras,T. C. De Wit,2000,1
E. Eyras,Y. Lozano,1998,1
E. F. Moreno,F. A. Schaposnik,1997,12
E. F. Moreno,G. Alexanian,1998,2
E. F. Moreno,G. S. Lozano,2000,5
E. F. Moreno,J. C. Le Guillou,1997,1
E. F. Moreno,N. Grandi,1999,1
E. F. Moreno,S. Reuillon,2002,1
E. Farhi,H. Weigel,1999,5
E. Farhi,N. Graham,1999,5
E. Farhi,R. L. Jaffe,1999,5
E. Farhi,V. Khemani,2003,1
E. Filotas,F. Quevedo,2002,1
E. Filotas,M. Klein,2002,1
E. Floratos,G. K. Bathas,1995,1
E. Floratos,G. K. Savvidy,1995,1
E. Floratos,I. Bakas,1998,1
E. Floratos,K. G. Savvidy,1995,1
E. Fradkin,F. A. Schaposnik,1994,1
E. Frenkel,V. Kac,1994,1
E. Frenkel,W. Wang,1994,1
E. G. B. Hohler,K. Olaussen,1994,2
E. G. Floratos,G. G. Athanasiu,1995,1
E. G. Floratos,G. K. Leontaris,1997,6
E. G. Floratos,L. Perivolaropoulos,2000,3
E. G. Floratos,M. Axenides,2000,3
E. G. Floratos,R. Tzani,1997,1
E. G. Floratos,S. Nicolis,1995,3
E. G. Gimon,P. Berglund,1998,1
E. G. Kalnins,Jr,1993,2
E. G. Kalnins,V. B. Kuznetsov,1993,2
E. G. Kalnins,Willard Miller,1993,2
E. G. Novak,R. Brustein,2002,2
E. G. Novak,S. P. De Alwis,2002,2
E. G. Timoshenko,N. A. Sveshnikov,1998,1
E. G. Vorontsova,G. S. Sharov,1999,2
E. Gava,G. Thompson,1998,1
E. Gava,H. Nastase,2002,1
E. Gava,I. Antoniadis,1992,10
E. Gava,J. F. Morales,1998,5
E. Gava,J. Maldacena,2002,1
E. Gava,K. S. Narain,1992,20
E. Gava,M. Bianchi,1998,1
E. Gava,M. H. Sarmadi,1996,4
E. Gava,S. Ferrara,1995,2
E. Gava,T. Jayaraman,1996,1
E. Gava,T. R. Taylor,1992,8
E. Gimon,O. Bergman,2001,1
E. Gimon,S. Sugimoto,2001,1
E. Gorbatov,J. Sonnenschein,2001,1
E. Gorbatov,Joaquim Gomis,2000,1
E. Gorbatov,P. Pouliot,2000,2
E. Gorbatov,R. Mcnees,2000,1
E. Gorbatov,S. Paban,2000,2
E. Gorbatov,S. Theisen,2001,1
E. Gorbatov,S. Yankielowicz,2001,1
E. Gorbatov,V. S. Kaplunovsky,2001,1
E. Gorbatov,W. Fischler,2000,2
E. Gozzi,G. Furlan,1999,2
E. Gozzi,M. Regini,1999,1
E. Graziano,G. Vitiello,1996,1
E. Graziano,M. Blasone,1996,1
E. Graziano,O. K. Pashaev,1996,1
E. Guadagnini,L. Pilo,1996,1
E. Guadagnini,M. Ghilardi,2000,1
E. Guadagnini,R. Benedetti,1998,1
E. Guitter,F. David,1992,2
E. Guitter,O. Golinelli,1995,3
E. Guitter,P. Di Francesco,1995,5
E. H Saidi,M. Rachidi,1997,1
E. H. Saidi,E. L. Sahraoui,2000,1
E. H. Saidi,E. M. Sahraoui,2001,2
E. H. Saidi,H. B. Geyer,2003,1
E. H. Saidi,I. Benkaddour,2000,2
E. H. Saidi,J. Zerouaoui,2001,2
E. H. Saidi,M. Chabab,2000,2
E. H. Saidi,M. Hssaini,2000,1
E. H. Saidi,M. Rachidi,2001,2
E. H. Saidi,N. El Biaze,2001,1
E. H. Saidi,R. A. Roemer,2003,1
E. H. Saidi,R. Markazi,2000,2
E. H. Zakkari,M. El Baz,2003,1
E. H. Zakkari,M. Mansour,2003,1
E. H. Zakkari,Y. Hassouni,2003,1
E. Halyo,L. Susskind,1996,3
E. Halyo,W. Fischler,1997,1
E. Harikumar,H. S. Sharatchandra,2002,3
E. Harikumar,Indrajit Mitra,2002,3
E. Harikumar,M. Sivakumar,1996,7
E. Harikumar,Prasanta K. Tripathy,2001,1
E. Harikumar,R. P. Malik,2000,1
E. Harikumar,T. R. Govindarajan,2002,1
E. Horozov,M. Yakimov,1995,1
E. Hsu,I. Klebanov,1993,1
E. I. Buchbinder,I. L. Buchbinder,1997,4
E. I. Buchbinder,S. M. Kuzenko,1997,4
E. I. Guendelman,E. Nissimov,1995,1
E. I. Guendelman,E. Spallucci,2002,1
E. I. Guendelman,S. Ansoldi,2002,1
E. I. Guendelman,S. Pacheva,1995,1
E. I. Guendelman,V. A. Nechitailo,1995,1
E. I. Guendelman,V. Nechitailo,1993,1
E. Imeroni,E. Lozano-Tellechea,2001,1
E. Imeroni,H. Enger,2001,1
E. Imeroni,J. De Boer,2002,1
E. Imeroni,M. Bertolini,2002,1
E. Imeroni,N. A. Obers,2002,1
E. Imeroni,P. Di Vecchia,2001,1
E. Imeroni,T. Harmark,2002,1
E. Itou,K. Higashijima,2003,2
E. Ivanov,E. Sokatchev,1992,5
E. Ivanov,F. Delduc,1992,8
E. Ivanov,F. Toppan,1993,3
E. Ivanov,I. Bandos,1998,1
E. Ivanov,J. Niederle,2002,1
E. Ivanov,L. Gallot,1996,1
E. Ivanov,N. Dragon,1998,1
E. Ivanov,O. Lechtenfeld,2000,3
E. Ivanov,O. Ogievetsky,1992,1
E. Ivanov,R. P. Malik,1992,2
E. Ivanov,S. Bellucci,1992,15
E. Ivanov,S. Eremin,1999,1
E. Ivanov,S. Krivonos,1992,31
E. Ivanov,S. Kuzenko,1998,1
E. Ivanov,S. Ulanov,1998,1
E. Ivanov,U. Theis,1998,1
E. Ivanov,V. Gribanov,1997,1
E. J. Beggs,P. R. Johnson,1996,4
E. J. Copeland,H. J. De Vega,1996,1
E. J. Copeland,J. A. Gray,2000,2
E. J. Copeland,James E. Lidsey,1997,5
E. J. Copeland,P. M. Saffin,1997,3
E. J. Copeland,R. Durrer,2003,1
E. J. Copeland,R. Madden,1999,1
E. J. Copeland,Richard Easther,1997,1
E. J. Copeland,T. Barreiro,1998,1
E. J. Ferrer,V. De La Incera,1995,4
E. J. Martinec,J. A. Harvey,2000,1
E. J. Martinec,N. P. Warner,1995,1
E. J. Moniz,F. Lenz,1994,1
E. J. Moniz,M. Thies,1994,1
E. J. Weniger,S. R. Valluri,2000,1
E. J. Weniger,U. D. Jentschura,2000,1
E. K. Sklyanin,P. P. Kulish,1992,1
E. Kanzieper,G. Akemann,2000,1
E. Katz,L. Randall,2000,1
E. Katz,S. B. Giddings,2000,1
E. Kellegher,J. Burzlaff,2000,1
E. Keski-Vakkuri,G. Lifschytz,1994,1
E. Keski-Vakkuri,M. E. Ortiz,1994,1
E. Keski-Vakkuri,S. D. Mathur,1994,1
E. Kiritsis,G. Kofinas,2002,1
E. Kiritsis,I. Antoniadis,2001,3
E. Kiritsis,I. Bakas,1992,1
E. Kiritsis,J. Rizos,1996,7
E. Kiritsis,K. Clubok,1995,1
E. Kiritsis,M. B. Halpern,1995,1
E. Kiritsis,M. Petropoulos,1996,2
E. Kiritsis,N. A. Obers,1997,4
E. Kiritsis,N. Obers,1994,2
E. Kiritsis,N. Tetradis,2001,3
E. Kiritsis,P. M. Petropoulos,1996,4
E. Kiritsis,P. Vanhove,1997,1
E. Kiritsis,T. N. Tomaras,2002,3
E. Kiritsis,T. R. Taylor,1999,1
E. Kiritsis,T. Tomaras,2001,2
E. Kiritsis,V. Zarikas,2002,1
E. Kohlprath,R. A. Bertlmann,2000,3
E. Kraus,H. Grosse,2001,2
E. Kraus,J. M. Grimstrup,2001,2
E. Kraus,K. Sibold,2002,1
E. Kraus,L. Popp,2001,2
E. Kraus,M. Schweda,2001,2
E. Kraus,R. Flume,1999,1
E. Kraus,R. Wulkenhaar,2001,2
E. L. Da Gracca,H. L. Carrion,2002,1
E. L. Da Gracca,R. De Lima Rodrigues,2002,2
E. L. Graca,I. V. Vancea,2002,1
E. L. Graca,M. C. B. Abdalla,2002,1
E. L. Gracca,G. S. Dias,2002,1
E. L. Gracca,R. De Lima Rodrigues,2002,1
E. L. Gubankova,F. Wegner,1997,3
E. L. Sahraoui,M. Hssaini,2000,1
E. Langmann,E. Raschhofer,1996,1
E. Langmann,G. Semenoff,1992,1
E. Langmann,G. W. Semenoff,1992,2
E. Langmann,H. Grosse,1996,1
E. Langmann,J. Mickelsson,1995,2
E. Langmann,K. Zarembo,2003,1
E. Langmann,R. J. Szabo,2003,1
E. Langmann,S. Rydh,2001,1
E. Leader,L. Lukaszuk,1999,1
E. Lim-Lombridas,G. Dunne,1994,1
E. Lim-Lombridas,K. Haller,1992,3
E. Lim-Lombridas,L. Chen,1994,1
E. Lima,H. Lu,1999,2
E. Lopez,G. Sierra,1993,1
E. Lopez,K. Landsteiner,1996,4
E. Lopez,R. C. Helling,2002,1
E. Lopez,R. Cuerno,1993,1
E. Lopez,R. Hernandez,1995,4
E. Lopez,Z. Guralnik,2002,1
E. Lozano-Tellechea,H. Enger,2001,1
E. Lozano-Tellechea,N. Alonso-Alberca,2002,2
E. Lozano-Tellechea,P. Di Vecchia,2001,1
E. Lozano-Tellechea,T. Ortin,2002,2
E. Lyman,P. C. Argyres,1992,1
E. Lyman,S.-H. H. Tye,1992,1
E. M. C. Abreu,G. Oliveira-Neto,2000,1
E. M. C. Abreu,J. A. Helayel-Neto,2001,1
E. M. C. Abreu,J. Ananias Neto,2000,1
E. M. C. Abreu,M. Hott,2001,1
E. M. C. Abreu,Marcelo Hott,2002,1
E. M. C. Abreu,W. A. Moura-Melo,2001,1
E. M. C. Abreu,W. Oliveira,2000,1
E. M. C. De Abreu,R. Banerjee,1997,1
E. M. Cioroianu,I. Negru,2002,2
E. M. Cioroianu,M. T. Miauta,2002,1
E. M. Cioroianu,S. C. Sararu,2003,2
E. M. Cioroianu,S. O. Saliu,1999,10
E. M. F. Curado,H. N. Nazareno,2000,1
E. M. F. Curado,M. A. Rego-Monteiro,2000,4
E. M. F. Curado,V. B. Bezerra,2002,1
E. M. Monte,M. D. Maia,1998,3
E. M. Santangelo,H. Falomir,1994,5
E. M. Santangelo,J. E. Solomin,1996,1
E. M. Santangelo,K. Kirsten,1999,1
E. M. Santangelo,M. A. Muschietti,1996,1
E. M. Santangelo,M. Bordag,2001,2
E. M. Santangelo,M. De Francia,1994,4
E. M. Santangelo,M. Loewe,1994,1
E. M. Santangelo,R. E. Gamboa Saravi,1996,2
E. M. Terentjev,M. V. Terentiev,1995,1
E. M. Terentjev,N. A. Saulina,1995,1
E. Marinari,E. Martinec,1993,3
E. Marinari,F. Ritort,1994,1
E. Marinari,G. Harris,1993,3
E. Marinari,G. Parisi,1994,1
E. Marinari,M. Picco,1993,3
E. Marinari,P. Windey,1993,3
E. Marinari,V. Dotsenko,1993,1
E. Marinari,V. S. Dotsenko,1994,1
E. Marinari,Vl. S Dotsenko,1995,1
E. Marino,H. Fort,1998,1
E. Martinec,G. Harris,1993,3
E. Martinec,M. Li,1997,1
E. Martinec,M. Picco,1993,3
E. Martinec,N. Warner,1995,1
E. Martinec,P. Windey,1993,3
E. Martinec,V. Dotsenko,1993,1
E. Martinec,V. S. Dotsenko,1994,1
E. Martinec,V. Sahakian,1998,2
E. Martinec,Vl. S Dotsenko,1995,1
E. Megias,E. Ruiz Arriola,2002,1
E. Megias,L. L. Salcedo,2002,1
E. Melzer,R. Kedem,1992,4
E. Melzer,S. Dasmahapatra,1993,2
E. Melzer,T. R. Klassen,1992,3
E. Mendel,M. Nest,1998,1
E. Montaldi,G. M. Cicuta,1994,1
E. Montaldi,L. Molinari,1994,1
E. Montaldi,S. Stramaglia,1994,1
E. Moreno,F. A. Schaposnik,1996,3
E. Moreno,J. C. Le Guillou,1996,2
E. Moreno,J. I. Latorre,1994,1
E. Moreno,Jose Ignacio Latorre,1994,1
E. Moreno,P. E. Haagensen,1994,1
E. Moreno,P. Orland,1998,1
E. Moreno,Peter E. Haagensen,1994,1
E. Moreno,R. D. Ball,1994,1
E. Moreno,Yuri Kubyshin,1994,1
E. Mottola,I. Antoniadis,1992,3
E. Mottola,P. O. Mazur,1992,3
E. N. T^Imneanu,S. O. Saliu,1999,1
E. Nissimov,H. Aratyn,1992,8
E. Nissimov,I. Vaysburd,1992,2
E. Nissimov,S. Pacheva,1992,10
E. Novak,S. Chaudhuri,1999,1
E. Novak,Y. Chen,1999,1
E. Olivieri,Emilio N. M. Cirillo,1996,1
E. Onofri,F. Di Renzo,1995,1
E. Onofri,G. Marchesini,1995,1
E. Onofri,L. Belardinelli,1995,1
E. Onofri,P. Maraner,1992,1
E. Onofri,V. A. Fateev,2002,2
E. Osnes,J. I. Kapusta,2002,1
E. Osnes,L. P. Csernai,2002,1
E. P. Gueuvoghlanian,G. M. Sotkov,2000,7
E. P. Gueuvoghlanian,I. Cabrera-Carnero,2001,1
E. P. Gueuvoghlanian,J. F. Gomes,2000,7
E. Papantonopoulos,G. A. Diamandis,1994,5
E. Papantonopoulos,G. Kofinas,2001,3
E. Papantonopoulos,I. Pappa,2000,4
E. Papantonopoulos,N. E. Mavromatos,1999,3
E. Papantonopoulos,V. Zamarias,2002,2
E. Papantonopoulos,X. N. Maintas,1995,1
E. Passos,J. R. Nascimento,2003,1
E. Passos,R. F. Ribeiro,2003,1
E. Passos,T. Mariz,2003,1
E. Perez,J. M. F. Labastida,1996,1
E. Perez,M. Alvarez,1996,1
E. Poppitz,J. Erlich,2001,1
E. Poppitz,J. Lykken,1997,1
E. Poppitz,S. P. Trivedi,1996,2
E. Poppitz,V. V. Khoze,2001,1
E. Poppitz,Y. Shadmi,1996,2
E. Poppitz,Y. Shirman,2001,2
E. Quattrini,F. Ravanini,1993,3
E. Quattrini,G. Feverati,1995,1
E. Quattrini,R. Tateo,1993,1
E. R. Bezerra De Mello,F. C. Carvalho,2000,1
E. R. Bezerra De Mello,F. Carvalho,2001,1
E. R. Bezerra De Mello,I. A. Pedrosa,1997,1
E. R. Bezerra De Mello,J. Spinelly,2002,2
E. R. Bezerra De Mello,N. R. Khusnutdinov,2000,1
E. R. Bezerra De Mello,U. De Freitas,2002,1
E. R. Bezerra De Mello,V. B. Bezerra,2000,1
E. R. De Oliveira,J. Ananias Neto,2001,1
E. R. De Oliveira,W. Oliveira,2001,1
E. R. Mucciolo,L. E. Oxman,2000,1
E. R. Takano Natti,P. L. Natti,1998,1
E. Rabinovici,F. Englert,1998,1
E. Rabinovici,G. Veneziano,1994,1
E. Rabinovici,H. Nicolai,1992,1
E. Rabinovici,I. I. Kogan,1998,3
E. Rabinovici,J. L. F. Barbon,1998,9
E. Rabinovici,K. Intriligator,1996,1
E. Rabinovici,L. Baulieu,1993,1
E. Rabinovici,M. Porrati,1994,1
E. Rabinovici,M. T. Grisaru,1992,1
E. Rabinovici,N. A. Obers,1997,1
E. Rabinovici,S. A. Abel,1999,2
E. Rabinovici,S. Elitzur,1994,9
E. Ragoucy,F. Barbarin,1994,4
E. Ragoucy,F. Delduc,1993,3
E. Ragoucy,F. Toppan,1993,1
E. Ragoucy,J. O. Madsen,1994,3
E. Ragoucy,L. Frappat,1992,5
E. Ragoucy,M. Mintchev,1998,5
E. Ragoucy,P. Sorba,1992,17
E. Ragoucy,P. Zaugg,1998,1
E. Ragoucy,Ph Zaugg,1999,1
E. Ragoucy,Ph. Zaugg,1998,1
E. Ragoucy,R. Coquereaux,1993,1
E. Raineri,Shahn Majid,2000,1
E. Ramos,J. M. Figueroa-Ofarrill,1992,4
E. Ramos,J. Mas,1992,2
E. Ramos,J. Roca,1994,5
E. Ramos,O. A. Soloviev,1993,1
E. Ramos,S. Stanciu,1992,1
E. Raschhofer,H. Grosse,1996,1
E. Recami,G. Salesi,1998,1
E. Recami,H. Hernandez F.,1998,1
E. Recami,L. C. Kretly,1998,1
E. Remiddi,H. Czyz,1998,2
E. Remiddi,M. Caffo,1998,2
E. Remiddi,S. Laporta,1998,2
E. Rojas,S. Kurkcuoglu,2002,1
E. Ruiz Arriola,L. L. Salcedo,1994,4
E. S. Fradkin,I. L. Buchbinder,1993,1
E. S. Fradkin,M. Ya. Palchik,1997,1
E. S. Fradkin,S. L. Lyakhovich,1993,1
E. S. Fradkin,V. D. Pershin,1993,1
E. S. Fradkin,V. Ya Linetsky,1992,1
E. S. Fradkin,V. Ya. Linetsky,1992,1
E. S. Moreira,Jnr,1997,1
E. S. Moreira,Jnr.,1995,1
E. S. Moreira Jr,G. E. A. Matsas,1998,1
E. S. Moreira Jr,I. Brevik,1998,1
E. S. Moreira Jr,V. A. De Lorenci,2003,1
E. S. Moreira Jr.,V. A. De Lorenci,2003,1
E. S. Tututi,P. Jizba,1998,3
E. Schreiber,J. Sonnenschein,1998,4
E. Schreiber,N. Weiss,1999,1
E. Schreiber,S. Yankielowicz,2000,1
E. Schreiber,Y. Kinar,1998,4
E. Seiler,F. Niedermayer,2000,1
E. Seiler,J. Balog,2000,1
E. Seiler,M. Niedermaier,2000,1
E. Seiler,P. Weisz,2000,1
E. Sezgin,E. Sokatchev,1996,1
E. Sezgin,H. Lu,1994,8
E. Sezgin,I. Rudychev,1997,4
E. Sezgin,J. A. Dixon,1992,1
E. Sezgin,J. Engquist,2002,2
E. Sezgin,K. S. Stelle,1992,5
E. Sezgin,K. W. Xu,1994,2
E. Sezgin,M. J. Duff,1992,2
E. Sezgin,N. S. Deger,1999,2
E. Sezgin,O. Raetzel,1998,2
E. Sezgin,P. C. West,1997,4
E. Sezgin,P. K. Townsend,1992,1
E. Sezgin,P. S. Howe,1996,11
E. Sezgin,P. Sundell,1997,16
E. Sezgin,R. Percacci,1992,4
E. Sezgin,S. Deger,1998,1
E. Sezgin,X. J. Wang,1992,3
E. Sezgin,Y. Tanii,1994,2
E. Sezgin,Z. Khviengia,1992,6
E. Sharpe,S. Katz,2002,2
E. Sharpe,T. Pantev,2002,1
E. Silverstein,G. Horowitz,2002,1
E. Silverstein,G. Moore,1999,1
E. Silverstein,J. A. Harvey,1999,1
E. Silverstein,J. Polchinski,2001,1
E. Silverstein,M. Berkooz,1997,1
E. Silverstein,M. Fabinger,2002,1
E. Silverstein,N. Kaloper,2001,2
E. Silverstein,N. Seiberg,1996,2
E. Silverstein,O. Aharony,1997,2
E. Silverstein,S. Dimopoulos,2001,2
E. Silverstein,S. Kachru,1995,8
E. Sokatchev,F. A. Dolan,2002,1
E. Sokatchev,F. Delduc,1992,3
E. Sokatchev,G. Arutyunov,2001,7
E. Sokatchev,H. Osborn,2002,1
E. Sokatchev,L. Andrianopoli,1999,1
E. Sokatchev,N. Dragon,1998,1
E. Sokatchev,P. C. West,1998,7
E. Sokatchev,P. Howe,1992,1
E. Sokatchev,P. S. Howe,1998,7
E. Sokatchev,S. Ferrara,1999,3
E. Sokatchev,S. Kuzenko,1998,1
E. Sokatchev,S. Penati,2002,1
E. Sokatchev,U. Theis,1998,1
E. Sorace,Enrico Celeghini,1993,1
E. Sorace,F. Bonechi,1992,6
E. Sorace,M. Tarlini,1992,6
E. Sorace,N. Ciccoli,1994,1
E. Sorace,R. Giachetti,1992,6
E. Spallucci,I. Vanzetta,1994,1
E. Spallucci,L. Marinatto,2000,1
E. Spallucci,S. Ansoldi,1995,13
E. T. Akhmedov,G. W. Semenoff,2001,1
E. T. Akhmedov,M. A. Zubkov,1995,1
E. T. Akhmedov,M. I. Polikarpov,1995,2
E. T. Akhmedov,M. Laidlaw,2001,1
E. T. Akhmedov,M. N. Chernodub,1995,2
E. T. Tomboulis,Per Kraus,2002,1
E. T. Tomboulis,Tamas G. Kovacs,1995,1
E. T. Tomboulis,Zsolt Schram,1995,1
E. Thiran,P. Ruelle,1998,1
E. Toprak,O. T. Turgut,2002,2
E. Tricarico,M. Bonini,2000,2
E. Trincherini,P. Creminelli,2002,1
E. Trincherini,R. Contino,2002,1
E. V. Damaskinsky,M. A. Sokolov,1994,1
E. V. Gorbar,G. V. Shchepanyuk,1997,1
E. V. Gorbar,S. V. Mashkevich,1993,1
E. V. Gorbar,V. A. Kushnir,1997,1
E. V. Orlov,S. S. Kashtanov,1998,2
E. V. Orlov,V. A. Ulkov,1998,2
E. V. Prokhvatilov,S. A. Paston,1998,7
E. V. Prokhvatilov,V. A. Franke,1997,8
E. V. Prokhvatilov,Yu. V. Novozhilov,1999,1
E. V. Shuryak,J. J. M. Verbaarschot,1992,1
E. Verdaguer,J. Cespedes,1993,1
E. Verlinde,G. Moore,1996,1
E. Verlinde,H. Verlinde,1994,10
E. Verlinde,J. De Boer,1999,1
E. Verlinde,K. Schoutens,1994,1
E. Verlinde,M. Vonk,2002,2
E. Verlinde,R. Dijkgraaf,1996,8
E. Vianello,G. Nardelli,1997,1
E. Vicari,H. Panagopoulos,2002,1
E. Vicari,K. Orginos,1995,1
E. Vicari,L. Del Debbio,2002,1
E. Vicari,M. Campostrini,1995,2
E. Vicari,M. Caselle,2000,2
E. Vicari,M. Hasenbusch,2000,1
E. Vicari,P. Calabrese,2000,1
E. Vicari,P. Rossi,1995,2
E. Vicari,R. C. Brower,1995,1
E. Vinteler,F. Nesti,1995,1
E. Vinteler,L. Bonora,1995,2
E. Vlachos,G. Brodimas,1998,1
E. Vlachos,K. M. Aringazin,1998,1
E. Vlachos,S. Baskoutas,1998,1
E. W. Mielke,F. Gronwald,1993,1
E. W. Mielke,F. W. Hehl,1993,1
E. W. Mielke,R. Tresguerres,1993,1
E. W. Mielke,Y. N. Obukhov,1993,1
E. Werner,P. Grange,1994,3
E. Werner,S. Salmons,1999,2
E. Werner,T. Heinzl,1993,2
E. Winstanley,J. Rizos,1995,2
E. Winstanley,John Ellis,1997,1
E. Winstanley,K. Tamvakis,1995,2
E. Winstanley,N. E. Mavromatos,1995,4
E. Winstanley,P. Kanti,1995,3
E. Witten,L. Rozansky,1996,1
E. Witten,M. R. Plesser,1995,1
E. Witten,N. Berkovits,1999,1
E. Witten,N. Seiberg,1994,4
E. Witten,P. C. Argyres,1995,1
E. Witten,R. Donagi,1996,1
E. Witten,S. Gukov,1999,1
E. Witten,S. Sethi,1996,1
E. Woolgar,G. Galloway,1999,1
E. Woolgar,G. J. Galloway,2001,2
E. Woolgar,K. Schleich,1999,1
E. Woolgar,S. Surya,2001,2
E. Yoruk,R. Guven,1996,1
E. Zaslow,M. Stern,1995,1
E. Zaslow,S. Sethi,1995,1
E. Zaslow,S.-T. Yau,1999,1
E. Zaslow,T.-M. Chiang,1999,1
Eanna E. Flanagan,Ira Wasserman,2001,1
Eanna E. Flanagan,Robert M. Wald,1999,1
Eanna E. Flanagan,S.-H. Henry Tye,2001,1
Eanna Flanagan,Horace Stoica,2000,1
Eanna Flanagan,Ira Wasserman,2000,2
Eanna Flanagan,Nicholas Jones,2000,2
Eanna Flanagan,Richard J. Hill,2001,1
Eanna Flanagan,S.-H. Henry Tye,2000,2
Eckehard W. Mielke,Tonatiuh Matos,1996,1
Eckhard Meinrenken,Martin Bordemann,1993,1
Eckhard Meinrenken,Martin Schlichenmaier,1993,1
Eckhard Rebhan,Thorsten Battefeld,2003,1
Ed Copeland,James Gray,2002,1
Edgardo T. Garcia Alvarez,Fabian H. Gaioli,1998,6
Edgardo T. Garcia Alvarez,Juan P. Aparicio,1998,1
Edi Gava,Jose F. Morales,2002,1
Edi Gava,Justin R. David,2003,1
Edi Gava,K. S. Narain,1999,3
Edi Gava,Kumar S. Narain,2002,1
Edi Gava,Matthias Blau,1999,1
Edmund J. Copeland,James Gray,2001,2
Edmund J. Copeland,Mar Bastero-Gil,2002,1
Edmund J. Copeland,Mark Hindmarsh,2002,1
Edmund J. Copeland,Michael Plumacher,2002,1
Edmund J. Copeland,Nuno D. Antunes,2002,1
Edmundo M. Monte,M. D. Maia,2001,1
Edouard Brezin,Jean Zinn-Justin,1992,1
Edouard Brezin,Shinobu Hikami,1992,1
Edson Stedile,Rogerio Duarte,1996,1
Eduard Masso,Francesc Rota,2001,1
Eduardo Eyras,Eric Bergshoeff,1998,1
Eduardo Eyras,Sudhakar Panda,2000,1
Eduardo Eyras,Yolanda Lozano,1998,6
Eduardo Fradkin,Enrique Moreno,1992,1
Eduardo Fradkin,Fidel A. Schaposnik,1992,2
Eduardo Fradkin,Fidel A. Schaposnik .,1995,1
Eduardo Fradkin,Gerardo L. Rossini,1995,1
Eduardo Fradkin,Ninoslav Bralic,1995,1
Eduardo Fradkin,Virginia Manias,1995,1
Eduardo Guendelman,Emil Nissimov,2002,3
Eduardo Guendelman,Svetlana Pacheva,2002,3
Eduardo I. Guendelman,Emil Nissimov,1999,1
Eduardo I. Guendelman,Euro Spallucci,2002,1
Eduardo I. Guendelman,Stefano Ansoldi,2002,1
Eduardo I. Guendelman,Svetlana Pacheva,1999,1
Eduardo J. S. Villase~Nor,F. J. De Urries,2001,1
Eduardo J. S. Villase~Nor,J. Fernando Barbero G,2002,1
Eduardo J. S. Villase~Nor,J. Fernando Barbero G.,2000,2
Eduardo J. S. Villase~Nor,J. Julve,2001,1
Eduardo Lima,Jaemo Park,2001,2
Eduardo Lima,Rene Reinbacher,2001,1
Eduardo Ponton,Erich Poppitz,2000,1
Eduardo Ponton,Jiunn-Wei Chen,2000,1
Eduardo Ponton,Markus A. Luty,1998,2
Eduardo Ponton,Z. Chacko,1998,1
Eduardo Ramos,Fernando Martinez Moras,1993,1
Eduardo Ramos,Fernando Martinez-Moras,1992,1
Eduardo Ramos,Javier Mas,1993,1
Eduardo Ramos,Jose M. Figueroa-Ofarrill,1992,1
Eduardo Ramos,Sonia Stanciu,1994,1
Eduardo S. Tututi,Juan Carlos Dolivo,2002,1
Eduardo S. Tututi,Manuel Torres,2002,1
Eduardo Tututi,Juan Carlos Dolivo,1996,1
Eduardo Tututi,Manuel Torres,1996,1
Edward Boyda,Petr Horava,2002,1
Edward Boyda,Surya Ganguli,2002,1
Edward Boyda,Uday Varadarajan,2002,1
Edward D. Savage,G E Stedman,1994,1
Edward E. Boos,Igor P. Volobuev,2001,2
Edward E. Boos,Mikhail N. Smolyakov,2001,2
Edward E. Boos,Yuri A. Kubyshin,2001,2
Edward Farhi,Noah Graham,1998,1
Edward Farhi,Peter E. Haagensen,1998,1
Edward Farhi,Robert L. Jaffe,1998,1
Edward Farhi,Sam Gutmann,1993,1
Edward Farhi,Sean M. Carroll,1992,1
Edward Goldstein,Sergey Prokushkin,2002,1
Edward Teo,Malcolm J. Perry,1992,3
Edward Teo,Roberto Emparan,2001,1
Edward Teo,Y. C. Liang,2001,1
Edward Witten,Eva Silverstein,1994,2
Edward Witten,Freddy Cachazo,2002,3
Edward Witten,Gregory Moore,1997,4
Edward Witten,Igor R. Klebanov,1998,5
Edward Witten,John H. Schwarz,1996,2
Edward Witten,John Morgan,1997,1
Edward Witten,Joseph Polchinski,1995,2
Edward Witten,Jr.,2000,1
Edward Witten,Juan Maldacena,1997,1
Edward Witten,Keke Li,1993,1
Edward Witten,L. Susskind,1998,1
Edward Witten,Louise Dolan,1999,2
Edward Witten,M. J. Duff,1996,1
Edward Witten,Micha Berkooz,1996,1
Edward Witten,Michael Atiyah,2001,1
Edward Witten,Michael R. Douglas,2002,1
Edward Witten,Mukund Rangamani,1998,2
Edward Witten,Nathan Seiberg,1996,7
Edward Witten,Ofer Aharony,1998,1
Edward Witten,Peter Ouyang,2002,1
Edward Witten,Petr Horava,1995,2
Edward Witten,R. Minasian,1996,1
Edward Witten,Robert Friedman,1997,1
Edward Witten,Robert G. Leigh,1996,1
Edward Witten,Ron Donagi,1995,1
Edward Witten,S. James Gates,2000,1
Edward Witten,S.-T. Yau,1999,1
Edward Witten,Sergei Gukov,1998,3
Edward Witten,Shamit Kachru,1993,1
Edward Witten,Steven S. Gubser,2000,1
Edward Witten,Tamar Friedmann,2002,1
Edwin J. Beggs,Peter R. Johnson,1995,1
Edwin J. Son,Won Tae Kim,2002,1
Edwin Langmann,Harald Grosse,2000,1
Edwin Langmann,Jouko Mickelsson,1994,3
Edwin Langmann,Manfred Salmhofer,1993,1
Edwin Langmann,Richard J. Szabo,2001,2
Edwin Lim-Lombridas,Gerald Dunne,1995,1
Edwin Lim-Lombridas,Kurt Haller,1994,4
Edwin Lim-Lombridas,Lusheng Chen,1995,1
Edwin Lombridas,Kurt Haller,1992,1
Efrain J. Ferrer,Rene Hurka,1996,1
Efrain J. Ferrer,Vivian De La Incera,1996,5
Efrain Rojas,Jemal Guven,2000,2
Efrain Rojas,Riccardo Capovilla,2000,2
Egor Bugrij,Yurii Sitenko,1998,1
Ehud Fuchs,Jacob Sonnenschein,1999,1
Ehud Fuchs,Michael Kroyter,2002,2
Ehud Schreiber,Jacob Sonnenschein,2002,1
Ehud Schreiber,Ofer Aharony,2002,1
Ei-Byung Park,Won Tae Kim,1995,1
Ei-Byung Park,Yong-Wan Kim,1995,1
Ei-Byung Park,Yongduk Kim,1995,1
Ei-Byung Park,Young-Jai Park,1995,1
Eiji Tanaka,Kei-Ichi Kondo,1994,1
Eiji Tanaka,Takuya Iizuka,1994,1
Eiji Tanaka,Toru Ebihara,1994,1
Einan Gardi,Georges Grunberg,1998,1
Eisaku Ozawa,Kazuhiko Suehiro,1996,1
Eisaku Ozawa,Noboru Kawamoto,1996,1
Eisaku Sakane,Naohito Nakazawa,1994,1
Eizou Umezawa,Hiromi Kase,2002,1
Eizou Umezawa,Katsusada Morita,2002,1
Eizou Umezawa,Shigefumi Naka,1999,1
Eizou Umezawa,Shinji Abe,1999,1
Eizou Umezawa,Tetsu Matsufuji,1999,1
Eizou Umezawa,Yoshitaka Okumura,2002,1
El H. El Kinani,J. Douari,2001,1
El Hassan Saidi,El Mostapha Sahraoui,2000,2
El Hassan Saidi,Hendrik B. Geyer,2002,1
El Hassan Saidi,Mohamed Bennai,2002,1
Elcio Abdalla,Jiong-Ming Zhu,2001,1
Elcio Abdalla,L. Alejandro Correa-Borbonet,2000,4
Elcio Abdalla,M. Reza Rahimi Tabar,1998,1
Elcio Abdalla,R. B. Mann,2001,1
Elcio Abdalla,Roya Mohayaee,1996,1
Elcio Abdalla,Ru-Keng Su,2000,4
Elcio Abdalla,Sze-Shiang Feng,2001,1
Elcio Abdalla,W. G. Qiu,2002,1
Elena Caceres,Gian Luigi Alberghi,2001,1
Elena Caceres,I. Michael Mandelberg,1996,1
Elena Caceres,Kevin Goldstein,2001,1
Elena Caceres,Pirjo Pasanen,1998,1
Elena Caceres,Rafael Hernandez,2000,2
Elena Caceres,Vadim S. Kaplunovsky,1996,1
Elena Gubankova,Gabor Papp,1999,1
Elena L. Gubankova,Franz J. Wegner,1998,1
Elena L. Gubankova,Gabor Papp,1998,1
Elena L. Gubankova,Hans-Christian Pauli,1998,1
Elena Perazzi,Hitoshi Murayama,2001,1
Elena Rivas,Jose Luis Cortes,1995,1
Elena Rivas,Luis Velazquez,1995,1
Eleonora Alfinito,Giuseppe Vitiello,2002,1
Eli Cohen,L. P. Horwitz,1998,1
Eli Hawkins,Fotini Markopoulou,2003,1
Eli Hawkins,Hanno Sahlmann,2003,1
Eli J. Mlawer,Harold A. Riggs,1993,1
Eli J. Mlawer,Howard J. Schnitzer,1993,1
Elias C. Vagenas,Mohammad R. Setare,2003,1
Elias Gravanis,Nick E. Mavromatos,2001,4
Elias Gravanis,Steven Willison,2002,1
Elie Gorbatov,Igor R. Klebanov,2003,1
Elie Gorbatov,Michael Dine,2003,2
Elie Gorbatov,Michael Krasnitz,2003,1
Elie Gorbatov,Patrick J. Fox,2003,1
Elie Gorbatov,Tom Banks,2003,1
Eliezer Rabinovici,Gor Sarkissian,1998,2
Eliezer Rabinovici,Laurent Baulieu,1996,3
Eliezer Rabinovici,Michael B. Green,1996,2
Eliezer Rabinovici,Oskar Pelc,1995,3
Eliezer Rabinovici,Shmuel Elitzur,1998,4
Elisabeth Kraus,Klaus Sibold,1995,5
Elisabeth Kraus,Rainer Haeussling,1996,2
Elisabeth Kraus,Stefan Groot Nibbelink,1998,1
Elizabeth Jurisich,James Lepowsky,1994,1
Elizabeth Jurisich,R. L. Wilson,1994,1
Elizabeth Winstanley,John Ellis,1999,1
Elizabeth Winstanley,N. E. Mavromatos,1995,2
Elizabeth Winstanley,Nick E. Mavromatos,1999,2
Elliott Lieb,Eric Carlen,1992,1
Elsebeth Schroder,Ola Tornkvist,1997,1
Elso Drigo Filho,Regina Maria Ricotta,1995,9
Emanuel Katz,Lisa Randall,2001,1
Emanuel Katz,Martin Gremm,1999,1
Emanuel Katz,Neal Weiner,2002,1
Emanuel Katz,Oliver Dewolfe,1999,1
Emanuel Katz,Steven B. Giddings,2000,1
Emanuel R. De Oliveira,Jorge Ananias Neto,1999,1
Emanuel R. De Oliveira,Wilson Oliveira,1999,1
Emanuele Berti,Kostas D. Kokkotas,2003,1
Emanuele Sorace,Marco Tarlini,1992,1
Emery Sokatchev,Gleb Arutyunov,2002,1
Emery Sokatchev,Sergio Ferrara,2000,7
Emil J. Martinec,Finn Larsen,2000,1
Emil J. Martinec,Gary T. Horowitz,1997,1
Emil J. Martinec,Gregory Moore,2001,3
Emil J. Martinec,Jeffrey A. Harvey,2000,2
Emil J. Martinec,Per Kraus,2000,1
Emil J. Martinec,Will Mcelgin,2002,1
Emil M. Prodanov,Siddhartha Sen,1998,3
Emil Martinec,Finn Larsen,1999,2
Emil Martinec,Gary T. Horowitz,1998,1
Emil Martinec,Martin Oloughlin,1996,1
Emil Martinec,Miao Li,1997,4
Emil Martinec,Michael R. Douglas,1998,1
Emil Martinec,Tom Banks,1998,1
Emil Martinec,Vatche Sahakian,1998,2
Emil Martinec,Will Mcelgin,2001,1
Emil Mottola,Ignatios Antoniadis,1995,3
Emil Mottola,Pawel O. Mazur,1995,4
Emil Nissimov,Svetlana Pacheva,1992,7
Emil T. Akhmedov,Gordon W. Semenoff,2000,2
Emil T. Akhmedov,Philip Deboer,2000,2
Emil T. Akhmedov,Samson L. Shatashvili,2001,1
Emili Bagan,Martin Lavelle,1995,9
Emili Bagan,Robin Horan,1998,4
Emili Bagan,Shogo Tanimura,2001,1
Emilian Dudas,Keith R. Dienes,2002,1
Emilian Dudas,Stefan Pokorski,2003,1
Emilian Dudas,Tony Gherghetta,2002,1
Emiliano Sefusatti,Gia Dvali,2001,1
Emiliano Sefusatti,Gregory Gabadadze,2001,1
Emiliano Sefusatti,Xin-Rui Hou,2001,1
Emilio Elizalde,Guido Cognola,1998,4
Emilio Elizalde,Klaus Kirsten,1994,2
Emilio Elizalde,Luciano Vanzo,1997,3
Emilio Elizalde,Sachiko Ogushi,2002,1
Emilio Elizalde,Sergei D. Odintsov,1994,4
Emilio Elizalde,Sergei Odintsov,1994,1
Emilio Elizalde,Sergio Zerbini,1997,6
Emilio Elizalde,Shinichi Nojiri,2002,1
Emilio N. M. Cirillo,Enzo Olivieri,1995,1
Emilio N. M. Cirillo,Giuseppe Gonnella,1995,2
Emmanuel Floratos,Minos Axenides,2002,1
Emmanuel T. Rodulfo,Joseph Ambrose G. Pagaran,2002,1
Emparan,M. A,1993,1
Emparan,R.,1993,1
Emparan,Valle Basagoiti,1993,1
Emre Sermutlu,Metin Gurses,1995,1
Emre Sermutlu.,Metin Gurses,1995,1
Enke Wang,Ulrich Heinz,1998,2
Enke Wang,Ulrich W. Heinz,2002,1
Enrico Calloni,Giampiero Esposito,2003,1
Enrico Calloni,Giuseppe Bimonte,2003,1
Enrico Calloni,Leopoldo Milano,2003,1
Enrico Calloni,Luciano Di Fiore,2003,1
Enrico Calloni,Luigi Rosa,2003,1
Enrico Celeghini,F. Bonechi,1993,1
Enrico Celeghini,F. J. Herranz,1994,1
Enrico Celeghini,M. A. Del Olmo,1994,1
Enrico Celeghini,M. Santander,1994,1
Enrico Celeghini,M. Tarlini,1993,2
Enrico Celeghini,R. Giachetti,1993,1
Enrico Trincherini,Roberto Casero,2003,1
Enrique Alvarez,J. M.. Gracia-Bondia,1995,1
Enrique Alvarez,Jorge Conde,2002,3
Enrique Alvarez,Juan Jose Manjarin,2000,2
Enrique Alvarez,Lorenzo Hernandez,2000,5
Enrique Alvarez,Luis Alvarez-Gaume,1994,1
Enrique Alvarez,Manuel Donaire,2000,1
Enrique Alvarez,Patrick Meessen,1997,1
Enrique Alvarez,Pedro Resco,2001,1
Enrique Alvarez,Tomas Ortin,1997,1
Enrique Alvarez,Yolanda Lozano,1994,1
Enrique Alvarez,Yuri Kubyshin,1996,1
Enrique F Moreno,Fidel A Schaposnik,2002,1
Enrique F Moreno,Gustavo S Lozano,2002,1
Enrique F Moreno,Leticia F Cugliandolo,2002,1
Enrique F. Moreno,Gerardo L. Rossini,1998,1
Enrique Moreno,Fidel A. Schaposnik,1992,1
Enrique Moreno,Jordi Comellas,1995,2
Enrique Moreno,Jose I. Latorre,1993,1
Enrique Moreno,Maxime Kudinov,1997,1
Enrique Moreno,Peter E. Haagensen,1993,1
Enrique Moreno,Peter Orland,1997,1
Enrique Moreno,Yuri Kubyshin,1993,3
Enzo Marinari,Geoff Harris,1992,1
Enzo Marinari,Geoffrey Harris,1993,2
Enzo Marinari,Konstantinos Anagnostopoulos,1993,1
Enzo Marinari,Leping Han,1992,2
Enzo Marinari,Marco Falcioni,1993,2
Enzo Marinari,Mark Bowick,1992,3
Enzo Marinari,Paul Coddington,1992,2
Eok Kyun Lee,Hae Myoung Kwon,2002,1
Eok Kyun Lee,In-Gyu Koh,2002,1
Eok Kyun Lee,Jae-Weon Lee,2002,1
Eok Kyun Lee,Yeong Deok Han,2002,1
Erasmo Recami,Giovanni Salesi,1995,6
Erasmo Recami,Ron Folman,1995,1
Ergin Sezgin,Eric Bergshoeff,1999,1
Ergin Sezgin,Hitoshi Nishino,1996,2
Eric Benedict,So-Young Pi,1995,1
Eric Bergshoeff,George Papadopoulos,1998,1
Eric Bergshoeff,Ingeborg Entrop,1994,1
Eric Bergshoeff,Jan Pieter Van Der Schaar,1998,4
Eric Bergshoeff,Joaquim Gomis,1997,1
Eric Bergshoeff,Jos Gheerardyn,2002,1
Eric Bergshoeff,Klaus Behrndt,1996,2
Eric Bergshoeff,Martijn Derix,2001,1
Eric Bergshoeff,Mees De Roo,1996,2
Eric Bergshoeff,Mikkel Nielsen,2003,1
Eric Bergshoeff,Paul K. Townsend,1997,1
Eric Bergshoeff,Rein Halbersma,1999,4
Eric Bergshoeff,Renata Kallosh,1994,4
Eric Bergshoeff,Roman Linares,2003,1
Eric Bergshoeff,Sorin Cucu,2001,2
Eric Bergshoeff,Stefan Vandoren,2002,1
Eric Bergshoeff,Tim De Wit,2001,2
Eric Bergshoeff,Tomas Ortin,1994,5
Eric Bergshoeff,Ulf Gran,2003,1
Eric Bergshoeff,Yolanda Lozano,1998,1
Eric Dhoker,Gerald Dunne,1994,2
Eric Dhoker,I. M. Krichever,1996,4
Eric Dhoker,Kenichiro Aoki,1993,3
Eric Dhoker,Kenichro Aoki,1992,1
Eric Dhoker,Leonardo Rastelli,1999,4
Eric Dhoker,Norisuke Sakai,1996,1
Eric Dhoker,Pierre Sikivie,1994,1
Eric Dhoker,Samir D. Mathur,1999,3
Eric Dhoker,Witold Skiba,1998,1
Eric Dhoker,Youli Kanev,1994,1
Eric Dhoker,Yukihiro Mimura,1996,1
Eric G. Gimon,Jacob Sonnenschein,2002,2
Eric G. Gimon,Joseph Polchinski,1996,1
Eric G. Gimon,Leopoldo A. Pando Zayas,2002,2
Eric G. Gimon,Martin Gremm,1998,1
Eric G. Gimon,Matthew J. Strassler,2002,1
Eric G. Gimon,Oren Bergman,1999,1
Eric G. Gimon,Per Berglund,1999,1
Eric G. Gimon,Petr Horava,1999,1
Eric G. Novak,Shyamoli Chaudhuri,2000,2
Eric Gimon,Jan De Boer,2002,1
Eric Gimon,Jeroen Wijnhout,2002,1
Eric Gimon,Joachim Rahmfeld,2000,1
Eric Gimon,Koenraad Schalm,2002,1
Eric Gimon,Oren Bergman,2001,1
Eric Gimon,Vijay Balasubramanian,2000,2
Eric Nicholson,Li Jiang,2001,1
Eric R. Sharpe,Robert L. Bryant,1998,1
Eric R. Sharpe,Tomas Gomez,2000,1
Eric Raiten,Gerald Gilbert,1992,1
Eric Raiten,Hans Dykstra,1992,1
Eric Raiten,Joe Lykken,1992,1
Eric Sharpe,Esko Keski-Vakkuri,2003,1
Eric Sharpe,Rahul Biswas,2003,1
Eric Sharpe,Robert G. Leigh,2003,1
Eric Sharpe,Sean Nowling,2003,1
Eric Sharpe,Sheldon Katz,2002,1
Eric Woolgar,Sumati Surya,2002,1
Eric Zaslow,Sergei Gukov,2002,1
Eric Zaslow,Shing-Tung Yau,1995,3
Eric Zaslow,Tom Graber,2001,1
Erica E. Leite,Luiz A. Ferreira,1998,1
Erich Poppitz,Joel Giedt,2003,1
Erich Poppitz,Jonathan Bagger,1999,2
Erich Poppitz,Joseph Lykken,1997,2
Erich Poppitz,Lisa Randall,1994,2
Erich Poppitz,Moshe Rozali,2003,1
Erich Poppitz,Sandip P. Trivedi,1996,4
Erich Poppitz,Sandip Trivedi,1995,1
Erich Poppitz,Takeo Moroi,1999,2
Erich Poppitz,Yael Shadmi,1996,1
Erick A. Roura,Pablo J. Marrero,1999,1
Erick J. Weinberg,Hai Ren,1993,1
Erick J. Weinberg,Huidong Guo,2001,1
Erick J. Weinberg,Kimyeong Lee,1994,5
Erick J. Weinberg,Michael S. Turner,1997,1
Erick J. Weinberg,Piljin Yi,1996,4
Erick J. Weinberg,S. Alexander Ridgway,1994,1
Erick J. Weinberg,Xingang Chen,2001,3
Erik Aurell,Per Salomonson,1993,2
Erik Flink,Mans Henningson,2002,1
Erik Flink,Par Arvidsson,2002,1
Erik Taflin.,Jacques C. H. Simon,1995,1
Erik Taflin.,Moshe Flato,1995,1
Erik Verlinde,Gregory Moore,2000,1
Erik Verlinde,Gysbert Zwart,1998,1
Erik Verlinde,Herman Verlinde,1993,4
Erik Verlinde,Ivo Savonije,2001,2
Erik Verlinde,Juan Maldacena,2000,1
Erik Verlinde,Kareljan Schoutens,1993,1
Erik Verlinde,Maulik K. Parikh,2002,1
Erik Verlinde,Mukund Rangamani,2002,2
Erik Verlinde,Robbert Dijkgraaf,2000,1
Erik Verlinde,Sunil Mukhi,2002,1
Erik Verlinde,Veronika E. Hubeny,2002,1
Erik Verlinde,Youngjai Kiem,1995,1
Erik Woehnert,Mikhail S. Volkov,2002,2
Erling G. B. Hohler,Kaa Re Olaussen,1995,1
Ernest Baver,Umut Gursoy,1998,1
Ernesto Fuenmayor,Lorenzo Leal,2001,1
Ernesto Fuenmayor,Ryan Revoredo,2001,1
Ernesto Hernadez,Gino N. J. Ananos,2002,1
Ernesto Hernadez,Horacio E. Camblong,2002,1
Ernesto Lozano-Tellechea,Patrick Meessen,2002,1
Ernesto Lozano-Tellechea,Tomas Ortin,1999,3
Ernst Joachim Weniger,Holger Gies,2001,1
Ernst Joachim Weniger,Sree Ram Valluri,2001,1
Ernst Joachim Weniger,Ulrich D. Jentschura,2001,1
Ernst Werner,Peter Ullrich,1997,1
Ernst Werner,Pierre Grange,1997,2
Ernst Werner,Stephane Salmons,2002,1
Ervig Lapalme,Yvan Saint-Aubin,2000,1
Erwin Sucipto,Kurt Just,2000,1
Erwin Sucipto,Zbigniew Oziewicz,2000,1
Esko Keski-Vakkuri,Jan De Boer,2000,1
Esko Keski-Vakkuri,Kari Enqvist,2000,2
Esko Keski-Vakkuri,Martin Kruczenski,1998,3
Esko Keski-Vakkuri,Per Kraus,1996,7
Esko Keski-Vakkuri,Rahul Biswas,2003,1
Esko Keski-Vakkuri,Robert G. Leigh,2003,1
Esko Keski-Vakkuri,S. F. Hassan,2002,1
Esko Keski-Vakkuri,Samir D. Mathur,1993,1
Esko Keski-Vakkuri,Samuli Hemming,2001,2
Esko Keski-Vakkuri,Sean Nowling,2003,1
Esko Keski-Vakkuri,Simon F. Ross,2000,1
Esko Keski-Vakkuri,Syksy Rasanen,2000,2
Esko Keski-Vakkuri,Ulf H. Danielsson,1998,3
Esko Keski-Vakkuri,Vijay Balasubramanian,2000,2
Esko Keski-Vakkuri,Xiao-Gang Wen,1993,1
Esperanza Lopez,Joaquim Gomis,2000,1
Esperanza Lopez,Karl Landsteiner,1997,7
Esperanza Lopez,Michel H. G. Tytgat,2000,2
Esperanza Lopez,Stefan Theisen,2002,1
Esteban A. Calzetta,Francisco D. Mazzitelli,2001,1
Esther Perez,J. M. F. Labastida,1997,4
Etera R. Livine,Laurent Freidel,2002,1
Etera R. Livine,Lee Smolin,2002,1
Etsuko Itou,Kiyoshi Higashijima,2002,3
Etsuko Itou,Muneto Nitta,2002,1
Ettore Aldrovandi,Gregorio Falqui,1994,1
Ettore Aldrovandi,Leon A. Takhtajan,1996,1
Ettore Vicari,Haralambos Panagopoulos,2001,3
Ettore Vicari,Luigi Del Debbio,2001,3
Ettore Vicari,Martin Hasenbusch,2000,1
Ettore Vicari,Michele Caselle,2000,1
Ettore Vicari,Paolo Rossi,2001,4
Ettore Vicari,Pasquale Calabrese,2002,1
Ettore Vicari,Stefano Profumo,2002,1
Eugen Radu,J. J. Van Der Bij,2000,2
Eugene A. Mirabelli,Michael E. Peskin,1997,1
Eugene Cremmer,Jean-Loup Gervais,1997,1
Eugene Ferapontov,Oleg Mokhov,1995,1
Eugene Perevalov,Govindan Rajesh,1996,5
Eugene Perevalov,Harald Skarke,1997,1
Eugene Perevalov,Philip Candelas,1996,4
Eugene Strahov,Yan V Fyodorov,2002,1
Eugene Tyurin,Rikard Von Unge,1995,1
Eugenio R. Bezerra De Mello,Yves Brihaye,2002,2
Eugenios Angelopoulos,Mourad Laoues,1998,1
Eui-Soon Yim,Jae-Rok Kahng,1996,1
Eui-Soon Yim,Sahng-Kyoon Yoo,1996,1
Eui-Soon Yim,Soo-Young Lee,1996,1
Eun-Joo Ahn,Marco Cavaglia,2002,1
Eunsang Kim,Hoil Kim,1999,2
Eunsang Kim,Hyun Seok Yang,1999,1
Eunsang Kim,Nakwoo Kim,1999,1
Euro Spallucci,Stefano Ansoldi,2002,2
Eva Silverstein,Jason Kumar,1998,2
Eva Silverstein,John Mcgreevy,2002,1
Eva Silverstein,Leonard Susskind,2000,1
Eva Silverstein,Micha Berkooz,1997,3
Eva Silverstein,Michael Dine,1997,1
Eva Silverstein,Michael Schulz,2000,2
Eva Silverstein,Michal Fabinger,2003,1
Eva Silverstein,Nathan Seiberg,1997,1
Eva Silverstein,Nemanja Kaloper,2000,1
Eva Silverstein,Ofer Aharony,1996,4
Eva Silverstein,Shamit Kachru,1995,12
Eva Silverstein,Tom Banks,1997,1
Eva Silverstein,Yun S. Song,1999,1
Evangelos Mavrikis,Timothy J. Hollowood,1996,1
Eve Mariel Santangelo,Horacio Alberto Falomir,1996,1
Eve Mariel Santangelo,Jorge Eduardo Solomin,1996,1
Eve Mariel Santangelo,Maria Amelia Muschietti,1996,1
Eve Mariel Santangelo,Ricardo Enrique Gamboa Saravi,1996,1
Everton M. C. Abreu,Jorge Ananias Neto,1999,1
Everton M. C. Abreu,Marcelo Hott,1999,1
Everton M. C. Abreu,Nelson R. F. Braga,1995,4
Everton M. C. Abreu,Wilson Oliveira,1999,1
Evgeny Buchbinder,Ron Donagi,2002,1
Evgeny I. Buchbinder,Ron Donagi,2002,2
Evgeny Ivanov,Galliano Valent,1998,5
Evgeny Ivanov,Igor Bandos,2002,1
Evgeny Ivanov,Jerzy Lukierski,2002,1
Evgeny Ivanov,Luca Mezincescu,2003,1
Evgeny Ivanov,Paul K. Townsend,2003,1
Evgeny Ivanov,Pierre-Yves Casteill,2001,2
Evgeny Sorkin,Tsvi Piran,2002,1
Evgenyi Ivanov,Sergey Krivonos,1992,1
Evgenyi Ivanov,Stefano Bellucci,1992,1
Evghenii Gaburov,Sergiu I. Vacaru,2001,1
Ewald Roessl,Mikhail Shaposhnikov,2000,2
Ewald Roessl,Tony Gherghetta,2000,1
Ezequiel Alvarez,Francisco D. Mazzitelli,2000,1
Ezer Melzer,Rinat Kedem,1993,1
Ezer Melzer,Timothy R. Klassen,1992,2
Ezra Getzler,Tohru Eguchi,2000,1
F Dolan,H Osborn,2000,1
F G Scholtz,G B Tupper,1995,1
F G Scholtz,H B Geyer,1997,2
F G Scholtz,S V Shabanov,1997,1
F. A. B. Rabelo De Carvalho,G. O. Pires,1993,1
F. A. B. Rabelo De Carvalho,O. M. Del Cima,1994,1
F. A. Bais,J. De Boer,1992,1
F. A. Bais,J. Goeree,1992,1
F. A. Bais,J. K. Slingerland,2002,2
F. A. Bais,J. Striet,2000,5
F. A. Bais,M. De Wild Propitius,1993,1
F. A. Bais,N. M. Muller,1998,2
F. A. Bais,P. Van Driel,1992,1
F. A. Bais,T. Tjin,1992,1
F. A. Barone,R. M. Cavalcanti,2003,1
F. A. Berends,W. T. Giele,1997,1
F. A. Brito,H. Boschi-Filho,1998,1
F. A. Brito,R. F. Ribeiro,2002,1
F. A. Brito,W. Freire,2002,1
F. A. Dilkes,H. Sati,2001,1
F. A. Dilkes,James T. Liu,2001,1
F. A. Dilkes,K. Nguyen,1997,1
F. A. Dilkes,L. C. Martin,1996,1
F. A. Dilkes,M. J. Duff,2001,1
F. A. Dilkes,T. N. Sherry,1996,1
F. A. Dolan,G. Arutyunov,2002,1
F. A. Dolan,H. Osborn,2000,4
F. A. R. Navarro,Rudnei O. Ramos,2000,1
F. A. Schaposnik,F. G. Scholtz,1994,1
F. A. Schaposnik,G. A. Silva,2001,1
F. A. Schaposnik,G. L. Rossini,1992,7
F. A. Schaposnik,G. S. Lozano,2000,5
F. A. Schaposnik,G. Silva,1998,4
F. A. Schaposnik,H. B. Geyer,1994,1
F. A. Schaposnik,H. R. Christiansen,1996,3
F. A. Schaposnik,H. R. Christiansen C. Nu~Nez,1998,1
F. A. Schaposnik,H. Vucetich,1992,1
F. A. Schaposnik,J. C. Le Guillou,1996,5
F. A. Schaposnik,J. D. Edelstein,1995,1
F. A. Schaposnik,J. J. Giambiagi,1995,1
F. A. Schaposnik,K. D. Rothe,1995,1
F. A. Schaposnik,L. F. Cugliandolo,1992,2
F. A. Schaposnik,M. Banados,2001,1
F. A. Schaposnik,M. L. Ciccolini,2000,1
F. A. Schaposnik,N. Bralic,1994,2
F. A. Schaposnik,N. Grandi,1999,5
F. A. Schaposnik,O. Chandia,2001,1
F. A. Schaposnik,P. Suranyi,2000,1
F. A. Schaposnik,R. E. Gamboa Saravi,1994,2
F. A. Schaposnik,R. L. Pakman,1999,2
F. A. Schaposnik,S. Gonorazky,1998,2
F. A. Schaposnik,S. Reuillon,2002,1
F. A. Smirnov,H. E. Boos,2002,1
F. A. Smirnov,O. Babelon,1996,3
F. A. Smirnov,P. Mejean,1996,1
F. A. Smirnov,V. E. Korepin,2002,1
F. Abild-Pedersen,G. Vernizzi,2001,1
F. Aceves De La Cruz,J. J. Rosales,2001,1
F. Aceves De La Cruz,J. Torres A,2001,1
F. Aceves De La Cruz,V. I. Tkach,2001,2
F. Aigner,G. Milovanovic,2003,1
F. Aigner,J. Knapp,2003,1
F. Aigner,M. Hillbrand,2003,1
F. Aigner,M. Schweda,2003,1
F. Aigner,R. Schofbeck,2003,1
F. Aigner,V. Putz,2003,1
F. Alexander Bais,M. De Wild Propitius,1993,1
F. Alexander Bais,Mark De Wild Propitius,1992,3
F. Alexander Bais,Peter Van Driel,1992,2
F. Anselmo,G. Volkov,2000,4
F. Anselmo,J. Ellis,2000,4
F. Anton,J. Bordes,1993,2
F. Antonuccio,H. C. Pauli,1997,2
F. Antonuccio,H.-C. Pauli,1998,1
F. Antonuccio,J. O. Andersen,1999,1
F. Antonuccio,M. Burkardt,1998,1
F. Antonuccio,O. Lunin,1998,5
F. Antonuccio,S. Dalley,1994,2
F. Antonuccio,S. Pinsky,1996,9
F. Antonuccio,S. Tsujimaru,1997,6
F. Ardalan,F. Mansouri,1995,1
F. Ardalan,H. Arfaei,1993,5
F. Ardalan,K. Kaviani,1994,2
F. Ardalan,M. Alimohammadi,1993,3
F. Ardalan,M. Alishahiha,1995,1
F. Ardalan,M. M. Sheikh-Jabbari,1998,3
F. Ardalan,M. R. Abolhassani,1993,1
F. Ardalan,M. R. Garousi,2002,1
F. Ardalan,S. Parvizi,1997,1
F. Barbarin,P. Sorba,1994,4
F. Bastianelli,G. Cuoghi,2000,1
F. Bastianelli,L. Nocetti,2000,1
F. Bastianelli,O. Corradini,2000,2
F. Bastianelli,P. Van Nieuwenhuizen,2000,2
F. Bastianelli,S. Frolov,1999,2
F. Bazzocchi,M. Cirafici,2002,1
F. Bazzocchi,S. Profumo,2002,1
F. Belgiorno,F. Fucito,1992,3
F. Belgiorno,M. Martellini,1992,3
F. Belgiorno,Matt Visser,2000,1
F. Belgiorno,S. Liberati,2000,1
F. Benatti,R. Floreanini,1996,4
F. Berruto,G. Grignani,1998,2
F. Berruto,G. W. Semenoff,1998,2
F. Berruto,M. C. Diamantini,2000,1
F. Berruto,P. Sodano,1998,3
F. Biet,J. P. Ader,1996,1
F. Biet,Y. Noirot,1996,1
F. Bigazzi,L. Girardello,2000,2
F. Bigazzi,L. Lusanna,1998,2
F. Bigazzi,M. Petrini,2001,2
F. Bigazzi,R. Apreda,2001,1
F. Bonechi,M. Tarlini,1992,6
F. Bonechi,N. Ciccoli,1994,1
F. Bonechi,R. Giachetti,1992,6
F. Brandt,G. Barnich,1994,4
F. Brandt,M. Grigoriev,2002,1
F. Brandt,M. Henneaux,1994,3
F. Bruckmann,T. Heinzl,2000,2
F. Bruckmann,T. Tok,2000,1
F. Bruckmann,T. Vekua,2000,1
F. C. Alcaraz,M. Scheunert,1993,1
F. C. Alcaraz,R. A. Usmanov,2000,1
F. C. Alcaraz,V. Rittenberg,1993,2
F. C. Khanna,Gilmar S. Dias,2000,1
F. C. Khanna,J. A. Helayel-Neto,2000,1
F. C. Khanna,J. C. Da Silva,2002,1
F. C. Khanna,J. D. M. Vianna,1998,1
F. C. Khanna,Robert Riche,2000,1
F. C. Khanna,S. P. Kim,1999,1
F. C. Khanna,Sortelano Araujo Diniz,2000,1
F. C. Khanna,T. Kopf,1996,2
F. C. Khanna,Y. Takahashi,1998,1
F. C. Santos. A. C. Santos,M. V. Cougo-Pinto,1998,1
F. Cachazo,K. Intriligator,2001,2
F. Cachazo,S. Katz,2001,2
F. Cannata,J.-P-Dedonder,1994,1
F. Cannata,J.-P. Dedonder,1996,1
F. Cannata,M. V. Ioffe,1994,5
F. Cannata,M. Znojil,2000,1
F. Cannata,R. Roychoudhury,2000,1
F. Caruso,N. F. Svaiter,1998,1
F. Caruso,R. De Paola,1998,1
F. Colomo,G. Mussardo,1992,1
F. Combes,H. J. De Vega,1993,1
F. Combes,N. Sanchez,1993,1
F. Constantinescu,F. Toppan,1992,1
F. Cordaro,G. Arcioni,1998,1
F. Cordaro,L. Andrianopoli,2000,1
F. Cordaro,L. Gualtieri,1998,3
F. Cordaro,M. Trigiante,1998,2
F. Cordaro,P. Fre,1998,3
F. Cordaro,P. Termonia,1998,1
F. Cordaro,R. Dauria,1998,1
F. Cuomo,F. Nicodemi,2000,1
F. Cuomo,F. Pezzella,2000,1
F. Cuomo,G. Sabella,2000,1
F. Cuomo,R. Marotta,2000,1
F. Cuomo,R. Pettorino,2000,1
F. D. M. Haldane,M. Gaudin,1993,1
F. D. M. Haldane,V. Pasquier,1993,1
F. D. Mazzitelli,G. Alejandro,1995,1
F. D. Mazzitelli,I. J. R. Aitchison,1996,1
F. D. Mazzitelli,J. G. Russo,1992,1
F. Darabi,M. A. Jafarizadeh,1997,1
F. De Biasio,L. Griguolo,1994,1
F. De Jonghe,J. W. Van Holten,1995,1
F. De Jonghe,K. Bering,1995,1
F. De Jonghe,K. Peeters,1995,2
F. De Jonghe,K. Sfetsos,1996,1
F. De Jonghe,P. H. Damgaard,1993,3
F. De Jonghe,P. Termonia,1995,2
F. De Jonghe,P. Van Nieuwenhuizen,1992,1
F. De Jonghe,R. Siebelink,1992,3
F. De Jonghe,R. Sollacher,1995,1
F. De Jonghe,S. Vandoren,1992,4
F. De Jonghe,W. Troost,1992,5
F. Del Aguila,J. Santiago,2003,1
F. Del Aguila,M. Perez-Victoria,1997,2
F. Del Aguila,R. Munoz-Tapia,1997,1
F. Delduc,F. Toppan,1993,1
F. Delduc,L. Feher,1994,1
F. Delduc,L. Frappat,1993,3
F. Delduc,L. Gallot,1996,1
F. Delduc,M. Magro,1995,2
F. Delduc,P. Howe,1992,1
F. Delduc,P. Sorba,1993,3
F. Delduc,S. Krivonos,1995,4
F. Di Renzo,G. Marchesini,1995,1
F. E. Mendoncca Da Silveira,G. M. Sotkov,1998,2
F. E. Mendoncca Da Silveira,J. F. Gomes,1998,2
F. Englert,K. Bautier,2000,1
F. Englert,L. Houart,1997,4
F. Englert,M. Rooman,2000,1
F. Englert,N. Itzhaki,1996,1
F. Englert,P. West,2003,1
F. Englert,P. Windey,1997,1
F. Englert,Ph. Spindel,2000,1
F. Englert,R. Argurio,1997,3
F. Englert,R. Brout,1998,1
F. Englert,R. Parentani,1996,1
F. Englert,S. Massar,1996,1
F. F. Schoberl,Richard L. Hall,2001,2
F. F. Schoberl,Wolfgang Lucha,2001,2
F. F. Schoeberl,Richard Hall,2002,1
F. F. Schoeberl,Wolfgang Lucha,2002,1
F. Falceto,G. Luzon,1994,4
F. Falceto,J. L. Lopez,1994,3
F. Falceto,K. Gawcedzki,1992,1
F. Falceto,M. Asorey,1993,8
F. Falceto,S. Carlip,1993,1
F. Ferrari,I. Lazzizzera,1999,1
F. Ferrari,J. Sobczyk,1993,3
F. Ferrari,J. T. Sobczyk,1997,1
F. Ferrari,W. Urbanik,1993,1
F. Finelli,R. Brandenberger,2001,1
F. Finkel,M. A. Rodriguez,2001,3
F. Finkel,R. Zhdanov,2001,3
F. Fonseca Romero,H. O. Girotti,1996,1
F. Freire,J. Adams,1995,1
F. Freire,J. Berges,1995,1
F. Freire,J. M. Pawlowski,2001,1
F. Freire,M. A. Van Eijck,1996,1
F. Freire,N. Tetradis,1995,1
F. Freire,S. Bornholdt,1995,1
F. Fucito,G. C. Rossi,1994,4
F. Fucito,G. Travaglini,1998,2
F. Fucito,I. Pesando,2002,1
F. Fucito,L. C. Q. Vilar,1997,2
F. Fucito,M. Bianchi,1994,4
F. Fucito,M. Billo,2002,1
F. Fucito,M. Frau,2002,1
F. Fucito,M. Martellini,1992,12
F. Fucito,M. Rinaldi,1997,1
F. Fucito,M. Zeni,1996,3
F. Fucito,O. S. Ventura,1997,1
F. Fucito,P. Cotta-Ramusino,1997,1
F. Fucito,S. P. Sorella,1997,2
F. G. Scholtz,H. B. Geyer,1994,2
F. G. Scholtz,K. D. Rothe,1996,3
F. G. Scholtz,L. V. Belvedere,1997,1
F. G. Scholtz,R. L. P. G. Amaral,1997,1
F. G. Scholtz,S. V. Shabanov,1996,1
F. Geniet,J.-L. Kneur,1995,1
F. Geniet,M. Iacomi,1995,1
F. Gieres,H. Nieder,2000,2
F. Gieres,J. Grimstrup,2000,1
F. Gieres,J. M. Grimstrup,2001,1
F. Gieres,L. Popp,2000,1
F. Gieres,M. S. Sarandy,2001,1
F. Gieres,M. Schweda,2000,3
F. Gieres,O. Piguet,2001,1
F. Gieres,T. Pisar,2000,3
F. Gingras,M. Leblanc,1993,1
F. Gliozzi,M. Caselle,1993,1
F. Gliozzi,R. Caracciolo,1999,1
F. Gliozzi,R. Tateo,1994,3
F. Gliozzi,S. Vinti,1993,1
F. Gmeiner,H. P. Nilles,2002,1
F. Gmeiner,M. G. A. Walter,2002,1
F. Gmeiner,M. Olechowski,2002,1
F. Gmeiner,S. Groot Nibbelink,2002,1
F. Gohmann,O. A. Castro-Alvaredo,2002,1
F. Gohmann,V. E. Korepin,1999,1
F. Gomez,J. A. Casas,1992,1
F. Gonzalez-Rey,I. Y. Park,1998,3
F. Gonzalez-Rey,M. Rocek,1996,5
F. Gonzalez-Rey,R. Von Unge,1996,3
F. Gonzalez-Rey,S. Wiles,1997,1
F. Gonzalez-Rey,U. Lindstrom,1996,2
F. Grard,S. Hoorelbeke,1999,1
F. Grard,Y. Brihaye,1999,1
F. Gronwald,F. W. Hehl,1993,1
F. Gronwald,R. Tresguerres,1993,1
F. Gronwald,Y. N. Obukhov,1993,1
F. Guil,M. Manas,1993,1
F. Guinea,J. Gonzalez,1993,1
F. Guinea,M. A. H. Vozmediano,1993,1
F. Gursey,M. Evans,1992,1
F. Gursey,V. Ogievetsky,1992,1
F. H. L. Essler,H. Frahm,1994,1
F. H. L. Essler,V. E. Korepin,1994,1
F. Hofheinz,J. Ambjorn,2001,1
F. Hofheinz,J. Nishimura,2001,3
F. Hofheinz,K. N. Anagnostopoulos,2001,1
F. Hofheinz,W. Bietenholz,2001,3
F. Hussain,M. Bertolini,1998,1
F. Hussain,P. Fre,1998,1
F. Hussain,R. Iengo,1998,1
F. I. Cooperstock,V. Faraoni,2003,1
F. I. Takakura,W. Oliveira,2000,2
F. Illuminati,L. Viola,1995,1
F. Illuminati,M. Patriarca,1994,1
F. Illuminati,P. Sodano,1994,1
F. Illuminati,S. De Martino,1994,1
F. Illuminati,S. De Siena,1994,1
F. J. De Urries,J. Julve,1998,3
F. J. Herranz,J. Negro,2002,1
F. J. Herranz,M. A. Del Olmo,1993,9
F. J. Herranz,M. De Montigny,1993,1
F. J. Herranz,M. Santander,1993,9
F. J. Herranz,N. A. Gromov,1994,1
F. J. Herranz,N. Aizawa,2002,1
F. J. Plaza Martin,J. M. Mu~Noz Porras,1999,1
F. J. Turrubiates,H. Garcia-Compean,1999,3
F. J. Turrubiates,J. F. Plebanski,1999,3
F. J. Turrubiates,M. Przanowski,1999,3
F. J. Vanhecke,J. A. Mignaco,1996,2
F. J. Wegner,G. K. Savvidy,1993,1
F. J. Wegner.,G. K. Savvidy,1995,1
F. J. Wegner.,K. G. Savvidy,1995,1
F. L. Williams,I. Brevik,1997,1
F. L. Williams,M. Simoes,1999,1
F. Larsen,F. Wilczek,1994,1
F. Larsen,R. G. Leigh,1997,1
F. Larsen,R. Gopakumar,1997,1
F. Larsen,R. Leigh,1998,1
F. Larsen,V. Balasubramanian,1997,3
F. Lemieux,J. M. Cline,2002,1
F. Lemieux,R. Holman,2002,1
F. Lenz,K. Yazaki,2000,1
F. Lenz,M. Shifman,1994,1
F. Lenz,M. Thies,1994,4
F. Lenz,O. Jahn,1998,1
F. Lesage,H. Saleur,1994,5
F. Lesage,J. Rasmussen,2002,1
F. Lesage,J.-B. Zuber,1993,1
F. Lesage,M. Gaudin,1994,1
F. Lesage,P. Di Francesco,1993,2
F. Lesage,P. Fendley,1994,1
F. Lesage,P. Mathieu,2002,1
F. Lesage,P. Simonetti,1998,1
F. Lesage,S. Lukyanov,1997,1
F. Lesage,V. Pasquier,1994,2
F. Lizzi,G. Bimonte,1994,4
F. Lizzi,G. Landi,1994,6
F. Lizzi,G. Mangano,1996,3
F. Lizzi,G. Marmo,1993,2
F. Lizzi,G. Miele,1996,3
F. Lizzi,G. Sparano,1993,8
F. Lizzi,H. Figueroa,1997,1
F. Lizzi,J. C. Varilly,1997,1
F. Lizzi,J. M. Gracia-Bondia,1997,2
F. Lizzi,N. E. Mavromatos,1996,2
F. Lizzi,P. Teotonio-Sobrinho,1994,4
F. Lizzi,P. Vitale,1993,2
F. Lizzi,R. J. Szabo,1997,5
F. Loran,M. Haghighat,2001,2
F. Lurcat,J. Y. Grandpeix,2001,2
F. M. C. Witte,S. P. Klevansky,1995,1
F. M. De Carvalho Filho,L. Griguolo,1995,1
F. M. De Carvalho Filho,M. Alvarez,1995,1
F. Maltoni,P. Giacconi,1994,2
F. Maltoni,R. Soldati,1994,2
F. Mansouri,J. S. Rno,1999,1
F. Mansouri,M. Alishahiha,1995,1
F. Mansouri,M. Awada,1995,2
F. Mansouri,R. L. Karp,1999,1
F. Mansouri,S. Fernando,2000,1
F. Mansouri,Sumne Kim,1995,1
F. Marchesano,L. E. Ibanez,2001,5
F. Marchesano,R. Rabadan,2001,1
F. Mendez,H. Falomir,2002,1
F. Mendez,J. C. Rojas,2001,3
F. Mendez,J. Gamboa,2000,9
F. Mendez,J. L. Cortes,2002,2
F. Mendez,J. M. Carmona,2002,2
F. Mendez,J. Saavedra,2003,1
F. Mendez,L. Vergara,2003,1
F. Mendez,M. Loewe,2001,3
F. Mendez,O. Espinosa,2001,1
F. Mendez,S. Lepe,2001,2
F. Moraes,V. John,1996,1
F. Muller-Hoissen,F. Vanderseypen,1994,1
F. Muller-Hoissen,H. C. Baehr,1994,1
F. Navarro-Lerida,J. Kunz,2002,1
F. Nesti,G. Bonelli,1998,4
F. Nesti,L. Bonora,1995,5
F. Nicodemi,F. Pezzella,2000,2
F. Nicodemi,F. Sannino,2002,1
F. Nicodemi,G. Sabella,2000,1
F. Nicodemi,R. Marotta,2000,2
F. Nicodemi,R. Pettorino,2000,2
F. Niedermayer,J. Balog,2000,1
F. Niedermayer,M. Niedermaier,2000,1
F. Niedermayer,P. Weisz,2000,1
F. Nill,J. C. A. Barata,1996,1
F. P. Devecchi,F. Toppan,1998,1
F. P. Devecchi,H. O. Girotti,1993,2
F. P. Devecchi,M. C. B. Abdalla,1993,1
F. P. Devecchi,M. Fleck,1994,1
F. P. Devecchi,M. Gomes,1994,1
F. Paccetti Correia,M. G. Schmidt,2001,1
F. Palumbo,G. De Franceschi,1998,1
F. Palumbo,M. B. Barbaro,1996,1
F. Paul Esposito,Louis Witten,2001,1
F. Paul Esposito,Robert L Karp,2001,1
F. Pezzella,F. Sannino,2002,1
F. Pezzella,G. Sabella,2000,1
F. Pezzella,L. Cappiello,1998,3
F. Pezzella,R. Marotta,1998,8
F. Pezzella,R. Pettorino,1998,5
F. Piazza,G. Veneziano,2002,1
F. Piazza,T. Damour,2002,1
F. Pillon,G. Girardi,1996,1
F. Pillon,P. Binetruy,1996,1
F. Pillon,R. Grimm,1996,1
F. Quevedo,G. Aldazabal,1995,4
F. Quevedo,G. Rajesh,2001,2
F. Quevedo,G. Tasinato,2001,4
F. Quevedo,I. Maksymyk,1997,2
F. Quevedo,I. Zavala,2001,4
F. Quevedo,J.-P. Derendinger,1994,3
F. Quevedo,L. E. Ibanez,1995,4
F. Quevedo,M. C. Diamantini,1996,1
F. Quevedo,M. E. Knutt-Wehlau,1998,1
F. Quevedo,M. Kamela,1998,1
F. Quevedo,M. Klein,2002,1
F. Quevedo,M. Majumdar,2001,1
F. Quevedo,M. Quiros,1994,3
F. Quevedo,M. T. Grisaru,1998,1
F. Quevedo,M. Zebarjad,1998,1
F. Quevedo,P. Martineau,2001,3
F. Quevedo,P. Page,1998,1
F. Quevedo,R. C. Myers,1994,4
F. Quevedo,R. Rabadan,2003,1
F. Quevedo,R.-J. Zhang,2001,2
F. Quevedo,S. L. Parameswaran,2002,2
F. Quevedo,S.-J. Rey,2002,1
F. Quevedo,Y. Aghababaie,2002,2
F. R. Klinkhamer,J. Nishimura,2000,1
F. R. Klinkhamer,J. Schimmel,2002,1
F. R. Klinkhamer,Y. J. Lee,2001,2
F. R. Machado,F. T. Brandt,1999,4
F. R. Machado,J. Frenkel,1999,2
F. R. Machado,R. Medina,2002,1
F. Ravanini,G. Feverati,1995,5
F. Ravanini,G. Takacs,1998,4
F. Ravanini,M. Stanishkov,1994,1
F. Ravanini,R. Tateo,1992,4
F. Ravndal,S. Viefers,1994,1
F. Ravndal,T. Haugset,1993,2
F. Riccioni,J. W. Van Holten,2003,1
F. Riccioni,S. Ferrara,1997,1
F. Riccioni,S. Groot Nibbelink,2003,1
F. Riccioni,T. S. Nyawelo,2003,1
F. Ritort,G. Parisi,1994,1
F. Riva,M. Pernici,1995,4
F. Riva,M. Raciti,1995,4
F. Rodenas,J. A. De Azcarraga,1993,5
F. Rodenas,P. P. Kulish,1993,4
F. Roose,K. Koepsell,2002,1
F. Roose,M. Billo,2000,1
F. Roose,W. Troost,1997,2
F. Ruiz Ruiz,G. Giavarini,1992,6
F. Ruiz Ruiz,G. W. Gibbons,1992,1
F. Ruiz Ruiz,M. E. Ortiz,1992,1
F. Ruiz Ruiz,P. Van Nieuwenhuizen,1996,2
F. Ruiz Ruiz,T. M. Samols,1992,1
F. S. A. Cavalcante,M. S. Cunha,1997,1
F. S. Nogueira,M. B. Silva Neto,1998,1
F. S. Nogueira,N. F. Svaiter,1995,3
F. Sannino,J. Schechter,1998,1
F. Sannino,N. Kitazawa,1998,1
F. Sannino,R. Marotta,2002,1
F. Sannino,R. Pettorino,2002,1
F. Sannino,S. D. H. Hsu,1998,1
F. Saueressig,M. Reuter,2001,2
F. Scheck,J. Plass,1994,1
F. Scheck,N. A. Papadopoulos,1994,1
F. Scheck,R. Coquereaux,1993,1
F. Scheck,R. Haussling,1993,1
F. Strocchi,G. Morchio,1994,4
F. Strocchi,J. E. Roberts,1997,1
F. Strocchi,J. Loeffelholz,1995,1
F. Strocchi,J. Loffelholz,1994,1
F. Strocchi,S. Doplicher,1997,1
F. T. Brandt,Gerald V. Dunne,2001,1
F. T. Brandt,J. C. Taylor,1993,6
F. T. Brandt,J. Frenkel,1993,29
F. T. Brandt,K. Rao,2000,1
F. T. Brandt,R. Medina,2002,1
F. Takagi,M. Maruyama,1998,1
F. Takagi,T. Koide,1998,1
F. Toppan,H. L. Carrion,2001,4
F. Toppan,J. Lukierski,2002,1
F. Toppan,L. Frappat,1993,1
F. Toppan,L. P. Colatto,1998,1
F. Toppan,M. A. De Andrade,1998,4
F. Toppan,M. Rojas,1999,6
F. Toppan,P. Sorba,1993,1
F. Toppan,S. Krivonos,1995,2
F. Toppan,Y.-Z. Zhang,1992,1
F. V. Gubarev,M. I. Polikarpov,1998,5
F. V. Gubarev,M. N. Chernodub,1995,4
F. V. Gubarev,V. I. Zakharov,1998,6
F. V. Tkachov,V. V. Vlasov,1996,1
F. Vendrell,M. E. Ortiz,1997,1
F. Vian,G. Nardelli,2001,1
F. Vian,L. Griguolo,1999,6
F. Vian,M. Bonini,1997,2
F. Vian,S. Nicoli,2001,1
F. W. Hehl,R. Tresguerres,1993,1
F. W. Hehl,Y. N. Obukhov,1993,1
F. W. Nijhoff,H. W. Capel,1992,2
F. W. Nijhoff,O. Ragnisco,1994,1
F. W. Nijhoff,V. B. Kuznetsov,1994,1
F. Wagner,G. Takacs,2000,2
F. Wagner,L. Palla,2000,2
F. Wagner,M. B. Halpern,2002,1
F. Wagner,Z. Bajnok,1999,3
F. Zaccaria,G. Marmo,1993,3
F. Zaccaria,L. Di Fiore,1993,2
F. Zaccaria,M. A. Manko,1993,2
F. Zaccaria,Manko,1994,1
F. Zaccaria,N. A. Ansari,1994,1
F. Zaccaria,Nadeem A. Ansari,1993,1
F. Zaccaria,P. Vitale,1993,1
F. Zaccaria,R. Romano,1994,1
F. Zaccaria,S. Solimeno,1992,4
F. Zaccaria,V. I. Manko,1993,4
F. Zaccaria,V. I. Manko G. Marmo,1992,1
F. Zachariasen,James S. Ball,1994,1
F. Zachariasen,M. Baker,1994,1
F. Zamora,J. Garcia-Bellido,2001,1
F. Zamora,J. Gomis,1994,2
F. Zamora,J. M. Pons,1994,2
F. Zamora,K. Kamimura,1995,1
F. Zamora,R. Rabadan,2001,1
F. Zimmerschied,F.-C. Pu,1996,1
F. Zimmerschied,H. J. W. Mueller--Kirsten,1996,1
F. Zimmerschied,H. J. W. Mueller-Kirsten,1995,6
F. Zimmerschied,J.--Q. Liang,1996,1
F. Zimmerschied,J.-G. Zhou,1996,1
F. Zimmerschied,J.-Q. Liang,1995,4
F. Zimmerschied,Jian-Ge Zhou,1995,4
F. Zimmerschied,S.-N. Tamarian,1998,1
F. Zwirner,L. Silvestrini,2001,1
F. Zwirner,M. Serone,2001,1
F. Zwirner,S. Ferrara,1994,1
F.-C. Pu,H. J. W. Mueller-Kirsten,1996,1
F.-C. Pu,J.-Q. Liang,1996,1
F.-C. Pu,Jian-Ge Zhou,1996,1
F.-M. Boas,M. Duetsch,2001,1
Fabian H. Gaioli,Juan P. Aparicio,1998,1
Fabian H. L. Essler,Holger Frahm,1995,1
Fabian H. L. Essler,Vladimir E. Korepin,1992,2
Fabio Finelli,Robert Brandenberger,2001,2
Fabio Finelli,Shinji Tsujikawa,2002,1
Fabio Maltoni,Paola Giacconi,1995,1
Fabio Maltoni,Roberto Soldati,1995,1
Fabio Riccioni,Gianfranco Pradisi,2001,1
Fabio Zwirner,Ferruccio Feruglio,1995,5
Fabio Zwirner,Jonathan Bagger,2001,2
Fabio Zyserman,Jose Edelstein,2001,1
Fabio Zyserman,Luis Anchordoqui,2001,1
Fabio Zyserman,Marta Trobo,2001,1
Fabio Zyserman,Martin Schvellinger,2001,1
Fabio Zyserman,Santiago Perez Bergliaffa,2001,1
Fabrizio Illuminati,Giuseppe Vitiello,1993,1
Fabrizio Illuminati,Marco Patriarca,1992,1
Fabrizio Illuminati,Salvatore De Martino,1993,1
Fabrizio Illuminati,Silvio De Siena,1993,1
Fabrizio Nesti,Ludwik Dabrowski,1997,1
Fabrizio Nesti,Pasquale Siniscalco,1997,1
Faheem Hussain,George Thompson,1995,2
Faheem Hussain,Matthias Blau,1995,2
Faheem Hussain,Roberto Iengo,1997,5
Falk Bruckmann,Gerard T Hooft,2000,1
Falk Bruckmann,Pierre Van Baal,2002,1
Fan Wang,Wei-Min Sun,1999,7
Fan Wang,Xiang-Song Chen,1999,7
Fardin Kheirandish,Mohammad Khorrami,2000,3
Farhad Ardalan,Neda Sadooghi,2000,2
Fausto Ongay,Jeffrey M. Rabin,2002,1
Fay Dowker,Gary Gibbons,1995,1
Fay Dowker,Gary Horowitz,1995,1
Fay Dowker,Gary T. Horowitz,1993,1
Fay Dowker,Jennie Traschen,1993,2
Fay Dowker,Jerome Gauntlett,1995,1
Fay Dowker,Jerome P. Gauntlett,1993,2
Fay Dowker,Steven B. Giddings,1993,1
Fedele Lizzi,Gennaro Miele,2000,2
Fedele Lizzi,Gianpiero Mangano,2000,2
Fedele Lizzi,Marco Peloso,2002,1
Fedele Lizzi,Richard J. Szabo,1997,4
Federico Finkel,Miguel A. Rodriguez,1995,3
Federico Finkel,Niky Kamran,1996,1
Federico Finkel,Peter J. Olver,1996,1
Feike Hacquebord,Herman Verlinde,1997,2
Feike Hacquebord,Steven B. Giddings,1998,1
Feng Yu,Yong-Shi Wu,1992,4
Feng-Li Lin,Hyun Seok Yang,2001,1
Feng-Li Lin,Miao Li,2001,2
Feng-Li Lin,Pei-Ming Ho,2002,1
Feng-Li Lin,Yong-Shi Wu,1999,2
Feodor Malikov,Kenji Iohara,1993,2
Feodor Smirnov,Hermann Boos,2003,1
Feodor Smirnov,Vladimir Korepin,2003,1
Fermin Viniegra,Roy Maartens,2002,1
Fernando Falceto,German Sierra,2001,1
Fernando Falceto,Krzysztof Gawedzki,1992,5
Fernando Falceto,Manuel Asorey,2001,1
Fernando Lombardo,Francisco Mazzitelli,1995,1
Fernando Martinez Moras,Javier Mas,1993,1
Fernando Martinez-Moras,Javier Mas,1994,1
Fernando Mendez,Maximo Banados,1998,1
Fernando Moraes,Ramon Mendoza,1996,1
Fernando P. Devecchi,Marc Henneaux,1996,1
Fernando Quevedo,Matthias Klein,2001,1
Fernando Quevedo,Paul Ginsparg,1992,1
Fernando Quevedo,Per Berglund,1993,1
Fernando Quevedo,Philip Candelas,1993,1
Fernando Quevedo,Tristan Hubsch,1993,1
Fernando Quevedo,Xenia C. De La Ossa,1992,1
Fernando Quevedo,Xenia De La Ossa,1993,1
Fernando Rodriguez-Villegas,Philip Candelas,2000,1
Fernando Rodriguez-Villegas,Xenia De La Ossa,2000,1
Fernando T. Brandt,John C. Taylor,1994,1
Fernando T. Brandt,Josif Frenkel,1994,2
Ferruccio Feruglio,Jonathan Bagger,2001,2
Fidel A Schaposnik,Gustavo S Lozano,2002,1
Fidel A Schaposnik,Leticia F Cugliandolo,2002,1
Fidel A. Schaposnik,Gerardo L. Rossini,1995,1
Fidel A. Schaposnik,Hugo R. Christiansen,1996,1
Fidel A. Schaposnik,Jose D. Edelstein,1995,2
Fidel A. Schaposnik,Prasanta K. Tripathy,1999,1
Fidel A. Schaposnik .,Ninoslav Bralic,1995,1
Fidel A. Schaposnik .,Virginia Manias,1995,1
Fidel Schaposnik,Jose Edelstein,1993,1
Filip Franco-Sollova,Tatiana Ivanova,2002,1
Filipe Bonjour,Ruth Gregory,1998,1
Filipe Freire,Jan M. Pawlowski,2000,1
Filippo Vernizzi,Ruth Durrer,2002,1
Finn Larsen,Frank Wilczek,1994,6
Finn Larsen,Jan Pieter Van Der Schaar,2002,1
Finn Larsen,Jeffrey A. Harvey,2000,3
Finn Larsen,Martin B. Einhorn,2002,1
Finn Larsen,Mirjam Cvetic,1997,6
Finn Larsen,Per Kraus,1998,7
Finn Larsen,Robert G. Leigh,2002,1
Finn Larsen,Ruud Siebelink,1999,1
Finn Larsen,Sandip P. Trivedi,1998,1
Finn Larsen,Seiji Terashima,2002,1
Finn Larsen,Vijay Balasubramanian,1996,3
Finn Ravndal,Jan B. Thomassen,2001,1
Fiorenzo Bastianelli,Jens Lyng Petersen,1994,2
Fiorenzo Bastianelli,Koenraad Schalm,1998,1
Fiorenzo Bastianelli,Luca Consoli,1996,1
Fiorenzo Bastianelli,N. D. Hari Dass,2001,1
Fiorenzo Bastianelli,Nobuyoshi Ohta,1994,4
Fiorenzo Bastianelli,Olindo Corradini,1997,4
Fiorenzo Bastianelli,Peter Van Nieuwenhuizen,1992,2
Fiorenzo Bastianelli,Roberto Zucchini,1999,4
Fiorenzo Bastianelli,Ulf Lindstrom,1993,2
Flavio S. Nogueira,Hagen Kleinert,2002,2
Florian Catalin Popa,Sergiu I. Vacaru,2001,1
Florian Dubath,Simone Lelli,2002,1
Florian Gmeiner,Hans Peter Nilles,2002,1
Florian Gmeiner,Hyun Min Lee,2002,1
Florian Gmeiner,Jihn E. Kim,2002,1
Florian Nill,Hans-Werner Wiesbrock,1994,1
Florian Nill,Kornel Szlachanyi,1995,2
Florian Scheck,Mario Paschke,1997,1
Floriana Gargiulo,Mario Trigiante,2003,1
Floriana Gargiulo,Riccardo Dauria,2003,1
Floriana Gargiulo,Sergio Ferrara,2003,1
Floriana Gargiulo,Silvia Vaula,2003,1
Florin Constantinescu,Guenter Scharf,2000,1
Florin Constantinescu,Gunter Scharf,1997,4
Florin Constantinescu,Markus Gut,2001,1
Fotini Markopoulou,Hanno Sahlmann,2003,1
Fotini Markopoulou,Lee Smolin,1997,2
Franccois Delduc,Jean-Loup Gervais,1992,1
Franccois Delduc,Mikhail Saveliev,1992,1
Francesca Maria Marchetti,Giovanni Jona-Lasinio,1999,1
Francesco Antonuccio,Oleg Lunin,1998,3
Francesco Antonuccio,Stephen Pinsky,1998,2
Francesco Antonuccio,Stephen S. Pinsky,1998,1
Francesco Cordaro,Laura Andrianopoli,2000,1
Francesco Cordaro,Leonardo Gualtieri,2000,1
Francesco Cordaro,Pietro Fre,2000,1
Francesco Dandrea,Gianluca Mandanici,2002,1
Francesco Dandrea,Giovanni Amelino-Camelia,2002,2
Francesco Fucito,Gabriele Travaglini,1996,4
Francesco Fucito,Giancarlo Rossi,1996,1
Francesco Fucito,Jose F. Morales,2001,2
Francesco Fucito,Marco Matone,1997,1
Francesco Fucito,Massimo Bianchi,1996,1
Francesco Fucito,Maurizio Martellini,1996,3
Francesco Fucito,Mauro Zeni,1996,2
Francesco Fucito,Ugo Bruzzo,2000,2
Francesco Nitti,Gia Dvali,2001,1
Francesco Nitti,Gregory Gabadadze,2001,1
Francesco Nitti,Marko Kolanovic,2001,1
Francesco Ravanini,Giovanni Feverati,2002,1
Francesco Ravanini,Marian Stanishkov,1995,1
Francesco Ravanini,Patrick Dorey,1992,2
Francesco Ravanini,Paul A. Pearce,2002,1
Francesco Sannino,Joseph Schechter,1997,1
Francesco Sannino,Noriaki Kitazawa,1998,1
Francesco Sannino,Poul Olesen,2002,1
Francesco Sannino,Raffaele Marotta,2002,1
Francesco Toppan,Jerzy Lukierski,2002,1
Francis J. Alexander,Salman Habib,1992,2
Francisco A. Brito,Jose D. Edelstein,1997,1
Francisco A. Brito,Marta L. Trobo,1997,1
Francisco A. Brito,Mirjam Cvetic,2002,1
Francisco C. Alcaraz,Malte Henkel,1993,1
Francisco C. Alcaraz,Michel Droz,1993,1
Francisco C. Alcaraz,Vladimir Rittenberg,1993,1
Francisco D. Mazzitelli,Sergio M. Iguri,2001,1
Francisco Gonzalez-Rey,Inyong Park,1998,1
Francisco Gonzalez-Rey,Koenraad Schalm,1998,1
Francisco Guil,Manuel Ma~Nas,1993,1
Francisco J. Herranz,Mariano Santander,1996,1
Franck Biet,Jean-Pierre Ader,1998,1
Franck Biet,Yves Noirot,1998,1
Franco Ferrari,I. Lazzizzera,1996,1
Franco Ferrari,Ignazio Lazzizzera,1996,4
Franco Ferrari,Jan Sobczyk,1999,1
Franco Ferrari,Jan T. Sobczyk,1997,2
Franco Pezzella,Raffaele Marotta,1993,1
Franco Strocchi,Giovanni Morchio,2000,1
Franco Strocchi,John E. Roberts,2000,1
Franco Strocchi,Sergio Doplicher,2000,1
Francois David,Gabrielle Bonnet,1998,1
Francois Delduc,Francois Gieres,1996,1
Francois Delduc,Nicola Maggiore,1996,1
Francois Delduc,Olivier Piguet,1996,1
Francois Delduc,Stephane Gourmelen,1996,1
Francois Delduc,Sylvain Wolf,1996,1
Francois Englert,Laurent Houart,1995,8
Francois Englert,Paul Windey,1995,3
Francois Gieres,Jean-Pierre Ader,1992,1
Francois Gieres,Jose Luis Boldo,2003,1
Francois Gieres,Jose Luiz Boldo,2003,1
Francois Gieres,Matthieu Lefrancois,2003,2
Francois Gieres,Olivier Piguet,2003,2
Francois Gieres,Stefan Theisen,1992,2
Francois Gieres,Stephane Gourmelen,1996,1
Francois Gieres,Yves Noirot,1992,1
Frank Antonsen,Karsten Bormann,1996,4
Frank De Jonghe,Jordi Paris,1996,1
Frank De Jonghe,Walter Troost,1996,1
Frank W. Nijhoff,Gen-Di Pang,1994,1
Frank Wilczek,John March-Russell,2000,2
Frank Wilczek,John Preskill,1992,1
Frank Wilczek,Jonathan L. Feng,2000,1
Frank Wilczek,Lorenzo Cornalba,1997,2
Frank Wilczek,Maulik K. Parikh,1999,1
Frank Wilczek,Per Kraus,1994,1
Frank Wilczek,Savdeep Sethi,2000,1
Frank Wilczek,Sidney Coleman,1992,1
Frantisek Gemperle,Miloslav Znojil,2002,1
Frantisek Gemperle,Omar Mustafa,2002,1
Franz A. Farias,Ricardo Amorim,2001,1
Franz E. Schunck,Yuri N. Obukhov,1996,2
Franz F. Schoeberl,Richard L. Hall,2000,1
Franz F. Schoeberl,Wolfgang Lucha,2000,1
Franz J. Wegner,Gabor Papp,1998,1
Franz J. Wegner,Hans-Christian Pauli,1998,1
Franz Wegner,Stefan K. Kehrein,1994,1
Fred Cooper,John F. Dawson,1996,1
Fred Cooper,Melissa A. Lampert,1996,1
Fred Cooper,Pasquale Sodano,2003,1
Fred Cooper,Uday Sukhatme,1994,1
Fred Myhrer,Kuniharu Kubodera,2000,1
Fred Myhrer,Soon-Tae Hong,2000,1
Fred Myhrer,Young-Jai Park,2000,1
Freddy Cachazo,Michael R. Douglas,2002,1
Freddy Cachazo,Nathan Seiberg,2002,3
Freddy P. Zen,Hendry I. Elim,1998,1
Freddy P. Zen,Roby Muhamad,1999,1
Frederic Bidegain,Georges Pinczon,1994,1
Frederic Geniet,Marcus B. Pinto,1995,1
Frederic Geniet,Philippe Garcia,1995,1
Frederic Leblond,Hassan Firouzjahi,2002,1
Frederic Leblond,Luc Marleau,2002,1
Frederic Leblond,Robert C. Myers,2001,5
Frederic P. Schuller,Mattias N. R. Wohlfarth,2002,1
Frederic P. Schuller,Thomas W. Grimm,2002,1
Frederic Zamora,Jacques Distler,1998,2
Frederic Zamora,Luis Alvarez-Gaume,1997,3
Frederic Zamora,Marcos Marino,1997,3
Frederic Zamora,Raul Rabadan,2002,1
Frederik Denef,Igor Pesando,1998,3
Frederik Denef,Jan Troost,2000,1
Frederik Denef,Joris Raeymaekers,1996,2
Frederik Denef,Marco Billo,1998,4
Frederik Denef,Mark Raugas,2001,1
Frederik Denef,Pietro Fre,1998,4
Frederik Denef,Sergio Cacciatori,1999,1
Frederik Denef,Urban M. Studer,1996,1
Frederik Denef,Walter Troost,1996,5
Frederik G Schotlz,Sergei V. Shabanov,1995,1
Frederik Roose,Marco Billo,1999,4
Frederik Roose,Walter Troost,1996,1
Frederique Harmsze,Jan De Boer,1995,1
Frederique Harmsze,Tjark Tjin,1995,1
Fredric Kristiansson,Peter Rajan,2000,2
Freydoon Mansouri,Jung S. Rno,1999,1
Freydoon Mansouri,Robert L. Karp,1999,2
Freydoon Mansouri,Sharmanthie Fernando,1998,3
Friedemann Brandt,Glenn Barnich,1994,5
Friedemann Brandt,Joan Simon,1997,5
Friedemann Brandt,Joaquim Gomis,1997,4
Friedemann Brandt,Jordi Paris,1996,1
Friedemann Brandt,Marc Henneaux,1994,6
Friedemann Brandt,Maxim Grigoriev,2002,1
Friedemann Brandt,Maximilian Kreuzer,2000,2
Friedemann Brandt,Norbert Dragon,1997,1
Friedemann Brandt,Ulrich Theis,1998,3
Friedemann Brandt,Walter Troost,1994,3
Frieder Lenz,John W. Negele,2000,1
Frieder Lenz,Lochlainn Oraifeartaigh,2000,1
Frieder Lenz,Matthias Burkardt,2002,1
Frieder Lenz,Michael Thies,2000,2
Friedrich W. Hehl,Ingo Kirsch,2001,1
Friedrich W. Hehl,Lewis H. Ryder,2001,1
Friedrich W. Hehl,Yuri N. Obukhov,1998,1
Fu-Berlin,M. Karowski,1992,1
Fu-Berlin,R. Schrader,1992,1
Fuad Saradzhev,Norman Dombey,1999,1
Fumihiko Sugino,Jun Nishimura,2001,2
Fumihiko Sugino,Ken-Ji Hamada,1998,1
Fumihiko Sugino,Osamu Tsuchiya,1994,1
Fumihiko Sugino,Pierre Vanhove,2001,1
Fumihiko Sugino,Satsuki Oda,2000,1
Fumihiko Sugino,Takashi Asatani,1996,1
Fumihiko Sugino,Tamiaki Yoneya,1995,3
Fumihiko Sugino,Toshiyuki Okubo,2002,1
Fumihiko Sugino,Tsunehide Kuroki,1996,2
Fumihiko Sugino,Yuji Okawa,1996,2
G Legg,H S Booth,2001,1
G Legg,P D Jarvis,2001,1
G Thompson,R Delbourgo,1996,1
G Veneziano,M Gasperini,1993,1
G W Gibbons,N S Manton,1995,1
G W Gibbons,P C West,2000,1
G W Gibbons,P K Townsend,1999,1
G. A. Diamandis,I. Pappa,2001,1
G. A. Diamandis,N. E. Mavromatos,1992,4
G. A. Diamandis,P. Kouroumalou,2001,1
G. A. Diamandis,T. Christodoulakis,2000,2
G. A. Diamandis,X. Maintas,1992,1
G. A. Diamandis,X. N. Maintas,1995,3
G. A. Silva,M. Banados,2001,1
G. A. Silva,N. Grandi,2000,2
G. A. Silva,O. Chandia,2001,1
G. A. T. F. Da Costa,L. Oraifeartaigh,1994,1
G. A. Viano,J. Bros,1998,2
G. A. Vilkovisky,G. Veneziano,1993,1
G. A. Vilkovisky,M. Fabbrichesi,1993,1
G. A. Vilkovisky,R. Pettorini,1993,1
G. A. Vilkovisky,R. Pettorino,2000,1
G. A. Vilkovisky,V. V. Zhytnikov,1994,2
G. A. Vilkovisky,Yu. V. Gusev,1994,1
G. Akemann,G. Vernizzi,2000,3
G. Akemann,J. J. M. Verbaarschot,2000,1
G. Akemann,J. T. Lenaghan,2001,1
G. Akemann,K. Splittorff,2001,1
G. Akemann,M. Hasler,1998,1
G. Akemann,P. H. Damgaard,1996,7
G. Akemann,R. Grimm,1998,1
G. Akemann,S. M. Nishigaki,1997,1
G. Akemann,S. Nishigaki,1996,1
G. Akemann,U. Magnea,1996,2
G. Akemann,Y. V. Fyodorov,2003,1
G. Aldazabal,G. Violero,1997,2
G. Aldazabal,I. Allekotte,1992,2
G. Aldazabal,J. M. Maldacena,1992,2
G. Aldazabal,L. E. Ibanez,1994,11
G. Aldazabal,L. F. Alday,2002,1
G. Aldazabal,M. Bonini,1992,1
G. Aldazabal,R. Rabadan,2000,1
G. Aldazabal,S. Franco,2000,1
G. Alexanian,G. Immirzi,2001,1
G. Alexanian,V. P. Nair,1996,1
G. Amelino-Camelia,I. I. Kogan,1996,2
G. Amelino-Camelia,I. J. R. Aitchison,1996,1
G. Amelino-Camelia,J. Ellis,1996,2
G. Amelino-Camelia,J. Kowalski-Glikman,2001,1
G. Amelino-Camelia,J. Lukierski,2001,1
G. Amelino-Camelia,L. Griguolo,1995,1
G. Amelino-Camelia,L. Hua,1996,1
G. Amelino-Camelia,M. Klein-Kreisler,1996,1
G. Amelino-Camelia,N. E. Mavromatos,1996,4
G. Amelino-Camelia,N. R. Bruno,2001,1
G. Amelino-Camelia,R. J. Szabo,1996,2
G. Andrei Mezincescu,Luca Mezincescu,2001,1
G. Andronico,M. Consoli,1994,1
G. Arcioni,J. L. F. Barbon,2000,1
G. Arcioni,Joaquim Gomis,2000,1
G. Arcioni,L. Gualtieri,1998,1
G. Arcioni,M. A. Vazquez-Mozo,1999,2
G. Arcioni,M. Carfora,2001,2
G. Arcioni,M. Oloughlin,2001,2
G. Arcioni,M. Trigiante,1998,1
G. Arcioni,P. Fre,1998,1
G. Arcioni,R. Dauria,1998,1
G. Arcioni,S. De Haro,2001,1
G. Arreaga,J. Guven,2001,1
G. Arreaga,R. Capovilla,2001,1
G. Arutyunov,H. Osborn,2002,1
G. Arutyunov,S. Frolov,1998,12
G. Arutyunov,S. Penati,2002,1
G. Arutyunov,S. Theisen,2000,3
G. Aubrecht,K. Tanaka,1997,1
G. Aubrecht,O. Abe,1997,1
G. B. Toder,I. L. Buchbinder,1995,5
G. B. Toder,V. D. Pershin,1995,5
G. Bandelloni,S. Lazzarini,1994,8
G. Barnich,J. Stasheff,1997,1
G. Barnich,M. Grigoriev,2001,2
G. Barnich,M. Henneaux,1993,7
G. Barnich,P. A. Grassi,2000,1
G. Barnich,P. Gregoire,1992,1
G. Barnich,R. Constantinescu,1992,1
G. Barnich,R. Fulp,1997,1
G. Barnich,R. Tatar,1993,1
G. Barnich,T. Lada,1997,1
G. Berrino,L. Martucci,2002,1
G. Berrino,S. L. Cacciatori,2002,1
G. Bertoldi,J. M. Isidro,2000,2
G. Bertoldi,M. Matone,1997,4
G. Bertoldi,P. Pasti,2000,2
G. Bhanot,I. Klebanov,1993,1
G. Bhanot,K. Demeterfi,1993,1
G. Bhattacharya,P. Mitra,1993,1
G. Bimonte,G. Esposito,2003,1
G. Bimonte,G. Landi,1994,4
G. Bimonte,G. Lozano,1994,6
G. Bimonte,G. Marmo,1993,3
G. Bimonte,G. Sparano,1994,4
G. Bimonte,K. S. Gupta,1992,4
G. Bimonte,P. Salomonson,1992,2
G. Bimonte,P. Teotonio-Sobrinho,1993,6
G. Bimonte,P. Vitale,1996,5
G. Bimonte,R. Iengo,1995,1
G. Bimonte,R. Musto,1997,4
G. Bimonte,S. Vaidya,1998,1
G. Bimonte,T. R. Govindarajan,1998,1
G. Bimonte,V. John,1998,1
G. Bohm,G. Takacs,2002,1
G. Bohm,Z. Bajnok,2002,1
G. Bonacina,M. Martellini,1992,1
G. Bonelli,L. Bonora,1998,5
G. Bonelli,M. Matone,1994,6
G. Bonelli,M. Tonin,1996,1
G. Bonelli,P. A. Marchetti,1994,2
G. Bonelli,S. Terna,1999,1
G. Bonneau,G. Valent,1994,1
G. Bonneau,P. Y. Casteill,2001,1
G. Brodimas,K. M. Aringazin,1998,1
G. Brodimas,S. Baskoutas,1998,1
G. C. Joshi,J. S. Rozowsky,2002,1
G. C. Joshi,K. C. Wali,2002,1
G. C. Joshi,R. Anderson,1994,1
G. C. Joshi,S. P. Brumby,1994,4
G. C. Nayak,V. Ravishankar,1996,1
G. C. Rossi,M. Bianchi,1994,5
G. C. Rossi,M. Martellini,1994,4
G. C. Rossi,S. Kovacs,2000,1
G. C. Rossi,Ya. S. Stanev,2000,1
G. Cammarata,R. Coquereaux,1995,1
G. Carlino,K. Konishi,1999,1
G. Carlino,N. Maggiore,1999,1
G. Carlino,N. Magnoli,1999,1
G. Catelani,L. Vanzo,2000,2
G. Catelani,M. Caldarelli,2000,1
G. Chalmers,H. Nastase,1998,1
G. Chalmers,K. Schalm,1998,1
G. Chalmers,M. Rocek,1998,1
G. Chalmers,R. Siebelink,1998,1
G. Chalmers,S. Wiles,1998,1
G. Chalmers,W. Siegel,1996,1
G. Chechelashvili,G. Jorjadze,1995,1
G. Chechelashvili,N. Kiknadze,1995,1
G. Cheng,Guo-Zhu Liu,2001,1
G. Cleaver,J. R. Espinosa,1997,1
G. Cleaver,K. Tanaka,2000,1
G. Cleaver,L. Everett,1997,1
G. Cleaver,M. Cvetic,1997,1
G. Cleaver,P. Langacker,1997,1
G. Cognola,I. L. Shapiro,1994,1
G. Cognola,L. Vanzo,1995,2
G. Cognola,S. Zerbini,1995,3
G. Cohen-Tannoudji,V. Brindejonc,1995,1
G. Cristofano,G. Maiella,2000,2
G. Cristofano,L. Cappiello,2001,1
G. Cristofano,V. Marotta,2001,2
G. Cuba,H. Belich,1997,1
G. Cuba,R. Paunov,1995,2
G. Cuoghi,L. Nocetti,2000,1
G. Curio,G. Dallagata,2002,1
G. Curio,G. L. Cardoso,2002,1
G. Curio,G. Zoupanos,2002,1
G. Curio,P. Manousselis,2002,1
G. Curio,S. Theisen,2000,1
G. Dallabona,O. A. Battistel,2000,4
G. Dallagata,G. L. Cardoso,2002,1
G. Dallagata,G. Zoupanos,2002,1
G. Dallagata,K. Behrndt,2002,1
G. Dallagata,K. Lechner,1997,2
G. Dallagata,M. Tonin,1997,2
G. Dallagata,M. Trigiante,1999,1
G. Dallagata,P. Fre,1999,1
G. Dallagata,P. Manousselis,2002,1
G. Dallagata,P. Termonia,1999,1
G. Dallagata,R. Dauria,1999,3
G. Dallagata,S. Ferrara,1999,3
G. Dallagata,S. Mahapatra,2002,1
G. Dappollonio,I. Antoniadis,1998,3
G. Dappollonio,N. Magnoli,2000,1
G. Dappollonio,R. Guida,2000,1
G. De Berredo-Peixoto,I. L. Shapiro,1999,2
G. De Berredo-Peixoto,J. A. Helayel-Neto,1999,1
G. De Risi,G. Grignani,2002,1
G. De Risi,M. Gasperini,2001,1
G. De Risi,M. Orselli,2002,1
G. Delfino,G. Mussardo,1993,11
G. Delfino,J. L. Cardy,1996,2
G. Delfino,John Cardy,2000,1
G. Delfino,P. Grinza,2002,1
G. Delfino,P. Mosconi,2002,1
G. Delfino,P. Simonetti,1994,6
G. Di Cecio,G. Paffuti,1994,1
G. Djordjevic,Lj. Nesic,2001,1
G. Domenech,M. L. Levinas,2000,1
G. Ducati,S. De Leo,1999,1
G. Dunne,J. Mannix,1997,1
G. Dunne,K. Haller,1994,1
G. Dunne,K. Lee,1998,1
G. Dunne,L. Chen,1994,1
G. Dunne,L. Griguolo,1998,1
G. Dunne,M. Moshe,1996,1
G. Dunne,S. Deser,1998,1
G. Dvali,G. Gabadadze,2000,3
G. Dvali,Ian I. Kogan,2000,1
G. Dvali,K. Farakos,1997,1
G. Dvali,M. Porrati,2000,2
G. Dvali,M. Shifman,1996,6
G. Dvali,Q. Shafi,2001,1
G. Dvali,S. Bronoff,1997,1
G. Dvali,S. Solganik,2001,1
G. E. A. Matsas,I. Brevik,1998,1
G. E. Arutyunov,I. Ya. Arefeva,1993,3
G. E. Arutyunov,P. B. Medvedev,1993,7
G. E. Arutyunov,S. A. Frolov,1996,7
G. Esposito,G. Marmo,2003,1
G. Esposito,Ivan G. Avramidi,1997,1
G. Eyal,J. Zinn-Justin,1996,1
G. Eyal,M. Moshe,1996,1
G. Eyal,S. Nishigaki,1996,1
G. Felder,J. Frohlich,1992,3
G. Felder,J. Fuchs,1999,2
G. Ferretti,I. R. Klebanov,1997,1
G. Ferretti,M. Bertolini,2001,2
G. Ferretti,M. Cederwall,1994,1
G. Ferretti,M. Trigiante,2001,1
G. Ferretti,P. Di Vecchia,2001,1
G. Ferretti,P. Fre,2001,1
G. Ferretti,P. Salomonson,2001,2
G. Ferretti,R. Marotta,2001,1
G. Ferretti,S. G. Rajeev,1992,5
G. Ferretti,U. H. Danielsson,1997,1
G. Ferretti,V. L. Campos,2001,1
G. Ferretti,Z. Yang,1992,4
G. Feverati,G. Takacs,1998,4
G. Fiore,G. Modanese,1995,1
G. Flores-Hidalgo,Rudnei O. Ramos,2002,1
G. Flynn,J. Rasmussen,2002,1
G. Flynn,M. A. Walton,2002,1
G. Flynn,M. Tahic,2002,1
G. Fulop,I. V. Tyutin,1998,1
G. G. Athanasiu,S. Nicolis,1995,1
G. G. Emch,Stephen L. Adler,1997,1
G. G. Hartwell,P. S. Howe,1994,1
G. G. Volkov,H. D. Dahmen,1997,1
G. G. Volkov,I. A. Naumov,1997,1
G. G. Volkov,T. Stroh,1997,1
G. Gabadadze,G. R. Farrar,1997,2
G. Gabadadze,M. Porrati,2000,2
G. Gabadadze,M. Schwetz,1997,2
G. Gabadadze,M. Shifman,1999,2
G. Galloway,K. Schleich,1999,1
G. Gat,R. Ray,1994,1
G. German,M. Mondragon,2000,1
G. German,Yu Jiang,1997,1
G. Geshnizjani,R. Brandenberger,2003,1
G. Geshnizjani,S. Watson,2003,1
G. Giachetta,G. Sardanashvily,1999,3
G. Giachetta,L. Mangiarotti,1999,3
G. Giavarini,H. J. De Vega,1993,1
G. Girardi,P. Binetruy,1996,2
G. Girardi,R. Grimm,1996,2
G. Grignani,G. Nardelli,1993,2
G. Grignani,G. Semenoff,1995,5
G. Grignani,G. W. Semenoff,1997,7
G. Grignani,L. D. Paniak,2000,1
G. Grignani,L. Paniak,1997,1
G. Grignani,M. Laidlaw,2002,1
G. Grignani,M. Orselli,2001,3
G. Grignani,M. Plyushchay,1995,1
G. Grignani,O. Tirkkonen,1995,3
G. Grignani,P. Orland,2000,1
G. Grignani,P. Sodano,1995,10
G. Guralnik,S. Garcia,1996,1
G. Guralnik,Z. Guralnik,1996,1
G. H. Gadiyar,R. Padma,1998,1
G. H. Lee,J. H. Yee,1994,1
G. H. Lee,S. J. Hyun,1994,1
G. Harris,G. Jungman,1995,1
G. Harris,M. Picco,1993,3
G. Harris,P. Windey,1993,3
G. Harris,V. Dotsenko,1993,1
G. Harris,V. S. Dotsenko,1994,1
G. Harris,Vl. S Dotsenko,1995,1
G. Heinrich,G. Leibbrandt,1999,1
G. Hockney,J. Lykken,1994,1
G. Hockney,Joseph D. Lykken,1995,1
G. Hockney,S. Chaudhuri,1994,1
G. Hockney,S.-W. Chung,1994,1
G. Hockney,Shyamoli Chaudhuri,1995,1
G. Horowitz,J. Horne,1992,1
G. Horowitz,M. Fabinger,2002,1
G. Horowitz,O. Aharony,2002,1
G. I. Ghandour,T. L. Curtright,1995,1
G. J. Galloway,S. Surya,2001,2
G. J. Olmo,J. Navarro-Salas,2002,1
G. Japaridze,J. Gegelia,1995,3
G. Japaridze,K. Turashvili,1995,2
G. Japaridze,N. Kiknadze,1995,2
G. Jorjadze,G. Weigt,2000,2
G. Jorjadze,N. Kiknadze,1995,1
G. Juettner,J. Suzuki,1997,1
G. Juettner,M. Karowski,1994,1
G. K. Bathas,G. K. Savvidy,1995,1
G. K. Bathas,K. G. Savvidy,1995,1
G. K. Leontaris,J. Rizos,1999,1
G. K. Leontaris,N. D. Tracas,1996,1
G. K. Leontaris,N. E. Mavromatos,1999,2
G. K. Leontaris,R. Tzani,1997,1
G. K. Savvidy,G. Koutsoumbas,1996,2
G. K. Savvidy,J. Ambjorn,1996,1
G. K. Savvidy,K. G. Savvidy,1993,10
G. K. Savvidy,P. G. Savvidy,1994,1
G. K. Savvidy,R. Schneider,1994,1
G. Kang,Y. S. Myung,2000,2
G. Kaniadakis,P. Quarati,1995,3
G. Kofinas,I. Pappa,2001,1
G. Kofinas,N. Tetradis,2002,1
G. Kofinas,T. N. Tomaras,2002,1
G. Kofinas,V. Zamarias,2002,2
G. Kofinas,V. Zarikas,2002,1
G. Konisi,M. Nakahara,1998,1
G. Konisi,T. Saito,1998,1
G. Konisi,Z. Maki,1998,1
G. Korchemsky,I. I. Kogan,2002,1
G. Koutsoumbas,J. Alexandre,2000,1
G. Koutsoumbas,K. Farakos,2000,2
G. Koutsoumbas,K. G. Savvidy,1996,2
G. Koutsoumbas,P. Dimopoulos,2000,1
G. Koutsoumbas,P. Mayr,1994,1
G. Kunstatter,J. Gegenberg,1993,7
G. Kunstatter,J. Mottershead,1999,1
G. Kunstatter,M. E. Carrington,1999,2
G. Kunstatter,R. Kobes,1999,1
G. Kunstatter,V. Frolov,1999,1
G. Kunstatter,W. F. Chen,1999,1
G. L. Cardoso,G. Zoupanos,2002,1
G. L. Cardoso,J. Kappeli,2000,3
G. L. Cardoso,P. Manousselis,2002,1
G. L. Cardoso,T. Mohaupt,2000,3
G. L. Rossini,L. F. Cugliandolo,1992,1
G. L. Rossini,R. E. Gamboa Saravi,1994,1
G. Lambiase,G. Papini,1997,3
G. Lambiase,G. Scarpetta,1997,8
G. Lambiase,G. Vitiello,2002,1
G. Lambiase,H. Kleinert,1996,1
G. Lambiase,L. Hadasz,1999,1
G. Lambiase,M. Bordag,1998,1
G. Lambiase,V. V. Nesterenko,1995,12
G. Landi,G. Marmo,1993,1
G. Landi,G. Sparano,1994,4
G. Landi,G. Vilasi,1993,1
G. Landi,J. Grabowski,1993,1
G. Landi,P. Teotonio-Sobrinho,1994,4
G. Landi,R. J. Szabo,1998,2
G. Lavrelashvili,M. Heusler,1996,1
G. Lavrelashvili,M. S. Volkov,1995,2
G. Lavrelashvili,N. Straumann,1995,2
G. Lavrelashvili,O. Brodbeck,1995,2
G. Lavrelashvili N. Straumann,M. Heusler,1996,1
G. Lavrelashvili N. Straumann,M. S. Volkov,1996,1
G. Lavrelashvili N. Straumann,O. Brodbeck,1996,1
G. Leibbrandt,W. F. Chen,2000,1
G. Lifschytz,J. Sonnenschein,2001,1
G. Lifschytz,M. E. Ortiz,1994,1
G. Lifschytz,M. R. Gaberdiel,1997,2
G. Lifschytz,O. Bergman,1997,2
G. Lifschytz,R. Brooks,1994,1
G. Lifschytz,S. D. Mathur,1994,1
G. Lifschytz,Y. Kinar,2001,1
G. Longhi,M. Materassi,1998,2
G. Lopes Cardoso,I. Gaida,1997,1
G. Lopes Cardoso,K. Behrndt,1996,2
G. Lopes Cardoso,R. Kallosh,1996,1
G. Lopes Cardoso,T. Mohaupt,1994,3
G. Lopes Cardoso,Thomas Mohaupt,1994,1
G. Lozano,H. Min,1992,1
G. Lozano,M. Leblanc,1992,1
G. Lozano,N. Rius,1993,1
G. Lozano,O. Bergman,1993,1
G. Lozano,R. Iengo,1995,1
G. Luzon,J. L. Lopez,1994,3
G. Luzon,M. Asorey,1994,4
G. M. Cicuta,G. Vernizzi,2001,1
G. M. Cicuta,L. Molinari,1994,2
G. M. Cicuta,S. Stramaglia,1994,2
G. M. Gandenberger,G. M. T. Watts,1995,1
G. M. Gandenberger,N. J. Mackay,1995,3
G. M. Graf,J. Froehlich,1999,1
G. M. Graf,J. Hoppe,1998,3
G. M. Graf,S.-T. Yau,1999,1
G. M. Obrien,K. Arthur,1996,1
G. M. Prosperi,N. Brambilla,1994,2
G. M. Prosperi,P. Consoli,1994,1
G. M. Schuetz,M. E. Fouladvand,2002,1
G. M. Schuetz,V. Popkov,2002,1
G. M. Shore,H. Osborn,1999,1
G. M. Shore,R. D. Daniels,1993,1
G. M. Sotkov,I. Cabrera-Carnero,2001,2
G. M. Sotkov,J. F. Gomes,1998,13
G. M. T Watts,I. Runkel,2001,1
G. M. T Watts,K. Graham,2001,1
G. M. T. Watts,G. Takacs,1996,2
G. M. T. Watts,H. G. Kausch,1992,2
G. M. T. Watts,I. Runkel,2000,4
G. M. T. Watts,K. Graham,2000,1
G. M. T. Watts,M. Pillin,2000,2
G. M. T. Watts,M. R. Gaberdiel,2001,1
G. M. T. Watts,N. J. Mackay,1995,1
G. M. T. Watts,P. Bowcock,1992,2
G. M. T. Watts,P. Dorey,2000,2
G. M. T. Watts,R. Tateo,2000,2
G. M. T. Watts,V. B. Petkova,1999,1
G. M. Zinovjev,M. I. Gorenstein,1998,1
G. M. Zinovjev,S. V. Mashkevich,1993,1
G. M. Zinovjev,V. P. Shelest,1998,1
G. M. Zinovjev,Yu. A. Sitenko,1998,1
G. Mack,V. Schomerus,1994,1
G. Maiella,L. Cappiello,2001,1
G. Maiella,V. Marotta,2001,1
G. Mangano,G. Miele,1996,3
G. Mangano,G. Sparano,1996,3
G. Mangano,R. B. Mann,1994,1
G. Marchesini,M. Bonini,1993,8
G. Marchesini,M. Dattanasio,1993,6
G. Marchesini,M. Simionato,1996,1
G. Marmo,G. Sparano,1993,1
G. Marmo,G. Vilasi,1993,2
G. Marmo,J. Beckers,2001,1
G. Marmo,J. F. Cari~Nena,2001,1
G. Marmo,J. Grabowski,1993,1
G. Marmo,J. Guerrero,1995,1
G. Marmo,J. M. Gracia-Bondia,2001,1
G. Marmo,K. S. Gupta,1993,1
G. Marmo,N. Debergh,2001,1
G. Marmo,P. Salomonson,1993,1
G. Marmo,P. Vitale,1993,3
G. Marmo,S. Solimeno,1993,1
G. Marmo,V. Aldaya,1995,1
G. Marmo,V. I. Manko,1993,3
G. Mccartor,J. R. Hiller,1998,3
G. Mccartor,M. Morara,1999,1
G. Mccartor,R. Soldati,1999,1
G. Mccartor,S. J. Brodsky,1998,3
G. Mccartor,S. S. Pinsky,1996,1
G. Mccartor,Y. Nakawaki,2000,2
G. Melkonyan,H. Jirari,2001,1
G. Melkonyan,H. Kroger,2001,1
G. Melkonyan,K. J. M. Moriarty,2001,1
G. Melkonyan,X. Q. Luo,2001,1
G. Michaud,J. C. Breckenridge,1996,2
G. Michaud,R. C. Myers,1996,3
G. Miele,G. Sparano,1996,3
G. Miele,R. Fedele,1995,1
G. Miele,S. De Nicola,1995,1
G. Miele,V. I. Manko,1995,1
G. Milovanovic,J. Knapp,2003,1
G. Milovanovic,M. Hillbrand,2003,1
G. Milovanovic,M. Schweda,2003,1
G. Milovanovic,R. Schofbeck,2003,1
G. Milovanovic,V. Putz,2003,1
G. Modanese,P. Menotti,1992,1
G. Moore,H. Verlinde,1996,1
G. Moore,J. A. Harvey,1995,6
G. Moore,M. Berkooz,1995,1
G. Moore,M. Henningson,1996,1
G. Moore,N. Nekrasov,1995,4
G. Moore,N. Read,1992,1
G. Moore,P. J. Steinhardt,1995,1
G. Moore,R. Dijkgraaf,1992,3
G. Moore,R. Minasian,1998,2
G. Moore,R. Plesser,1992,2
G. Moore,S. H. Shenker,1995,1
G. Moore,S. Kachru,1999,1
G. Moore,S. Shatashvili,1995,4
G. Moore,T. Banks,1995,1
G. Morchio,J. E. Roberts,1997,1
G. Morchio,J. Loeffelholz,1995,1
G. Morchio,J. Loffelholz,1994,1
G. Morchio,S. Doplicher,1997,1
G. Mussardo,H. Saleur,1995,1
G. Mussardo,John Cardy,1993,1
G. Mussardo,P. Grinza,2002,1
G. Mussardo,P. Mosconi,2001,2
G. Mussardo,P. Pujol,1997,1
G. Mussardo,P. Simon,1999,2
G. Mussardo,P. Simonetti,1992,8
G. Mussardo,R. Konik,1995,1
G. Mussardo,S. Penati,1999,1
G. Mussardo,S. Skorik,1995,1
G. Mussardo,V. Riva,2001,1
G. N. J. Ananos,M. B. Silva Neto,1997,1
G. N. J. Ananos,N. F. Svaiter,1997,2
G. N. J. A~Na~Nos,N. F. Svaiter,1998,2
G. N. Stratopoulos,T. N. Tomaras,1994,2
G. Nardelli,L. Griguolo,1995,2
G. Nardelli,M. Peloso,1999,1
G. Nardelli,R. Begliuomini,1998,2
G. Oleaga,S. A. Pernice,1996,1
G. Oliveira-Neto,J. Ananias Neto,2000,1
G. Oliveira-Neto,W. Oliveira,2000,2
G. Olshanskii,M. Nazarov,1994,1
G. Ordaz,S. Niermann,1996,1
G. Ordaz,Y. Meurice,1996,1
G. P. Korchemsky,I. M. Krichever,1997,1
G. P. Korchemsky,J. Kotanski,2002,1
G. P. Korchemsky,L. D. Faddeev,1994,1
G. P. Korchemsky,S. E. Derkachov,2001,4
G. P. Pronko,I. Antoniou,2001,1
G. P. Pronko,Yu. G. Stroganov,1998,2
G. Paffuti,V. Cirigliano,1997,1
G. Palma,L. Vergara,1995,1
G. Papadopoulos,G. W. Gibbons,1997,3
G. Papadopoulos,J. G. Russo,2002,1
G. Papadopoulos,J. Gillard,2003,1
G. Papadopoulos,J. Gutowski,1998,10
G. Papadopoulos,J. M. Izquierdo,1995,2
G. Papadopoulos,J. P. Gauntlett,1997,1
G. Papadopoulos,J. Russo,1999,1
G. Papadopoulos,K. S. Stelle,1997,1
G. Papadopoulos,M. B. Green,1995,3
G. Papadopoulos,M. De Roo,1996,1
G. Papadopoulos,M. S. Costa,1996,1
G. Papadopoulos,N. D. Lambert,1995,2
G. Papadopoulos,P. K. Townsend,1993,14
G. Papadopoulos,P. S. Howe,1992,5
G. Papadopoulos,R. Kallosh,1997,1
G. Papadopoulos,S. Ivanov,2000,1
G. Papadopoulos,T. Ortin,1997,1
G. Papadopoulos,W. Machin,2002,1
G. Papadopoulos P. C. West,P. S. Howe,1994,1
G. Papini,G. Scarpetta,1997,2
G. Pettini,M. Modugno,1994,1
G. Pettini,R. Casalbuoni,1994,1
G. Pettini,R. Gatto,1994,1
G. Piacitelli,K. Fredenhagen,2002,2
G. Piacitelli,S. Doplicher,2002,2
G. Pinter,K. Bresser,1999,1
G. Polhemus,M. Barrio,1998,1
G. Polhemus,R. Helling,1998,1
G. Policastro,M. Porrati,2000,3
G. Policastro,P. A. Grassi,2000,8
G. Policastro,P. Van Nieuwehuizen,2002,1
G. Policastro,P. Van Nieuwenhuizen,2001,5
G. Pollifrone,G. Veneziano,1998,2
G. Pradisi,M. Bianchi,1996,1
G. Pradisi,Ya. S. Stanev,1995,3
G. Preparata,I. Spagnolatti,1997,1
G. Preparata,S. Cacciatori,1997,1
G. Preparata,S. Rovelli,1997,1
G. Preparata,She-Sheng Xue,1997,1
G. Profilo,G. Soliani,1996,1
G. Profilo,M. S. Causo,1996,1
G. R. Farrar,M. Schwetz,1997,2
G. R. Maktabdaran,M. R. Garousi,2002,1
G. R. Zemba,G. V. Dunne,1992,2
G. R. Zemba,M. Frau,1996,2
G. R. Zemba,R. Caracciolo,1995,2
G. R. Zemba,S. Sciuto,1996,2
G. Rajasekaran,R. P. Malik,1997,1
G. Rajesh,K. Dasgupta,2000,1
G. Rajesh,M. Majumdar,2001,1
G. Rajesh,O. J. Ganor,2000,1
G. Rajesh,P. Martineau,2001,1
G. Rajesh,R.-J. Zhang,2001,2
G. Rideau,P. Winternitz,1994,1
G. Roepke,H.-P. Pavel,1995,1
G. Roepke,V. N. Pervushin,1995,2
G. Roepke,V. Pervushin,2000,1
G. Rollet,J-M. Maillard,1992,2
G. Rollet,M. P. Bellon,1992,1
G. Rollet,S. Boukraa,1994,1
G. Ropke,H.-P. Pavel,1998,3
G. Rudolph,I. P. Volobuev,2002,1
G. Rudolph,J. Kijowski,1996,4
G. Rudolph,M. Rudolph,1996,3
G. Rudolph,M. Schmidt,2002,1
G. Rudolph,P. D. Jarvis,2003,1
G. S. Danilov,I. T. Dyatlov,1995,1
G. S. Danilov,V. Yu. Petrov,1995,1
G. S. Dias,J. A. Helayel-Neto,2002,1
G. S. Dias,R. De Lima Rodrigues,2002,1
G. S. Djordjevic,L. Nesic,2001,1
G. S. Djordjevic,Lj. Nesic,2000,1
G. S. Guralnik,John W. Lawson,1995,2
G. S. Guralnik,Stephen C. Hahn,1998,2
G. S. Krishnaswami,L. Akant,2001,2
G. S. Krishnaswami,S. G. Rajeev,2001,2
G. S. Pogosyan,L. G. Mardoyan,1994,1
G. S. Pogosyan,M. Kibler,1994,1
G. Sabella,P. Merlatti,2000,1
G. Sabella,R. Marotta,2000,1
G. Sabella,R. Pettorino,2000,1
G. Salesi,H. Hernandez F.,1998,1
G. Salesi,L. C. Kretly,1998,1
G. Sardanashvily,L. Mangiarotti,1999,5
G. Sartori,G. Valente,1995,2
G. Sartori,V. Talamini,1995,1
G. Savvidy,K. Savvidy,1992,2
G. Savvidy,R. Manvelyan,2001,2
G. Scarpetta,V. V. Nesterenko,1994,8
G. Scharf,M. Wellmann,1999,1
G. Schieber,R. Coquereaux,2002,1
G. Schierholz,H. Stuben,1997,1
G. Schierholz,M. Gockeler,1997,1
G. Schierholz,P. Rakow,1997,1
G. Schierholz,R. Horsley,1997,1
G. Schierholz,V. Linke,1997,1
G. Semenoff,K. Zarembo,1996,1
G. Semenoff,M. Dobroliubov,1993,1
G. Semenoff,N. Weiss,1993,1
G. Semenoff,O. Tirkkonen,1995,4
G. Semenoff,P. Sodano,1995,5
G. Servant,J. Cline,1999,1
G. Servant,S. A. Abel,2000,1
G. Sh. Japaridze,K. Sh. Turashvili,1999,1
G. Sierra,J. M. Roman,2003,1
G. Sierra,M. A. Martin-Delgado,1999,1
G. Sierra,R. Cuerno,1992,2
G. Silva,H. R. Christiansen,1999,1
G. Silva,N. Grandi,1999,2
G. Silva,R. L. Pakman,1999,1
G. Silva,S. Gonorazky,1998,2
G. Siopsis,J. Avery,2001,1
G. Siopsis,R. Mahurin,2001,1
G. Smet,H. Verschelde,2001,1
G. Smet,K. Van Acoleyen,2001,1
G. Smet,T. Vanzielighem,2001,1
G. Soff,I. Nandori,2002,1
G. Soff,K. Sailer,2002,1
G. Soff,U. D. Jentschura,2002,1
G. Soliani,L. Martina,1993,5
G. Soliani,L. Solombrino,1996,2
G. Soliani,M. Leo,1999,1
G. Soliani,M. S. Causo,1996,1
G. Soliani,O. K. Pashaev,1993,5
G. Soliani,P. Tempesta,1999,1
G. Soliani,R. A. Leo,1998,2
G. Soliani,V. Grassi,1998,1
G. Sotkov,M. C. B. Abdalla,1993,1
G. Sotkov,M. Stanishkov,1993,1
G. Sparano,P. Teotonio-Sobrinho,1994,4
G. Sparano,P. Vitale,1993,2
G. Sparano,S. G. Rajeev,1993,1
G. Stoenescu,V. Calian,2000,1
G. T. Gillies,M. Bordag,1997,1
G. T. Gillies,V. M. Mostepanenko,1997,1
G. T. Horowitz,G. W. Gibbons,1995,1
G. T. Horowitz,H. F. Dowker,1995,1
G. T. Horowitz,J. M. Maldacena,1996,1
G. T. Horowitz,J. P. Gauntlett,1995,1
G. Takacs,G. Watts,2002,1
G. Takacs,G. Zs. Toth,2001,1
G. Takacs,H. G. Kausch,1996,1
G. Takacs,L. Palla,1992,9
G. Takacs,Z. Bajnok,1992,10
G. Takacs,Z. Horvath,1996,1
G. Tasinato,I. Zavala,2001,4
G. Tasinato,P. Martineau,2003,1
G. Tasinato,S.-J. Rey,2002,1
G. Theodoridis,J. Isberg,1993,1
G. Theodoridis,U. Lindstrom,1993,1
G. Thompson,J. F. Morales,1998,1
G. Thompson,K. S. Narain,1998,1
G. Thompson,M. Blau,1993,1
G. Thorleifsson,J. Ambjorn,1992,3
G. Thorleifsson,M. Bowick,1996,1
G. Thorleifsson,M. J. Bowick,1996,1
G. Thorleifsson,S. Jain,1993,1
G. Thorleifsson,S. M. Catterall,1996,1
G. Thorleifsson,T. Jonsson,1992,1
G. Thorleifsson,V. John,1996,1
G. Tieber,W. Kummer,1998,1
G. Tsitsishvili,K. Hasebe,2002,1
G. Tsitsishvili,M. Eliashvili,1995,4
G. Tsitsishvili,Z. F. Ezawa,2002,1
G. Tzamtzis,P. Bowcock,2002,1
G. Unel,M. Arik,1996,1
G. V. Bhanot,J. D. Weckel,1993,1
G. V. Bhanot,S. L. Adler,1993,1
G. V. Dunne,I. J. R. Aitchison,2000,1
G. V. Efimov,S. N. Nedelko,1998,1
G. V. Gersdorff,M. Quiros,2001,4
G. V. Gersdorff,N. Irges,2002,1
G. V. Grigoriyn,R. P. Grigoryan,1993,1
G. V. Grigoryan,I. V. Tyutin,1996,1
G. V. Grigoryan,R. P. Grigoryan,1996,2
G. V. Grigoryan,S. A. Arakelyan,1999,1
G. V. Kalinin,Ilinski,1995,1
G. V. Kalinin,K. N. Ilinski,1994,3
G. V. Kalinin,V. S. Kapitonov,1995,1
G. V. Kalinin,V. V. Melezhik,1994,1
G. Valent,P. Y. Casteill,2000,1
G. Veneziano,J. Maharana,1992,2
G. Veneziano,K. A. Meissner,1995,3
G. Veneziano,K. Meissner,1997,1
G. Veneziano,M. Fabbrichesi,1993,1
G. Veneziano,M. Gasperini,1992,15
G. Veneziano,M. Giovannini,1995,5
G. Veneziano,M. Maggiore,1996,1
G. Veneziano,M. Shifman,2003,1
G. Veneziano,R. Brustein,1995,6
G. Veneziano,R. Madden,1999,1
G. Veneziano,R. Pettorini,1993,1
G. Veneziano,S. Elitzur,1994,1
G. Veneziano,S. Foffa,2001,1
G. Veneziano,T. Damour,1998,2
G. Veneziano,V. Bozza,2001,3
G. Veneziano,V. Branchina,2002,1
G. Veneziano,V. F. Mukhanov,1995,1
G. Venturi,R. Casadio,2000,1
G. Vernizzi,J. Ambjorn,2001,1
G. Vernizzi,J. F. Wheater,2002,1
G. Vernizzi,J. Jurkiewicz,2001,1
G. Vernizzi,J. Nishimura,2000,1
G. Vernizzi,L. Molinari,2001,1
G. Vernizzi,R. Loll,2001,1
G. Vilasi,J. Grabowski,1993,1
G. Violero,L. E. Ibanez,1997,2
G. Vitiello,M. Blasone,1996,2
G. Vitiello,M. Rasetti,1993,3
G. Vitiello,O. K. Pashaev,1996,1
G. Vitiello,R. Manka,1997,1
G. Vitiello,S. De Martino,1993,2
G. Vitiello,S. De Siena,1993,2
G. Vitiello,Y. N. Srivastava,1995,1
G. Volkov,I. Naumov,1996,1
G. Volkov,J. Ellis,2000,4
G. Von Gehlen,Shi-Shyr Roan,2001,1
G. W. Delius,M. T. Grisaru,1992,3
G. W. Delius,N. J. Mackay,2001,1
G. W. Delius,P. Baseilhac,2001,1
G. W. Delius,P. Van Nieuwenhuizen,1992,1
G. W. Delius,Rafael I. Nepomechie,2002,1
G. W. Gibbons,Gary T. Horowitz,1994,1
G. W. Gibbons,H. F. Dowker,1995,1
G. W. Gibbons,H. Lu,2000,16
G. W. Gibbons,J. Barrett,1993,1
G. W. Gibbons,J. P. Gauntlett,1995,2
G. W. Gibbons,J. Traschen,1993,1
G. W. Gibbons,J. W. Van Holten,1993,1
G. W. Gibbons,James T. Liu,2001,1
G. W. Gibbons,K. S. Stelle,1997,2
G. W. Gibbons,L. A. J. London,1993,1
G. W. Gibbons,L. Andrianopoli,2000,1
G. W. Gibbons,M. Banados,1999,1
G. W. Gibbons,M. Cvetic,2000,14
G. W. Gibbons,M. Derix,2000,1
G. W. Gibbons,M. E. Ortiz,1992,1
G. W. Gibbons,M. J. Duff,1994,1
G. W. Gibbons,M. J. Perry,1993,1
G. W. Gibbons,M. M. Akbar,2003,1
G. W. Gibbons,Mirjam Cvetic,2001,1
G. W. Gibbons,N. D. Lambert,2000,1
G. W. Gibbons,P. J. Ruback,1993,1
G. W. Gibbons,P. K. Townsend,1993,7
G. W. Gibbons,P. Rychenkova,1996,3
G. W. Gibbons,P. Wagner,2002,1
G. W. Gibbons,R. E. Kallosh,1994,1
G. W. Gibbons,R. Emparan,1998,1
G. W. Gibbons,R. H. Rietdijk,1993,1
G. W. Gibbons,S. A. Hartnoll,2002,1
G. W. Gibbons,S. Deser,1998,1
G. W. Gibbons,S. Ichinose,1999,1
G. W. Gibbons,T. M. Samols,1992,1
G. W. Gibbons,Z. W. Chong,2002,1
G. W. Semenoff,I. A. Shovkovy,1999,1
G. W. Semenoff,I. I. Kogan,1992,4
G. W. Semenoff,J. Ambjorn,1998,3
G. W. Semenoff,J. Erickson,1999,1
G. W. Semenoff,J. K. Erickson,1999,2
G. W. Semenoff,J. Plefka,2002,2
G. W. Semenoff,K. Zarembo,1996,5
G. W. Semenoff,L. C. R. Wijewardhana,1999,1
G. W. Semenoff,L. D. Paniak,1995,5
G. W. Semenoff,L. Paniak,1997,1
G. W. Semenoff,M. I. Dobroliubov,1992,2
G. W. Semenoff,M. Laidlaw,2001,3
G. W. Semenoff,M. Orselli,2001,2
G. W. Semenoff,M. Staudacher,2002,2
G. W. Semenoff,N. Beisert,2002,1
G. W. Semenoff,N. Weiss,1992,3
G. W. Semenoff,P. Orland,2000,1
G. W. Semenoff,P. Sodano,1997,3
G. W. Semenoff,R. J. Szabo,1995,5
G. W. Semenoff,S. Jaimungal,1997,2
G. W. Semenoff,Y. M. Makeenko,2000,1
G. W. Semenoff,Yu. M. Makeenko,1998,1
G. W. Semenoff,Yu. Makeenko,1993,2
G. Watts,R Weston,1992,1
G. Weidl,V. A. Kudryavtsev,1996,1
G. X. Ju,H. Y. Guo,1996,1
G. X. Ju,J. F. Cai,1996,1
G. X. Ju,K. Wu,1996,1
G. X. Ju,S. K. Wang,1996,1
G. Zoupanos,P. Manousselis,2002,1
G. Zoupanos.,J. Madore,1995,1
G. Zoupanos.,J. Mourad,1995,1
G. Zs. Toth,L. Palla,2001,1
G. Zs. Toth,Z. Bajnok,2001,1
Gabor Etesi,Tamas Hausel,2000,3
Gabor Kunstatter,Saurya Das,2001,3
Gabor Papp,Hans-Christian Pauli,1998,1
Gabor Papp,Ismail Zahed,1997,1
Gabor Papp,Maciej A. Nowak,1997,1
Gabor Papp,Romuald A. Janik,1997,1
Gabor Takacs,Zalan Horvath,1995,1
Gabriel German,Joaquin Escalona,1995,1
Gabriel German,Manuel Torres,1995,1
Gabriel H. Flores,N. F. Svaiter,1999,3
Gabriel H. Flores,Rudnei O. Ramos,1999,1
Gabriel Lopes Cardoso,Gianguido Dallagata,2001,2
Gabriel Lopes Cardoso,Gottfried Curio,1995,4
Gabriel Lopes Cardoso,Ioannis Bakas,1997,1
Gabriel Lopes Cardoso,Klaus Behrndt,1998,2
Gabriel Lopes Cardoso,Michele Bourdeau,1997,2
Gabriel Lopes Cardoso,Soo-Jong Rey,1995,2
Gabriel Lopes Cardoso,Thomas Mohaupt,1994,15
Gabriel Lopes Cardoso,Wafic A. Sabra,1998,1
Gabriel Nagy,Piotr T. Chrusciel,2000,1
Gabriel Y. H. Avossevou,Jan Govaerts,2002,1
Gabriele Ferretti,Henric Larsson,2000,1
Gabriele Ferretti,Irina Ya. Arefeva,1998,1
Gabriele Ferretti,Jussi Kalkkinen,1997,2
Gabriele Ferretti,Marco Fabbrichesi,1998,2
Gabriele Ferretti,Martin Cederwall,1994,2
Gabriele Ferretti,Par Stjernberg,1997,1
Gabriele Ferretti,Per Salomonson,1995,2
Gabriele Ferretti,Rainer Heise,2002,3
Gabriele Ferretti,Riccardo Argurio,2002,3
Gabriele Ferretti,Roberto Iengo,1998,2
Gabriele Ferretti,Ulf H. Danielsson,1996,4
Gabriele Ferretti,Vanicson L. Campos,2000,5
Gabriele Honecker,Ralph Schreyer,2000,2
Gabriele Honecker,Stefan Forste,2000,2
Gabriele Travaglini,Marco Matone,1997,1
Gabriele Travaglini,Timothy J. Hollowood,2001,1
Gabriele Travaglini,Ugo Bruzzo,2000,1
Gabriele Travaglini,Valentin V. Khoze,2000,8
Gabriele Veneziano,Thibault Damour,1999,1
Gabriele Veneziano,Valerio Bozza,2000,1
Gaetano Bertoldi,Marco Matone,1999,1
Gaetano Fiore,Peter Schupp,1995,2
Gaetano Lambiase,Giuseppe Vitiello,2001,1
Gaku Konisi,Kunihiko Uehara,1996,1
Gaku Konisi,Takesi Saito,1996,5
Gaku Konisi,Yutaka Tada,1997,1
Galen Sotkov,Marian Stanishkov,1993,1
Galliano Valent,Pierre-Yves Casteill,2001,2
Gang Tian,Yi-Hong Gao,2000,1
Garnik G. Alexanian,Pedro J. Silva,2002,1
Gary Felder,Lev Kofman,2001,3
Gary Gibbons,Gary Horowitz,1995,1
Gary Gibbons,Jerome Gauntlett,1995,1
Gary Gibbons,Kentaro Hori,2000,1
Gary Gibbons,Koji Hashimoto,2002,1
Gary Gibbons,Paul Sutcliffe,2002,2
Gary Gibbons,Paulina Rychenkova,2002,1
Gary Gibbons,Piljin Yi,2000,2
Gary Gibbons,Renata Kallosh,1996,2
Gary Gibbons,Richard Battye,2002,2
Gary Gibbons,Robert Caldwell,1996,1
Gary Gibbons,Samir D. Mathur,1996,1
Gary Gibbons,Sean A. Hartnoll,2002,1
Gary Gibbons,Sumit R. Das,1996,1
Gary Horowitz,Jerome Gauntlett,1995,1
Gary Horowitz,Juan Maldacena,1996,1
Gary Kleppe,R. P. Woodard,1992,1
Gary Mccartor,Yuji Nakawaki,1999,3
Gary N. Felder,Lev Kofman,2001,1
Gary Shiu,Ioannis Papadimitriou,2002,1
Gary Shiu,Ira Wasserman,2002,3
Gary Shiu,Jens Erler,2001,1
Gary Shiu,Koenraad Schalm,2000,3
Gary Shiu,Mirjam Cvetic,2001,5
Gary Shiu,Paul Langacker,2002,1
Gary Shiu,Raul Rabadan,2002,1
Gary Shiu,Richard Easther,2001,2
Gary Shiu,S.-H. Henry Tye,1996,10
Gary Shiu,William H. Kinney,2001,2
Gary Shiu,Yan Vtorov-Karevsky,1997,1
Gary Shiu,Zurab Kakushadze,1996,7
Gary T. Horowitz,Haisong Yang,1997,1
Gary T. Horowitz,Henriette Elvang,2002,1
Gary T. Horowitz,Hirosi Ooguri,1998,1
Gary T. Horowitz,Ian Low,2000,1
Gary T. Horowitz,Indrajit Mitra,2001,1
Gary T. Horowitz,James Bardeen,1999,1
Gary T. Horowitz,James H. Horne,1992,2
Gary T. Horowitz,Jerome P. Gauntlett,1993,1
Gary T. Horowitz,Joseph Polchinski,1996,3
Gary T. Horowitz,Kengo Maeda,2001,4
Gary T. Horowitz,Leonard Susskind,2000,1
Gary T. Horowitz,Michael R. Douglas,1998,1
Gary T. Horowitz,N. Itzhaki,1999,1
Gary T. Horowitz,Oliver Dewolfe,2001,1
Gary T. Horowitz,P. K. Townsend,1994,1
Gary T. Horowitz,Robert C. Myers,1998,4
Gary T. Horowitz,Roberto Emparan,1999,3
Gary T. Horowitz,Simon F. Ross,1997,3
Gary T. Horowitz,Steven B. Giddings,1993,1
Gary T. Horowitz,Steven S. Gubser,2001,1
Gary T. Horowitz,Ted Jacobson,2001,1
Gary T. Horowitz,Thomas Hertog,2003,1
Gary T. Horowitz,Tom Banks,1998,1
Gary T. Horowitz,Tsukasa Tada,1996,1
Gary T. Horowitz,Veronika E. Hubeny,1999,3
Gary W. Gibbons,Jerome P. Gauntlett,2000,2
Gary W. Gibbons,Koji Hashimoto,2000,1
Gary W. Gibbons,Laura Andrianopoli,1999,1
Gary W. Gibbons,Malcolm J. Perry,1992,2
Gary W. Gibbons,Martijn Derix,1999,1
Gary W. Gibbons,Michael B. Green,1995,1
Gary W. Gibbons,Paul K. Townsend,2000,2
Gary W. Gibbons,Renata Kallosh,1996,2
Gary W. Gibbons,Sergio Ferrara,1996,2
Gary W. Gibbons,Tetsuya Shiromizu,2002,2
Gautam Mandal,Justin R. David,1996,6
Gautam Mandal,K. P. Yogendran,1999,2
Gautam Mandal,Nemani V. Suryanarayana,2002,1
Gautam Mandal,P. Ramadevi,1997,1
Gautam Mandal,Philippe Brax,2000,1
Gautam Mandal,Porus Lakdawala,1994,1
Gautam Mandal,Sachindeo Vaidya,1999,1
Gautam Mandal,Soo-Jong Rey,2000,2
Gautam Mandal,Spenta R. Wadia,1992,24
Gautam Mandal,Spenta Wadia,2001,1
Gautam Mandal,Yaron Oz,2000,1
Gautam Sengupta,Moninder Singh Modgil,2001,1
Gautam Sengupta,S. Pratik Khastgir,1992,1
Gautam Sengupta,Sukanta Panda,2001,1
Gautam Sengupta,Supriya K. Kar,1992,1
Gautam Sengupta,Supriya Kar,1992,2
Gen Yoneda,Takesi Suzuki,2000,1
Genevieve Rollet,Jean Avan,1995,1
Geng Cheng,Guo-Zhu Liu,2002,1
Gennaro Miele,Giampiero Esposito,1996,1
Gennaro Miele,Gianpiero Mangano,2000,2
Gennaro Miele,Lara De Nardo,1996,2
Gennaro Miele,Marco Peloso,2002,1
Gennaro Miele,Patrizia Vitale,1996,1
Geoff Harris,Leping Han,1992,1
Geoff Harris,Mark Bowick,1992,1
Geoff Harris,Paul Coddington,1992,1
Geoffrey F. Chew,Henry P. Stapp,2001,1
Geoffrey Harris,Konstantinos Anagnostopoulos,1993,1
Geoffrey Harris,Leping Han,1993,1
Geoffrey Harris,Marco Falcioni,1993,2
Geoffrey Harris,Mark Bowick,1993,2
Geoffrey Harris,Paul Coddington,1993,1
Geon Hyoung Lee,Jae Hyung Yee,1997,2
Geon Hyoung Lee,Tack Hwi Lee,1998,1
Georg Junker,John R. Klauder,1998,1
Georg Junker,Stephan Matthiesen,1995,1
Georg M. Gandenberger,Gustav W. Delius,1999,1
George Chechelashvili,George Jorjadze,1999,1
George E. A. Matsas,Sandro S. Costa,1996,1
George Ellis,Reza Tavakol,1999,1
George Georgiou,Valentin V. Khoze,2003,1
George Hockney,Joseph D. Lykken,1995,1
George Hockney,Shyamoli Chaudhuri,1995,1
George Jaroszkiewicz,Keith Norton,1997,5
George Jaroszkiewicz,Vladimir Nikolaev,2001,1
George Jorjadze,Gerhard Weigt,2001,4
George Jorjadze,Wlodzimierz Piechocki,1997,2
George K. Savvidy,Konstantin G. Savvidy,2000,1
George K. Savvidy,Roland Kirschner,2000,1
George K. Savvidy,Thordur Jonsson,1999,1
George Leibbrandt,Jimmy D. Williams,1999,1
George Leibbrandt,Jimmy Williams,1994,2
George Leibbrandt,Mark Staley,1995,1
George Papadopoulos,Jan Pieter Van Der Schaar,1998,1
George Papadopoulos,Jose Figueroa-Ofarrill,2001,5
George Papadopoulos,Martin Oloughlin,2003,1
George Papadopoulos,Matthias Blau,2001,4
George Papadopoulos,Paul Sutcliffe,1999,1
George Papadopoulos,Theodora Ioannidou,1999,1
George Siopsis,Scott Ness,2002,1
George Siopsis,Suphot Musiri,2000,3
George Thompson,Ian Jermyn,1996,1
George Thompson,K. S. Narain,2001,1
George Thompson,Matthias Blau,1993,11
George Zoupanos,Jisuke Kubo,1994,4
George Zoupanos,Myriam Mondragon,1994,3
George Zoupanos,Nicholas D. Tracas,1994,1
George Zoupanos,Patrick A. A. Meessen,1994,1
George Zoupanos,Tatsuo Kobayashi,1998,1
Georges Girardi,Richard Grimm,1998,1
Gerald B. Cleaver,Philip J. Rosenthal,1993,2
Gerald Cleaver,Jose R. Espinosa,1998,1
Gerald Cleaver,Lisa Everett,1998,1
Gerald Cleaver,Mirjam Cvetic,1998,1
Gerald Cleaver,Paul Langacker,1998,1
Gerald Dunne,Ian I. Kogan,2000,1
Gerald Dunne,J. Frenkel,1999,1
Gerald Dunne,Joshua Feinberg,1997,2
Gerald Dunne,Kimyeong Lee,1996,1
Gerald Dunne,Kurt Haller,1995,1
Gerald Dunne,Lusheng Chen,1995,1
Gerald Dunne,Nuria Rius,1992,1
Gerald Dunne,Roman Jackiw,1992,2
Gerald Dunne,Theodore Hall,1995,3
Gerald Dunne,Theodore M. Hall,1997,1
Gerald Kelnhofer,Helmuth Huffel,1997,6
Gerald V. Dunne,Holger Gies,2002,1
Gerald V. Dunne,J. C. Taylor,2001,1
Gerald V. Dunne,J. Frenkel,2001,1
Gerald V. Dunne,Justo Lopez-Sarrion,2002,1
Gerald V. Dunne,Kumar Rao,1999,4
Gerald V. Dunne,M. Shifman,2002,1
Gerald V. Dunne,Shinsuke M. Nishigaki,2002,1
Gerald V. Dunne,Silvana Perez,2001,1
Gerald V. Dunne,Stewart V. Wright,2001,1
Gerald V. Dunne,Theodore M. Hall,1999,1
Gerald V. Dunne,V. S. Alves,2001,1
Gerard Watts,Ingo Runkel,1999,1
Gerard Watts,Patrick Dorey,1997,3
Gerard Watts,Pierre Mathieu,1996,2
Gerard Watts,Roberto Tateo,1997,3
Gergana R. Ruseva,Petko A. Nikolov,2002,1
Gerhard Soff,Gunter Plunien,2000,1
Gerhard Soff,Michael Meyer-Hermann,2000,1
Gerhard Soff,Ralf Kuhn,2000,1
Gerhard Soff,Ralf Schutzhold,2000,1
Gerhard Weigt,Uwe Mueller,1998,2
Gerhard Weigt,Uwe Muller,1997,1
German Sierra,Manuel Asorey,2001,1
German Sierra,Miguel A. Martin-Delgado,1995,1
German V. Shishkin,Victor M. Villalba,1993,1
Germar Schroeder,Shunya Mizoguchi,1999,1
Gernot Akemann,Jan C. Plefka,1997,1
Gernot Muenster,Jens Kuester,1996,1
Gernot Munster,Harald Griesshammer,1996,1
Geza Fulop,Robert Marnelius,1995,1
Geza Levai,Miloslav Znojil,2001,1
Gh. Zet,M. C. Neacsu,1999,1
Gherardo Piacitelli,Sergio Doplicher,2002,1
Gia Dvali,Gregory Gabadadze,1999,10
Gia Dvali,M. Shifman,2002,2
Gia Dvali,Marko Kolanovic,2001,1
Gia Dvali,Massimo Porrati,2000,1
Gia Dvali,Nemanja Kaloper,1999,1
Gia Dvali,Nima Arkani-Hamed,1999,2
Gia Dvali,Savas Dimopoulos,1999,2
Gia Dvali,Xin-Rui Hou,2001,1
Gia Dvali,Zurab Kakushadze,1997,3
Giampiero Esposito,Giuseppe Bimonte,2003,2
Giampiero Esposito,Giuseppe Marmo,2002,2
Giampiero Esposito,Giuseppe Pollifrone,1996,2
Giampiero Esposito,Ivan G. Avramidi,1996,6
Giampiero Esposito,Klaus Kirsten,1996,6
Giampiero Esposito,Leopoldo Milano,2003,1
Giampiero Esposito,Luciano Di Fiore,2003,1
Giampiero Esposito,Luigi Rosa,2003,1
Giampiero Esposito,Pietro Santorelli,1999,1
Gian Luigi Alberghi,Kevin Goldstein,2001,1
Gian Luigi Alberghi,Mark Trodden,1999,1
Gian Luigi Alberghi,Steven Corley,2002,1
Giancarlo De Pol,Harvendra Singh,2000,1
Giancarlo De Pol,Mario Tonin,2000,1
Giancarlo Jug,Roberto Iengo,1997,1
Giancarlo Rossi,Massimo Bianchi,1996,5
Giancarlo Rossi,Maurizio Martellini,1996,1
Giancarlo Rossi,Michael B. Green,1998,1
Giancarlo Rossi,Stefano Kovacs,1998,3
Giancarlo Rossi,Yassen S. Stanev,1999,3
Gianfranco Pradisi,Jose F. Morales,1999,1
Gianfranco Pradisi,Massimo Bianchi,1996,3
Gianfranco Pradisi,Sergio Ferrara,1996,1
Gianfranco Pradisi,Yassen S. Stanev,1996,2
Gianfranco Pradisi,Yassen Stanev,1996,1
Gianguido Dallagata,Klaus Behrndt,2001,1
Gianguido Dallagata,Kurt Lechner,1997,3
Gianguido Dallagata,Marco Zagermann,2001,1
Gianguido Dallagata,Mario Tonin,1998,1
Gianguido Dallagata,Mario Trigiante,1998,1
Gianguido Dallagata,Piet Termonia,1998,1
Gianguido Dallagata,Pietro Fre,1998,1
Gianguido Dallagata,Renata Kallosh,2001,1
Gianguido Dallagata,Riccardo Dauria,1999,2
Gianguido Dallagata,Sergio Ferrara,1999,1
Gianluca Grignani,Gordon W. Semenoff,2001,2
Gianluca Grignani,Kenneth Johnson,1992,1
Gianluca Grignani,Marta Orselli,2001,2
Gianluca Grignani,Nuria Rius,1992,1
Gianluca Mandanici,Giovanni Amelino-Camelia,2002,2
Gianluca Mandanici,Kensuke Yoshida,2002,1
Gianpiero Mangano,Marco Peloso,2002,1
Gil Gat,O. W. Greenberg,1994,1
Gil Gat,Rashmi Ray,1994,3
Gil Schieber,Robert Coquereaux,2001,1
Gilad Lifschytz,Miguel E. Ortiz,1995,2
Gilad Lifschytz,Norihiro Iizuka,2001,2
Gilad Lifschytz,Samir D. Mathur,1996,1
Gilad Lifschytz,Vipul Periwal,1999,2
Gilmar S. Dias,J. A. Helayel-Neto,1996,3
Gino N. J. Ananos,Horacio E. Camblong,2002,2
Giorgio Immirzi,Joohan Lee,2002,1
Giorgio Immirzi,Peter Presnajder,2002,1
Giovanni Amelino-Camelia,Jean-Pierre Derendinger,1998,1
Giovanni Amelino-Camelia,Jerzy Lukierski,1997,1
Giovanni Amelino-Camelia,Kensuke Yoshida,2002,1
Giovanni Amelino-Camelia,Luisa Doplicher,2001,2
Giovanni Amelino-Camelia,Michele Arzano,2001,2
Giovanni Amelino-Camelia,Shahn Majid,1999,1
Giovanni Amelino-Camelia,Soonkeon Nam,2001,1
Giovanni Amelino-Camelia,Yun-Seok Seo,2001,1
Giovanni Arcioni,Martin Oloughlin,2002,1
Giovanni Arcioni,Matthias Blau,2002,1
Giovanni Felder,Jurg Frohlich,1999,1
Giovanni Felder,Jurgen Fuchs,1999,1
Giovanni Felder,M. Crivelli,1993,1
Giovanni Felder,V. M. Buchstaber,1994,1
Giovanni Felder,V. Pasquier,1994,1
Giovanni Feverati,Paul A. Pearce,2002,3
Giovanni Landi,Kameshwar C. Wali,1994,1
Giovanni Landi,Ludwik Dabrowski,2000,1
Giovanni Landi,Nguyen Ai Viet,1994,1
Giovanni Landi,Thomas Krajewski,2000,1
Giovanni M. Cicuta,Luca Molinari,1995,1
Giovanni M. Cicuta,Sebastiano Stramaglia,1995,1
Giovanni Morchio,John E. Roberts,2000,1
Giovanni Morchio,Sergio Doplicher,2000,1
Girish S. Setlur,Yia-Chung Chang,1997,1
Giuliano Preparata,She-Sheng Xue,1995,2
Giulio Pettini,Lando Caiani,1997,1
Giulio Pettini,Lapo Casetti,1997,1
Giulio Pettini,Marco Pettini,1997,1
Giulio Pettini,Raoul Gatto,1997,1
Giuseppe Bimonte,Giuseppe Marmo,2003,1
Giuseppe Bimonte,Leopoldo Milano,2003,1
Giuseppe Bimonte,Luciano Di Fiore,2003,1
Giuseppe Bimonte,Luigi Rosa,2003,1
Giuseppe Bonacina,Mario Rasetti,1992,1
Giuseppe Bonacina,Maurizio Martellini,1992,1
Giuseppe Carlino,Haruhiko Terao,1998,1
Giuseppe Carlino,Hitoshi Murayama,2000,3
Giuseppe Carlino,Kenichi Konishi,1998,4
Giuseppe Carlino,S. Prem Kumar,2001,1
Giuseppe Dito,Leon Takhtajan,1996,1
Giuseppe Dito,Moshe Flato,1996,2
Giuseppe Marmo,Jose F. Cari~Nena,2002,1
Giuseppe Marmo,Manuel F. Ra~Nada,2002,1
Giuseppe Policastro,Pietro Menotti,1998,1
Giuseppe Pollifrone,Stefano Liberati,1995,2
Giuseppe Vitiello,Massimo Blasone,1998,5
Giuseppe Vitiello,Peter A. Henning,1998,2
Giuseppe Vitiello,Petr Jizba,2000,2
Giuseppe Vitiello,Salvatore De Martino,1993,1
Giuseppe Vitiello,Silvio De Siena,1993,1
Gleb Arutyunov,Jan Plefka,2001,1
Gleb Arutyunov,Matthias Staudacher,2001,1
Gleb Kalinin,Kirill Ilinski,1996,2
Gleb Kalinin,N. V. Borisov,1996,1
Glenn Barnich,Kostas Skenderis,1999,1
Glenn Barnich,Marc Henneaux,1992,6
Glenn Barnich,Maxim Grigoriev,2002,1
Glenn Barnich,Tobias Hurth,1999,1
Glenn D. Starkman,Mark Trodden,2000,3
Glenn D. Starkman,Pedro J. Silva,2002,1
Glenn D. Starkman,Salah Nasri,2002,1
Glenn Starkman,Tanmay Vachaspati,2001,1
Gloria Luzon,Ian I. Kogan,1998,2
Gloria Mari Beffa,Rafael Hernandez Heredero,1996,1
Gokhan Unel,Metin Arik,1993,1
Gokhan Unel,Muhittin Mungan,1993,1
Gonzalo Palma,Jorge Alfaro,2001,2
Gor Sarkissian,Shmuel Elitzur,1998,3
Gordon Chalmers,Johanna Erdmenger,2000,1
Gordon Chalmers,Koenraad Schalm,1998,3
Gordon Chalmers,Martin Rocek,1996,2
Gordon Chalmers,Olaf Lechtenfeld,2000,1
Gordon Chalmers,Rikard Von Unge,1996,2
Gordon Chalmers,Warren Siegel,1997,3
Gordon Semenoff,Jin-Ho Cho,1999,1
Gordon Semenoff,Mario Bergeron,1993,2
Gordon Semenoff,Taejin Lee,1999,1
Gordon W Semenoff,Ian I Kogan,1992,1
Gordon W Semenoff,Nathan Weiss,1992,1
Gordon W Semenoff,Wei Chen,1993,2
Gordon W Semenoff,Yuri Makeenko,1993,2
Gordon W. Semenoff,Ian I. Kogan,1993,1
Gordon W. Semenoff,K. Zarembo,2001,2
Gordon W. Semenoff,Mario Bergeron,1994,1
Gordon W. Semenoff,Marta Orselli,2001,2
Gordon W. Semenoff,Mikhail I. Dobroliubov,1993,1
Gordon W. Semenoff,Nathan Weiss,1993,1
Gordon W. Semenoff,Nicole Marshall,1994,1
Gordon W. Semenoff,Peter Orland,1999,1
Gordon W. Semenoff,Philip Deboer,2000,2
Gordon W. Semenoff,Richard J. Szabo,1993,7
Gordon W. Semenoff,Wei Chen,1992,1
Gordon W. Semenoff,Yong-Shi Wu,1992,1
Gottfried Curio,Ron Y. Donagi,1998,1
Gottfried Curio,Ruben Minasian,2000,1
Gottfried Curio,Shing-Tung Yau,2001,1
Gottfried Curio,Soo-Jong Rey,1995,1
Gottfried Curio,Thomas Mohaupt,1995,3
Gouranga C. Nayak,Horst Stoecker,2000,1
Gouranga C. Nayak,Qun Wang,2000,1
Gouranga C. Nayak,Walter Greiner,2000,2
Gouranga. C. Nayak,Walter Greiner,2000,1
Govindan Rajesh,Joanna L. Karczmarek,2001,1
Govindan Rajesh,Keshav Dasgupta,1999,5
Govindan Rajesh,Micha Berkooz,2002,1
Govindan Rajesh,Ori J. Ganor,2000,3
Govindan Rajesh,Philip Candelas,1996,5
Govindan Rajesh,Savdeep Sethi,1999,3
Govindan Rajesh,Shoibal Chakravarty,2000,1
Govindan Rajesh,Sunil Mukhi,2000,1
Graham D. Kribs,Michael L. Graesser,2000,1
Graham G. Ross,Ian I. Kogan,2000,3
Graham G. Ross,Stavros Mouslopoulos,2000,2
Graziano Vernizzi,Jun Nishimura,2000,1
Green Huang,Rue-Ron Hsu,1992,2
Green Huang,Wei-Fu Lin,1992,2
Greg Huey,Paul J. Steinhardt,2000,1
Greg Trayling,W. E. Baylis,2001,1
Gregory Gabadadze,M. Shifman,2002,2
Gregory Gabadadze,Marko Kolanovic,2001,1
Gregory Gabadadze,Massimo Porrati,2000,1
Gregory Gabadadze,Nima Arkani-Hamed,2002,1
Gregory Gabadadze,Savas Dimopoulos,2002,1
Gregory Gabadadze,Xin-Rui Hou,2001,1
Gregory Gabadadze,Zurab Kakushadze,1999,3
Gregory J. Galloway,Lars Andersson,2002,1
Gregory J. Galloway,Mingliang Cai,2000,2
Gregory Moore,Grigor Peradze,1998,2
Gregory Moore,Hong Liu,2002,3
Gregory Moore,James H. Horne,1994,1
Gregory Moore,Jeffrey A. Harvey,1996,7
Gregory Moore,Juan Maldacena,1999,5
Gregory Moore,Mans Henningson,1996,1
Gregory Moore,Marcos Marino,1997,9
Gregory Moore,Michael Green,1996,1
Gregory Moore,Michael R. Douglas,1996,2
Gregory Moore,Natalia Saulina,2000,2
Gregory Moore,Nathan Seiberg,2001,5
Gregory Moore,Nikita Nekrasov,1996,1
Gregory Moore,P. Ginsparg,1993,1
Gregory Moore,Robbert Dijkgraaf,2000,1
Gregory Moore,Ruben Minasian,1997,3
Gregory Moore,Ruth Gregory,1997,1
Gregory Moore,Samson L. Shatashvili,1997,1
Gregory Moore,Samson Shatashvili,1996,1
Gregory Moore,Sanjaye Ramgoolam,1994,2
Gregory Moore,Stefan Cordes,1994,2
Gregory Moore,Stephen D. Miller,1999,1
Gregory Moore,Washington Taylor,2001,1
Grigor Peradze,Marcos Marino,1998,1
Grigor Peradze,Natalia Saulina,2000,1
Grigorii B. Pivovarov,James P. Vary,1999,3
Grigorii B. Pivovarov,Victor A. Matveev,1998,3
Grigorii B. Pivovarov,Victor T. Kim,1999,2
Grigoryan G. V.,Grigoryan R. P,1995,1
Grigoryan G. V.,Grigoryan R. P.,1994,2
Grigoryan G. V.,Sarkissian G. A,1994,1
Grigoryan G. V.,Tyutin I. V,1995,1
Grigoryan R. P.,Sarkissian G. A,1994,1
Grigoryan R. P.,Tyutin I. V,1995,1
Guan Jia,Libin Fu,1999,1
Guan Jia,Yishi Duan,1999,1
Guang-Hong Chen,Yong-Shi Wu,2000,5
Guang-Jiong Ni,Jifeng Yang,1998,1
Guang-Jiong Ni,Su-Qing Chen,1995,2
Guang-Jiong Ni,Sze-Shiang Feng,1999,1
Guang-Jiun Cheng,Rue-Ron Hsu,1993,1
Guang-Jiun Cheng,Wei-Fu Lin,1993,1
Guey-Lin Lin,Jie-Jun Tseng,1999,1
Guey-Lin Lin,Kin-Wang Ng,1999,1
Guey-Lin Lin,Tzuu-Kang Chyi,1999,1
Guey-Lin Lin,W. F. Kao,1999,1
Guido Cognola,Ilya L. Shapiro,1995,2
Guido Cognola,Klaus Kirstem,1995,1
Guido Cognola,Klaus Kirsten,1993,5
Guido Cognola,Luciano Vanzo,1992,7
Guido Cognola,Marco M. Caldarelli,1999,1
Guido Cognola,Paola Lecca,1997,1
Guido Cognola,Sergio Zerbini,1993,13
Guillaume Ovarlez,Ignatios Antoniadis,1999,1
Guillermo A. Mena Marugan,Jose M. Raya,1996,1
Guillermo A. Mena Marugan,Luis J. Garay,1996,1
Guillermo A. Mena Marugan,Pedro F. Gonzalez-Diaz,1996,1
Guillermo Arreaga,Jemal Guven,2000,1
Guillermo Arreaga,Riccardo Capovilla,2000,1
Guillermo R. Zemba,Henry D. Herce,2002,1
Guillermo R. Zemba,Marialuisa Frau,1996,1
Guillermo R. Zemba,Stefano Sciuto,1996,1
Gungwon Kang,H. W. Lee,1999,4
Gungwon Kang,N. J. Kim,2001,1
Gungwon Kang,Takayuki Hirayama,2001,2
Gungwon Kang,Y. S. Myung,1999,6
Gungwon Kang,Youngone Lee,2002,1
Gunter M. Schuetz,Uwe Grimm,2001,1
Gunter Plunien,Michael Meyer-Hermann,2000,1
Gunter Plunien,Ralf Kuhn,2000,1
Gunter Plunien,Ralf Schutzhold,2000,1
Gunter Scharf,Markus Gut,2001,1
Gunter Scharf,Michael Dutsch,1996,4
Gunter Scharf,Urs Walther,1998,1
Gunter Schuetz,Vladislav Popkov,2003,1
Gunter Schutz,Malte Henkel,1993,1
Guo-Li Wang,Ying-Kai Fu,2001,1
Guo-Xing Ju,Ke Wu,1998,1
Guo-Xing Ju,Shi-Kun Wang,1998,1
Guohong Yang,Ying Jiang,1998,2
Guohong Yang,Yishi Duan,1998,2
Guowen Peng,Hongya Liu,2001,1
Gustav W Delius,Niall J. Mackay,2001,1
Gustav W. Delius,Jon R. Links,1994,2
Gustav W. Delius,Kings College,1995,1
Gustav W. Delius,London,1995,1
Gustav W. Delius,Marc Grisaru,1994,1
Gustav W. Delius,Mark D. Gould,1993,5
Gustav W. Delius,Yao-Zhong Zhang,1993,6
Gustavo Dotti,Witold Skiba,1998,1
Gustavo Lozano,Serguei B. Isakov,1999,1
Gustavo Lozano,Stephane Ouvry,1999,1
Gustavo S Lozano,Leticia F Cugliandolo,2002,1
Guy Auberson,Michel Capdequi Peyranere,2001,1
Gyan Bhanot,Igor R. Klebanov,1993,1
Gyan Bhanot,Krev Simir Demeterfi,1993,1
Gyeong Yun Jun,Pyung Seong Kwon,2000,2
H S Booth,P D Jarvis,2001,1
H-B Gao,Z-M Sheng,1995,1
H-T. Sato,H. Tochimura,1997,1
H-T. Sato,N. Aizawa,1994,1
H-T. Sato,S. Sachse,1994,1
H. A. Chamblin,H. S. Reall,1999,1
H. A. Kastrup,M. Bojowald,1999,2
H. A. Morales-Tecotl,J. Alfaro,2002,2
H. A. Morales-Tecotl,J. D. Vergara,1997,1
H. A. Morales-Tecotl,L. F. Urrutia,1997,3
H. A. Morales-Tecotl,M. Reyes,2003,1
H. A. Morales-Tecotl,R. Gambini,1997,1
H. A. Riggs,H. J. Schnitzer,1993,1
H. A. Riggs,S. G. Naculich,1993,1
H. A. Weidenmueller,T. Guhr,1999,1
H. A. Weidenmueller,T. Wilke,1999,1
H. Ahmedov,I. H. Duru,1996,2
H. Aissaoui,M. Haouchine,1999,1
H. Aissaoui,N. Belaloui,1999,1
H. Aissaoui,N. Mebarki,1999,1
H. Aoki,H. Kawai,1995,4
H. Aoki,J. Nishimura,1995,1
H. Aoki,N. Ishibashi,1999,1
H. Aoki,S. Iso,1998,4
H. Aoki,T. Suyama,2002,1
H. Aoki,T. Tada,1998,3
H. Aoki,Y. Kitazawa,1998,3
H. Aratyn,I. Vaysburd,1992,1
H. Aratyn,J. F. Gomes,1992,12
H. Aratyn,J. Van De Leur,2001,1
H. Aratyn,L. A. Ferreira,1992,13
H. Aratyn,R. T. Medeiros,1993,1
H. Aratyn,S. Pacheva,1992,8
H. Arfaei,M. Alimohammadi,1993,1
H. Arfaei,M. H. Yavartanoo,2000,1
H. Arfaei,M. M. Sheikh Jabbari,1996,1
H. Arfaei,M. M. Sheikh-Jabbari,1996,6
H. Arfaei,M. R. Garousi,2002,1
H. Arfaei,Noureddine Mohammedi,1993,1
H. Arfaei,R. Abbaspur,1998,1
H. Arfaei,S. Parvizi,1996,1
H. Arodz,L. Hadasz,1995,1
H. Awata,H. Kubo,1996,1
H. Awata,J. Shiraishi,1993,6
H. Awata,M. Fukuma,1993,6
H. Awata,M. Li,1997,1
H. Awata,M. Noumi,1993,1
H. Awata,S. Chaudhuri,1997,1
H. Awata,S. Hirano,1999,1
H. Awata,S. Odake,1993,13
H. Awata,T. Yamamoto,1995,1
H. Awata,Y. Hyakutake,1999,1
H. Awata,Y. Matsuo,1994,9
H. Awata,Y. Yamada,1992,1
H. Awata,Y.-H. Quano,1993,1
H. B. Gao,H. Romer,1993,2
H. B. Geyer,R. A. Roemer,2003,1
H. B. Meyer,M. Giovannini,2001,1
H. B. Nielsen,I. Brevik,1997,1
H. B. Nielsen,L. Laperashvili,2000,1
H. B. Nielsen,L. V. Laperashvili,1999,2
H. B. Nielsen,N. Kawamoto,1999,1
H. B. Nielsen,N. Mankoc Borstnik,1999,4
H. B. Nielsen,N. S. Mankoc Borstnik,2001,1
H. B. Nielsen,N. Sato,1999,1
H. B. Nielsen,P. H. Damgaard,1992,1
H. B. Nielsen,P. Prester,2001,1
H. B. Nielsen,R. P. Woodard,1997,1
H. B. Nielsen,R. Sollacher,1992,1
H. B. Nielsen,S. Pallua,2001,1
H. B. Nielsen D. A. Ryzhikh,L. Laperashvili,2001,1
H. B. Nielsen D. A. Ryzhikh,L. V. Laperashvili,2001,3
H. Babujian,M. Karowski,1996,9
H. Belich,J. A. Helayel-Neto,2000,8
H. Belich,J. L. Boldo,2002,2
H. Belich,Jr.,2002,2
H. Belich,L. P. Colatto,2003,1
H. Belich,M. M. Ferreira,2002,2
H. Belich,M. M. Ferreira Jr,2000,2
H. Belich,M. M. Ferreira Jr.,2001,2
H. Belich,M. T. D. Orlando,2002,2
H. Belich,O. M. Del Cima,2000,4
H. Belich,R. Paunov,1996,2
H. Bennacer,N. Belaloui,2002,2
H. Blas,J. Acosta,2001,1
H. Boschi Filho,L. V. Belvedere,1995,1
H. Boschi-Filho,L. V. Belvedere,2000,1
H. Boschi-Filho,Marcelo Hott,2001,1
H. Boschi-Filho,Nelson R. F. Braga,2002,1
H. Boschi-Filho,P. F. Borges,1996,5
H. Bozkaya,H. Grosse,2002,1
H. Bozkaya,M. Pitschmann,2002,1
H. Bozkaya,M. Schweda,2002,1
H. Bozkaya,P. Fischer,2002,1
H. Bozkaya,R. Wulkenhaar,2002,1
H. Bozkaya,V. Putz,2002,1
H. Braden,V. Rubtsov,2001,1
H. C. De Godoy Caldas,M. C. Nemes,2001,1
H. C. Kao,K. Lee,1995,1
H. C. Lee,M. Chaichian,1997,1
H. C. Lee,W. F. Chen,1996,2
H. C. Lee,Z. Y. Zhu,1996,1
H. C. Pauli,J. Merkel,1996,1
H. C. Pauli,S. Pinsky,1998,1
H. C. Pauli,S. S. Pinsky,1995,1
H. C. Pauli,S. Tsujimaru,1997,2
H. C. Reis,O. J. P. Eboli,1995,1
H. C. Yen,J. C. Shaw,1994,2
H. C. Yen,Wen-Jui Huang,1994,2
H. Casini,Luis F. Urrutia,2001,3
H. Casini,R. Montemayor,1997,4
H. Cateau,K. Sumiyoshi,1992,1
H. Cateau,M. Umeki,1993,1
H. Cateau,Y. Matsuo,1993,1
H. Crater,L. Lusanna,2001,1
H. Czyz,M. Caffo,1998,2
H. Czyz,S. Laporta,1998,2
H. D. Dahmen,I. A. Naumov,1997,1
H. D. Dahmen,J. Boguszynski,1994,2
H. D. Dahmen,L. Lukaszuk,1994,2
H. D. Dahmen,R. Kretschmer,1994,2
H. D. Dahmen,S. Marculescu,1995,1
H. D. Dahmen,Si 94-15,1994,1
H. D. Dahmen,T. Portmann,1995,1
H. D. Dahmen,T. Stroh,1997,1
H. D. Doebner,K. Lazarow,1997,1
H. Dimov,K. S. Viswanathan,2003,1
H. Dimov,R. C. Rashkov,2003,1
H. Dimov,V. Filev,2003,1
H. Dorn,H.-J. Otto,1992,9
H. Dorn,K. Behrndt,1995,1
H. Dorn,V. D. Pershin,1999,1
H. Dorn,V. Preuss,1993,1
H. Dykstra,J. D. Cohn,1992,1
H. E. Boos,S. M. Sergeev,1994,1
H. E. Boos,V. E. Korepin,2001,3
H. E. Boos,V. V. Mangazeev,1994,1
H. El-Khozondar,M. Burkardt,1997,1
H. Enger,P. Di Vecchia,2001,1
H. Epstein,J. Bros,2001,2
H. Epstein,U. Moschella,2001,1
H. F. Dowker,J. P. Gauntlett,1995,1
H. F. Jones,M. P. Blencowe,1997,1
H. F. Jones,Mehmet Simsek,2001,1
H. F. Jones,P. Parkin,2000,1
H. F. Jones,Peter Meisinger,2001,1
H. F. Jones,Peter N. Meisinger,2000,1
H. F. Jones,Philip Parkin,2000,1
H. F. Jones,Stefan Boettcher,2000,2
H. Falomir,J. C. Rojas,2002,1
H. Falomir,J. E. Solomin,1996,1
H. Falomir,J. Gamboa,2002,1
H. Falomir,K. Kirsten,2001,1
H. Falomir,K. Rebora,2000,3
H. Falomir,M. A. Muschietti,1996,1
H. Falomir,M. Bordag,2001,2
H. Falomir,M. De Francia,1994,3
H. Falomir,M. Loewe,1994,5
H. Falomir,R. E. Gamboa Saravi,1996,2
H. Fanchiotti,L. N. Epele,2002,1
H. Fanchiotti,M. Marucho,2002,1
H. Figueroa,J. C. Varilly,1997,1
H. Figueroa,J. M. Gracia-Bondia,1997,1
H. Firouzjahi,J. M. Cline,2001,1
H. Firouzjahi,N. R. Constable,2001,1
H. Fort,J. M. Aroca,1994,5
H. Fort,M. Baig,1994,2
H. Fort,R. Gambini,1995,4
H. Fort,R. Siri,1995,1
H. Frahm,V. E. Korepin,1994,1
H. Fujisaki,K. Nakagawa,1996,4
H. Fujisaki,S. Sano,1996,3
H. G. Dosch,W. Kornelis,2000,1
H. Garc I A-Compe An,J. M. L Opez-Romero,1994,1
H. Garc I A-Compe An,M. A. Rodr I Guez-Segura,1994,1
H. Garc I A-Compe An,M. Socolovsky,1994,1
H. Garcia-Compean,J. F. Plebanski,1994,6
H. Garcia-Compean,Jerzy F. Plebanski,1994,2
H. Garcia-Compean,M. Przanowski,1994,4
H. Garcia-Compean,M. Sabido,1999,4
H. Garcia-Compean,Maciej Przanowski,1995,1
H. Garcia-Compean,O. Obregon,1997,11
H. Garcia-Compean,T. Matos,1994,1
H. Ghafarnejad,H. Salehi,1997,2
H. Ghafarnejad,Y. Bisabr,2000,1
H. Gilho J,J. C. Eilbeck,1994,1
H. Grosse,H. Steinacker,2001,1
H. Grosse,J. Grimstrup,2000,1
H. Grosse,J. M. Grimstrup,2000,5
H. Grosse,J. Madore,2001,1
H. Grosse,L. Popp,2000,6
H. Grosse,M. Ertl,2002,1
H. Grosse,M. Pitschmann,2002,1
H. Grosse,M. Schweda,2000,7
H. Grosse,M. Wickenhauser,2002,1
H. Grosse,P. Fischer,2002,1
H. Grosse,P. Presnajder,1995,7
H. Grosse,P. Prevsnajder,1992,1
H. Grosse,R. Wulkenhaar,2000,7
H. Grosse,V. Putz,2002,3
H. Grosse,V. Schomerus,1994,2
H. Grosse,W. Kummer,1992,1
H. Guenther,N. Dragon,1997,1
H. Guenther,U. Theis,1997,1
H. Gustafsson,P. Haggi-Mani,1998,1
H. Gustafsson,P. Saltsidis,1994,1
H. Gustafsson,R. V. Unge,1994,1
H. Gustafsson,S. E. Hjelmeland,1998,1
H. Gustafsson,U. Lindstrom,1994,4
H. H. Soleng,M. Cvetivc,1992,1
H. H. Soleng,R. Davis,1992,1
H. H. Soleng,S. Griffies,1992,1
H. Hata,Y. Tanii,2001,1
H. Hatanaka,K. Ohnishi,2000,1
H. Hatanaka,M. Sakamoto,2000,1
H. Hatanaka,S. Matsumoto,2000,1
H. Hatanaka,T. Inami,1998,1
H. Hernandez F.,L. C. Kretly,1998,1
H. Hinrichsen,M. Scheunert,1993,1
H. Hinrichsen,P. P. Martin,1993,1
H. Hinrichsen,V. Rittenberg,1993,1
H. Hiro-Oka,H. Minakata,1993,1
H. Huffel,H. Nakazato,1993,1
H. I. Arcos,J. G. Pereira,2002,1
H. Igarashi,H. Kurokawa,1998,1
H. Igarashi,T. Fujiwara,1996,4
H. Igarashi,Y. Takimoto,1996,4
H. Ikemori,H. Nakatani,1997,2
H. Ikemori,H. Otsu,1997,5
H. Ikemori,S. Kitakado,1997,5
H. Ikemori,T. Sato,1997,5
H. Inoue,I. Joichi,1996,1
H. Inoue,M. Hotta,1996,1
H. Inoue,M. Tanaka,1996,1
H. Ishikawa,K. Sugiyama,1996,1
H. Ishikawa,M. Kato,1993,2
H. Ishikawa,Y. Matsuo,1996,1
H. Ishikawa,Y. Sugawara,1996,1
H. Ita,J. Rant,1999,1
H. Ita,K. Landsteiner,1999,1
H. Ita,M. Schweda,1999,1
H. Ita,T. Pisar,1999,1
H. Itoyama,H. Kanno,2003,1
H. Itoyama,H. Kihara,1998,2
H. Itoyama,H. Kunitomo,1996,1
H. Itoyama,H. Takashino,1996,2
H. Itoyama,K. Murakami,1999,3
H. Itoyama,M. Anazawa,1994,3
H. Itoyama,M. Koike,1994,2
H. Itoyama,N. Fumita,1995,1
H. Itoyama,S. Chaudhuri,1993,1
H. Itoyama,S. Nakamura,2002,1
H. Itoyama,T. Matsuo,1998,4
H. Itoyama,T. Ooshita,1993,1
H. Itoyama,T. Oota,1993,3
H. Itoyama,Y. Arakane,1996,2
H. J De Vega,N. Sanchez,2001,1
H. J. Boonstra,K. Skenderis,1997,2
H. J. Boonstra,M. De Roo,1992,5
H. J. Boonstra,P. K. Townsend,1998,1
H. J. Boonstra,S. Panda,1993,2
H. J. Boonstra,T. Ortin,1995,1
H. J. De Vega,I. Giannakis,1994,1
H. J. De Vega,I. L. Egusquiza,1993,4
H. J. De Vega,J. F. J. Salgado,1997,1
H. J. De Vega,J. Ramirez Mittelbrun,1993,1
H. J. De Vega,J. Ramirez Mittelbrunn,1993,2
H. J. De Vega,Luca Mezincescu,1993,2
H. J. De Vega,M. Ramon Medrano,1993,3
H. J. De Vega,N. Sanchez,1992,14
H. J. De Vega,R. Holman,1994,1
H. J. De Vega,Rafael I. Nepomechie,1993,2
H. J. Mosquera Cuesta,V. B. Bezerra,2002,1
H. J. Mosquera-Cuesta,L. C. Garcia De Andrade,2000,1
H. J. Pirner,H. W. L. Naus,1997,2
H. J. Pirner,J. P. Vary,1997,2
H. J. Pirner,K. S. Gupta,1998,1
H. J. Pirner,T. J. Fields,1997,1
H. J. Pirner,T. J. Fields J. R. Spence,1998,1
H. J. Rothe,K. D. Rothe,1995,4
H. J. Rothe,K. D. Rothe Comments,1996,1
H. J. Rothe,R. Banerjee,1995,5
H. J. Schnitzer,H. Rhedin,1999,2
H. J. Schnitzer,I. P. Ennes,1999,3
H. J. Schnitzer,J. M. Isidro,1995,3
H. J. Schnitzer,J. P. Nunes,1995,5
H. J. Schnitzer,M. Crescimanno,1995,2
H. J. Schnitzer,N. Wyllard,2003,1
H. J. Schnitzer,S. G. Naculich,1993,7
H. J. Schnitzer,S. Naculich,1995,1
H. J. Shin,I. Bakas,1995,1
H. J. Shin,K. Lee,1999,1
H. J. Shin,Kwanghoon Hahm,1997,1
H. J. Shin,Kyoungho Han,1997,2
H. J. Shin,Q-Han Park,1993,14
H. J. Shin,Soonkeon Nam,1993,4
H. J. W. Mueller--Kirsten,J.--Q. Liang,1996,1
H. J. W. Mueller--Kirsten,Jian-Ge Zhou,1996,1
H. J. W. Mueller--Kirsten,R. Manvelyan,1998,1
H. J. W. Mueller--Kirsten,R. Mkrtchyan,1998,1
H. J. W. Mueller-Kirsten,J. Burzlaff,1996,1
H. J. W. Mueller-Kirsten,J.-G. Zhou,1996,3
H. J. W. Mueller-Kirsten,J.-Q. Liang,1995,10
H. J. W. Mueller-Kirsten,Jian-Ge Zhou,1995,3
H. J. W. Mueller-Kirsten,R. Manvelyan,1999,5
H. J. W. Mueller-Kirsten,R. Mkrtchyan,1999,2
H. J. W. Mueller-Kirsten,S.-N. Tamarian,1998,1
H. J. W. Mueller-Kirsten,Y.-G. Miao,1996,1
H. J. W. Mueller-Kirsten,Yan-Gang Miao,1999,2
H. J. W. Mueller-Kirsten,Yunbo Zhang,2000,1
H. J. W. Mueller-Kirsten,Zhenjiu Zhang,1996,1
H. J. W. Muller--Kirsten,S. Tamaryan,2001,1
H. J. W. Muller-Kirsten,Hungsoo Kim,2001,2
H. J. W. Muller-Kirsten,J. -Q. Liang,1999,2
H. J. W. Muller-Kirsten,J. Q. Liang,1999,1
H. J. W. Muller-Kirsten,J.-Q. Liang,1995,2
H. J. W. Muller-Kirsten,Jian-Ge Zhou,1995,2
H. J. W. Muller-Kirsten,Jian-Zu Zhang,2000,2
H. J. W. Muller-Kirsten,Nobuyoshi Ohta,1998,1
H. J. W. Muller-Kirsten,S. -P. Kou,1999,1
H. J. W. Muller-Kirsten,S. N. Tamaryan,2000,1
H. J. W. Muller-Kirsten,S. Tamaryan,2000,6
H. J. W. Muller-Kirsten,Y. -B. Zhang,1999,1
H. J. W. Muller-Kirsten,Y. -G. Miao,2000,1
H. J. W. Muller-Kirsten,Yan-Gang Miao,1995,2
H. J. W. Muller-Kirsten,Yunbo Zhang,2001,1
H. J. Weber,M. Beyer,2001,1
H. J. Weber,S. Mattiello,2001,1
H. J. Weber,T. Frederico,2001,1
H. Jallouli,H. Sazdjian,1996,3
H. Jirari,H. Kroger,1999,2
H. Jirari,K. J. M. Moriarty,1999,2
H. Jirari,O. Piguet,1995,1
H. Jirari,S. Emery,1995,1
H. Jirari,S. G. Rubin,1999,1
H. Jirari,X. Q. Luo,1999,2
H. Joos,S. Azakov,2000,1
H. K. Jassal,R. P. Saxena,1997,2
H. Kachkachi,J-P Ader,1993,1
H. Kajiura,I. Bars,2000,1
H. Kajiura,T. Takayanagi,2000,1
H. Kajiura,Y. Matsuo,2000,1
H. Kaldass,P. Kielanowski,1999,3
H. Kaldass,S. Wickramasekara,1999,6
H. Kanno,I. M. Singer,1997,2
H. Kanno,L. Baulieu,1997,2
H. Kanno,M. H. Sarmadi,1992,1
H. Kanno,N. Chair,1992,1
H. Kanno,S.-K. Yang,1992,2
H. Kanno,T. Eguchi,1992,3
H. Kanno,V. K. Dobrev,1992,1
H. Kanno,Y. Yamada,1993,1
H. Kanno,Y. Yasui,1999,1
H. Kataoka,Hikaru Sato,1999,2
H. Kataoka,M. Shimojo,2001,1
H. Kataoka,S. Ishihara,1999,1
H. Kawabe,N. Ohtsubo,1993,3
H. Kawabe,T. Kobayashi,1993,3
H. Kawai,J. Nishimura,1995,1
H. Kawai,M. Fukuma,1992,3
H. Kawai,M. Ikehara,1994,2
H. Kawai,M. Ninomiya,1993,3
H. Kawai,N. Ishibashi,1993,7
H. Kawai,N. Kawamoto,1993,1
H. Kawai,N. Sasakura,1994,2
H. Kawai,N. Tsuda,1995,1
H. Kawai,R. Nakayama,1994,2
H. Kawai,S. Hosono,1992,1
H. Kawai,S. Iso,1998,5
H. Kawai,S. Kawamoto,2002,2
H. Kawai,S. Shinohara,2002,2
H. Kawai,T. Aida,1994,1
H. Kawai,T. Kuroki,2002,2
H. Kawai,T. Matsuo,2002,1
H. Kawai,T. Mogami,1993,3
H. Kawai,T. Tada,1998,3
H. Kawai,T. Yukawa,1995,1
H. Kawai,Y. Kitazawa,1994,8
H. Kawai,Y. Watabiki,1993,1
H. Khajehazad,M. H. Dehghani,2002,1
H. Kleinert,J. Neu,1995,1
H. Kleinert,K. G. Chetyrkin,1995,1
H. Kleinert,M. Bachmann,1999,1
H. Kleinert,M. C. Diamantini,1998,2
H. Kleinert,P. Fiziev,1995,3
H. Kleinert,S. A. Larin,1995,1
H. Kleinert,S. Thoms,1995,1
H. Kleinert,V. Schulte-Frohlinde,1995,1
H. Kleinert,V. V. Nesterenko,1996,1
H. Konno,M. Jimbo,1994,1
H. Konno,R. Kedem,1994,1
H. Konno,T. Kojima,1994,1
H. Konno,T. Miwa,1994,1
H. Kroger,K. J. M. Moriarty,1999,2
H. Kroger,N. Scheu,1999,1
H. Kroger,S. G. Rubin,1999,1
H. Kroger,T. Heinzl,1999,1
H. Kroger,X. Q. Luo,1999,2
H. Kubo,J. Shiraishi,1996,1
H. Kubo,S. Odake,1996,1
H. Kunitomo,Y. Arakane,1996,1
H. Kuratsuji,T. Hatsuda,1994,1
H. Kurokawa,T. Fujiwara,1998,1
H. Kurokawa,Y. Takimoto,1998,1
H. L. Carrion,M. Rojas,2001,4
H. L. Carrion,R. De Lima Rodrigues,2002,1
H. L. Wong,Z. Bern,1999,1
H. Larsson,P. Sundell,2001,1
H. Li,R. Jackiw,2002,1
H. Li,S.-Y. Pi,2002,1
H. Li,V. P. Nair,2002,1
H. Liebl,W. Kummer,1997,4
H. Liivat,I. Ots,2001,1
H. Liivat,R. Saar,2001,1
H. Liivat,R.-K. Loide,2001,1
H. Lu,H. Sati,1999,1
H. Lu,I. V. Lavrinenko,1996,6
H. Lu,J. F. Vazquez-Poritz,2000,7
H. Lu,J. Liu,1997,1
H. Lu,J. Maharana,1997,1
H. Lu,J. R. Bienkowska,1992,1
H. Lu,J. Rahmfeld,1998,1
H. Lu,J. X. Lu,1999,1
H. Lu,James T. Liu,1999,5
H. Lu,K. S. Stelle,1992,18
H. Lu,K. Thielemans,1993,2
H. Lu,K. W. Xu,1992,9
H. Lu,K.-W. Xu,1994,3
H. Lu,M. Bremer,1998,1
H. Lu,M. Cvetic,1998,43
H. Lu,M. J. Duff,1995,10
H. Lu,M. S. Bremer,1997,1
H. Lu,Mirjam Cvetic,2001,1
H. Lu,N. Khviengia,1996,2
H. Lu,P. C. West,1992,1
H. Lu,P. Hoxha,1999,1
H. Lu,P. K. Townsend,1996,2
H. Lu,P. M. Cowdall,1996,1
H. Lu,P. Wagner,2002,1
H. Lu,R. Martinez-Acosta,1999,1
H. Lu,S. C. Zhao,1993,2
H. Lu,S. Cucu,2003,2
H. Lu,S. Mukherji,1996,4
H. Lu,S. S. Gubser,1999,1
H. Lu,S. Schrans,1992,5
H. Lu,T. A Tran,1999,2
H. Lu,T. A. Tran,1997,7
H. Lu,T. R. Tran,1997,1
H. Lu,X. J. Wang,1992,13
H. Lu,Z. Khviengia,1994,5
H. Lu,Z. W. Chong,2002,1
H. Lu. C. N. Pope,K.-W. Xu,1996,1
H. M. Babujian,R. Flume,1993,1
H. M. Bosselmann,N. A. Papadopoulos,1996,1
H. M. Chan,S. T. Tsou,1997,2
H. M. Fried,J. Avan,2002,1
H. M. Fried,R. P. Woodard,2001,1
H. M. Fried,Y. Gabellini,2002,2
H. M. Sadjadi,Kh. Saaidi,2000,1
H. Mathur,R. Shankar,1994,1
H. Merabet,N. S. Manton,1996,1
H. Meyer,M. Giovannini,2001,1
H. Meyer,M. Shaposhnikov,2001,1
H. Min,M. Leblanc,1992,1
H. Minowa,M. Nakamura,1997,1
H. Minowa,N. Okamoto,1997,1
H. Miyazaki,I. Tsutsui,1998,1
H. Miyazaki,K. Fujii,1997,1
H. Miyazaki,K. Horie,1998,1
H. Miyazaki,N. Chepilko,1997,1
H. Miyazaki,N. Ogawa,1997,1
H. Miyazaki,S. Tanimura,1998,1
H. Miyazaki,T. Okazaki,1997,1
H. Mohrbach,J. Lages,2003,1
H. Mohrbach,J. Polonyi,1996,2
H. Mohrbach,P. Gosselin,2000,1
H. Mohrbach,V. Branchina,1996,3
H. Mohseni Sadjadi,M. Alimohammadi,1996,4
H. Mohseni. Sadjadi,Kh. Saaidi,2000,1
H. Montani,N. R. F. Braga,1994,1
H. Montani,R. Montemayor,1998,1
H. Montani,R. Trinchero,1996,1
H. Morales,M. Chaves,1998,2
H. Murayama,J. E. Wang,2001,1
H. Murayama,J. Evslin,2001,1
H. Murayama,U. Varadarajan,2001,1
H. N. Nazareno,M. A. Rego-Monteiro,2000,1
H. Nakatani,H. Otsu,1997,2
H. Nakatani,S. Kitakado,1997,2
H. Nakatani,T. Sato,1997,2
H. Nastase,J. Maldacena,2002,1
H. Nastase,K. S. Narain,2002,1
H. Nastase,K. Schalm,1998,1
H. Nastase,R. Siebelink,1998,1
H. Neuberger,R. Narayanan,1997,1
H. Neuberger,Y. Kikukawa,1997,1
H. Nicolai,H. Samtleben,1996,8
H. Nicolai,J. Plefka,2001,1
H. Nicolai,K. Koepsell,1996,5
H. Nicolai,M. Gunaydin,1997,3
H. Nicolai,M. Henneaux,2002,2
H. Nicolai,M. T. Grisaru,1992,1
H. Nicolai,O. Barwald,1997,1
H. Nicolai,P. C. West,1995,1
H. Nicolai,R. W. Gebert,1994,6
H. Nicolai,T. Damour,2002,2
H. Nicolai,T. Fischbacher,2002,1
H. Nieder,J. M. Grimstrup,2001,1
H. Nieder,L. Popp,2000,1
H. Nieder,M. Schweda,2000,2
H. Nieder,T. Pisar,2000,2
H. Nishino,Jr,1992,2
H. Nishino,Jr.,1992,2
H. Nishino,S. J. Gates,1992,4
H. Nishino,S. V. Ketov,1992,3
H. Noh,J. Hwang,2002,2
H. Nordstrom,J. Grundberg,1992,1
H. Nordstrom,U. Lindstrom,1992,1
H. O. Girotti,J. L. Delyra,1992,2
H. O. Girotti,J. R. Nascimento,1997,1
H. O. Girotti,J. R. S. Nascimento,1992,2
H. O. Girotti,M. Fleck,1994,2
H. O. Girotti,M. Gomes,1992,11
H. O. Girotti,Marcelo Gomes,2001,1
H. O. Girotti,P. S. Kuhn,1994,1
H. O. Girotti,R. S. Mendes,1992,2
H. O. Girotti,V. O. Rivelles,1992,7
H. O. Girotti,Victor O. Rivelles,1999,2
H. Ocampo,I. H. Brevik,1997,1
H. Ocampo,S. D. Odintsov,1997,1
H. Ochiai,K. Sato,2000,1
H. Ochiai,T. Shiromizu,2001,1
H. Ooguri,J. De Boer,2001,1
H. Ooguri,J. Maldacena,1999,1
H. Ooguri,K. Becker,1996,1
H. Ooguri,M. Becker,1996,1
H. Ooguri,M. Bershadsky,1993,2
H. Ooguri,O. Aharony,1999,1
H. Ooguri,R. Dijkgraaf,2001,1
H. Ooguri,S. Cecotti,1993,2
H. Ooguri,S. S. Gubser,1999,1
H. Ooguri,Y. Oz,1996,2
H. Ooguri,Z. Yin,1996,1
H. Osborn,J. Erdmenger,1996,1
H. Osborn,J. I. Latorre,1997,1
H. Otsu,S. Kitakado,1997,5
H. Otsu,T. Sato,1997,5
H. Ozaki,K. Okano,1999,1
H. P. Nilles,K. A. Meissner,2002,1
H. P. Nilles,M. G. A. Walter,2002,2
H. P. Nilles,M. Olechowski,1997,7
H. P. Nilles,M. Yamaguchi,1997,2
H. P. Nilles,P. Mayr,1993,1
H. P. Nilles,S. Groot Nibbelink,2001,5
H. P. Nilles,S. Stieberger,1993,4
H. P. Nilles,S. Theisen,1997,1
H. P. Nilles,Z. Lalak,1994,2
H. P. Noyes,L. H. Kauffman,1996,1
H. Panagopoulos,L. Del Debbio,2002,1
H. Partouche,I. Antoniadis,1995,5
H. Partouche,P. Kaste,2001,1
H. Partouche,S. Ferrara,1998,2
H. Partouche,T. R. Taylor,1995,4
H. Perez Rojas,J. L. Lucio M.,1993,1
H. Perez Rojas,M. Chaichian,1993,2
H. Perez Rojas,M. Vargas,1993,1
H. Perez Rojas,R. Gonzalez Felipe,1994,1
H. Quevedo,J. D. Vergara,2001,1
H. Quevedo,J. David Vergara,2003,1
H. Quevedo,M. Rosenbaum,2001,2
H. R. Christiansen,J. A. Helayel-Neto,1998,3
H. R. Christiansen,L. R. U. Manssur,1998,2
H. R. Christiansen,M. B. Silva Neto,1999,1
H. R. Christiansen,M. M. Ferreira Jr,2000,1
H. R. Christiansen,M. S. Cunha,1997,3
H. R. Christiansen,N. D. Vlachos,1999,1
H. R. Christiansen,N. Grandi,1999,1
H. R. Christiansen,O. M. Del Cima,2000,1
H. R. Hollmann,I. Gaida,1998,1
H. R. Hollmann,J. M. Stewart,1998,1
H. R. Karadayi,M. Gungormez,1996,2
H. R. Sepangi,H. Salehi,1998,1
H. R. Vanaie,N. Riazi,2003,1
H. Reinhardt,J. C. R. Bloch,2002,1
H. Reinhardt,J. D. Laenge,2003,1
H. Reinhardt,J. Gattnar,2002,1
H. Reinhardt,K. Langfeld,1996,3
H. Reinhardt,L. Von Smekal,2003,1
H. Reinhardt,M. Engelhardt,1999,5
H. Reinhardt,M. Faber,2000,1
H. Reinhardt,M. Quandt,1996,5
H. Reinhardt,O. Schroeder,2002,1
H. Reinhardt,R. Alkofer,2003,1
H. Reinhardt,T. Mendes,2002,1
H. Reinhardt,T. Tok,2000,4
H. Reinhardt,V. Ch. Zhukovsky,2002,1
H. Rhedin,H. Schnitzer,1999,2
H. Rhedin,I. Ennes,1999,2
H. Rhedin,I. P. Ennes,1999,2
H. Rhedin,S. G. Naculich,1999,2
H. Rhedin,S. Naculich,1999,2
H. Robins,J. Rahmfeld,2000,1
H. Robins,J. Tannenhauser,2000,1
H. Robins,P. Claus,2000,1
H. Robins,Y. Zunger,2000,1
H. Roemer,M. Bordemann,1996,1
H. Ruegg,J. Lukierski,1993,1
H. Ruegg,W. J. Zakrzewski,1993,1
H. S. Blas Achic,L. A. Ferreira,1999,1
H. S. Cho,H. W. Braden,1992,1
H. S. Cho,I. G. Koh,1992,1
H. S. Cho,J. D. Kim,1992,2
H. S. Cho,R. Sasaki,1992,1
H. S. Egawa,S. Horata,2000,1
H. S. Reall,M. J. Perry,1999,1
H. S. Reall,S. W. Hawking,1999,4
H. S. Reall,T. Hertog,2000,2
H. S. Sharatchandra,Indrajit Mitra,2002,3
H. S. Sharatchandra,J. S. Prakash,1996,1
H. S. Sharatchandra,N. D. Hari Dass,1995,1
H. S. Sharatchandra,Pushan Majumdar,1998,5
H. S. Sharatchandra,Rahul Basu,1995,1
H. S. Sharatchandra,Ramesh Anishetty,1995,2
H. S. Song,J. S. Shim,1994,2
H. S. Song,S. Y. Choi,1994,1
H. Salehi,Y. Bisabr,2000,3
H. Saleur,J. Rasmussen,2002,1
H. Saleur,N. P. Warner,1993,3
H. Saleur,N. Read,2001,1
H. Saleur,N. Yu Reshetikhin,1993,1
H. Saleur,P. Fendley,1992,7
H. Saleur,P. Mathieu,2002,1
H. Saleur,P. Simonetti,1998,1
H. Saleur,S. Lukyanov,1997,1
H. Saleur,S. Skorik,1994,3
H. Saleur,W. M. Koo,1993,2
H. Samtleben,K. Koepsell,1999,2
H. Samtleben,M. Abou-Zeid,2001,1
H. Samtleben,M. Niedermaier,1999,1
H. Samtleben,T. Fischbacher,2002,1
H. Sati,J. X. Lu,1999,1
H. Sati,James T. Liu,1999,6
H. Sati,M. Cvetic,1999,1
H. Sati,M. J. Duff,1999,5
H. Sati,P. Hoxha,1999,1
H. Sati,R. Martinez-Acosta,1999,1
H. Sati,T. A. Tran,1999,1
H. Sazdjian,I. T. Todorov,1994,1
H. Sazdjian,Y. S. Stanev,1994,1
H. Schnitzer,I. Ennes,1999,4
H. Schnitzer,N. Wyllard,2002,2
H. Schnitzer,S. Naculich,1999,6
H. Shimada,S. Dobashi,2002,1
H. Shimada,T. Yoneya,2002,1
H. Singh,J. Maharana,1995,4
H. Singh,J. X. Lu,2000,2
H. Singh,R. Parwani,1996,1
H. Singh,S. Kar,1995,1
H. Singh,S. Roy,2000,2
H. Skarke,M. Kreuzer,1993,8
H. Skarke,M. Mandelberg,1996,2
H. Sonoda,K. Ranganathan,1993,1
H. Steinacker,J. Madore,1999,2
H. Steinacker,R. Hinterding,1999,1
H. Steinacker,S. Cho,1999,1
H. Storch,R. Flume,2001,2
H. Storch,R. Poghossian,2001,2
H. Stuben,M. Gockeler,1997,1
H. Stuben,P. Rakow,1997,1
H. Stuben,R. Horsley,1997,1
H. Stuben,V. Linke,1997,1
H. Suelmann,M. De Roo,1992,1
H. Suganuma,H. Toki,1995,1
H. Suganuma,K. Itakura,1995,1
H. Suzuki,Jr.,2000,1
H. Suzuki,K. Ohta,1994,2
H. Suzuki,M. E. Knutt,2000,1
H. Suzuki,M. T. Grisaru,2000,1
H. Suzuki,S. J. Gates,2000,1
H. Suzuki,S. Penati,2000,1
H. Suzuki,T. Masuda,1998,1
H. T. Cho,R. Kantowski,1994,4
H. T. Sato,R. Kemmoku,2000,1
H. Takahashi,T. Fujita,1999,1
H. Takahashi,T. Kake,1999,1
H. Takashino,M. Koike,1996,1
H. Terao,V. Schechtman,1994,1
H. Toki,K. G. Klimenko,2001,1
H. Toki,K. Itakura,1995,1
H. Toki,V. Ch. Zhukovsky,2001,1
H. Toyoda,S. Naka,2002,1
H. Ujino,M. Wadati,1999,1
H. Umetsu,K. Suehiro,1998,1
H. Umetsu,N. Kawamoto,1998,1
H. Umetsu,N. Yokoi,1999,1
H. Umetsu,T. Nakatsu,1999,1
H. Umetsu,T. Tsukioka,1998,1
H. Umezawa,P. Elmfors,1993,1
H. Van Dam,Y. Jack Ng,1999,3
H. Verlinde,J. De Boer,1999,1
H. Verlinde,J. Khoury,2000,1
H. Verlinde,K. Schoutens,1994,1
H. Verlinde,R. Dijkgraaf,1996,7
H. Verschelde,J. A. Gracey,2002,2
H. Verschelde,J. De Pessemier,2000,1
H. Verschelde,K. Knecht,2001,2
H. Verschelde,K. Van Acoleyen,2001,5
H. Verschelde,M. Picariello,2002,3
H. Verschelde,M. S. Sarandy,2002,3
H. Verschelde,M. Vanderkelen,2001,1
H. Verschelde,R. E. Browne,2003,1
H. Verschelde,S. P. Sorella,2002,4
H. Verschelde,T. Vanzielighem,2001,1
H. Verschelde,V. E. R. Lemes,2002,3
H. Veschelde,K. Knecht,2001,1
H. Vucetich,L. F. Cugliandolo,1992,1
H. W. Braden,I. G. Koh,1992,1
H. W. Braden,J. D. Kim,1992,1
H. W. Braden,M. A. Olshanetsky,2003,1
H. W. Braden,N. A. Nekrasov,2001,1
H. W. Braden,R. Sasaki,1992,1
H. W. Braden,Takashi Suzuki,1993,2
H. W. Braden,V. A. Dolgushev,2003,1
H. W. Braden,V. M. Buchstaber,1994,1
H. W. Braden,V. Varela,1998,1
H. W. Hamber,R. M Williams,1996,2
H. W. L. Naus,J. P. Vary,1997,2
H. W. L. Naus,J. Przeszowski,1996,1
H. W. L. Naus,K. S. Gupta,1998,1
H. W. L. Naus,T. J. Fields,1997,1
H. W. L. Naus,T. J. Fields J. R. Spence,1998,1
H. W. Lee,Jin Young Kim,1995,16
H. W. Lee,N. J. Kim,1998,7
H. W. Lee,Y. M. Cho,2001,1
H. W. Lee,Y. S. Myung,1995,36
H. Weigel,M. Quandt,2001,3
H. Weigel,M. Scandurra,2002,2
H. Weigel,N. Graham,1999,8
H. Weigel,R. L. Jaffe,1999,8
H. Weigel,V. Khemani,2002,3
H. Y. Guo,J. F. Cai,1996,1
H. Y. Guo,K. Wu,1996,2
H. Y. Guo,S. K. Wang,1996,2
H. Y. Guo,Y. Q. Li,2001,1
H. Y. Guo,Z. Chang,2001,1
H. Y. Lee,T. Ueno,1992,1
H. Yamakoshi,M. Hirayama,1998,2
H. Yamakoshi,M. Kanno,1998,2
H. Yamakoshi,M. Ueno,1998,2
H. Yan,K. Iohara,1994,2
H. Yan,M. Jimbo,1994,2
H. Yan,O. Foda,1994,1
H. Yan,Omar Foda,1994,1
H. Yan,R. Kedem,1994,2
H. Yan,T. Miwa,1994,2
H. Zerrouki,J. Rant,1996,4
H. Zerrouki,L. Tataru,1994,2
H. Zerrouki,M. Schweda,1994,6
H. Zerrouki,O. Moritsch,1994,3
H. Zerrouki,P. A. Blaga,1994,1
H. Zerrouki,R. Leitgeb,1999,2
H. Zerrouki,T. Pisar,2000,1
H. Zerrouki,T. Sommer,1994,2
H. Zerrouki,U. Feichtinger,1996,1
H. Zerrouki.,M. Schweda,1995,1
H. Zerrouki.,O. Moritsch,1995,1
H. Zerrouki.,S. Emery,1995,1
H. Zerrouki.,T. Sommer,1995,1
H.-C. Kao,K. Lee,1994,1
H.-C. Kao,T. Lee,1994,1
H.-C. Pauli,O. Lunin,1998,1
H.-C. Pauli,S. Pinsky,1998,1
H.-C. Pauli,S. Tsujimaru,1998,1
H.-J. Lee,R. Jackiw,1996,1
H.-P. Pavel,S. A. Gogilidze,1997,1
H.-P. Pavel,V. N. Pervushin,1995,2
H.-T. Sato,J.-T. Yee,2001,1
H.-T. Sato,N. Aizawa,1993,2
H.-T. Sato,S. Kanemura,1994,2
H.-T. Sato,S. Lee,2001,1
H.-T. Sato,S.-J. Rey,2001,3
H.-T. Sato,S.-S. Kim,2001,1
H.-T. Sato,Y. Kiem,2001,3
Hadi Salehi,Hossein Motavali,2000,3
Hadi Salehi,Mehdi Golshani,2000,3
Hadi Salehi,Yousef Bisabr,2003,1
Hae Myoung Kwon,In-Gyu Koh,2002,1
Hae Myoung Kwon,Jae-Weon Lee,2002,1
Hae Myoung Kwon,Yeong Deok Han,2002,1
Haewon Lee,W. S. Lyi,1994,3
Haewon Lee,Y. M. Cho,1999,2
Hagen Kleinert,M. Bachmann,1999,1
Hagen Kleinert,Michael Bachmann,2001,1
Hagop Sazdjian,Hassen Jallouli,1995,1
Hai-Bao Wen,Shao-Xia Chen,2002,1
Hai-Bao Wen,Xin-Bing Huang,2002,1
Hai-Bao Wen,Zhe Chang,2002,1
Hai-Cang Ren,Ioannis Giannakis,2000,5
Hai-Cang Ren,James T. Liu,2002,1
Hajime Aoki,Hikaru Kawai,1999,2
Hajime Aoki,Keiichi Nagao,2002,2
Hajime Aoki,Satoshi Iso,1999,4
Hajime Aoki,Yoshihisa Kitazawa,1999,2
Hajime Oda,Hiroyuki Hata,1995,2
Hajime Oda,Shigeaki Yahikozawa,1995,1
Hak-Soo Shin,Hyeon-Min Johng,1995,1
Hak-Soo Shin,Kwang-Sup Soh,1995,2
Hamid Kachkachi,Jean-Pierre Ader,1992,1
Han-Ying Guo,Hong-Bo Teng,1994,3
Han-Ying Guo,Jianzhong Pan,2003,1
Han-Ying Guo,Jing-Bo Chen,2001,3
Han-Ying Guo,Ke Wu,1994,9
Han-Ying Guo,Qi-Keng Lu,2000,1
Han-Ying Guo,Roh-Suan Tung,2002,1
Han-Ying Guo,Wan-Yun Zhao,1998,1
Han-Ying Guo,Wei Zhang,1998,1
Han-Ying Guo,Xiao-Mei Ji,2001,2
Han-Ying Guo,Yi Ling,2002,1
Han-Ying Guo,Yu Cai,1994,3
Han-Ying Guo,Yu-Qi Li,2001,2
Han-Ying Guo,Yuan-Zhong Zhang,2002,1
Han-Ying Guo,Zhe Chang,1999,2
Han-Ying Guo,Zhong-Hua Wang,1992,1
Hanae El Hattab,Janos Polonyi,1997,1
Hang Bae Kim,Hyung Do Kim,1999,1
Hang Bae Kim,Hyungdo Kim,1998,1
Hang Bae Kim,Kiwoon Choi,1997,2
Hang Bae Kim,O-Kab Kwon,2003,2
Hang Bae Kim,Yoonbai Kim,2002,3
Hans A. Kastrup,Henning Wissowski,1995,2
Hans A. Kastrup,Wulf Boettger,1995,2
Hans Dykstra,Joe Lykken,1992,1
Hans Dykstra,Lee Brekke,1992,1
Hans Dykstra,Tom D. Imbo,1992,1
Hans Henrik Rugh,Holger Bech Nielsen,1996,1
Hans Henrik Rugh,Svend Erik Rugh,1996,1
Hans Jockers,Hyukjae Park,2002,1
Hans Jockers,Jacques Distler,2002,1
Hans Peter Nilles,Hyun Min Lee,2002,1
Hans Peter Nilles,Jihn E. Kim,2002,1
Hans Peter Nilles,Krzysztof A. Meissner,1999,1
Hans Peter Nilles,Lorenzo Sorbo,2001,1
Hans Peter Nilles,Marco Peloso,2001,1
Hans Peter Nilles,Marek Olechowski,1999,1
Hans Peter Nilles,Stefan Forste,2000,2
Hans Peter Nilles,Stephane Lavignac,1999,4
Hans Peter Nilles,Zygmunt Lalak,1999,4
Hans-Christian Pauli,Rolf Bayer,1995,1
Hans-Christian Pauli,Stephan Elser,1995,1
Hans-Christian Pauli,Stephen Pinsky,1994,1
Hans-Christian Pauli,Uwe Trittmann,1997,2
Hans-Peter Nilles,Marek Olechowski,2002,1
Hans-Peter Nilles,Michal Spalinski,1996,1
Hans-Peter Nilles,Stefan Pokorski,2002,1
Hans-Werner Wiesbrock,Roberto Longo,1997,1
Hanying Guo,Jianming Li,1994,3
Hanying Guo,Ke Wu,1994,2
Hao-Gang Ding,Ke Wu,1994,1
Haogang Ding,Jian Dai,2001,1
Haogang Ding,Xingchang Song,2001,1
Haralambos Panagopoulos,Luigi Del Debbio,2001,3
Haralambos Panagopoulos,Paolo Rossi,2001,2
Harald Dorn,Mohab Abou-Zeid,2000,2
Harald Dorn,Oleg Andreev,1999,2
Harald Grosse,Harold Steinacker,2000,2
Harald Grosse,Jesper Grimstrup,2001,1
Harald Grosse,John Madore,2000,2
Harald Grosse,Karl-Georg Schlesinger,2001,2
Harald Grosse,Lukas Popp,2001,1
Harald Grosse,Manfred Schweda,2001,1
Harald Grosse,Marco Maceda,2001,1
Harald Grosse,Raimar Wulkenhaar,2000,2
Harald Grosse,Thomas Krajewski,2000,1
Harald H. Soleng,Mirjam Cvetic,1994,2
Harald H. Soleng,Mirjam Cvetivc,1992,1
Harald H. Soleng,Stephen Griffies,1992,1
Harald Ita,Harald Nieder,2002,2
Harald Ita,Mohsen Alishahiha,2000,2
Harald Ita,Tadakatsu Sakai,2002,1
Harald Ita,Yaron Oz,2000,6
Harald J. W. Mueller-Kirsten,Yan-Gang Miao,2001,2
Harald Nieder,Yaron Oz,2000,3
Harald Skarke,Maximilian Kreuzer,1992,4
Harald Skarke,Philip Candelas,1997,1
Harald Skarke,Vincent Bouchard,2003,1
Harald Skarke,Xenia De La Ossa,2001,1
Harald Svendsen,Ulf Lindstrom,2000,1
Haret C. Rosu,Marco Reyes,1994,1
Harlan Robins,Hirosi Ooguri,1998,3
Harlan Robins,J. Rahmfeld,2000,1
Harlan Robins,Jan De Boer,1998,1
Harlan Robins,Jonathan Tannenhauser,1998,3
Harm Jan Boonstra,Kostas Skenderis,1998,2
Harold A. Riggs,Howard J. Schnitzer,1992,4
Harold A. Riggs,Stephen G. Naculich,1992,4
Harold Roussel,Nemanja Kaloper,1996,1
Harold Roussel,Robert C. Myers,1996,1
Harold Steinacker,Jacek Pawelczyk,2001,2
Harold Steinacker,John Madore,2000,3
Harold Steinacker,Marco Maceda,2001,1
Harold Steinacker,Pei-Ming Ho,1994,1
Harold Widom,John Harnad,1993,1
Harry Braden,Paul Sutcliffe,1996,1
Harry W. Braden,Nikita A. Nekrasov,1999,1
Harry W. Braden,Ryu Sasaki,1997,1
Hartmut Wachter,Michael Wohlgenannt,2001,1
Haru-Tada Sato,Hisao Suzuki,1994,1
Haru-Tada Sato,Jung-Tay Yee,2001,1
Haru-Tada Sato,Kaj Roland,1996,2
Haru-Tada Sato,Michael G. Schmidt,1998,3
Haru-Tada Sato,Naruhiko Aizawa,1997,1
Haru-Tada Sato,Soo-Jong Rey,2001,1
Haru-Tada Sato,Tatsuo Kobayashi,1997,1
Haru-Tada Sato,Yeonjung Kim,2001,1
Haru-Tada Sato,Youngjai Kiem,2000,4
Haruhiko Terao,Jun-Ichi Sumi,1998,4
Haruhiko Terao,Kaoru Takagi,2000,1
Haruhiko Terao,Keiichi Morikawa,1998,4
Haruhiko Terao,Ken-Ichi Aoki,1998,6
Haruhiko Terao,Ken-Ichi Kubota,1999,1
Haruhiko Terao,Kenichi Konishi,1997,2
Haruhiko Terao,Kiyonori Yamada,1993,1
Haruhiko Terao,Masaki Taniguchi,1998,1
Haruhiko Terao,Masashi Tomoyose,1999,3
Haruhiko Terao,Wataru Souma,1998,2
Harunobu Kubo,Kazuo Fujikawa,1996,2
Harvendra Singh,Jan Louis,2001,1
Harvendra Singh,Mario Tonin,2000,1
Harvendra Singh,Michael Haack,2001,1
Harvendra Singh,Rajesh Parwani,1994,1
Harvendra Singh,Swapna Mahapatra,2000,1
Harvey R. Brown,Katherine Brading,2000,1
Harvey S. Reall,Hisa-Aki Shinkai,2000,1
Harvey S. Reall,Jan B. Gutowski,2002,1
Harvey S. Reall,Jerome P. Gauntlett,2002,1
Harvey S. Reall,Roberto Emparan,2001,2
Harvey S. Reall,S. W. Hawking,1998,1
Harvey S. Reall,Stathis Pakis,2002,1
Harvey S. Reall,Tetsuya Shiromizu,2000,1
Hassan Firouzjahi,James M. Cline,2000,5
Hassan Firouzjahi,Patrick Martineau,2002,1
Hatem Widyan,N. Panchapakesan,1998,3
Hatem Widyan,R. P. Saxena,1998,3
Haye Hinrichsen,Vladimir Rittenberg,1992,2
He Bing,Lin He,1999,1
He Bing,Wu Ji-Min,1999,1
Hector Figueroa,Jose M. Gracia-Bondia,1999,2
Heeyong Park,Soonkeon Nam,2003,1
Heeyong Park,Yunseok Seo,2003,1
Heinrich Saller,James Baugh,2000,1
Heinrich Saller,Martin Haft,1996,1
Heinz J. Rothe,Klaus D. Rothe,2002,2
Heinz J. Rothe,R. Banerjee,1995,1
Helen A. Bridgman,Karim A. Malik,2000,1
Helen Au-Yang,Jacques H. H. Perk,1993,1
Helmut Kroger,Jin-Jiang Liu,2002,1
Helmut Kroger,Jun-Qin Jiang,2002,1
Helmut Kroger,Xiang-Qian Luo,2002,1
Hendrik Van Dam,Jack Y. Ng,1995,1
Hendrik Van Dam,Wei Chen,1995,1
Hendryk Pfeiffer,Robert Oeckl,2000,1
Heng Fan,Kai Chen,2002,1
Heng Fan,Kang-Jie Shi,1996,4
Heng Fan,Rui-Hongyue,2002,1
Heng Fan,Wen-Li Yang,1997,3
Heng Fan,Zhong-Xia Yang,1996,1
Henning Samtleben,Hermann Nicolai,2003,1
Henning Samtleben,Jean-Loup Gervais,1999,1
Henning Samtleben,Jose F. Morales,2002,2
Henning Samtleben,Marcus Berg,2001,3
Henning Samtleben,Mario Trigiante,2002,1
Henning Samtleben,Michael Haack,2002,1
Henning Wissowski,Wulf Boettger,1995,2
Henri Epstein,Jacques Bros,2001,2
Henri Epstein,Ugo Moschella,2001,1
Henri Ruegg,Jerzy Lukierski,1993,2
Henri Ruegg,Marti Ruiz-Altaba,2003,1
Henri Ruegg,Philippe Zaugg,1994,1
Henri Ruegg,Shahn Majid,1994,1
Henri Ruegg,Valerij N. Tolstoy,1993,1
Henri Ruegg,Valeriy N. Tolstoy,1994,1
Henri Verschelde,Sigurd Schelstraete,1994,2
Henric Larsson,Martin Cederwall,2000,2
Henric Larsson,Mikkel Nielsen,2000,2
Henric Larsson,Per Sundell,2000,2
Henric Larsson,Ulf Gran,2000,2
Henric Larsson,Vanicson L. Campos,2000,2
Henric Rhedin,Howard J. Schnitzer,1998,4
Henric Rhedin,Isabel P. Ennes,1998,2
Henric Rhedin,Stephen G. Naculich,1998,3
Henric Rhedin,Stephen Hwang,1993,4
Henriette Elvang,Joseph Polchinski,2002,1
Henrik Aratyn,Johan Van De Leur,2001,1
Henrik Zinkernagel,Svend Erik Rugh,2000,1
Henrique Boschi-Filho,Nelson R. F. Braga,1999,7
Henryk Arodz,Leszek Hadasz,1996,1
Herbert Neuberger,Patrick Huet,1996,1
Herbert Neuberger,Rajamani Narayanan,1996,2
Herbert Saleur,Lev Rozansky,1992,2
Herbert Saleur,P. Martin,1992,1
Herbert W. Hamber,Marco Vekic,1994,1
Herbert W. Hamber,Ruth M. Williams,1993,1
Herbert W. Hamber,Shao Liu,1994,1
Herbert Weigel,Noah Graham,2002,1
Herbert Weigel,Robert L. Jaffe,2002,1
Heribert Weigert,Stefan Leupold,1996,1
Herman Boos,Vladimir Mangazeev,2000,1
Herman Verlinde,John Mcgreevy,2003,1
Herman Verlinde,John Pearson,2001,2
Herman Verlinde,Kareljan Schoutens,1993,1
Herman Verlinde,Marcus Spradlin,2002,1
Herman Verlinde,Micha Berkooz,1999,1
Herman Verlinde,Niels Tuning,1996,1
Herman Verlinde,Percy L. Paul,2000,1
Herman Verlinde,Shamit Kachru,2001,1
Herman Verlinde,Steven B. Giddings,1998,1
Herman Verlinde,Tamar Friedmann,2002,1
Herman Verlinde,Tze-Dan Chung,1993,1
Herman Verlinde,Vijay Balasubramanian,1995,1
Herman Verlinde,Youngjai Kiem,1995,1
Hermann Boos,Vladimir Korepin,2003,1
Hermann Nicolai,Jan Plefka,2000,3
Hermann Nicolai,Marc Henneaux,2001,1
Hermann Nicolai,Matthias Staudacher,1998,1
Hermann Nicolai,Mohab Abou-Zeid,1999,1
Hermann Nicolai,Murat Gunaydin,1995,1
Hermann Nicolai,Oliver Baerwald,1997,1
Hermann Nicolai,Reinhold W. Gebert,1997,1
Hermann Nicolai,Robert Helling,1998,1
Hermann Nicolai,Stephan Melosch,1997,1
Hermann Nicolai,Thibault Damour,2001,1
Hermann Nicolai,Thomas Fischbacher,2003,1
Hermann Nicolai,Werner Krauth,1998,1
Hermann Nicolai,Yoichi Kazama,1993,1
Hernando Quevedo,Jeronimo Cortez,2002,1
Hernando Quevedo,Leonardo Patino,2003,1
Hernando Quevedo,Mike P. Ryan,2001,1
Hernando Quevedo,Octavio Obregon,2001,2
Hernando Quevedo,Sergei D. Odintsov,2001,1
Hernando Quevedo,Shinichi Nojiri,2001,1
Hideaki Aoyama,Hisashi Kikuchi,1996,3
Hideaki Aoyama,Ikuo Okouchi,1997,2
Hideaki Aoyama,Masatoshi Sato,1995,8
Hideaki Aoyama,Noriko Nakayama,2001,2
Hideaki Aoyama,Shinya Wada,1994,7
Hideaki Aoyama,Toshiaki Tanaka,2001,2
Hideaki Aoyama,Toshiyuki Harano,1994,7
Hideaki Hiro-Oka,Hisakazu Minakata,1994,1
Hideaki Hiro-Oka,Satoru Saito,1993,1
Hideaki Kudoh,Takahiro Tanaka,2001,3
Hideko Nagahiro,Satoko Uchida,1999,1
Hideko Nagahiro,Toyoki Matsuyama,1999,4
Hidenaga Yamagishi,Ismail Zahed,1992,2
Hidenaga Yamagishi,Rajesh R. Parwani,1992,1
Hidenori Sonoda,Wang-Chang Su,1994,2
Hidenori Takahashi,Kenji Suzuki,2002,1
Hidenori Takahashi,Makoto Hiramoto,1996,1
Hidenori Takahashi,Tadahito Nakajima,2002,1
Hidenori Takahashi,Takehisa Fujita,1996,2
Hideo Kodama,Osamu Seto,2000,2
Hideomi Totsuka Atomic,Shinichi Deguchi,1996,1
Hideomi Totsuka Atomic,Tadahito Nakajima,1996,1
Hidetoshi Awata,Miao Li,1999,1
Hidetoshi Awata,Shinji Hirano,1998,1
Hidetoshi Awata,Tamiaki Yoneya,1999,1
Hikaru Kawai,Masao Ninomiya,1992,2
Hikaru Kawai,Nobuyuki Ishibashi,1993,4
Hikaru Kawai,Ryuichi Nakayama,1993,1
Hikaru Kawai,Satoshi Iso,1999,5
Hikaru Kawai,Takehiro Azuma,2001,3
Hikaru Kawai,Takeshi Morita,2003,1
Hikaru Kawai,Tsunehide Kuroki,2001,2
Hikaru Kawai,Yoshihisa Kitazawa,1992,6
Hikaru Kawai,Yuhi Ohwashi,2001,1
Hikaru Sato,S. Ishihara,1999,1
Hikoya Kasari,Yoshio Yamaguchi,2001,1
Hiroaki Kanno,Katsushi Ito,1993,2
Hiroaki Kanno,Sung-Kil Yang,1998,1
Hiroaki Kanno,Takeo Inami,1996,2
Hiroaki Kanno,Tatsuya Ueno,1996,2
Hiroaki Kanno,Tohru Eguchi,2000,1
Hiroaki Kanno,Yh Uji Ohta,1995,1
Hiroaki Kanno,Yuji Ohta,1998,1
Hiroaki Kanno,Yukinori Yasui,2001,3
Hiroaki Kodama,Jun-Ichi Sumi,1999,1
Hiroaki Nakajima,Ko Furuta,2001,3
Hiroaki Nakajima,Masayoshi Yamamoto,2002,2
Hiroaki Nakajima,Muneto Nitta,2001,1
Hiroaki Nakajima,Takeo Inami,2001,3
Hiroaki Nakano,Tatsuo Kobayashi,1996,1
Hiroaki Terashima,Kazuo Fujikawa,1998,4
Hirofumi Yamada,Susumu Ariki,1993,1
Hirofumi Yamada,Tatsuhiro Nakajima,1994,1
Hirofumi Yamada,Tomohide Terasoma,1993,1
Hirofumi Yasuta,Hiroshi Suzuki,1996,4
Hirofumi Yasuta,Kiyoshi Okuyama,1999,1
Hirofumi Yasuta,Yoshihisa Ohshima,1999,1
Hirokazu Tanaka,Masafumi Fukuma,1999,2
Hirokazu Tanaka,Masahiro Anazawa,1997,2
Hirokazu Tanaka,Takeshi Oota,1999,2
Hiroki Emoto,Takahiro Kubota,2002,1
Hiroki Emoto,Yutaka Hosotani,2002,1
Hiroki Hata,Shun-Ichi Yamaguchi,2000,1
Hiromi Kase,Katsusada Morita,1998,4
Hiromi Kase,Yoshitaka Okumura,1998,4
Hiromichi Nakazato,Kazuya Yuasa,1996,2
Hiromichi Nakazato,Mikio Namiki,1994,1
Hiromichi Nakazato,Saverio Pascazio,1993,3
Hiromitsu Takayanagi,Tadashi Takayanagi,2002,3
Hiromitsu Takayanagi,Yasuaki Hikida,2003,1
Hiroo Azuma,Satoshi Iso,1993,1
Hiroshi Igarashi,Hiroshi Suzuki,1996,1
Hiroshi Igarashi,Kazunobu Haga,1996,1
Hiroshi Igarashi,Kiyoshi Okuyama,1996,1
Hiroshi Igarashi,Tadao Suzuki,1996,1
Hiroshi Igarashi,Takanori Fujiwara,1996,1
Hiroshi Ishikawa,Ken-Ji Hamada,1994,1
Hiroshi Ishikawa,Mitsuhiro Kato,1992,1
Hiroshi Ishikawa,Satoshi Watamura,2000,1
Hiroshi Ishikawa,Shinji Hirano,1994,1
Hiroshi Ishikawa,Taro Tani,2002,1
Hiroshi Itoyama,Hiroyuki Takashino,1997,1
Hiroshi Itoyama,Shin Nakamura,2002,2
Hiroshi Kato,Taichi Itoh,1998,2
Hiroshi Kawabe,Naohito Nakazawa,1999,2
Hiroshi Kunitomo,Katsumi Itoh,1993,1
Hiroshi Kunitomo,Katsushi Ito,2002,1
Hiroshi Kunitomo,Kazuyuki Furuuchi,1996,1
Hiroshi Kunitomo,Keiji Kikkawa,1997,1
Hiroshi Kunitomo,Kenji Hotta,1997,1
Hiroshi Kunitomo,Makoto Sakaguchi,1993,3
Hiroshi Kunitomo,Nobuyoshi Ohta,1993,1
Hiroshi Kunitomo,Toshio Nakatsu,1996,1
Hiroshi Shirokura,Norisuke Sakai,1993,1
Hiroshi Shirokura,Yoichro Matsumura,1993,1
Hiroshi Suzuki,Joaquim Gomis,1992,1
Hiroshi Suzuki,Kazunobu Haga,1996,1
Hiroshi Suzuki,Kazuo Fujikawa,1997,2
Hiroshi Suzuki,Ken-Ichi Hiraizumi,1995,1
Hiroshi Suzuki,Kenichi Konishi,1994,2
Hiroshi Suzuki,Kiyoshi Okuyama,1996,7
Hiroshi Suzuki,Nobuaki Nagao,1996,1
Hiroshi Suzuki,Riccardo Guida,1994,2
Hiroshi Suzuki,Takuya Hayashi,1998,2
Hiroshi Suzuki,Yoshihisa Ohshima,1995,4
Hiroshi Toki,Miho Koma,2001,2
Hiroshi Toki,Yoshiaki Koma,2001,2
Hiroshi Tsukahara,Takeo Inami,1998,1
Hiroshi Umetsu,Kazuhiko Suehiro,1997,1
Hiroshi Umetsu,Naoto Yokoi,2002,1
Hiroshi Umetsu,Noboru Kawamoto,1997,2
Hiroshi Umetsu,Takuya Tsukioka,1997,2
Hiroshi Yamamoto,Minoru Horibe,1993,1
Hiroshi Yamamoto,Takaaki Hashimoto,1993,1
Hiroshige Kajiura,Masashi Hamanaka,2002,1
Hiroshige Kajiura,Sachiko Ogushi,1999,1
Hiroshige Kajiura,Tadashi Takayanagi,2001,1
Hiroshige Kajiura,Yutaka Matsuo,2001,1
Hirosi Ooguri,J. Rahmfeld,2000,1
Hirosi Ooguri,Jan De Boer,1996,6
Hirosi Ooguri,Jaume Gomis,2000,2
Hirosi Ooguri,John Son,2000,1
Hirosi Ooguri,John Terning,1998,1
Hirosi Ooguri,Jonathan Tannenhauser,1998,4
Hirosi Ooguri,Jongwon Park,2001,2
Hirosi Ooguri,Juan Maldacena,2000,3
Hirosi Ooguri,Kentaro Hori,1996,7
Hirosi Ooguri,Kirk Kaminsky,2003,1
Hirosi Ooguri,Koji Hashimoto,2001,1
Hirosi Ooguri,Kostas Skenderis,1998,1
Hirosi Ooguri,Michael R. Douglas,1997,3
Hirosi Ooguri,Nadav Drukker,1999,1
Hirosi Ooguri,Oliver Dewolfe,2001,1
Hirosi Ooguri,Per Kraus,2002,1
Hirosi Ooguri,Peter Lee,2001,2
Hirosi Ooguri,Stephen H. Shenker,1997,1
Hirosi Ooguri,Stephen Shenker,2002,1
Hirosi Ooguri,Yaron Oz,1996,7
Hirosi Ooguri,Yuji Okawa,2000,4
Hirosi Ooguri,Zheng Yin,1996,3
Hirotaka Ochiai,Takashi Torii,2001,1
Hirotaka Ochiai,Tetsuya Shiromizu,2001,2
Hiroto Kubotani,Miyuki Katsuki,1995,1
Hiroto Kubotani,Shinichi Nojiri,1995,1
Hiroto So,Katsumi Itoh,1999,5
Hiroto So,Yuji Igarashi,1999,5
Hiroyuki Abe,Tatsuo Kobayashi,2002,1
Hiroyuki Abe,Tetsutaro Higaki,2002,1
Hiroyuki Fuji,Katsushi Ito,2002,1
Hiroyuki Fuji,Yasuhiro Sekino,2002,1
Hiroyuki Fuji,Yutaka Matsuo,2000,1
Hiroyuki Fuji,Yutaka Ookouchi,2002,2
Hiroyuki Fujita,Sh. M. Shvartsman,1995,1
Hiroyuki Hata,Hisashi Kogetsu,2002,1
Hiroyuki Hata,Koji Hashimoto,1997,4
Hiroyuki Hata,Masako Fujita,2003,1
Hiroyuki Hata,Naoki Sasakura,1998,2
Hiroyuki Hata,Sanefumi Moriyama,1999,7
Hiroyuki Hata,Seiya Goto,2000,1
Hiroyuki Hata,Shigeaki Yahikozawa,1995,1
Hiroyuki Hata,Shunichi Shinohara,2000,1
Hiroyuki Hata,Shunsuke Teraguchi,2001,2
Hiroyuki Hata,Teruhiko Kawano,2001,1
Hiroyuki Hata,Yusuke Taniguchi,1994,2
Hiroyuki Kobayashi,Izumi Tsutsui,1996,3
Hiroyuki Kobayashi,Masaomi Kimura,1998,1
Hiroyuki Kobayashi,Shogo Tanimura,1997,1
Hiroyuki Takashino,Takahiro Kubota,1995,1
Hiroyuki Takata,I. L. Shapiro,1995,1
Hiroyuki Takata,Seiji Mukaigawa,1996,1
Hiroyuki Takata,Subrata Bal,2001,1
Hiroyuki Takata,Yoshihisa Kitazawa,1998,1
Hiroyuki Yamashita,Makoto Sakamoto,1999,1
Hisa-Aki Shinkai,Tetsuya Shiromizu,2000,2
Hisakazu Minakata,Masato Arai,1996,1
Hisaki Hatanaka,Katsuhiko Ohnishi,2000,2
Hisaki Hatanaka,Kazunori Takenaga,1999,2
Hisaki Hatanaka,Makoto Sakamoto,1999,3
Hisaki Hatanaka,Motoi Tachibana,1999,1
Hisaki Hatanaka,Seiho Matsumoto,2000,1
Hisamitsu Mukaida,Yujiro Shimada,1996,1
Hisao Suzuki,Nobuyoshi Ohta,1992,2
Hisao Suzuki,Takahiro Masuda,1996,4
Hisao Suzuki,Toru Sasaki,1997,1
Hisashi Echigoya,Tadashi Miyazaki,2000,2
Hisashi Echigoya,Tomohiko Shibuya,2002,1
Hisashi Kikuchi,Ikuo Okouchi,1997,2
Hisashi Kikuchi,Masatoshi Sato,1996,3
Hisashi Kikuchi,Shinya Wada,1996,3
Hisashi Kikuchi,Toshiyuki Harano,1996,2
Hisashi Yamamoto,Shunya Mizoguchi,1993,1
Hisham Sati,Jarah Evslin,2002,1
Hitoshi Konno,Michio Jimbo,1995,1
Hitoshi Konno,Rinat Kedem,1995,1
Hitoshi Konno,Robert Weston,1995,1
Hitoshi Konno,Takeo Inami,1994,2
Hitoshi Konno,Tetsuji Miwa,1995,1
Hitoshi Konno,Yao-Zhong Zhang,1995,1
Hitoshi Miyazaki,Izumi Tsutsui,1997,2
Hitoshi Miyazaki,Kenichi Horie,1999,1
Hitoshi Murayama,Iosif Bena,2003,1
Hitoshi Murayama,Kenichi Konishi,2000,3
Hitoshi Murayama,Lawrence J. Hall,2001,1
Hitoshi Murayama,Mary K. Gaillard,1998,1
Hitoshi Murayama,Nima Arkani-Hamed,1997,2
Hitoshi Murayama,Radu Roiban,2003,1
Hitoshi Murayama,Radu Tatar,2003,1
Hitoshi Murayama,S. Prem Kumar,2001,1
Hitoshi Murayama,Yasunori Nomura,2001,1
Hitoshi Nishino,Jr,1992,2
Hitoshi Nishino,Jr.,1996,4
Hitoshi Nishino,Pablo Mora,2000,1
Hitoshi Nishino,S. J. Gates,1996,2
Hitoshi Nishino,S. James Gates,1992,4
Hitoshi Nishino,Sergei V. Ketov,1992,1
Hitoshi Nishino,Subhash Rajpoot,2000,15
Hm Chan,St Tsou,1997,2
Hoang Ngoc Long,Nguyen Suan Han,1994,1
Hodaka Oda,Kenji Ito,1999,3
Hodaka Oda,Masashi Naganuma,1999,3
Hodaka Oda,Norisuke Sakai,1996,5
Hodaka Oda,Shigemitsu Tomizawa,1998,1
Hodaka Oda,Tadakatsu Sakai,1996,2
Hoi-Kwong Lo,John Preskill,1993,2
Hoi-Kwong Lo,Kai-Ming Lee,1993,2
Hoil Kim,Hyun Seok Yang,1998,3
Hoil Kim,Nakwoo Kim,1999,1
Hok Kong Lee,Xinkai Wu,2003,1
Holger B. Nielsen,Masao Ninomiya,1998,2
Holger Bech Nielsen,Norma Mankoc Borstnik,1999,1
Holger Bech Nielsen,Svend Erik Rugh,1994,3
Holger Ewen,Kristin Foerger,1996,2
Holger Ewen,Oleg Ogievetsky,1992,1
Holger Ewen,Stefan Theisen,1996,1
Holger Frahm,Vladimir E. Korepin,1995,1
Holger Gies,Kurt Langfeld,2002,2
Holger Gies,Laurent Moyaerts,2002,2
Holger Gies,Sree Ram Valluri,2001,1
Holger Gies,Ulrich D. Jentschura,2001,1
Holger Gies,Walter Dittrich,1996,2
Holger Guenther,Jan Louis,1999,2
Holger Guenther,Robert Boehm,1999,1
Hong Chen Fu,Ryu Sasaki,1997,1
Hong Liu,Jeremy Michelson,2000,5
Hong Liu,Juan Maldacena,2003,1
Hong Liu,Junseong Heo,1996,1
Hong Liu,Lawrence M. Krauss,1996,2
Hong Liu,Michael R. Douglas,2002,1
Hong Liu,Nathan Seiberg,2002,2
Hong Liu,Neil Lambert,2003,1
Hong Liu,Tanmay Vachaspati,1996,1
Hong Zhang,Li-Bin Fu,2001,1
Hong Zhang,Libin Fu,1999,2
Hong Zhang,Yi-Shi Duan,2001,1
Hong Zhang,Yishi Duan,1999,2
Hong-Bo Teng,Ke Wu,1994,3
Hong-Bo Teng,Kunihiko Uehara,1996,1
Hong-Bo Teng,Takesi Saito,1996,1
Hong-Bo Teng,Yu Cai,1994,2
Honglo Lee,Yong-Wan Kim,1997,1
Honglo Lee,Young-Jai Park,1997,1
Hongsu Kim,Jae-Sok Oh,1997,1
Hongsu Kim,Sung Ku Kim,1997,1
Hongsu Kim,Yongsung Yoon,2000,3
Hongwei Xiong,Shujuan Liu,2002,1
Horace Crater,Luca Lusanna,2000,1
Horace Stoica,Ira Wasserman,2000,2
Horace Stoica,Nicholas Jones,2000,2
Horace Stoica,Nicholas T. Jones,2003,1
Horace Stoica,S.-H. Henry Tye,2000,4
Horacio Alberto Falomir,Jorge Eduardo Solomin,1996,1
Horacio Alberto Falomir,Maria Amelia Muschietti,1996,1
Horacio Alberto Falomir,Ricardo Enrique Gamboa Saravi,1996,1
Horacio E Camblong,Huner Fanchiotti,2001,1
Horacio E Camblong,Luis N. Epele,2001,1
Horacio E. Camblong,Huner Fanchiotti,2000,3
Horacio E. Camblong,Karyn M. Apfeldorf,2000,1
Horacio E. Camblong,Luis N. Epele,2000,3
Horatiu Nastase,Iosif Bena,2000,1
Horatiu Nastase,Juan Maldacena,2001,2
Horatiu Nastase,Misha Stephanov,1998,1
Horatiu Nastase,Peter Van Nieuwenhuizen,1998,2
Horatiu Nastase,Peter Van Niewenhuizen,1999,1
Horatiu Nastase,Sanjaye Ramgoolam,2003,1
Horatiu Nastase,Warren Siegel,2000,1
Horst G. Kausch,Matthias R. Gaberdiel,1996,3
Horst Stoecker,Qun Wang,2000,1
Horst Stoecker,Walter Greiner,2000,1
Hoseong La,Ramzi R. Khuri,1992,2
Hossein Motavali,Mahdi Golshani,2000,1
Hossein Motavali,Mehdi Golshani,2000,4
Hossein Yavartanoo,Mohsen Alishahiha,2002,2
Hou Bo-Yu,Shi Kangjie,2002,1
Hou Bo-Yu,Yang Zhan-Ying,2002,1
Hou Boyuan,Liu Yufen,1999,1
Hou Boyuan,Ma Zhongqi,1999,1
Hou Defu,M. E. Carrington,1998,1
Hou Defu,Markus H. Thoma,1998,1
Hou Defu,U. Heinz,1997,1
Houari Merabet,Tomasz Brzezinski,1997,1
Howard Georgi,Matthew D. Schwartz,2002,1
Howard Georgi,Nima Arkani-Hamed,2001,5
Howard Georgi,Spencer Chang,2002,1
Howard J. Schnitzer,Isabel P. Ennes,1998,2
Howard J. Schnitzer,Joao P. Nunes,1997,1
Howard J. Schnitzer,Jose M. Isidro,1997,1
Howard J. Schnitzer,Michael Crescimanno,1995,1
Howard J. Schnitzer,Niclas Wyllard,2001,5
Howard J. Schnitzer,Stephen G. Naculich,1992,10
Hsiang-Nan Li,Rajesh R. Parwani,1993,1
Hsien-Chung Kao,Jen-Chi Lee,2002,1
Hsien-Chung Kao,Kimyeong Lee,1992,4
Hsien-Chung Kao,Pei-Ming Ho,2001,1
Hsien-Chung Kao,Taejin Lee,1995,2
Hsin-Chia Cheng,Jing Wang,2001,1
Hsin-Chia Cheng,Lisa Randall,2003,2
Hsin-Chia Cheng,Nima Arkani-Hamed,2003,2
Hsin-Chia Cheng,Paolo Creminelli,2003,2
Hsin-Chia Cheng,Stefan Pokorski,2001,1
Hsin-Chia Cheng,Yael Shadmi,1998,2
Hu Berlin,S. Braune,1994,1
Huan-Xiong Yang,Maria E. Angulo,2002,1
Huan-Xiong Yang,You-Quan Li,1996,1
Hubert Saleur,Paul Fendley,2001,1
Hubert Saleur,Paul Martin,1993,2
Hubert Saleur,Prospero Simonetti,1998,1
Hubert Saleur,Sergei Skorik,1994,1
Hugo A. Morales-Tecotl,Jorge Alfaro,2001,1
Hugo A. Morales-Tecotl,Luis F. Urrutia,2001,1
Hugo Garcia-Compean,Iliana Carrillo-Ibarra,2002,1
Hugo Garcia-Compean,Jerzy F. Plebanski,1994,7
Hugo Garcia-Compean,Jorge Moreno,2001,1
Hugo Garcia-Compean,Laura E. Morales,1994,1
Hugo Garcia-Compean,Maciej Przanowski,1995,3
Hugo Garcia-Compean,Norma Quiroz-Perez,1996,1
Hugo Garcia-Compean,Oscar Loaiza-Brito,2000,3
Hugo Reinhardt,Michael Engelhardt,1997,1
Hui-Min Zhang,Minoru Hirayama,1996,1
Hui-Min Zhang,Takeshi Hamada,1996,1
Huidong Guo,Xingang Chen,2001,1
Humitaka Tamura,Keiji Kikkawa,1994,1
Huner Fanchiotti,Luis N. Epele,2000,4
Hung Cheng,S. P. Li,1996,5
Hung Soo Kim,Jae Kwan Kim,1995,1
Hungsoo Kim,Hyun-Soo Min,1999,1
Hungsoo Kim,Jae Kwan Kim,1998,3
Hungsoo Kim,S. Tamaryan,2001,2
Hungsoo Kim,Sahng-Kyoon Yoo,1998,2
Hungsoo Kim,Soo-Young Lee,1998,6
Hungsoo Kim,Yan-Gang Miao,2001,1
Hwang-H. Kwon,Michael B. Green,1999,2
Hwang-H. Kwon,Michael Gutperle,1999,1
Hwang-H. Kwon,Pierre Vanhove,1999,1
Hwang-Hyun Kwon,Michael B. Green,1997,1
Hwang-Hyun Kwon,Michael Gutperle,1997,1
Hyeon-Min Johng,Kwang-Sup Soh,1995,1
Hyeong-Chan Kim,Jae Hyung Yee,2000,4
Hyeong-Chan Kim,Jae Kwan Kim,1993,2
Hyeong-Chan Kim,Min-Ho Lee,1993,2
Hyeong-Chan Kim,Mu-In Park,2000,1
Hyeonjoon Shin,Jae Kwan Kim,1994,1
Hyeonjoon Shin,Jaemo Park,2002,1
Hyeonjoon Shin,Myung Seok Yoon,1998,1
Hyeonjoon Shin,O-Kab Kwon,2003,1
Hyeonjoon Shin,Sangmin Lee,2002,1
Hyeonjoon Shin,Seungjoon Hyun,1997,12
Hyeonjoon Shin,Sung-Won Kim,1996,1
Hyeonjoon Shin,Won T. Kim,1995,2
Hyeonjoon Shin,Won Tae Kim,1998,1
Hyeonjoon Shin,Yongduk Kim,1995,1
Hyeonjoon Shin,Young-Jai Park,1995,2
Hyeonjoon Shin,Youngjai Kiem,1997,5
Hyuk-Jae Lee,Hyun Seok Yang,1999,1
Hyuk-Jae Lee,Jae Hyung Yee,1997,3
Hyuk-Jae Lee,Jin-Ho Cho,1994,2
Hyuk-Jae Lee,Joo Youl Lee,1998,1
Hyuk-Jae Lee,Junsoo Shin,1997,1
Hyuk-Jae Lee,Nobuyoshi Ohta,1999,1
Hyuk-Jae Lee,Seungjoon Hyun,1994,2
Hyukjae Park,Jacques Distler,2002,1
Hyun Kyu Lee,Joon Ha Kim,1994,1
Hyun Kyu Lee,Mannque Rho,1992,1
Hyun Min Lee,Hyung Do Kim,2002,1
Hyun Min Lee,Jihn E. Kim,2000,11
Hyun Min Lee,Kang-Sin Choi,2002,1
Hyun Seok Yang,Inbo Kim,1998,2
Hyun Seok Yang,Jongwook Kim,2003,1
Hyun Seok Yang,Keun-Young Kim,2000,3
Hyun Seok Yang,Kimyeong Lee,2000,1
Hyun Seok Yang,Nakwoo Kim,1999,1
Hyun Seok Yang,Nobuyoshi Ohta,1999,1
Hyun-Soo Min,Sahng-Kyoon Yoo,1999,1
Hyun-Soo Min,Soo-Young Lee,1999,1
Hyung Do Kim,Jihn E. Kim,2002,1
Hyungdo Kim,Kiwoon Choi,1998,1
Hyunji Cho,Jennie Traschen,2000,2
Hyunji Cho,Moataz Emam,2000,1
Hyunsoo Min,Joohan Lee,1998,1
Hyunsoo Min,Koji Hashimoto,1999,1
Hyunsoo Min,Naoki Sasakura,1999,1
Hyunsoo Min,O-Kab Kwon,2000,1
Hyunsoo Min,Pyungwon Ko,1993,1
Hyunsoo Min,Q-Han Park,1996,1
Hyunsoo Min,Taejin Lee,1994,1
I T Drummond,P V Landshoff,1999,1
I T Drummond,R R Horgan,1999,1
I Tsohantjis,P D Jarvis,1995,3
I Tsohantjis,S P Corney,1999,2
I Yu Tipunin,M A Grigoriev,1998,1
I Yu Tipunin,V A Sirota,1998,1
I. A. B. Strachan,J. M. Speight,1999,1
I. A. Batalin,I. V. Tyutin,1992,9
I. A. Batalin,K. Bering,1996,4
I. A. Batalin,M. A. Grigoriev,2001,2
I. A. Batalin,P. H. Damgaard,1996,4
I. A. Batalin,S. L. Lyakhovich,1994,3
I. A. Chiosa,Nadejda A. Vicol,2000,1
I. A. Chiosa,S. I. Vacaru,2000,1
I. A. Naumov,T. Stroh,1997,1
I. A. Nikolic,M. Blagojevic,2000,1
I. A. Shovkovy,I. Sachs,1998,1
I. A. Shovkovy,L. C. R. Wijewardhana,1999,1
I. A. Shovkovy,P. N. Mcgraw,1998,1
I. A. Shovkovy,V. A. Miransky,1994,3
I. A. Shovkovy,V. Elias,1996,1
I. A. Shovkovy,V. P. Gusynin,1994,4
I. A. Shovkovy,Y. J. Ng,1998,1
I. Acikgoz,K. Sogut,2001,1
I. Andric,L. Jonke,1994,4
I. Andric,V. Bardek,1994,4
I. Antoniadis,J. Iliopoulos,1995,1
I. Antoniadis,J. Rizos,1993,3
I. Antoniadis,J.-P. Derendinger,1999,1
I. Antoniadis,K. Benakli,1992,5
I. Antoniadis,K. Foerger,1999,1
I. Antoniadis,K. S. Narain,1992,11
I. Antoniadis,K. Tamvakis,1993,1
I. Antoniadis,M. Quiros,1996,5
I. Antoniadis,N. A. Obers,1994,1
I. Antoniadis,P. O. Mazur,1992,3
I. Antoniadis,R. Minasian,1997,1
I. Antoniadis,R. Sturani,2002,1
I. Antoniadis,S. D. Odintsov,1992,2
I. Antoniadis,S. Ferrara,1994,5
I. Antoniadis,T. N. Tomaras,1995,2
I. Antoniadis,T. R. Taylor,1992,16
I. Antoniadis,T. Tomaras,2001,1
I. B. Samsonov,I. L. Buchbinder,1999,2
I. Bakas,J.-P. Derendinger,2000,2
I. Bakas,K. Sfetsos,1995,12
I. Bakas,L. Alvarez-Gaume,1995,2
I. Bakas,Q-Han Park,1995,1
I. Bandos,M. Tonin,1995,1
I. Bandos,P. Pasti,1995,1
I. Bandos,S. Ulanov,1998,1
I. Bandos,V. Akulov,1998,1
I. Bandos,V. Zima,1998,1
I. Bandos,W. Kummer,1998,1
I. Bars,I. Kishimoto,2002,3
I. Bars,K. Sfetsos,1992,4
I. Bars,M. M. Sheikh-Jabbari,2001,1
I. Bars,M. Vasiliev,2001,1
I. Bars,O. Andreev,1998,1
I. Bars,T. Takayanagi,2000,1
I. Bars,Y. Matsuo,2000,4
I. Bengtsson,J. Hallin,1994,1
I. Brevik,K. A. Milton,2000,2
I. Brevik,K. E. Osetrin,2000,1
I. Brevik,R. Sollie,1997,1
I. Brevik,S. D. Odintsov,1996,3
I. Brevik,T. A. Yousef,2000,1
I. Brunner,M. Lynker,1997,1
I. Brunner,R. Schimmrigk,1996,2
I. Cabrera-Carnero,J. F. Gomes,2001,2
I. Cabrera-Carnero,M. Moriconi,2002,2
I. Chepelev,K. Zarembo,1997,1
I. Chepelev,Y. Makeenko,1997,1
I. Cherednikov,K. Sveshnikov,1997,2
I. Cherednikov,M. Khalili,1999,1
I. Cherednikov,P. Silaev,1997,1
I. Cherednikov,S. Fedorov,1999,1
I. Dadic,L. Jonke,2003,1
I. Dadic,S. Meljanac,2003,1
I. Dymnikova,L. Koziel,2000,1
I. Dymnikova,M. Khlopov,2000,1
I. Dymnikova,S. Rubin,2000,1
I. Ennes,S. Naculich,1999,4
I. F. Riad,M. M. Sheikh-Jabbari,2000,1
I. Filippov,J. Hiller,1999,1
I. Filippov,O. Lunin,1999,1
I. Filippov,P. Haney,1999,1
I. Filippov,S. Pinsky,1999,2
I. Filippov,Sdlcq Collaboration: F. Antonuccio,1999,1
I. Filippov,U. Trittmann,1999,1
I. Fonseca Neto,R. De Lima Rodrigues,2002,1
I. Fonseca Neto,W. Pires De Almeida,2002,1
I. Fruhwirth,J. M. Grimstrup,2002,1
I. Fruhwirth,L. Popp,2002,1
I. Fruhwirth,M. Schweda,2002,1
I. Fruhwirth,Z. Morsli,2002,1
I. G. Avramidi,R. Schimming,1995,1
I. G. Chugunov,Yu. P. Rybakov,1999,2
I. G. Koh,J. D. Kim,1992,2
I. G. Koh,R. Sasaki,1992,1
I. G. Pirozhenko,I. H. Brevik,1997,1
I. G. Pirozhenko,J. Dittrich,2002,1
I. G. Pirozhenko,M. Bordag,2001,3
I. G. Pirozhenko,V. V. Nesterenko,1997,10
I. Gaida,J. M. Stewart,1998,1
I. Gaida,K. Behrndt,1997,1
I. H. Brevik,S. D. Odintsov,1997,1
I. H. Brevik,V. V. Nesterenko,1997,1
I. H. Duru,O. F. Dayi,1994,2
I. Horvath,P. F. Bedaque,1992,1
I. Horvath,S. G. Rajeev,1992,1
I. I Kogan,O. A. Soloviev,1996,1
I. I. Kogan,I. R. Klebanov,1993,1
I. I. Kogan,J. L. F. Barbon,1998,3
I. I. Kogan,L. Cooper,1997,1
I. I. Kogan,M. I. Dobroliubov,1992,1
I. I. Kogan,N. Weiss,1992,3
I. I. Kogan,O. A. Soloviev,1997,1
I. I. Kogan,P. Castelo Ferreira,2001,1
I. I. Kogan,R. J. Szabo,1996,6
I. I. Kogan,S. A. Abel,1999,2
I. I. Kogan,Z. Berezhiani,2002,1
I. J. R. Aitchison,M. Klein-Kreisler,1996,1
I. J. R. Aitchison,M. T. Johnsson,1997,1
I. J. R. Aitchison,N. E. Mavromatos,1995,3
I. Jack,J. Panvel,1993,3
I. Jack,N. Mohammedi,2001,1
I. Jack,O. Foda,2002,1
I. Jack,S. Parsons,1999,1
I. Joichi,M. Hotta,1996,1
I. Joichi,M. Tanaka,1996,1
I. Joichi,M. Yoshimura,1996,1
I. Joichi,Sh. Matsumoto,1996,1
I. K. Kostov,I. Krichever,2000,1
I. K. Kostov,M. Mineev-Weinstein,2000,1
I. K. Kostov,P. Wiegmann,2000,1
I. Kirsch,J. Erdmenger,2002,1
I. Kirsch,N. R. Constable,2002,1
I. Kirsch,Z. Guralnik,2002,1
I. Kishimoto,Y. Matsuo,2002,3
I. Klebanov,J. Rodrigues,1993,1
I. Klebanov,K. Demeterfi,1993,2
I. Klebanov,S. Dalley,1992,2
I. Klich,J. Feinberg,2000,1
I. Klich,M. Revzen,2000,2
I. Kogan,J.-S. Caux,1996,1
I. Kolokolov,M. Martellini,1992,1
I. Kostov,J. M. Daul,1993,1
I. Kostov,V. Kazakov,1992,2
I. Krichever,K. L. Vaninsky,2000,1
I. Krichever,M. Mineev-Weinstein,2000,1
I. Krichever,M. Talon,1994,1
I. Krichever,O. Babelon,1994,1
I. Krichever,O. Lipan,1996,1
I. Krichever,P. Wiegmann,1996,3
I. Krichever,Yu. Volvovski,2002,1
I. L. Buchbinder,I. L. Shapiro,1994,2
I. L. Buchbinder,J. Phillips,2002,2
I. L. Buchbinder,J. V. Yarevskaya,1995,1
I. L. Buchbinder,Jr.,2002,1
I. L. Buchbinder,M. Cvetic,1999,2
I. L. Buchbinder,M. Gomes,2001,1
I. L. Buchbinder,M. Tsulaia,2001,2
I. L. Buchbinder,N. G. Pletnev,2000,3
I. L. Buchbinder,S. Bellucci,2003,1
I. L. Buchbinder,S. D. Odintsov,1997,1
I. L. Buchbinder,S. James Gates,2002,1
I. L. Buchbinder,S. James Gates Jr,2002,1
I. L. Buchbinder,S. L. Lyakhovich,1993,1
I. L. Buchbinder,S. M. Kuzenko,1995,8
I. L. Buchbinder,T. Inagaki,1997,1
I. L. Buchbinder,V. A. Krykhtin,1994,5
I. L. Buchbinder,V. D. Pershin,1993,12
I. L. Buchbinder,V. G. Bagrov,1994,1
I. L. Buchbinder,V. O. Rivelles,2001,1
I. L. Buchbinder,W. D. Linch,2002,1
I. L. Buchbinder,W. D. Linch Iii,2002,1
I. L. Egusquiza,M. A. Valle-Basagoiti,1996,1
I. L. Shapiro,J. A. Helayel-Neto,1999,2
I. L. Shapiro,J. C. Fabris,1999,3
I. L. Shapiro,J. L. Lopez,1996,1
I. L. Shapiro,M. Asorey,1996,1
I. L. Shapiro,S. D. Odintsov,1994,3
I. L. Shapiro,V. G. Bagrov,1994,1
I. L. Solovtsov,K. A. Milton,1998,1
I. Lovas,K. Sailer,1998,1
I. Lovas,W. Greiner,1998,1
I. M. Dremin,P. G. Polynkin,1994,1
I. M. Dremin,V. I. Manko,1994,1
I. M. Dremin,V. V. Dodonov,1994,1
I. M. Gelfand,M. M. Smirnov,1994,1
I. M. Gelfand,M. V. Zyskin,1995,1
I. M. Khalatnikov,M. Martellini,1998,1
I. M. Krichever,Y. S. Volvovski,1999,2
I. M. Singer,L. Baulieu,1997,2
I. M. Singer,Orlando Alvarez,2001,1
I. M. Singer,Scott Axelrod,1993,1
I. M. Singer,V. Mathai,2000,1
I. Marshall,John Harnad,1992,1
I. Marshall,L. Feher,1992,1
I. Martin,J. Ovalle,1999,3
I. Martin,L. S. Boulton,2001,1
I. Martin,M. I. Caicedo,1997,3
I. Martin,M. P. Garcia Del Moral,2001,1
I. Martin,R. Gianvittorio,1995,2
I. Martin,R. Torrealba,1997,1
I. Michael Mandelberg,Vadim S. Kaplunovsky,1996,1
I. Mitra,N. Ohta,2001,1
I. Mitra,R. -G. Cai,2001,1
I. Mitra,S. Roy,2001,1
I. N. Kondrashuk,L. V. Avdeev,1993,1
I. N. Mcarthur,S. M. Kuzenko,2001,7
I. N. Mcarthur,S. Theisen,2002,1
I. N. Mcarthur,T. D. Gargett,1997,1
I. N. Nikitin,J. De Luca,2001,1
I. N. Nikitin,S. V. Klimenko,1995,1
I. N. Nikitin,V. V. Talanov,1995,1
I. Nakamura,V. Dmitrasinovic,2002,1
I. Nandori,J. Polonyi,1999,2
I. Nandori,K. Sailer,1999,3
I. Nandori,U. D. Jentschura,2002,1
I. Negru,M. T. Miauta,2002,1
I. Negru,S. O. Saliu,1999,5
I. Nemenman,J. Naud,1998,1
I. Nemenman,M. Van Raamsdonk,1998,1
I. Nemenman,V. Periwal,1998,1
I. Oda,Shinichi Nojiri,1993,1
I. Olasagasti,K. Tamvakis,2002,2
I. Olasagasti,P. Kanti,2002,1
I. Ots,R. Saar,2001,1
I. Ots,R.-K. Loide,2001,1
I. P. Costa E Silva,P. Teotonio-Sobrinho,1999,3
I. P. Ennes,J. M. Isidro,1995,1
I. P. Ennes,J. M. Sanchez De Santos,1996,4
I. P. Ennes,P. Ramadevi,1997,1
I. P. Ennes,S. G. Naculich,1999,3
I. P. Volobuev,M. Schmidt,2002,1
I. P. Zois,S. T. Tsou,1997,2
I. Pappa,N. E. Mavromatos,2001,1
I. Pesando,L. Girardello,1996,2
I. Pesando,M. Bertolini,2000,1
I. Pesando,M. Billo,1998,3
I. Pesando,M. Cavicchi,1993,1
I. Pesando,M. Frau,1997,5
I. Pesando,M. Trigiante,1996,2
I. Pesando,P. Di Vecchia,1993,4
I. Pesando,P. Fre,1996,2
I. Pesando,R. Marotta,2000,1
I. Pesando,R. Russo,1997,3
I. Pesando,S. Sciuto,1997,3
I. Phillips,Lev Rozansky,1992,1
I. R. Klebanov,J. M. Maldacena,1995,2
I. R. Klebanov,K. Demeterfi,1993,1
I. R. Klebanov,L. Pando Zayas,2001,1
I. R. Klebanov,L. Susskind,1997,2
I. R. Klebanov,L. Thorlacius,1995,1
I. R. Klebanov,S. Gukov,1997,1
I. R. Klebanov,S. S. Gubser,1996,8
I. R. Klebanov,T. Banks,1997,3
I. R. Klebanov,U. H. Danielsson,1997,1
I. R. Klebanov,W. Fischler,1997,3
I. Roditi,L. M. C. S. Rodrigues,1994,2
I. Roditi,M. R-Monteiro,1994,2
I. Roditi,S. Sciuto,1994,2
I. Rudychev,O. Raetzel,1998,1
I. Rudychev,P. S. Howe,1998,1
I. Rudychev,P. Sundell,1997,1
I. Runkel,J. Fuchs,2001,2
I. Runkel,K. Graham,2000,2
I. Runkel,K. Landsteiner,2003,1
I. Runkel,M. Pillin,2000,1
I. Runkel,P. Dorey,2000,1
I. Runkel,R. Tateo,2000,1
I. Sachs,L. Oraifeartaigh,1996,4
I. Sachs,M. Magro,1996,3
I. Sachs,N. D. Lambert,2000,5
I. Sachs,O. Schnetz,1996,1
I. Sachs,R. Flume,1996,2
I. Sachs,S. Wolf,2001,1
I. Schmidt,J. Gamboa,1993,4
I. Schmidt,J. L. Cortes,1998,2
I. Schmidt,J. Zanelli,1998,2
I. Schmidt,L. Vergara,1996,1
I. Schmidt,O. Espinosa,1997,1
I. Schmidt,P. Gaete,1993,1
I. Scimemi,L. Galli,1996,1
I. Shapiro,R. Balbinot,1999,1
I. Spagnolatti,S. Cacciatori,1997,1
I. Spagnolatti,S. Rovelli,1997,1
I. Spagnolatti,She-Sheng Xue,1997,1
I. T. Drummond,P. V. Landshoff,1996,1
I. T. Drummond,R. R. Horgan,1996,1
I. T. Dyatlov,V. Yu. Petrov,1995,1
I. T. Ivanov,M. Rocek,1994,2
I. T. Ivanov,U. Lindstrom,1994,1
I. T. Todorov,K.-H. Rehren,1994,1
I. T. Todorov,L. K. Hadjiivanov,1999,4
I. T. Todorov,L. S. Georgiev,1995,3
I. T. Todorov,M. Dubois-Violette,1999,1
I. T. Todorov,O. V. Ogievetsky,2000,1
I. T. Todorov,P. Furlan,1999,3
I. T. Todorov,P. N. Pyatov,1999,2
I. T. Todorov,Y. S. Stanev,1994,1
I. T. Todorov,Ya. S. Stanev,1994,2
I. Tsutsui,K. Horie,1998,1
I. Tsutsui,L. Feher,1992,5
I. Tsutsui,L. Oraifeartaigh,1992,3
I. Tsutsui,P. Ruelle,1992,2
I. Tsutsui,S. Tanimura,1998,1
I. V. Gorbunov,S. L. Lyakhovich,1996,4
I. V. Gorbunov,S. M. Kuzenko,1996,2
I. V. Kostyakov,N. A. Gromov,2001,4
I. V. Kostyakov,V. V. Kuratov,2001,4
I. V. Lavrinenko,K. S. Stelle,1998,2
I. V. Lavrinenko,T. A. Tran,1997,3
I. V. Mamsurov,V. Ch. Zhukovsky,1998,1
I. V. Mamsurov,V. V. Khudyakov,1998,1
I. V. Shirokov,M. C. Baldiotti,2001,1
I. V. Shirokov,V. G. Bagrov,2001,1
I. V. Tyutin,R. P. Grigoryan,1996,1
I. V. Tyutin,S. L. Lyakhovich,1994,2
I. V. Tyutin,S. S. Shahverdiyev,1999,1
I. V. Tyutin,Shervgi S. Shahverdiyev,1998,1
I. V. Tyutin,Vad. Yu. Zeitlin,1997,1
I. V. Tyutin,Vadim Zeitlin,1998,2
I. V. Vancea,M. A. De Andrade,2001,3
I. V. Vancea,M. A. Santos,2001,2
I. V. Vancea,M. C. B. Abdalla,2000,6
I. V. Volovich,I. Ya. Arefeva,1993,19
I. V. Volovich,K. S. Viswanathan,1993,7
I. V. Volovich,L. Accardi,1995,3
I. V. Volovich,M. G. Ivanov,1997,4
I. V. Volovich,M. O. Katanaev,2002,1
I. V. Volovich,O. A. Rytchkov,1997,2
I. V. Volovich,P. B. Medvedev,1997,1
I. V. Volovich,R. Parthasarathy,1993,1
I. V. Volovich,S. V. Kozyrev,1995,1
I. V. Volovich,W. Mueck,2000,2
I. Vassileva,P. Kleban,1993,1
I. Vaysburd,S. Pacheva,1992,2
I. Vilja,T. Multamaki,2002,2
I. Volovich,L. Accardi,1994,2
I. Volovich,Y. G. Lu,1994,2
I. Y. Park,M. Mihailescu,2000,1
I. Y. Park,M. Rocek,1998,2
I. Y. Park,Martin Schvellinger,2001,1
I. Y. Park,Oleg Lunin,2003,1
I. Y. Park,R. Von Unge,2000,1
I. Y. Park,Samir D. Mathur,2003,1
I. Y. Park,T. A. Tran,2000,2
I. Y. Park,Tuan A. Tran,2001,1
I. Ya. Arefeva,K. S. Viswanathan,1993,6
I. Ya. Arefeva,L. Accardi,1995,3
I. Ya. Arefeva,L. V. Joukovskaya,2003,1
I. Ya. Arefeva,M. G. Ivanov,1997,4
I. Ya. Arefeva,O. A. Rytchkov,1996,5
I. Ya. Arefeva,P. B. Medvedev,1992,11
I. Ya. Arefeva,R. Parthasarathy,1993,1
I. Ya. Arefeva,S. V. Kozyrev,1995,1
I. Ya. Arefeva,W. Mueck,2000,1
I. Yakushin,M. Lukin,1993,1
I. Yu. Karataeva,S. L. Lyakhovich,1995,2
I. Yu. Krivsky,V. M. Simulik,2002,1
I. Yu. Tipunin,J. Fjelstad,2002,1
I. Yu. Tipunin,J. Fuchs,2002,1
I. Yu. Tipunin,M. A. Grigoriev,2000,1
I. Yu. Tipunin,S. Hwang,2002,1
I. Zahed,J. J. M. Verbaarschot,1993,2
I. Zahed,J. Wirstam,1997,1
I. Zahed,T. H. Hansson,1993,3
I. Zavala,M. Gomez-Reino,2002,1
I. Zavala,P. Martineau,2003,1
I. Zavala,S.-J. Rey,2002,1
I.~R. Klebanov,J. L. F. Barbon,1995,1
I.~R. Klebanov,K. Demeterfi,1995,1
Iain W. Stewart,Mark B. Wise,1999,1
Iain W. Stewart,Thomas Mehen,1999,1
Ian Affleck,Jacob Sagi,1993,1
Ian Affleck,Masaki Oshikawa,1996,1
Ian Davies,Paul Mansfield,2001,2
Ian Ellwood,Jessie Shelton,2003,1
Ian Ellwood,Nicolas Moeller,2001,1
Ian Ellwood,Washington Taylor,2001,3
Ian Ellwood,Yang-Hui He,2001,1
Ian G Moss,Wade Naylor,2001,1
Ian G. Moss,Misao Sasaki,2003,2
Ian G. Moss,Noriko Shiiki,1999,1
Ian G. Moss,Wade Naylor,2003,2
Ian G. Moss,Wenceslao Santiago-Germ`An,2003,1
Ian G. Moss,Wenceslao Santiago-German,2003,1
Ian I Kogan,Nathan Weiss,1992,1
Ian I. Kogan,J.-S. Caux,1995,1
Ian I. Kogan,John F. Wheater,1996,4
Ian I. Kogan,Juan P. Garrahan,1999,1
Ian I. Kogan,Kai-Ming Lee,1995,2
Ian I. Kogan,Katherine Freese,2000,1
Ian I. Kogan,Keith A. Olive,1997,1
Ian I. Kogan,Leith Cooper,1996,3
Ian I. Kogan,Luigi Pilo,2001,1
Ian I. Kogan,M. Shifman,2000,1
Ian I. Kogan,Martin Schvellinger,2000,1
Ian I. Kogan,Mikhail I. Dobroliubov,1993,1
Ian I. Kogan,Mikhail Shifman,1995,3
Ian I. Kogan,Nemanja Kaloper,1997,1
Ian I. Kogan,Nick E. Mavromatos,1995,2
Ian I. Kogan,Nuno B. B. Reis,2001,1
Ian I. Kogan,Oleg A. Soloviev,1996,1
Ian I. Kogan,P. Castelo Ferreira,2000,2
Ian I. Kogan,Richard J. Szabo,1993,4
Ian I. Kogan,Stavros Mouslopoulos,2000,5
Ian I. Kogan,Steven Abel,2000,1
Ian I. Kogan,Thibault Damour,2002,3
Ian I. Kogan,William E. Brown,1997,3
Ian Jermyn,Matthias Blau,1996,1
Ian Kogan,Katherine Freese,2002,2
Ian Kogan,Oleg Soloviev,1999,1
Ian Kogan,Steven Abel,2002,2
Ian Marshall,Laszlo Feher,1995,1
Ian-Woo Kim,Kiwoon Choi,2002,1
Ian. I Kogan,Martin Schvellinger,2001,1
Ian. I. Kogan,O. A. Soloviev,1998,1
Ichiro Oda,Luca Mazzucato,2002,1
Ichiro Oda,Marco Matone,2002,1
Ichiro Oda,Mario Tonin,2001,2
Ichiro Oda,Shinich Nojiri,1993,1
Ichiro Oda,Shinichi Nojiri,1992,4
Ichiro Oda,Tadahiko Kimura,1998,2
Ieke Moerdijk,Pepijn Van Der Laan,2002,1
Ignatios Antoniadis,J.-Pierre Derendinger,1999,1
Ignatios Antoniadis,Pawel O. Mazur,1995,3
Ignatios Antoniadis,Pierre Vanhove,2002,1
Ignatios Antoniadis,Ruben Minasian,2002,1
Ignatios Antoniadis,Savas Dimopoulos,2001,1
Igor A. Bandos,Jerzy Lukierski,2001,5
Igor A. Bandos,Jose A. De Azcarraga,2001,7
Igor A. Bandos,Jose M. Izquierdo,2001,7
Igor A. Bandos,Mario Tonin,1993,1
Igor A. Bandos,Martin Cederwall,1994,1
Igor B. Frenkel,Louis Crane,1994,1
Igor B. Frenkel,Pavel Etingof,1993,1
Igor Bakovic,Paolo Aschieri,2002,1
Igor Bakovic,Peter Schupp,2002,1
Igor Bandos,Igor Rudychev,1996,1
Igor Bandos,Jerzy Lukierski,1998,7
Igor Bandos,Kurt Lechner,1997,2
Igor Bandos,Mario Tonin,1997,5
Igor Bandos,Nathan Berkovits,1997,1
Igor Bandos,Paolo Pasti,1997,4
Igor Bandos,Tatyana Bandos,2000,1
Igor Bandos,Wolfgang Kummer,1997,5
Igor Batalin,Igor Tyutin,2003,1
Igor Batalin,Robert Marnelius,1995,15
Igor Batalin,Simon Lyakhovich,2001,1
Igor Filippov,John R. Hiller,2000,1
Igor Filippov,Stephen S. Pinsky,2000,1
Igor Frenkel,Pavel Etingof,1994,1
Igor Klebanov,Mark Van Raamsdonk,1999,1
Igor Klebanov,Vijay Balasubramanian,1996,1
Igor Klebanov,Washington Taylor,1999,1
Igor N. Nikitin,Stanislav V. Klimenko,1999,1
Igor N. Nikitin,Wasil F. Urazmetov,1999,1
Igor Nikitin,Lialia Nikitina,2001,2
Igor Nikitin,Stanislav Klimenko,1999,2
Igor P. Volobuev,Mikhail N. Smolyakov,2001,4
Igor P. Volobuev,Yuri A. Kubyshin,2001,2
Igor Pesando,Marco Billo,1998,3
Igor Pesando,Pietro Fre,1998,3
Igor Pesando,Walter Troost,1998,3
Igor Polyubin,Sergei Gukov,1996,1
Igor Pris,Thomas Krajewski,1996,1
Igor Pris,Thomas Schucker,1996,1
Igor R. Klebanov,Jr.,1995,1
Igor R. Klebanov,Juan M. Maldacena,1994,1
Igor R. Klebanov,Juan Maldacena,2000,1
Igor R. Klebanov,Krev Simir Demeterfi,1993,1
Igor R. Klebanov,Leonard Susskind,1997,1
Igor R. Klebanov,Marcus Spradlin,2002,1
Igor R. Klebanov,Matthew J. Strassler,2000,1
Igor R. Klebanov,Michael Dine,2003,1
Igor R. Klebanov,Michael Krasnitz,1996,4
Igor R. Klebanov,Mukund Rangamani,2000,1
Igor R. Klebanov,N. Itzhaki,2002,1
Igor R. Klebanov,Nikita A. Nekrasov,1999,2
Igor R. Klebanov,Peter Ouyang,2001,3
Igor R. Klebanov,Samir D. Mathur,1997,1
Igor R. Klebanov,Samson L. Shatashvili,1999,1
Igor R. Klebanov,Sergei Gukov,2000,1
Igor R. Klebanov,Sergey Frolov,2001,1
Igor R. Klebanov,Steven S. Gubser,1993,9
Igor R. Klebanov,Sunil Mukhi,2002,1
Igor Schnakenburg,Peter West,2001,2
Igor Tyutin,Mikhail Vasiliev,1997,1
Iii.,J. Phillips,2002,1
Iii.,Jr.,2002,1
Iii.,S. James Gates,2002,1
Iii.,V. G. J. Rodgers,2002,1
Iii.,W. D. Linch,2002,1
Ikuo Ichinose,Yuji Satoh,1994,1
Ikuo Okouchi,Masatoshi Sato,1997,2
Ikuo Okouchi,Shinya Wada,1997,2
Ikuo Okouchi,Toshiyuki Harano,1997,1
Ikuo Okouchi,Yoshinori Gotoh,1998,1
Ikuo S. Sogami,Robert Marnelius,1997,1
Ilinski,V. S. Kapitonov,1995,1
Ilka Brunner,Ingo Gaida,1998,2
Ilka Brunner,Jacques Distler,2001,2
Ilka Brunner,Kentaro Hori,2002,2
Ilka Brunner,Klaus Behrndt,1997,3
Ilka Brunner,Michael R. Douglas,1999,1
Ilka Brunner,Monika Lynker,1996,1
Ilka Brunner,Moshe Rozali,1999,1
Ilka Brunner,Rahul Mahajan,2001,1
Ilka Brunner,Rami Entin,1999,1
Ilka Brunner,Rolf Schimmrigk,1996,1
Ilka Brunner,Volker Schomerus,2000,2
Ilya L. Shapiro,J. Acacio De Barros,1997,1
Ilya L. Shapiro,Joan Sola,2000,1
Ilya L. Shapiro,Lewis H. Ryder,1998,1
Ilya Shapiro,Roberto Balbinot,1999,1
Imran Shah,Steven Thomas,1997,1
In-Gyu Koh,Jae-Weon Lee,2002,1
In-Gyu Koh,Yeong Deok Han,2002,1
Indrajit Mitra,Oliver Dewolfe,2001,1
Indrajit Mitra,Steven S. Gubser,2000,5
Indranil Dasgupta,Ryan Rohm,1995,1
Indranil Mitra,Shibaji Roy,2000,2
Ingeborg Entrop,Renata Kallosh,1994,1
Ingemar Bengtsson,Maxim Zabzine,2000,1
Ingemar Bengtsson,Nuno Barros E Sa,2000,1
Ingo Gaida,Klaus Behrndt,1997,4
Ingo Gaida,Mirjam Cvetic,1997,1
Ingo Gaida,Swapna Mahapatra,1997,2
Ingo Gaida,Thomas Mohaupt,1997,2
Ingo Gaida,Wafic A. Sabra,1998,1
Ingo Kirsch,Johanna Erdmenger,2002,3
Ingo Kirsch,Lewis H. Ryder,2001,1
Ingo Kirsch,Neil R. Constable,2002,2
Ingo Kirsch,Zachary Guralnik,2002,3
Ingo Runkel,Jurgen Fuchs,2002,3
Ingo Runkel,Patrick Dorey,1999,1
Ingo Runkel,Roberto Tateo,1999,1
Inyong Cho,J. R. S. Nascimento,1999,1
Inyong Cho,Katherine Benson,2001,1
Inyong Park,Koenraad Schalm,1998,1
Ioannis Bakas,Jacob Sonnenschein,2002,1
Ioannis Bakas,Michele Bourdeau,1997,1
Ioannis Bakas,Q-Han Park,1996,1
Ioannis Giannakis,James T. Liu,1997,5
Ioannis Giannakis,Jonathan Bagger,1997,2
Ioannis Giannakis,Kajia Yuan,1995,1
Ioannis Giannakis,Mark Evans,1994,3
Ioannis Giannakis,Massimo Porrati,1998,3
Ioannis Giannakis,V. P. Nair,1997,1
Ioannis Papadimitriou,Mirjam Cvetic,2002,3
Ioannis Tsohantjis,Peter D Jarvis,1996,1
Ion I. Cotuaescu,Mihai Visinescu,1999,8
Ion V. Vancea,L. Tataru,1995,2
Ion V. Vancea,Liviu Tuataru,1996,1
Ion V. Vancea,Paul A. Blaga,1995,1
Ioseph Buchbinder,Sergei Kuzenko,1998,1
Ioseph L. Buchbinder,Sergei M. Kuzenko,1997,1
Iosif Bena,Radu Roiban,2002,5
Iosif Bena,Radu Tatar,2002,2
Iosif Bena,Sebastian De Haro,2002,1
Iouri Chepelev,Radu Roiban,1999,3
Iouri Chepelev,Yuri Makeenko,1996,1
Ira Rothstein,Witold Skiba,2001,1
Ira Wasserman,Levon Pogosian,2003,1
Ira Wasserman,Mark Wyman,2003,1
Ira Wasserman,Nicholas Jones,2000,2
Ira Wasserman,Richard J. Hill,2001,1
Ira Wasserman,S.-H. Henry Tye,2000,7
Ira Z. Rothstein,Walter D. Goldberger,2000,3
Irina Shchepochkina,Pavel Grozman,1997,1
Isabel P. Ennes,Stephen G. Naculich,1998,2
Isabella Bierenbaum,Richard Kreckel,2001,1
Isao Kishimoto,Kazuki Ohmori,2001,1
Isao Kishimoto,Naoki Sasakura,1997,1
Isao Kishimoto,Tomohiko Takahashi,2002,1
Isao Kishimoto,Tsuguhiko Asakawa,1999,2
Ishwaree P. Neupane,John E. Wang,2003,1
Ishwaree P. Neupane,P. S. Wesson,2001,1
Ishwaree P. Neupane,Pei-Ming Ho,2003,1
Ishwaree P. Neupane,Y. M. Cho,2001,3
Ismail Zahed,Jacobus Verbaarschot,1994,1
Ismail Zahed,James Steele,1994,1
Ismail Zahed,James V. Steele,1995,1
Ismail Zahed,Maciej A. Nowak,1997,1
Ismail Zahed,Mannque Rho,1999,1
Ismail Zahed,Per Elmfors,1998,1
Ismail Zahed,Rajesh R. Parwani,1992,1
Ismail Zahed,Romuald A. Janik,1997,1
Ismail Zahed,Sang-Jin Sin,1999,1
Ismail Zahed,T. H. Hansson,1998,1
Israel Gelfand,J.-Y. Thibon,1994,1
Israel Gelfand,V. S. Retakh,1994,1
Israel Quiros,Olga Arias,2002,1
Israel Quiros,Rolando Cardenas,2002,1
Issei Nakamura,V. Dmitrasinovic,2002,1
Itaru Yamanaka,Ling-Lie Chau,1995,3
Itzhak Bars,Jurgen Schulze,1994,1
Itzhak Bars,Shimon Yankielowicz,1995,1
Itzhak Bars,Soo-Jong Rey,2001,1
Itzhak Bars,Yutaka Matsuo,2002,2
Ivan Andric,Larisa Jonke,1998,2
Ivan Andric,Velimir Bardek,1998,1
Ivan Avramidi,Thomas Branson,2001,1
Ivan Dadic,Larisa Jonke,2002,1
Ivan Dadic,Stjepan Meljanac,2002,1
Ivan G. Avramidi,Rainer Schimming,1995,1
Ivan J. Muzinich,Stamatis Vokos,1995,1
Ivan K. Kostov,Jens Hoppe,1999,1
Ivan K. Kostov,Matthias Staudacher,1992,4
Ivan K. Kostov,Nikita Nekrasov,1998,1
Ivan K. Kostov,Pierre Vanhove,1998,1
Ivan K. Kostov,Saburo Higuchi,1995,1
Ivan K. Kostov,Sergei Yu. Alexandrov,2002,2
Ivan K. Kostov,Thomas Wynter,1997,1
Ivan K. Kostov,Vladimir A. Kazakov,1998,3
Ivan K. Kostov,Vladimir Kazakov,1999,1
Ivan Kostov,Jorge Alfaro,1996,1
Ivan Kostov,Vladimir Kazakov,2000,1
Ivan Schmidt,Patricio Gaete,1999,2
Ivan Schmidt,Stanley J. Brodsky,2000,1
Ivan T. Ivanov,Martin Rocek,1994,1
Ivan T. Todorov,Lachezar S. Georgiev,2000,1
Ivan T. Todorov,Ludmil K. Hadjiivanov,1996,2
Ivan T. Todorov,Michel Dubois-Violette,1997,1
Ivan T. Todorov,Nikolay M. Nikolov,2000,3
Ivan T. Todorov,Paolo Furlan,1996,2
Ivan T. Todorov,Victor G. Kac,1996,1
Ivan T. Todorov,Yassen S. Stanev,2001,2
Ivan Todorov,Krzysztof Gawedzki,2001,1
Ivan Todorov,Ludmil Hadjiivanov,2000,2
Ivan Todorov,Paolo Furlan,2000,1
Ivan Todorov,Pascal Tran-Ngoc-Bich,2001,1
Iver Brevik,Kazuo Ghoroku,2002,1
Iver Brevik,Kimball A. Milton,1998,4
Iver Brevik,Masanobu Yahiro,2002,1
Iver Brevik,Roger Sollie,2001,1
Iver Brevik,Sergei D. Odintsov,1999,5
Iver Brevik,Shinichi Nojiri,2000,1
Iver Brevik,V. N. Marachevsky,1998,1
Iver Brevik,Valery Marachevsky,1999,1
Ivo Sachs,Neil D. Lambert,2000,1
Ivo Sachs,Roberto Emparan,1998,1
Ivo Sachs,Sergey N. Solodukhin,2001,3
Ivo Sachs,Siddhartha Sen,1998,2
Ivo Sachs,William Weir,1999,1
Ivo Savonije,Maulik K. Parikh,2002,1
Izabela Prochnicka,Mariusz P. Dabrowski,2002,1
Izawa K.-I,Noriaki Ikeda,1993,1
Izawa K.-I.,T. Yanagida,1996,1
Izumi Ojima,Noboru Nakanishi,1999,1
Izumi Tsutsui,Kenichi Horie,1999,1
Izumi Tsutsui,Laszlo Feher,1995,1
Izumi Tsutsui,Masaomi Kimura,1998,1
Izumi Tsutsui,Peter Levay,1995,1
Izumi Tsutsui,Shogo Tanimura,1995,3
Izumi Tsutsui,Takashi Uchino,2003,1
Izumi Tsutsui,Toyohiro Tsurumaru,1999,2
J C Eilbeck,N A Kostov,1994,1
J C Eilbeck,P L Christiansen,1994,1
J C Eilbeck,V Z Enolskii,1994,2
J Daboul,R Delbourgo,1999,1
J Ellis,N E Mavromatos,1993,1
J Lindig,M Bordag,1998,1
J Weyers,Ph Ruelle,1992,1
J-L. Gervais,J. Sanchez Guillen,1995,1
J-L. Gervais,L. A. Ferreira,1995,1
J-L. Gervais,M. V. Saveliev,1995,1
J-M. Maillard,M. Bellon,1993,1
J-M. Maillard,M. P. Bellon,1992,1
J-M. Maillard,S. Boukraa,1993,3
J-P. Gazeau,M. Takook,2003,1
J-P. Gazeau,T. Garidi,2003,1
J. -Q. Liang,S. -P. Kou,1999,1
J. -Q. Liang,Y. -B. Zhang,1999,1
J. A. Adams,N. Tetradis,1994,1
J. A. De Azcarraga,J. C. Perez Bueno,1996,14
J. A. De Azcarraga,J. M. Izquierdo,1996,6
J. A. De Azcarraga,P. K. Townsend,1998,1
J. A. De Azcarraga,P. P. Kulish,1993,4
J. A. De Azcarraga,R. S. Dunne,1996,3
J. A. Dixon,J. C. Plefka,1992,1
J. A. Dixon,J. Rahmfeld,1993,1
J. A. Dixon,M. J. Duff,1992,3
J. A. Dixon,R. Minasian,1993,2
J. A. Dominguez Perez,U. Bruzzo,1992,2
J. A. E. Carrillo,J. A. S. Lima,1999,1
J. A. Espichan Carrillo,V. Mostepanenko,1999,1
J. A. Gracey,J. F. Bennett,1999,1
J. A. Gracey,K. Van Acoleyen,2002,1
J. A. Gracey,Massimiliano Ciuchini,1995,1
J. A. Gracey,P. M. Ferreira,1997,2
J. A. Gracey,R. E. Browne,2002,2
J. A. Gray,P. M. Saffin,2000,1
J. A. Harvey,J. P. Gauntlett,1993,4
J. A. Harvey,Joseph Polchinski,1993,1
J. A. Harvey,K. Kuijken,1993,1
J. A. Harvey,M. M. Robinson,1993,1
J. A. Harvey,R. Gregory,1992,2
J. A. Harvey,R. Minasian,1998,2
J. A. Harvey,S. B. Giddings,1992,2
J. A. Harvey,S. Ferrara,1995,1
J. A. Harvey,S. H. Shenker,1993,1
J. A. Harvey,S. Kachru,1999,1
J. A. Helayel-Neto,J. L. Boldo,1999,6
J. A. Helayel-Neto,Jr.,2002,2
J. A. Helayel-Neto,L. C. Q. Vilar,1995,1
J. A. Helayel-Neto,L. M. De Moraes,1999,1
J. A. Helayel-Neto,L. P. Colatto,1997,4
J. A. Helayel-Neto,L. R. U. Manssur,1998,2
J. A. Helayel-Neto,M. A. De Andrade,1996,3
J. A. Helayel-Neto,M. A. Santos,1999,1
J. A. Helayel-Neto,M. B. D. S. M. Porto,2000,1
J. A. Helayel-Neto,M. Botta Cantcheff,2002,3
J. A. Helayel-Neto,M. Carvalho,1995,2
J. A. Helayel-Neto,M. G. Negrao,1998,1
J. A. Helayel-Neto,M. Hott,2001,2
J. A. Helayel-Neto,M. M. Ferreira,2002,2
J. A. Helayel-Neto,M. M. Ferreira Jr,2000,3
J. A. Helayel-Neto,M. M. Ferreira Jr.,2001,2
J. A. Helayel-Neto,M. R. Negrao,2000,1
J. A. Helayel-Neto,M. S. Cunha,1998,2
J. A. Helayel-Neto,M. S. Goes-Negrao,1998,2
J. A. Helayel-Neto,M. T. D. Orlando,2002,2
J. A. Helayel-Neto,M. W. De Oliveira,1998,1
J. A. Helayel-Neto,N. Panza,1998,3
J. A. Helayel-Neto,O. M. Del Cima,1996,11
J. A. Helayel-Neto,O. Piguet,1996,4
J. A. Helayel-Neto,V. E. R. Lemes,1995,1
J. A. Helayel-Neto,W. A. Moura-Melo,2001,1
J. A. Helayel-Neto,Winder A. Moura-Melo,1998,6
J. A. Helayel-Neto And M. R. Negrao,M. S. Goes-Negrao,2001,1
J. A. Lopez,J. Stephany,2000,1
J. A. Mcneil,J. R. Shepard,1994,2
J. A. Mcneil,V. Dmitrav Sinovi C,1994,1
J. A. Minahan,K. Zarembo,2002,1
J. A. Minahan,N. P. Warner,1997,5
J. A. Nieto,J. J. Rosales,1998,1
J. A. Nieto,J. Saucedo,2003,1
J. A. Nieto,J. Socorro,1996,3
J. A. Nieto,L. N. Alejo-Armenta,2000,1
J. A. Nieto,M. C. Marin,2000,1
J. A. Nieto,M. Medina,1995,1
J. A. Nieto,O. Obregon,1995,1
J. A. Nieto,V. I. Tkach,1998,1
J. A. Nieto,V. M. Villanueva,1995,2
J. A. Phillips,S. James Gates,2002,1
J. A. Phillips,V. G. J. Rodgers,2002,1
J. A. Phillips,W. D. Linch,2002,1
J. A. Santiago,J. David Vergara,2002,1
J. A. Santiago,Juan M. Romero,2002,1
J. A. Teschner,R. W. Gebert,1993,1
J. A. Tjon,R. D. Tangerman,1993,1
J. Abad,M. Rios,1994,2
J. Adams,J. Berges,1995,1
J. Adams,N. Tetradis,1995,1
J. Adams,S. Bornholdt,1995,1
J. Alexandre,J. Polonyi,2001,1
J. Alexandre,K. Farakos,2000,1
J. Alexandre,K. Sailer,2001,1
J. Alexandre,N. E. Mavromatos,2002,1
J. Alexandre,Sarben Sarkar,2002,1
J. Alfaro,K. Bering,1996,2
J. Alfaro,L. Balart,2002,1
J. Alfaro,L. F. Urrutia,1997,4
J. Alfaro,M. Reyes,2003,1
J. Alfaro,P. H. Damgaard,1992,7
J. Alfaro,R. Medina,1997,1
J. Ambjorn,J. Correia,1999,1
J. Ambjorn,J. Jurkiewicz,1992,10
J. Ambjorn,J. L. Nielsen,1998,2
J. Ambjorn,J. Nishimura,1999,7
J. Ambjorn,J. Rolf,1998,2
J. Ambjorn,K. G. Savvidy,1996,1
J. Ambjorn,K. Hayasaka,1997,1
J. Ambjorn,K. N. Anagnostopoulos,1998,7
J. Ambjorn,L. Chekhov,1992,3
J. Ambjorn,M. Carfora,1996,1
J. Ambjorn,M. G. Harris,1996,2
J. Ambjorn,M. Weis,1997,1
J. Ambjorn,P. Sorba,2000,1
J. Ambjorn,R. A. Janik,2002,1
J. Ambjorn,R. J. Szabo,1999,5
J. Ambjorn,R. Loll,1998,11
J. Ambjorn,R. Nakayama,1997,1
J. Ambjorn,S. Jain,1993,2
J. Ambjorn,T. Hotta,2000,3
J. Ambjorn,T. Jonsson,1992,3
J. Ambjorn,T. Sedrakyan,2000,1
J. Ambjorn,W. Bietenholz,2000,4
J. Ambjorn,Y. M. Makeenko,1992,5
J. Ambjorn,Y. Watabiki,1995,4
J. Ambjorn,Yu. M. Makeenko,1998,1
J. Ambjorn,Yu. Makeenko,1992,3
J. Ambjorn,Z. Burda,1993,1
J. Ananias Neto,W. Oliveira,2000,5
J. Antonio Garcia,J. David Vergara,1995,5
J. Antonio Garcia,J. M. Pons,1999,2
J. Antonio Garcia,Josep M. Pons,1996,2
J. Antonio Garcia,Luis F. Urrutia,1995,2
J. Antonio Garcia,Roman Linares,2000,1
J. Arafune,K. Ogure,2003,1
J. Arafune,T. Yoshida,2003,1
J. Audretsch,Ulf. Jasper,1997,2
J. Audretsch,V. D. Skarzhinsky,1997,4
J. Avan,J. Lee,1996,1
J. Avan,M. Talon,1992,2
J. Avan,O. Babelon,1993,4
J. Avan,Y. Gabellini,2002,1
J. Avery,R. Mahurin,2001,1
J. Baacke,K. Heitmann,1999,1
J. Baacke,S. Junker,1994,1
J. Baacke,T. Daiber,1994,1
J. Baez,W. Taylor,1994,1
J. Bagger,R. Altendorfer,1999,1
J. Balog,J. Schnittger,1997,2
J. Balog,L. Feher,1997,6
J. Balog,L. K. Balazs,1997,1
J. Balog,L. Palla,1993,12
J. Balog,M. Niedermaier,1996,4
J. Balog,N. Mohammedi,1997,2
J. Balog,P. Forgacs,1993,6
J. Balog,P. Weisz,2000,2
J. Balog,T. Hauer,1994,2
J. Balog,Z. Horvath,1993,3
J. Barcelos-Neto,J. M. Salim,2000,3
J. Barcelos-Neto,M. Alves,2002,1
J. Barcelos-Neto,M. B. D. Silva,1994,1
J. Barcelos-Neto,M. Novello,2000,3
J. Barcelos-Neto,N. R. F. Braga,1995,1
J. Barcelos-Neto,R. Amorim,1994,13
J. Barcelos-Neto,R. Banerjee,1997,2
J. Barcelos-Neto,S. M. De Souza,1993,2
J. Barcelos-Neto,S. Rabello,1996,1
J. Barcelos-Neto,Sasanka Ghosh,1993,1
J. Barcelos-Neto,Shibaji Roy,1993,1
J. Barcelos-Neto,T. G. Dargam,1994,1
J. Barcelos-Neto,W. Oliveira,1997,2
J. Barrett,M. J. Perry,1993,1
J. Barrett,P. J. Ruback,1993,1
J. Beckers,J. F. Cari~Nena,2001,1
J. Beckers,N. Debergh,1996,3
J. Beckers,Y. Brihaye,1998,1
J. Berges,N. Tetradis,1995,2
J. Berges,S. Bornholdt,1995,1
J. Besprosvany,M. Moreno,2001,1
J. Bischoff,O. Lechtenfeld,1994,1
J. Bischoff,S. V. Ketov,1994,1
J. Bjoraker,Y. Hosotani,2000,1
J. Bockenhauer,J. Fuchs,1997,1
J. Bogaerts,J. Troost,2001,1
J. Bogaerts,S. Van Der Loo,1999,2
J. Bogaerts,S. Van Gils,1999,1
J. Bogaerts,W. Troost,2001,1
J. Boguszynski,L. Lukaszuk,1994,2
J. Boguszynski,R. Kretschmer,1994,2
J. Boguszynski,Si 94-15,1994,1
J. Borlaf,J. H. Leon,1997,2
J. Borlaf,J. L. F. Barbon,1996,1
J. Borlaf,Y. Lozano,1996,1
J. Brodie,L. Susskind,2000,1
J. Brodie,N. Toumbas,2000,1
J. Brodie,O. Bergman,2001,1
J. Brodie,S. Ramgoolam,1997,1
J. Brodie,Y. Okawa,2001,1
J. Bros,M. Bertola,1999,2
J. Bros,R. Schaeffer,1999,2
J. Bros,U. Moschella,1999,3
J. Bros,V. Gorini,2000,1
J. Burzlaff,J.-G. Zhou,1996,1
J. Burzlaff,J.-Q. Liang,1996,1
J. Burzlaff,K. Arthur,1995,1
J. Burzlaff,V. Paturyan,2001,1
J. Burzlaff,W. J. Zakrzewski,1997,1
J. Burzlaff,Y. Brihaye,2001,1
J. C. Breckenridge,M. J. Lavelle,1994,1
J. C. Breckenridge,R. C. Myers,1996,4
J. C. Breckenridge,T. G. Steele,1994,1
J. C. Brunelli,K. Zheltukhin,1999,1
J. C. Brunelli,M. C. B. Abdalla,1993,1
J. C. Brunelli,M. Gurses,1999,1
J. C. Brunelli,Wen-Jui Huang,1994,1
J. C. Eilbeck,V. B. Kuznetsov,1993,1
J. C. Eilbeck,V. Z. Enolskii,1993,2
J. C. Eilbeck,Vadim B. Kuznetsov,1993,1
J. C. Fabris,K. A. Bronnikov,2002,1
J. C. Fabris,N. Pinto-Neto,2002,1
J. C. Fabris,Patrick Peter,2002,1
J. C. Fabris,R. G. Furtado,2002,1
J. C. Lopez Vieyra,P. O. Hess,1996,4
J. C. Lopez Vieyra,S. Dilcher,2000,1
J. C. Niemeyer,R. Parentani,2002,1
J. C. Osborn,J. J. M. Verbaarschot,1998,2
J. C. Osborn,P. H. Damgaard,1998,1
J. C. Parikh,K. S. Virbhadra,1994,1
J. C. Perez Bueno,J. M. Izquierdo,1996,4
J. C. Perez Bueno,P. K. Townsend,1998,1
J. C. Perez Bueno,R. S. Dunne,1996,3
J. C. Plefka,J. F. Morales,1998,1
J. C. Plefka,K. Peeters,1997,2
J. C. Plefka,M. J. Duff,1992,1
J. C. Plefka,M. Serone,1998,1
J. C. R. Bloch,J. Gattnar,2002,1
J. C. R. Bloch,K. Langfeld,2002,1
J. C. R. Bloch,T. Mendes,2002,1
J. C. Rojas,J. Gamboa,2000,5
J. C. Rojas,M. Loewe,2000,5
J. C. Shaw,Wen-Jui Huang,1994,2
J. C. Taylor,J. Frenkel,1993,6
J. C. Varilly,J. M. Gracia-Bondia,1997,1
J. C. Yera,P. A. Horvathy,1996,1
J. Carbonell,M. Mangin-Brinet,2000,6
J. Carbonell,V. A. Karmanov,2000,6
J. Comellas,J. I. Latorre,1994,1
J. Comellas,P. E. Haagensen,1994,1
J. Correia,R. Loll,1999,1
J. Cruz,J. M. Izquierdo,1997,1
J. Cruz,J. Navarro-Salas,1995,9
J. Cruz,M. Navarro,1996,1
J. D. Cohn,Vipul Periwal,1992,3
J. D. Correia,J. F. Wheater,1996,1
J. D. Delgado,O. W. Greenberg,2001,1
J. D. Edelstein,J. J. Giambiagi,1995,1
J. D. Hayward,S. W. Hawking,1993,1
J. D. Kim,R. Sasaki,1992,1
J. D. Kim,Y. Yoon,1996,1
J. D. Laenge,M. Engelhardt,2003,1
J. D. Laenge,P. A. G. Pisani,2002,1
J. D. M. Vianna,T. Kopf,1998,1
J. D. Vergara,L. F. Urrutia,1997,1
J. D. Vergara,M. Rosenbaum,2001,1
J. D. Vergara,R. Gambini,1997,1
J. D. Weckel,S. L. Adler,1993,1
J. Daboul,P. Slodowy,1994,1
J. David Vergara,Juan M. Romero,2002,3
J. David Vergara,Luis F. Urrutia,1995,4
J. David Vergara,M. Rosenbaum,2003,1
J. David Vergara,Marc Henneaux,1992,1
J. David Vergara,Roman Linares,2000,3
J. De Boer,J. E. Wang,1999,1
J. De Boer,J. Evslin,1999,1
J. De Boer,J. Goeree,1992,1
J. De Boer,K. Clubok,1993,1
J. De Boer,K. Skenderis,1997,1
J. De Boer,L. Feher,1993,1
J. De Boer,M. B. Halpern,1993,6
J. De Boer,M. Bertolini,2002,1
J. De Boer,M. De Roo,1993,1
J. De Boer,N. A. Obers,2001,2
J. De Boer,P. A. Grassi,2003,1
J. De Boer,P. Van Driel,1992,1
J. De Boer,P. Van Nieuwenhuizen,2003,1
J. De Boer,R. Dijkgraaf,2001,1
J. De Boer,T. Harmark,2002,1
J. De Boer,T. Tjin,1992,2
J. De Jaegher,J. Raeymaekers,1998,1
J. De Jaegher,S. Vandoren,1997,1
J. De Jaegher,W. Troost,1998,1
J. Deboer,M. B. Halpern,2002,1
J. Distler,M. Doyle,1992,1
J. Distler,P. Berglund,1995,1
J. Distler,P. Candelas,1995,1
J. Distler,S. Kachru,1993,1
J. Distler,T. Hubsch,1995,1
J. Distler,X. De La Ossa,1995,1
J. Dittrich,V. V. Nesterenko,2002,1
J. Donin,S. Shnider,1994,1
J. Douari,M. Daoud,2000,1
J. Douari,Y. Hassouni,2000,3
J. Dreissig,O. A. Castro-Alvaredo,2002,1
J. Dumoit,R. E. Allen,1998,1
J. E. Hetrick,R. Rodriguez,1996,2
J. E. Hetrick,S. Iso,1995,4
J. E. Hetrick,Y. Hosotani,1995,4
J. E. Nelson,T. Regge,1992,1
J. E. Paschalis,P. I. Porfyriadis,1995,6
J. E. Roberts,S. Doplicher,1997,1
J. E. Solomin,M. A. Muschietti,1996,1
J. E. Solomin,R. E. Gamboa Saravi,1996,1
J. E. Wang,J. Evslin,1999,4
J. E. Wang,M. B. Halpern,1999,4
J. E. Wang,U. Varadarajan,2001,1
J. Ellis,N. E. Mavromatos,1992,6
J. Ellis,N. Mavromatos,1993,2
J. Engquist,P. Sundell,2002,2
J. Erdmenger,K. Sibold,1999,1
J. Erdmenger,M. Perez-Victoria,1999,2
J. Erdmenger,N. R. Constable,2002,1
J. Erdmenger,Z. Guralnik,2002,1
J. Erickson,K. Zarembo,1999,1
J. Erler,M. Spalinski,1992,2
J. Erler,S. Stieberger,1992,1
J. Erlich,L. Randall,1998,1
J. Erlich,V. V. Khoze,2001,1
J. Erlich,Y. Shadmi,2001,1
J. Erlich,Y. Shirman,2001,1
J. Escobedo-Alatorre,R. Torres-Cordoba,2002,1
J. Evslin,M. B. Halpern,1999,3
J. Evslin,U. Varadarajan,2001,1
J. F. Cai,K. Wu,1996,1
J. F. Cai,S. K. Wang,1996,1
J. F. Cari~Nena,N. Debergh,2001,1
J. F. Clark,M. Awada,1995,1
J. F. Cornwell,S. P. Clarke,1994,1
J. F. Donoghue,T. Torma,1996,2
J. F. Gomes,L. A. Ferreira,1992,12
J. F. Gomes,M. Chaichian,1992,2
J. F. Gomes,P. Kulish,1992,1
J. F. Gomes,R. Gonzalez Felipe,1994,1
J. F. Gomes,R. M. Ricotta,1992,1
J. F. Gomes,R. T. Medeiros,1993,1
J. F. M. Mendes,M. V. Cougo-Pinto,2001,1
J. F. Medeiros Neto,L. E. Oxman,2000,1
J. F. Medeiros Neto,S. P. Sorella,2000,1
J. F. Morales,K. S. Narain,1998,5
J. F. Morales,M. Bianchi,1998,1
J. F. Morales,M. Serone,1997,2
J. F. Plebanski,M. Przanowski,1994,5
J. F. Plebanski,O. Obregon,1997,1
J. F. Plebanski,S. Formanski,2001,1
J. F. Sanchez,R. Gianvittorio,1999,1
J. F. Tighe,S. Arnone,2001,2
J. F. Tighe,T. R. Morris,2001,2
J. F. Tighe,Yu. A. Kubyshin,2001,2
J. F. Vazquez-Poritz,J. Gegenberg,2002,1
J. F. Vazquez-Poritz,Lu,1999,1
J. F. Vazquez-Poritz,M. Cvetic,1999,3
J. F. Vazquez-Poritz,N. Boulanger,2002,1
J. F. Vazquez-Poritz,S. Cucu,2003,2
J. F. Vazquez-Poritz,S. Vaidya,2002,1
J. F. Vazquez-Poritz,X. Bekaert,2002,1
J. F. Wheater,M. G. Harris,1994,1
J. F. Wheater,T. Jonsson,1994,1
J. Faridani,Tsou Sheung Tsun,1993,4
J. Feigenbaum,P. G. O. Freund,1995,1
J. Feinberg,M. Revzen,1999,2
J. Fjelstad,J. Fuchs,2002,1
J. Fjelstad,S. Hwang,2002,1
J. Franzkowski,L. Bruecher,1993,1
J. Frenkel,K. Rao,2000,1
J. Froehlich,J. Hoppe,1997,2
J. Froehlich,O. Grandjean,1996,3
J. Froehlich,P. A. Marchetti,1994,3
J. Froehlich,R. Goetschmann,1994,1
J. Froehlich,S.-T. Yau,1999,1
J. Froehlich,V. Schomerus,1999,1
J. Frohlich,J. Fuchs,1999,2
J. Frohlich,O. Grandjean,1995,1
J. Fromm,J. Kuhrs,1998,1
J. Fromm,L. Driesen,1998,1
J. Fromm,M. Stingl,1998,1
J. Fuchs,J. Walcher,2000,4
J. Fuchs,L. Birke,1999,1
J. Fuchs,L. R. Huiszoon,2000,1
J. Fuchs,P. Kaste,2000,1
J. Fuchs,P. Vecsernyes,1994,1
J. Fuchs,S. Hwang,2002,1
J. Fuchs,U. Ray,1996,1
J. Fuchs,W. Lerche,2000,1
J. G. Esteve,M. Aguado,2000,1
J. G. Esteve,M. Asorey,1992,2
J. G. Esteve,R. Fernandez J. Salas,1992,1
J. G. Pereira,R. Aldrovandi,1998,2
J. G. Pereira,V. C. De Andrade,1998,2
J. G. Russo,L. Susskind,1994,1
J. G. Russo,M. M. Sheikh-Jabbari,2000,2
J. G. Russo,R. Iengo,2002,1
J. G. Sumner,P. D. Jarvis,2002,1
J. Gamboa,J. L. Cortes,1992,7
J. Gamboa,J. M. Carmona,2002,2
J. Gamboa,J. Zanelli,1996,3
J. Gamboa,L. Velazquez,1992,3
J. Gamboa,L. Vergara,1996,1
J. Gamboa,M. Loewe,2000,5
J. Gamboa,O. Espinosa,2001,1
J. Gamboa,P. Gaete,1993,1
J. Gamboa,S. Lepe,2001,1
J. Gamboa,V. O. Rivelles,1996,1
J. Garcia-Bellido,R. Rabadan,2001,1
J. Garriga,M. Sakellariadou,1993,1
J. Garriga,O. Pujolas,2003,1
J. Garriga,T. Tanaka,2003,1
J. Gattnar,K. Langfeld,2002,1
J. Gattnar,T. Mendes,2002,1
J. Gegelia,K. Turashvili,1995,2
J. Gegelia,N. Kiknadze,1995,5
J. Gegenberg,R. B. Mann,1999,1
J. Gegenberg,S. P. Braham,1997,1
J. Gegenberg,S. Vaidya,2002,1
J. Gegenberg,Saurya Das,2001,1
J. Gegenberg,V. Frolov,1999,1
J. Gegenberg,V. Husain,2001,1
J. Gheerardyn,P. Meessen,2001,1
J. Goeree,P. Van Driel,1992,1
J. Goeree,T. Tjin,1992,1
J. Gomis,J. Herrero,1993,4
J. Gomis,J. M. Pons,1994,2
J. Gomis,J. Roca,1993,3
J. Gomis,K. Kamimura,1993,7
J. Gomis,R. Kuriki,1996,2
J. Gonzalez,M. A. H. Vozmediano,1993,1
J. Gonzalez,M. A. Martin-Delgado,1993,1
J. Greensite,P. Olesen,1998,3
J. Grimstrup,L. Popp,2000,1
J. Grimstrup,M. Schweda,2000,2
J. Grimstrup,R. Wulkenhaar,2000,1
J. Grimstrup,T. Pisar,2000,1
J. Grundberg,J. Wirstam,1998,1
J. Grundberg,M. Rocek,1996,1
J. Grundberg,T. H. Hansson,1994,3
J. Grundberg,U. Lindstrom,1992,3
J. Guerrero,J. L. Jaramillo,2001,1
J. Guerrero,M. Calixto,1994,7
J. Guerrero,M. Navarro,1994,1
J. Guerrero,V. Aldaya,1994,12
J. Gutowski,P. K. Townsend,1999,1
J. Guven,R. Capovilla,2001,1
J. H. Lorentsen,N. K. Nielsen,1997,1
J. H. Yee,S. Hyun,1994,1
J. H. Yee,S. J. Hyun,1994,1
J. H. Yee,Y.-S. Song,1994,1
J. Harnad,J. Hurtubise,1992,1
J. Harnad,M. R. Adams,1992,1
J. Harnad,M. Routhier,1994,1
J. Harnad,M.-. Wisse,1992,1
J. Harnad,M.-A. Wisse,1992,3
J. Harnad,P. Winternitz,1994,1
J. Herrero,J. Roca,1993,3
J. Herrero,K. Kamimura,1993,4
J. Hiller,O. Lunin,1999,1
J. Hiller,P. Haney,1999,1
J. Hiller,S. Pinsky,1999,1
J. Hiller,Sdlcq Collaboration: F. Antonuccio,1999,1
J. Hiller,U. Trittmann,1999,1
J. Honkonen,M. Komarova,2002,1
J. Honkonen,M. Nalimov,2002,1
J. Hoppe,M. Bordemann,1999,1
J. Hoppe,R. Suter,1999,1
J. Hoppe,S.-T. Yau,1999,1
J. Hurtubise,M. R. Adams,1992,1
J. I. Kapusta,L. P. Csernai,2002,1
J. I. Kapusta,S. M. H. Wong,2001,1
J. I. Latorre,K. Johnson,1993,1
J. I. Latorre,P. E. Haagensen,1993,3
J. I. Latorre,P. Pascual,1994,1
J. I. Latorre,R. D. Ball,1994,1
J. I. Latorre,R. Tarrach,1994,1
J. I. Latorre,S. Forte,1998,1
J. I. Latorre,X. Vilasis-Cardona,1993,1
J. I. Perez Cadenas,Yu. A. Kubyshin,1993,1
J. Iliopoulos,T. N. Tomaras,1995,1
J. Isberg,U. Lindstrom,1992,2
J. J. Dugne,V. A. Karmanov,2003,1
J. J. Giambiagi,W. Bietenholz,1994,1
J. J. M. Verbaarschot,M. A. Halasz,1995,1
J. J. M. Verbaarschot,M. K. C Sener,1996,1
J. J. M. Verbaarschot,M. K. Sener,1997,2
J. J. M. Verbaarschot,P. H. Damgaard,1998,2
J. J. Manjarin,P. Resco,2002,1
J. J. Rosales,J. Socorro,1998,4
J. J. Rosales,J. Torres,1998,2
J. J. Rosales,J. Torres A,2001,1
J. J. Rosales,M. Tsulaia,2000,2
J. J. Rosales,O. Obregon,1998,1
J. J. Rosales,V. I. Tkach,1998,11
J. Juan Rosales,M. M. Tsulaia,1999,1
J. Jurkiewicz,K. N. Anagnostopoulos,1998,1
J. Jurkiewicz,R. Loll,2000,6
J. Jurkiewicz,S. Jain,1993,1
J. Jurkiewicz,Z. Burda,1993,1
J. K. Erickson,K. Zarembo,1999,2
J. K. Erickson,R. J. Szabo,1999,1
J. Kalayci,Y. Nutku,1998,1
J. Kalkkinen,K. S. Stelle,2003,1
J. Kamnitzer,J. M. Borwein,2000,1
J. Kamnitzer,R. B. Mann,2001,1
J. Kappeli,T. Mohaupt,2000,3
J. Karkowski,P. Wegrzyn,1995,1
J. Karkowski,Z. Swierczynski,1995,3
J. Kellendonk,M. Rosgen,1993,1
J. Kellendonk,R. Varnhagen,1993,1
J. Khoury,R.-J. Zhang,2002,1
J. Kijowski,M. Rudolph,1996,3
J. Knapp,M. Hillbrand,2003,1
J. Knapp,M. Schweda,2003,1
J. Knapp,R. Schofbeck,2003,1
J. Knapp,V. Putz,2003,1
J. Kotanski,S. E. Derkachov,2002,1
J. Kowalski-Glikman,J. W. Van Holten,1998,1
J. Kowalski-Glikman,K. Imilkowska,2003,1
J. Kowalski-Glikman,M. Daszkiewicz,2003,2
J. Kowalski-Glikman,N. R. Bruno,2001,1
J. Kowalski-Glikman,P. D. Jarvis,1998,1
J. Kowalski-Glikman,S. Nowak,2002,1
J. Kubo,K. Maeda,1992,2
J. Kubo,T. Fujiwara,1992,4
J. Kubo,T. Tabei,1993,2
J. Kubo,Y. Igarashi,1992,4
J. Kuhrs,L. Driesen,1998,1
J. Kuhrs,M. Stingl,1998,1
J. Kumar,M. Derix,1998,1
J. Kumar,P. Claus,1998,2
J. Kumar,P. K. Townsend,1998,2
J. Kumar,R. Kallosh,1997,4
J. Kunz,N. Tell,1999,1
J. Kunz,Y. Brihaye,1999,2
J. L. Alonso,J. L. Cortes,1998,1
J. L. Alonso,J. M. Carmona,1998,1
J. L. Alonso,J. Polonyi,1998,1
J. L. Alonso,Ph. Boucaud,1998,1
J. L. Boldo,J. L. Tomazelli,1995,2
J. L. Boldo,L. C. Q. Vilar,2000,1
J. L. Boldo,L. M. De Moraes,1999,1
J. L. Boldo,L. P. Colatto,1999,2
J. L. Boldo,M. A. De Andrade,1999,1
J. L. Boldo,N. Panza,1999,2
J. L. Boldo,O. M. Del Cima,1999,1
J. L. Boldo,S. P. Sorella,2000,1
J. L. Cardy,P. Simonetti,1996,1
J. L. Cortes,J. M. Carmona,1998,4
J. L. Cortes,J. Polonyi,1998,1
J. L. Cortes,J. Zanelli,1998,2
J. L. Cortes,L. Velazquez,1992,3
J. L. Cortes,M. S. Plyushchay,1994,2
J. L. Cortes,Ph. Boucaud,1998,1
J. L. Delyra,J. R. S. Nascimento,1992,2
J. L. Delyra,M. Gomes,1992,2
J. L. Delyra,R. S. Mendes,1992,2
J. L. F. Barbon,J. Manes,1998,1
J. L. F. Barbon,Joaquim Gomis,2000,1
J. L. F. Barbon,K. Demeterfi,1995,1
J. L. F. Barbon,Krev Simir Demeterfi,1994,1
J. L. F. Barbon,L. Alvarez-Gaume,1992,6
J. L. F. Barbon,M. A. Vazquez-Mozo,1996,4
J. L. F. Barbon,R. Emparan,1995,1
J. L. F. Barbon,R. Zwicky,2001,1
J. L. F. Barbon,S. A. Abel,1999,2
J. L. F. Barbon,S. Ramgoolam,1995,1
J. L. F. Barbon,Y. Lozano,1993,1
J. L. Jacquot,J. Richert,1994,1
J. L. Jacquot,M. Umezawa,1994,1
J. L. Jaramillo,V. Aldaya,2001,2
J. L. Lopez,M. Asorey,1994,4
J. L. Lucio,M. Ruiz-Altaba,1997,1
J. L. Lucio M.,M. Chaichian,1993,1
J. L. Lucio M.,M. Vargas,1993,1
J. L. Matheus-Valle,L. P. Colatto,1995,1
J. L. Matheus-Valle,M. R-Monteiro,1993,1
J. L. Miramontes,J. Sanchez Guillen,1992,7
J. L. Miramontes,L. A. Ferreira,1994,2
J. L. Miramontes,M. V. Gallas,1994,5
J. L. Miramontes,O. A. Castro Alvaredo,2000,1
J. L. Miramontes,O. A. Castro-Alvaredo,1999,1
J. L. Miramontes,T. Hollowood,1992,1
J. L. Miramontes,T. J. Hollowood,1993,3
J. L. Nielsen,J. Rolf,1998,2
J. L. Nielsen,R. Loll,1998,1
J. L. Nielsen,Y. Watabiki,1998,1
J. L. Petersen,J. O. Madsen,1992,2
J. L. Petersen,J. Rasmussen,1995,6
J. L. Petersen,K. Ito,1992,2
J. L. Petersen,M. Yu,1995,6
J. L. Tomazelli,L. A. Manzoni,1998,3
J. L. Tomazelli,L. C. Costa,2002,2
J. L. Tomazelli,M. B. Hott,1999,1
J. Laartz,M. Bordemann,1992,2
J. Laartz,M. Forger,1992,4
J. Laartz,U. Schaeper,1992,3
J. Laartz,U. Schaper,1992,1
J. Lachapelle,M. Legare,1998,1
J. Lauer,M. Spalinski,1992,1
J. Lauer,S. Stieberger,1992,1
J. Law,R. K. Bhaduri,1993,1
J. Lee,X. Martin,2001,1
J. Lewandowski,J. Mourao,1994,1
J. Lewandowski,T. Thiemann,1994,1
J. Liu,M. J. Duff,1997,1
J. Liu,Q. Z. Chen,1995,1
J. Liu,S. H. Guo,1995,1
J. Liu,W. Zheng,1995,1
J. Liu,X. Fang,1995,1
J. Liu,X. Q. Luo,1995,1
J. Lopez,K. Yuan,1992,1
J. Louis,J. Sonnenschein,1996,1
J. Louis,R. Dauria,1992,1
J. Louis,S. Ferrara,1992,1
J. Louis,S. Theisen,1996,1
J. Louis,S. Yankielowicz,1996,1
J. Louis,V. Kaplunovsky,1994,1
J. Louis,W. Lerche,1992,1
J. Luis Miramontes,Jens Ole Madsen,1999,1
J. Luis Miramontes,Patrick Dorey,2002,1
J. Luis Miramontes,Q-Han Park,1994,1
J. Luis Miramontes,Timothy Hollowood,1992,1
J. Luis Miramontes,Timothy J. Hollowood,1992,2
J. Lukierski,J. Sobczyk,1994,3
J. Lukierski,M. Mozrzymas,2003,1
J. Lukierski,P. C. Stichel,2000,4
J. Lukierski,P. Kosinski,1994,7
J. Lukierski,P. Maslanka,1994,7
J. Lukierski,P. Stichel,2002,1
J. Lukierski,V. D. Lyakhovsky,2003,1
J. Lukierski,V. N. Tolstoy,2003,1
J. Lukierski,W. J. Zakrzewski,1992,7
J. Lukierski,Y. Frishman,1992,1
J. Lukierski P. Maslanka,P. Kosinski,2000,1
J. Lykken,S. Chaudhuri,1994,1
J. Lykken,S. P. Trivedi,1997,1
J. Lykken,S.-W. Chung,1994,1
J. M. Aroca,M. Baig,1994,2
J. M. Aroca,R. Gambini,1996,1
J. M. Aroca,R. Siri,1995,1
J. M. Aroca,Yu. A. Kubyshin,1998,1
J. M. Aroca,Yu. Kubyshin,1999,1
J. M. Baptista,N. S. Manton,2002,1
J. M. C. Malbouisson,L. Losano,2002,1
J. M. C. Malbouisson,M. Gomes,1996,4
J. M. Camino,J. M. Sanchez De Santos,1998,2
J. M. Carmona,J. Polonyi,1998,2
J. M. Carmona,Ph. Boucaud,1998,1
J. M. Cervero,M. Calixto,1997,2
J. M. Cervero,V. Aldaya,1997,2
J. M. Cline,N. R. Constable,2001,1
J. M. Cline,P. Binetruy,2000,1
J. M. Cline,R. Holman,2002,1
J. M. Cline,S. Paban,1993,1
J. M. Daul,V. Kazakov,1993,1
J. M. Drummond,P. S. Howe,2001,2
J. M. Drummond,U. Lindstrom,2002,1
J. M. Evans,J. O. Madsen,1996,3
J. M. Evans,J. X. Lu,1997,1
J. M. Evans,M. Hassan,1997,3
J. M. Evans,M. J. Duff,1997,1
J. M. Evans,M. J. Perry,1998,2
J. M. Evans,M. R. Gaberdiel,1998,2
J. M. Evans,N. J. Mackay,1997,3
J. M. Evans,R. Minasian,1997,1
J. M. Evans,R. R. Khuri,1997,1
J. M. Evans,T. J. Hollowood,1992,1
J. M. F. Gunn,K. N. Ilinski,1995,2
J. M. F. Labastida,J. M. Isidro,1992,2
J. M. F. Labastida,M. Alvarez,1993,4
J. M. F. Labastida,M. Marino,1994,4
J. M. F. Labastida,M. Mari~No,1994,5
J. M. F. Labastida,Marcos Marino,2000,1
J. M. Figueroa-Ofarrill,J. Mas,1992,2
J. M. Figueroa-Ofarrill,J. Mccarthy,1997,1
J. M. Figueroa-Ofarrill,S. Stanciu,1992,3
J. M. Generowicz,K. J. Barnes,1995,1
J. M. Generowicz,P. J. Grimshare,1995,1
J. M. Gracia-Bondia,P. Vitale,2001,1
J. M. Gracia-Bondia,S. Lazzarini,2000,2
J. M. Gracia-Bondia,T. Schucker,1997,1
J. M. Grimstrup,L. Popp,2000,9
J. M. Grimstrup,M. Ertl,2002,1
J. M. Grimstrup,M. Schweda,1999,12
J. M. Grimstrup,M. Wickenhauser,2002,2
J. M. Grimstrup,O. M. Del Cima,1999,1
J. M. Grimstrup,R. Wulkenhaar,2000,7
J. M. Grimstrup,T. Pisar,2001,1
J. M. Grimstrup,V. Putz,2000,4
J. M. Grimstrup,Z. Morsli,2002,1
J. M. Haeuser,S. Juchem,1998,1
J. M. Haeuser,W. Cassing,1998,1
J. M. Hauser,M. H. Thoma,1996,2
J. M. Hauser,S. Leupold,1997,1
J. M. Hauser,W. Cassing,1996,2
J. M. Isidro,J. P. Nunes,1995,3
J. M. Isidro,M. Matone,2000,2
J. M. Isidro,P. Pasti,2000,2
J. M. Isidro,R. Garavuso,2002,1
J. M. Izquierdo,J. Navarro-Salas,1997,2
J. M. Izquierdo,N. D. Lambert,1995,1
J. M. Izquierdo,P. K. Townsend,1993,4
J. M. Izquierdo,P. Navarro,2001,1
J. M. Izquierdo,P. S. Howe,1995,1
J. M. L Opez-Romero,M. A. Rodr I Guez-Segura,1994,1
J. M. L Opez-Romero,M. Socolovsky,1994,1
J. M. Leinaas,S. Viefers,1994,1
J. M. Leinaas,T. H. Hansson,1994,1
J. M. Lina,P. K. Panigrahi,1992,1
J. M. Maillet,Laurent Freidel,1992,1
J. M. Maillet,N. A. Slavnov,2002,4
J. M. Maillet,N. Kitanine,2002,4
J. M. Maillet,V. Terras,1999,5
J. M. Maldacena,M. Bonini,1992,1
J. M. Maldacena,S. S. Gubser,1996,1
J. M. Moreno,M. B. Hindmarsh,2001,2
J. M. Moreno,N. Mcnair,2001,2
J. M. Mourao,J. M. Velhinho,1997,1
J. M. Mourao,T. Thiemann,1997,1
J. M. Mour~Ao,J. N. Tavares,1993,1
J. M. Mour~Ao,R. Loll,1993,1
J. M. Pawlowski,L. Oraifeartaigh,1998,2
J. M. Pawlowski,T. Tok,2000,1
J. M. Pawlowski,U. G. Mitreuter,1996,1
J. M. Pawlowski,V. V. Sreedhar,1998,2
J. M. Pons,J. Paris,1993,1
J. M. Pons,K. Kamimura,1995,1
J. M. Pons,R. Toldr`A,1993,1
J. M. Roman,R. Tarrach,1995,1
J. M. Salim,M. Alves,2002,1
J. M. Salim,M. Novello,2000,3
J. M. Sanchez De Santos,P. M. Llatas,1999,2
J. M. Sanchez De Santos,P. Ramadevi,1997,1
J. M. Sanchez De Santos,S. Roy,1995,1
J. M. Speight,L. A. Sadun,1997,1
J. M. Speight,M. Haskins,1998,2
J. M. Speight,N. S. Manton,2002,1
J. M. Stewart,S. W. Hawking,1992,1
J. M. Velhinho,T. Thiemann,1997,1
J. Madore,J. Mourad,1994,5
J. Madore,M. Maceda,2002,1
J. Madore,R. Hinterding,1999,1
J. Madore,S. Cho,1999,1
J. Madore,T. Masson,1994,1
J. Maeder,S. Balaska,1996,3
J. Maeder,W. Ruehl,1995,6
J. Magnin,L. Masperi,1995,1
J. Maharana,M. Gasperini,1992,2
J. Maharana,R. K. Pradhan,1998,1
J. Maharana,S. Kar,1995,1
J. Maharana,S. Mukherji,1992,2
J. Maharana,S. S. Pal,2000,1
J. Maldacena,K. S. Narain,2002,1
J. Maldacena,M. Atiyah,2000,1
J. Maldacena,O. Aharony,1999,1
J. Maldacena,S. S. Gubser,1999,1
J. Maldacena,Y. Oz,1999,1
J. Malinsky,N. Abdellatif,2002,1
J. Malinsky,V. P. Akulov,2002,1
J. Manes,K. Becker,1992,1
J. Manes,Luis Alvarez-Gaume,1992,1
J. Manes,M. A. Vazquez-Mozo,1998,1
J. Manes,M. Becker,1992,1
J. Manes,R. Emparan,1992,1
J. Martin,Ph. Brax,2001,1
J. Mas,M. Perez-Victoria,2002,1
J. Mateos Guilarte,M. A. Gonzalez Leon,2000,8
J. Mateos Guilarte,M. De La Torre Mayado,2000,3
J. Mateos Guilarte,W. Garcia Fuertes,1998,6
J. Mccarthy,K. Pilch,1993,3
J. Mccarthy,O. Sarioglu,1998,1
J. Mccarthy,P. Bouwknegt,1993,3
J. Mccarthy,R. B. Zhang,1995,1
J. Mccarthy,S. Deser,1993,2
J. Menezes,M. M. Santos,2001,2
J. Meyer,M. Kibler,1994,1
J. Meyer,R. Barbier,1994,1
J. Mickelsson,R. Percacci,1993,1
J. Mickelsson,S. Rydh,2001,1
J. Mottershead,M. E. Carrington,1999,1
J. Mottershead,W. F. Chen,1999,1
J. Mourad,Ph. Brax,1997,3
J. Mourad,T. Masson,1994,1
J. Mourao,T. Thiemann,1994,1
J. Mund,R. Schrader,1993,1
J. N. Acosta,N. Berkovits,1999,1
J. N. Acosta,O. Chandia,1999,1
J. N. Tavares,R. Loll,1993,1
J. Nasarre,Jose F. Cari~Nena,1996,2
J. Naud,M. Van Raamsdonk,1998,1
J. Naud,V. Periwal,1998,1
J. Navarro-Salas,M. Navarro,1994,5
J. Navarro-Salas,P. Navarro,1998,4
J. Navarro-Salas,V. Aldaya,1994,1
J. Negro,M. A. Del Olmo,2002,1
J. Negro,N. Aizawa,2002,1
J. Neu,K. G. Chetyrkin,1995,1
J. Neu,S. A. Larin,1995,1
J. Neu,V. Schulte-Frohlinde,1995,1
J. Niederle,S. Krivonos,2002,1
J. Nishimura,K. N. Anagnostopoulos,2000,6
J. Nishimura,M. A. Vazquez-Mozo,2001,1
J. Nishimura,P. Olesen,2000,1
J. Nishimura,R. J. Szabo,1999,3
J. Nishimura,T. Hotta,2000,3
J. Nishimura,W. Bietenholz,2000,6
J. Nishimura,Y. M. Makeenko,1999,3
J. Novotny,M. Schnabl,1998,1
J. O. Madsen,J. Sanchez Guillen,1998,1
J. O. Madsen,K. Ito,1992,2
J. O. Madsen,M. Sakamoto,1993,1
J. Ord,P. Kuusk,1997,1
J. P. Ader,Y. Noirot,1996,1
J. P. De Villiers,S. Hendy,1996,1
J. P. De Villiers,V. Frolov,1996,1
J. P. Garrahan,L. M. Kruczenski,1994,1
J. P. Garrahan,N. N. Scoccola,1994,1
J. P. Gauntlett,M. M. Robinson,1993,1
J. P. Gauntlett,P. K. Townsend,1997,2
J. P. Gauntlett,R. C. Myers,1998,1
J. P. Gregory,P. M. Saffin,2002,1
J. P. Lupi,J. Stephany,1996,1
J. P. Nunes,M. Mihailescu,1997,3
J. P. Nunes,R. De Mello Koch,1998,1
J. P. Rodrigues,R. De Mello Koch,1998,1
J. P. S. Lemos,P. M. Sa,1996,1
J. P. Van Der Schaar,M. De Roo,1996,3
J. P. Van Der Schaar,P. Sundell,2000,2
J. P. Van Der Schaar,R. Halbersma,1998,1
J. P. Van Der Schaar,S. Panda,1997,1
J. P. Van Der Schaar,Y. Lozano,1998,1
J. P. Vary,K. S. Gupta,1998,1
J. P. Vary,L. Martinovic,1999,4
J. P. Vary,T. J. Fields,1997,1
J. P. Vary,T. J. Fields J. R. Spence,1998,1
J. Papavassiliou,N. E. Mavromatos,1999,2
J. Paris,R. Toldr`A,1993,1
J. Park,R. Rabadan,1999,2
J. Pawelczyk,S. Pokorski,1993,1
J. Pawelczyk,Z. Lalak,1993,1
J. Pawlowski,T. Tok,1998,1
J. Pawlowski,U. G. Mitreuter,1998,1
J. Perez-Mercader,Matt Visser,1997,1
J. Phillips,Jr.,2002,2
J. Phillips,L. Rana,2001,1
J. Phillips,Markus A. Luty,2002,1
J. Phillips,S. James Gates,2002,2
J. Phillips,S. James Gates Jr,2002,2
J. Phillips,S. James Gates Jr.,2001,1
J. Phillips,V. G. J. Rodgers,2002,1
J. Phillips,W. D. Linch,2002,3
J. Phillips,W. D. Linch Iii,2001,3
J. Plass,J.-M. Warzecha,1993,1
J. Plass,N. A. Papadopoulos,1993,3
J. Plass,W. Kalau,1993,1
J. Plefka,M. Serone,1999,2
J. Plefka,M. Staudacher,2002,3
J. Plefka,N. Beisert,2002,2
J. Plefka,R. Helling,1999,1
J. Polchinski,K. Becker,1997,1
J. Polchinski,L. Thorlacius,1994,1
J. Polchinski,M. Becker,1997,1
J. Polchinski,S. B. Giddings,1993,1
J. Polchinski,S. Chaudhuri,1994,2
J. Polchinski,S. Hellerman,1999,1
J. Polonyi,K. Sailer,1999,4
J. Polonyi,Ph. Boucaud,1998,1
J. Polonyi,Sz. Borsanyi,2000,1
J. Polonyi,V. Branchina,1996,2
J. Polonyi,Zs. Szep,2000,1
J. Pouget,T. Ioannidou,2002,1
J. Pullin,R. Gambini,1992,1
J. R. Anglin,R. C. Myers,1992,1
J. R. Espinosa,L. Everett,1997,1
J. R. Espinosa,M. Cvetic,1997,1
J. R. Espinosa,P. Langacker,1997,1
J. R. Hiller,O. Lunin,2000,1
J. R. Hiller,S. J. Brodsky,1998,3
J. R. Hiller,S. Pinsky,2000,3
J. R. Hiller,S. S. Pinsky,2001,5
J. R. Hiller,U. Trittmann,2000,8
J. R. Nascimento,M. Gomes,1997,1
J. R. Nascimento,R. F. Ribeiro,2002,2
J. R. Nascimento,R. Menezes,2002,1
J. R. Nascimento,T. Mariz,2003,1
J. R. S. Nascimento,M. A. Anacleto,2000,2
J. R. S. Nascimento,M. Gomes,1992,2
J. R. S. Nascimento,N. F. Svaiter,2000,1
J. R. S. Nascimento,R. F. Ribeiro,1997,7
J. R. S. Nascimento,R. Menezes,2002,2
J. R. S. Nascimento,R. S. Mendes,1992,2
J. R. Shepard,V. Dmitrav Sinovi C,1994,1
J. Raeymaekers,W. Troost,1998,1
J. Rafelski,M. V. Cougo-Pinto,1997,1
J. Rahmfeld,J. T. Liu,1996,1
J. Rahmfeld,J. Tannenhauser,2000,1
J. Rahmfeld,James T. Liu,1995,2
J. Rahmfeld,Jonathan Tannenhauser,2000,1
J. Rahmfeld,M. J. Duff,1994,5
J. Rahmfeld,M. Shmakova,1997,1
J. Rahmfeld,Murat Gunaydin,1999,1
J. Rahmfeld,P. Claus,2000,1
J. Rahmfeld,Piet Claus,1998,4
J. Rahmfeld,R. Kallosh,1997,4
J. Rahmfeld,R. Minasian,1993,1
J. Rahmfeld,Renata Kallosh,1998,3
J. Rahmfeld,S.-J. Rey,1997,1
J. Rahmfeld,W. K. Wong,1997,1
J. Rahmfeld,Wing Kai Wong,1997,1
J. Rahmfeld,Y. Zunger,2000,1
J. Rahmfeld,Yonatan Zunger,1999,2
J. Ramirez Mittelbrun,M. Ramon Medrano,1993,1
J. Ramirez Mittelbrun,N. Sanchez,1993,1
J. Ramirez Mittelbrunn,M. Ramon Medrano,1993,2
J. Ramirez Mittelbrunn,N. Sanchez,1993,2
J. Rant,K. Landsteiner,1999,1
J. Rant,M. Kruger,1996,1
J. Rant,M. Schweda,1996,5
J. Rant,O. Moritsch,1996,1
J. Rant,R. Leitgeb,1999,1
J. Rant,S. Emery,1996,1
J. Rant,T. Pisar,1999,2
J. Rant,T. Sommer,1996,1
J. Rant,U. Feichtinger,1996,1
J. Rasmussen,J. Schnittger,1999,1
J. Rasmussen,L. B. Drissi,2003,1
J. Rasmussen,M. A. Walton,2000,2
J. Rasmussen,M. Tahic,2002,1
J. Rasmussen,M. Weis,1994,1
J. Rasmussen,M. Yu,1995,6
J. Rasmussen,P. Mathieu,2000,2
J. Rembielinski,K. A. Smolinski,1993,2
J. Rembielinski,T. Brzezinski,1993,1
J. Richert,M. Umezawa,1994,1
J. Rizos,K. Tamvakis,1993,3
J. Rizos,M. Petropoulos,1996,2
J. Rizos,N. E. Mavromatos,1995,2
J. Rizos,P. Kanti,1995,2
J. Rizos,P. M. Petropoulos,1996,4
J. Rizos,T. N. Tomaras,2002,1
J. Roca,K. Kamimura,1993,3
J. Rodrigues,K. Demeterfi,1993,1
J. Rolf,R. Loll,1998,1
J. Rolf,Y. Watabiki,1998,1
J. Rozowsky,L. Dixon,2000,1
J. Rozowsky,M. Perelstien,2000,1
J. Rozowsky,M. Trigante,2000,1
J. Rozowsky,Z. Bern,2000,1
J. Ruan,R. J. Crewther,1994,1
J. Russo,L. Susskind,1992,3
J. Russo,L. Thorlacius,1992,3
J. S. Apps,J. S. Dowker,1994,6
J. S. Apps,K. Kirsten,1995,1
J. S. Apps,M. Bordag,1995,1
J. S. Dowker,K. Kirsten,1995,3
J. S. Dowker,Klaus Kirsten,1996,6
J. S. Dowker,M. Bordag,1995,2
J. S. Dowker,Marcelo De Francia,2000,1
J. S. Dowker,Peter Chang,1992,2
J. S. Rno,R. L. Karp,1999,1
J. S. Rozowsky,K. C. Wali,2002,1
J. S. Rozowsky,L. Dixon,1998,6
J. S. Rozowsky,M. Perelstein,1998,6
J. S. Rozowsky,Z. Bern,1998,6
J. S. Shim,S. Y. Choi,1994,1
J. S. Valverde,J. T. Lunardi,1999,2
J. S. Valverde,L. A. Manzoni,2000,1
J. S. Valverde,R. G. Teixeira,1999,1
J. Saavedra,J. Zanelli,2000,1
J. Saavedra,L. Vergara,2003,1
J. Saavedra,R. Troncoso,2000,1
J. Saavedra,S. Lepe,1998,2
J. Saavedra,V. Cardenas,1998,1
J. Sakamoto,K. Mano,2001,1
J. Sanchez Guillen,L. A. Ferreira,1994,4
J. Sanchez Guillen,Luiz A. Ferreira,1997,1
J. Sanchez Guillen,M. V. Gallas,1994,3
J. Sanchez Guillen,M. V. Saveliev,1995,1
J. Sanchez Guillen,Orlando Alvarez,1997,2
J. Sanchez Guillen,T. Hollowood,1992,1
J. Sanchez Guillen,T. J. Hollowood,1993,1
J. Sanchez-Guillen,L. A. Ferreira,2000,1
J. Sanchez-Guillen,R. A. Vazquez,2002,1
J. Santiago,M. Perez-Victoria,2003,1
J. Saucedo,V. M. Villanueva,2003,1
J. Schechter,S. D. H. Hsu,1998,1
J. Schnittger,J.-L. Gervais,1995,2
J. Schnittger,L. K. Balazs,1997,1
J. Schnittger,L. Palla,1997,2
J. Schnittger,N. Mohammedi,1997,2
J. Schnittger,P. Forgacs,1997,2
J. Segar,M. S. Sriram,1996,1
J. Segar,S. Lakshmibala,1996,1
J. Shiraishi,S. Odake,1993,6
J. Shiraishi,Y. Matsuo,1994,3
J. Sobczyk,P. Kosinski,1994,3
J. Sobczyk,P. Maslanka,1994,3
J. Sobczyk,W. Urbanik,1993,1
J. Socorro,O. Obregon,1998,1
J. Socorro,V. I. Tkach,1998,4
J. Soda,K. Uzawa,2000,1
J. Sonnenschein,N. Itzhaki,1997,5
J. Sonnenschein,N. Weiss,1999,1
J. Sonnenschein,O. Aharony,1992,4
J. Sonnenschein,O. Ganor,1992,5
J. Sonnenschein,O. J. Ganor,2002,1
J. Sonnenschein,S. Theisen,1995,7
J. Sonnenschein,S. Yankielowicz,1992,18
J. Sonnenschein,S. Yankielowizc,1997,1
J. Sonnenschein,U. Trittmann,1998,1
J. Sonnenschein,V. Kaplunovsky,1997,3
J. Sonnenschein,V. S. Kaplunovsky,2001,1
J. Sonnenschein,Y. Artstein,2000,1
J. Sonnenschein,Y. Frishman,1992,7
J. Sonnenschein,Y. Kinar,1998,5
J. Sonnenschein,Y. Lavi,1993,1
J. Spinelly,U. De Freitas,2002,1
J. Stasheff,R. Fulp,1997,1
J. Stasheff,T. Lada,1997,1
J. Stephany,M Lledo,2002,1
J. Stephany,M. Caicedo,2002,1
J. Stephany,M. I. Caicedo,1995,1
J. Stephany,R. Gianvittorio,1994,2
J. Strathdee,S. Randjbar--Daemi,1992,2
J. Strathdee,S. Randjbar-Daemi,1992,7
J. Stubbe,K. Chadan,1995,2
J. Stubbe,R. Kobayashi,1995,1
J. Suzuki,T. Nakanishi,1993,2
J. T. Lenaghan,K. Splittorff,2001,1
J. T. Liu,M. J. Duff,1996,1
J. T. Lunardi,L. A. Manzoni,1999,2
J. T. Lunardi,R. G. Teixeira,1999,1
J. Tannenhauser,P. Claus,2000,1
J. Tannenhauser,Y. Zunger,2000,1
J. Teschner,V. Schomerus,2001,1
J. Tolksdorf,T. Ackermann,1995,3
J. Torres,V. I. Tkach,1998,2
J. Torres A,V. I. Tkach,2001,1
J. Traschen,L. A. J. London,1993,1
J. Traschen,P. K. Townsend,1993,1
J. Troost,M. Massar,1997,4
J. Troost,M. T. Grisaru,1997,2
J. Troost,S. Van Der Loo,2001,1
J. Troost,W. Troost,2001,1
J. Twamley,S. J. Poletti,1994,2
J. Uglum,L. Susskind,1993,4
J. Uglum,L. Thorlacius,1993,1
J. Urrestilla,M. Pickles,2001,3
J. V Yarevskaya,S. M. Kuzenko,1995,1
J. V. Mallow,U. P. Sukhatme,1998,1
J. V. Yarevskaya,S. M. Kuzenko,1995,1
J. Van Der Jeugt,N. I. Stoilova,1993,3
J. Van Der Jeugt,R. C. King,2002,2
J. Van Der Jeugt,R. Jagannathan,1994,1
J. Van Der Jeugt,T. D. Palev,1993,6
J. Van Der Jeugt.,R. Jagannathan,1994,1
J. Vaz,Jr.,1995,2
J. Vaz,S. De Leo,1999,1
J. Vaz,W. A. Rodrigues,1995,2
J. Vaz,Wa Rodrigues,1999,1
J. Vaz Jr,W. A. Rodrigues Jr.,1996,1
J. Vaz Jr.,P. Lounesto,1996,1
J. Vaz Jr.,Q. A. G. De Souza,1996,1
J. Vaz Jr.,W. A. Rodrigues Jr,1996,1
J. Vaz Jr.,W. A. Rodrigues Jr.,1996,1
J. Vidal,L. Canet,2002,2
J. W. Moffat,L. Demopoulos,1993,1
J. W. Moffat,M. A. Clayton,1993,1
J. W. R. Underwood,N. Turok,1993,1
J. W. Van De Leur,V. G. Kac,1993,1
J. W. Van Holten,K. Peeters,1995,1
J. W. Van Holten,P. D. Jarvis,1998,1
J. W. Van Holten,R. H. Rietdijk,1992,3
J. W. Van Holten,S. Groot Nibbelink,1998,5
J. W. Van Holten,T. S. Nyawelo,2000,3
J. Walcher,L. R. Huiszoon,2000,1
J. Walcher,P. Kaste,1999,2
J. Walcher,P. Mayr,2001,1
J. Walcher,R. Roiban,2001,1
J. Walcher,W. Lerche,1999,4
J. Wambach,O. Bohr,2001,1
J. Wang,L. Everett,1999,1
J. Wang,M. Cvetiv C,1999,1
J. Wang,P. Langacker,1999,1
J. Wess,M. Fichtmueller,1995,1
J. Wess,V. A. Soroka,2001,1
J. Weyers,R. Gonzalez Felipe,1997,1
J. Wirstam,R. Venugopalan,2001,1
J. Wirstam,T. H. Hansson,1997,1
J. Wosiek,R. A. Janik,1996,3
J. Wosiek,R. E. Janik,1996,1
J. Wudka,Javier P. Muniain,1995,1
J. X. Lu,James T. Liu,1999,1
J. X. Lu,M. Cvetic,1999,1
J. X. Lu,M. J. Duff,1992,6
J. X. Lu,N. Ohta,2001,1
J. X. Lu,P. Hoxha,1999,1
J. X. Lu,R. Martinez-Acosta,1999,1
J. X. Lu,R. Minasian,1997,1
J. X. Lu,R. R. Khuri,1997,1
J. X. Lu,R.-G. Cai,2000,2
J. X. Lu,Ramzi R. Khuri,1994,1
J. X. Lu,S. Roy,1999,4
J. X. Lu,Shibaji Roy,1998,8
J. X. Lu,T. A. Tran,1999,1
J. X. Lu,Y.-S. Wu,2000,2
J. Y. Pasquier,M. Knecht,1995,1
J. Y. Pasquier,R. Pasquier,1995,1
J. Yamashita,M. Hirayama,2002,2
J. Zanelli,R. Aros,2000,1
J. Zanelli,R. Troncoso,2000,2
J. Zanelli,V. O. Rivelles,1996,1
J. Zerouaoui,M. Rachidi,2001,2
J. Zinn-Justin,M. Moshe,1996,1
J. Zinn-Justin,P. Di Francesco,1993,1
J. Zinn-Justin,P. Ginsparg,1993,1
J. Zinn-Justin,S. Nishigaki,1996,1
J.--Q. Liang,Jian-Ge Zhou,1996,1
J.-B. Zuber,P. Di Francesco,1992,3
J.-B. Zuber,P. Pearce,1998,1
J.-B. Zuber,R. Behrend,1998,1
J.-B. Zuber,V. B. Petkova,1994,8
J.-B. Zuber,V. Petkova,1998,1
J.-C. Yera,M. Hassaine,1997,2
J.-C. Yera,P. A. Horvathy,1997,3
J.-F. Fortin,L. Begin,2003,1
J.-F. Fortin,P. Jacob,2003,1
J.-F. Fortin,P. Mathieu,2003,1
J.-F. Mathiot,Th. Cousin,2001,1
J.-F. Mathiot,V. A. Karmanov,2001,1
J.-F. Roussel,Jean-Loup Gervais,1993,1
J.-G. Demers,R. Brooks,1993,1
J.-G. Zhou,J.-Q. Liang,1996,3
J.-G. Zhou,Y.-G. Miao,1996,1
J.-G. Zhou,Zhenjiu Zhang,1996,1
J.-L. Kneur,M. Iacomi,1995,1
J.-M. Chung,Phillial Oh,1998,1
J.-M. Chung,Q-Han Park,1994,1
J.-M. Chung,Y. M. Ahn,1994,1
J.-M. Warzecha,N. A. Papadopoulos,1993,1
J.-M. Warzecha,W. Kalau,1993,1
J.-P-Dedonder,M. V. Ioffe,1994,1
J.-P. Ader,L. Cappiello,1995,1
J.-P. Ader,M. Abud,1995,1
J.-P. Dedonder,M. V. Ioffe,1996,1
J.-P. Derendinger,K. Sfetsos,2000,3
J.-P. Derendinger,M. Quiros,1994,3
J.-P. Derendinger,R. Sauser,2000,2
J.-P. Francoise,R. Caseiro,2000,2
J.-P. Francoise,R. Sasaki,2000,2
J.-P. Kownacki,Z. Burda,1995,1
J.-P. Uzan,P. Peter,2001,1
J.-Q. Liang,Jian-Ge Zhou,1995,4
J.-Q. Liang,R. Manvelyan,2000,1
J.-Q. Liang,Y.-G. Miao,1996,1
J.-Q. Liang,Yan-Gang Miao,1995,1
J.-Q. Liang,Yunbo Zhang,2000,1
J.-Q. Liang,Zhenjiu Zhang,1996,1
J.-S. Park,S. Hyun,1994,1
J.-T. Yee,S.-J. Rey,2001,1
J.-T. Yee,Y. Kiem,2001,1
J.-W. Van Holten,P. A. Horvathy,2000,1
J.-Y. Lu,W. A. Rodrigues Jr.,1996,1
J.-Y. Thibon,V. S. Retakh,1994,1
J.~C.~Breckenridge,T.~G.~Steele V. Elias,1995,1
Jacek Generowicz,Tim R. Morris,1997,1
Jacek Pawelczyk,Ofer Aharony,1999,1
Jacek Pawelczyk,Shimon Yankielowicz,1999,1
Jacek Pawelczyk,Soo-Jong Rey,2000,1
Jacek Pawelczyk,Stefan Theisen,1998,2
Jacek Szmigielski,Stephen Berman,1998,1
Jacek Wisniewski,Olaf Dreyer,2001,1
Jacek Wosiek,Massimo Campostrini,2002,1
Jacek Wosiek,Romuald A. Janik,1998,1
Jack Gegenberg,Ricardo Troncoso,2003,1
Jack Morse,Rolf Schimmrigk,1992,1
Jack Y. Ng,Wei Chen,1995,1
Jacob Goeree,Jan De Boer,1992,3
Jacob Katriel,Tomasz Brzezinski,1995,1
Jacob Sonnenschein,Juan M. Maldacena,1998,1
Jacob Sonnenschein,Leopoldo A. Pando Zayas,2002,3
Jacob Sonnenschein,Matthew J. Strassler,2002,1
Jacob Sonnenschein,Michael E. Peskin,1995,2
Jacob Sonnenschein,Nissan Itzhaki,1998,2
Jacob Sonnenschein,Ofer Aharony,1995,4
Jacob Sonnenschein,Shimon Yankielowicz,1995,6
Jacob Sonnenschein,Vadim S. Kaplunovsky,1998,1
Jacob Sonnenschein,Yaron Oz,1994,1
Jacob Sonnenschein,Yitzhak Frishman,1997,1
Jacob Sonnenschein,Yoav Lavi,1994,1
Jacobus Verbaarschot,James Steele,1994,1
Jacqueline Faridani,Jakov Pfaudler,1996,1
Jacqueline Faridani,Tsou Sheung Tsun,1996,1
Jacques Bros,Ugo Moschella,2001,1
Jacques C. H. Simon,Moshe Flato,1995,1
Jacques Distler,Luis Alvarez-Gaume,1996,1
Jacques Distler,Marcos Marino,1996,1
Jacques Distler,Rahul Mahajan,2001,1
Jacques Distler,Richard Corrado,1997,2
Jacques Distler,Shamit Kachru,1994,3
Jacques Distler,Ti-Ming Chiang,1997,1
Jae Hyung Yee,Joo Youl Lee,1998,1
Jae Hyung Yee,Junsoo Shin,1997,1
Jae Hyung Yee,Kwang-Sup Soh,1998,5
Jae Hyung Yee,Kyun Nahm,2001,1
Jae Hyung Yee,Mu-In Park,1999,2
Jae Hyung Yee,Sang Pyo Kim,1998,2
Jae Hyung Yee,Seungjoon Hyun,1997,1
Jae Hyung Yee,Sung Ku Kim,1998,5
Jae Hyung Yee,Tack Hwi Lee,1998,1
Jae Hyung Yee,Wen-Fa Lu,2001,1
Jae Kwan Kim,Min-Ho Lee,1993,5
Jae Kwan Kim,Sahng-Kyoon Yoo,1998,1
Jae Kwan Kim,Soo-Young Lee,1998,3
Jae Kwan Kim,Tae Seong Kim,1995,1
Jae Kwan Kim,Won-Ho Kye,1995,1
Jae-Kwan Kim,Jin-Ho Cho,1993,3
Jae-Kwan Kim,Seungjoon Hyun,1993,2
Jae-Rok Kahng,Sahng-Kyoon Yoo,1996,1
Jae-Rok Kahng,Soo-Young Lee,1996,1
Jae-Suk Park,Jaemo Park,1995,2
Jae-Suk Park,Robbert Dijkgraaf,1998,1
Jae-Suk Park,Seungjoon Hyun,1995,3
Jae-Weon Lee,Sang Jin Sin,1999,1
Jae-Weon Lee,Seoktae Koh,1998,2
Jae-Weon Lee,Yeong Deok Han,2002,1
Jaemo Park,Jerome P. Gauntlett,1999,1
Jaemo Park,John H. Schwarz,1997,2
Jaemo Park,Keshav Dasgupta,1999,2
Jaemo Park,Kyungho Oh,2001,1
Jaemo Park,Mina Aganagic,1997,2
Jaemo Park,Nakwoo Kim,1999,1
Jaemo Park,Piljin Yi,1993,2
Jaemo Park,Radu Tatar,2001,1
Jaemo Park,Rene Reinbacher,2001,1
Jaemo Park,Sangmin Lee,2000,2
Jaemo Park,Seungjoon Hyun,1995,3
Jaemo Park,Soo-Jong Rey,1998,2
Jaemo Park,Tony Pantev,2000,1
Jaemo Park,Yoonbai Kim,2002,2
Jaemo Park,Youngjai Kiem,2000,3
Jaime Camacaro,Lorenzo Leal,1996,1
Jaime Camacaro,Rolando Gaitan,1996,1
Jair V. Costa,Manoelito M De Souza,1997,1
Jakov Pfaudler,Tsou Sheung Tsun,1996,1
Jakub Rembielinski,Kordian A. Smolinski,1993,1
Jakub Rembielinski,Pawel Caban,1996,1
Jakub Rembielinski,Waclaw Tybor,1993,1
James A. Feigenbaum,Mircea Pigli,1997,1
James A. Feigenbaum,Peter G. O. Freund,1997,1
James Babington,James Hockings,2001,1
James Babington,Nick Evans,2001,4
James Ball,Wei Chen,1996,1
James Baugh,Mohsen Shiri-Garakani,2003,1
James C. Sexton,Samik Sen,2000,1
James C. Sexton,Siddhartha Sen,2000,1
James D. Wells,Stephen P. Martin,1998,1
James Dent,R. Arnowitt,2002,1
James E. Hetrick,Jin Young Kim,2003,1
James E. Hetrick,Yoonbai Kim,2003,1
James E. Lidsey,Sachiko Ogushi,2002,1
James E. Lidsey,Sergei D. Odintsov,2002,2
James E. Lidsey,Shinichi Nojiri,2002,2
James E. Lidsey,Ulf S. Nilsson,1999,1
James Geddes,Mark B. Hoffman,2001,1
James Geddes,Robert M. Wald,2001,1
James Geddes,Sean M. Carroll,2001,1
James Gray,Mar Bastero-Gil,2002,1
James Gray,Michael Plumacher,2002,1
James Hockings,Nick Evans,2001,2
James Hughes,Michael P. Mattis,1993,1
James Hughes,Nicholas Dorey,1993,1
James Lepowsky,R. L. Wilson,1994,1
James Lepowsky,Yi-Zhi Huang,1993,3
James Lindesay,Leonard Susskind,2002,1
James Lindesay,Lisa Dyson,2002,1
James M. Cline,Jeremie Vinet,2002,3
James M. Cline,Julie Descheneau,2003,1
James M. Cline,Massimo Giovannini,2003,1
James M. Cline,Patrick Martineau,2002,1
James M. Grochocinski,Philip C. Argyres,1992,1
James M. Grochocinski,S.-H. Henry Tye,1992,1
James N. Hormuzdiar,Stephen D. H. Hsu,1999,1
James P. Gregory,Simon F. Ross,2000,2
James P. Vary,Lubomir Martinovic,1998,1
James P. Vary,Victor A. Matveev,1999,2
James P. Vary,Victor T. Kim,1999,2
James S. Ball,M. Baker,1994,1
James Sparks,Sergei Gukov,2001,2
James T. Liu,Jeffrey A. Harvey,1992,1
James T. Liu,Jerome P. Gauntlett,1992,1
James T. Liu,K. S. Stelle,2000,2
James T. Liu,L. Dolan,1992,1
James T. Liu,Leopoldo A. Pando Zayas,2003,1
James T. Liu,M. Cvetic,1999,4
James T. Liu,M. J. Duff,1995,15
James T. Liu,Massimo Porrati,1998,3
James T. Liu,P. Hoxha,1999,1
James T. Liu,Paul H. Frampton,1992,1
James T. Liu,R. Martinez-Acosta,1999,1
James T. Liu,R. Minasian,1995,1
James T. Liu,Ruben Minasian,1997,2
James T. Liu,T. A. Tran,1999,1
James T. Liu,W. A. Sabra,2000,3
James T. Liu,W. Y. Wen,2001,2
James Thevenot,Kurt Just,2000,1
Jamil Daboul,Michael Martin Nieto,1994,4
Jamila Douari,Yassine Hassouni,2000,1
Jan Ambjorn,Kazuo Ghoroku,1993,1
Jan Ambjorn,Naoki Sasakura,1997,1
Jan B. Gutowski,Jerome P. Gauntlett,2002,2
Jan B. Gutowski,Stathis Pakis,2002,1
Jan Bischoff,Olaf Lechtenfeld,1996,2
Jan Brugues,Joaquim Gomis,2002,2
Jan Brugues,Toni Mateos,2002,2
Jan Brugues,Toni Ramirez,2002,2
Jan C. Plefka,Marco Serone,1998,1
Jan De Boer,Jeroen Wijnhout,2002,2
Jan De Boer,John Morgan,2001,1
Jan De Boer,Jonathan Tannenhauser,1998,1
Jan De Boer,Kareljan Schoutens,2002,1
Jan De Boer,Kentaro Hori,1996,8
Jan De Boer,Koenraad Schalm,2001,2
Jan De Boer,Kostas Skenderis,1995,7
Jan De Boer,Laszlo Feher,1996,2
Jan De Boer,M. B. Halpern,1998,2
Jan De Boer,Min-Xin Huang,2002,1
Jan De Boer,Paul Fendley,2002,1
Jan De Boer,Peter Van Nieuwenhuizen,1995,4
Jan De Boer,Robbert Dijkgraaf,2001,1
Jan De Boer,Robert Duivenvoorden,2003,1
Jan De Boer,Rutger Boels,2003,1
Jan De Boer,Samson L. Shatashvili,1999,1
Jan De Boer,Savdeep Sethi,2001,1
Jan De Boer,Sergey N. Solodukhin,2003,1
Jan De Boer,Simon F. Ross,2000,1
Jan De Boer,Tjark Tjin,1992,3
Jan De Boer,Vijay Balasubramanian,2000,4
Jan De Boer,Vishnu Jejjala,2002,1
Jan De Boer,Yang-Hui He,2002,1
Jan De Boer,Yaron Oz,1996,7
Jan De Boer,Zheng Yin,1996,2
Jan Fischer,Pavel Kolar,2001,1
Jan Govaerts,John R. Klauder,1998,1
Jan Govaerts,Jose-Luis Lucio-Martinez,1999,1
Jan Govaerts,Maher S. Rashid,1994,1
Jan Govaerts,Victor M. Villanueva,1999,1
Jan Louis,Katrin Becker,2002,1
Jan Louis,Klaus Behrndt,2000,1
Jan Louis,Kristin Foerger,1996,1
Jan Louis,Marco Zagermann,2003,1
Jan Louis,Matthias Klein,1997,3
Jan Louis,Melanie Becker,2002,1
Jan Louis,Michael Haack,1999,6
Jan Louis,Monika Marquart,2000,1
Jan Louis,Paul S. Aspinwall,1995,1
Jan Louis,Robert Boehm,1999,1
Jan Louis,Sebastien Gurrieri,2002,1
Jan Louis,Stefan Forste,1996,1
Jan Louis,Stefan Theisen,1995,1
Jan Louis,Steven Thomas,2000,1
Jan Louis,Thomas Mohaupt,2003,1
Jan Louis,Vadim Kaplunovsky,1993,4
Jan Louis,Vadim S. Kaplunovsky,1997,1
Jan Myrheim,Jon Magne Leinaas,1997,1
Jan Myrheim,Kaare Olaussen,1994,3
Jan Myrheim,Raimund Varnhagen,1997,1
Jan Myrheim,Ronald Rietman,1994,2
Jan Myrheim,Serguei B. Isakov,1997,1
Jan Myrheim,Stefan Mashkevich,1994,3
Jan Naudts,Maciej Kuna,2000,2
Jan Naudts,Wojciech De Roeck,2002,1
Jan Pieter Van Der Schaar,Klaus Behrndt,1999,1
Jan Pieter Van Der Schaar,Rein Halbersma,1999,1
Jan Pieter Van Der Schaar,Robert G. Leigh,2002,1
Jan Plefka,Jens Hoppe,2000,1
Jan Plefka,Kasper Peeters,1997,4
Jan Plefka,Marco Serone,1998,1
Jan Plefka,Matthias Staudacher,1999,3
Jan Plefka,Nakwoo Kim,2002,1
Jan Plefka,Werner Krauth,1999,1
Jan Rafelski,Ludwik Turko,2000,1
Jan Troost,Nikolaos Prezas,2002,1
Jan Troost,S. Prem Kumar,2001,1
Jan Troost,Victor Kac,2000,1
Jan Troost,Walter Troost,2001,1
Jan Troost,Yuji Satoh,2002,2
Jan Troost,Zachary Guralnik,2001,1
Jan-Willem Rombouts,Marko Kolanovic,2003,1
Jan-Willem Rombouts,Massimo Porrati,2003,1
Jan-Willem Van Holten,Kasper Peeters,1999,1
Janos Balog,Peter Forgacs,1999,1
Janos Polonyi,Jean Alexandre,1997,5
Janos Polonyi,Michael Strickland,1999,1
Janos Polonyi,Pierre Gosselin,1997,1
Janos Polonyi,Sen-Ben Liao,1994,3
Janos Polonyi,Vincenzo Branchina,1994,4
Jarah Evslin,John E. Wang,2000,1
Jarah Evslin,Uday Varadarajan,2000,2
Jarmo Hietarinta,Petri Salo,1998,1
Jaroslaw Mlynik,Stanislaw D. Glazek,2002,1
Jason Kumar,Ken Intriligator,2000,3
Jason Kumar,Matt Kleban,2000,1
Jason Kumar,Shamit Kachru,1998,2
Jaume Garriga,Misao Sasaki,1999,1
Jaume Garriga,Oriol Pujolas,2000,2
Jaume Garriga,Roberto Emparan,2003,1
Jaume Garriga,Takahiro Tanaka,1999,4
Jaume Garriga,V. F. Mukhanov,1999,1
Jaume Gomis,Jongwon Park,2002,2
Jaume Gomis,Jorge G. Russo,2001,1
Jaume Gomis,Lubos Motl,2002,1
Jaume Gomis,Mark B. Wise,2000,1
Jaume Gomis,Matthew Kleban,2000,1
Jaume Gomis,Michael R. Douglas,1997,1
Jaume Gomis,Mukund Rangamani,2000,1
Jaume Gomis,Ofer Aharony,2000,1
Jaume Gomis,Rami Entin,1998,1
Jaume Gomis,Sanefumi Moriyama,2002,2
Jaume Gomis,Sergei Gukov,2001,1
Jaume Gomis,Stephen Shenker,2000,1
Jaume Gomis,Steven S. Gubser,2001,1
Jaume Gomis,Thomas Mehen,2000,4
Jaume Roca,Jordi Pari S,1998,1
Jaume Roca,Jordi Paris,1996,1
Javier Mas,Jose D. Edelstein,1998,6
Javier Mas,Juan Mateos Guilarte,2000,1
Javier Mas,Marcos Marino,1998,2
Javier Mas,Marta Gomez-Reino,1999,2
Javier Mas,Wifredo Garcia Fuertes,2000,1
Javier P. Muniain,Jose Wudka,1997,1
Jay Wacker,Nima Arkani-Hamed,2001,1
Jay Wacker,Thomas Gregoire,2001,1
Jayme Vaz,Jr.,1997,1
Je-An Gu,Pei-Ming Ho,2001,1
Je-An Gu,Sanjaye Ramgoolam,2001,1
Je-An Gu,W-Y. P. Hwang,2001,2
Jean Alexandre,Nick E. Mavromatos,2002,1
Jean Alexandre,Sarben Sarkar,2002,1
Jean Alexandre,Vincenzo Branchina,1997,2
Jean Carlos Perez-Mosquera,Lorenzo Leal,2002,1
Jean Carlos Perez-Mosquera,Pio J. Arias,2002,1
Jean Nuyts,Tai Tsun Wu,2002,1
Jean Zinn Justin,Riccardo Guida,1996,1
Jean Zinn-Justin,Moshe Moshe,2002,1
Jean-Bernard Zuber,Paul A. Pearce,1998,2
Jean-Bernard Zuber,Roger E. Behrend,1998,2
Jean-Bernard Zuber,Valentina B. Petkova,1999,1
Jean-Bernard Zuber,Valentina Petkova,2001,1
Jean-Franc Cois Roussel,Jean-Loup Gervais,1994,2
Jean-Francois Dufaux,Pierre Binetruy,2002,1
Jean-Francois Dufaux,Stephen C Davis,2002,1
Jean-Francois Roussel,Jean-Loup Gervais,1994,1
Jean-Loup Gervais,Jens Schnittger,1993,3
Jean-Loup Gervais,Lochlainn Oraifeartaigh,1992,1
Jean-Loup Gervais,Mikhail Saveliev,1992,2
Jean-Loup Gervais,Mikhail V. Saveliev,1992,5
Jean-Loup Gervais,Yutaka Matsuo,1992,2
Jean-Luc Lehners,K. S. Stelle,2002,1
Jean-Marc Daul,Vladimir A. Kazakov,1993,1
Jean-Marc Luck,Malte Henkel,2001,1
Jean-Marc Luck,Michel Pleimling,2001,1
Jean-Marc Zylinski,Thomas Schucker,1993,1
Jean-Paul Blaizot,Jean-Yves Ollitrault,1993,1
Jean-Philippe Uzan,Jerome Martin,2001,2
Jean-Philippe Uzan,Martin Lemoine,2001,2
Jean-Philippe Uzan,Musongela Lubo,2001,1
Jean-Philippe Uzan,Patrick Peter,2003,1
Jean-Philippe Uzan,Richard A. Battye,2001,2
Jean-Pierre Ader,Yves Noirot,1992,2
Jean-Pierre Derendinger,Roger Sauser,1999,2
Jean-Rene Cudell,Keith R. Dienes,1993,1
Jean-Vincent Le Be,Massimo Giovannini,2002,1
Jean-Vincent Le Be,Stephane Riederer,2002,1
Jeeva Anandan,Lev Vaidman,1994,1
Jeeva Anandan,Stephen L. Adler,1996,1
Jeeva Anandan,Yakir Aharonov,1994,1
Jeff Murugan,Rory Adams,2002,1
Jeffrey A. Harvey,Jerome P. Gauntlett,1992,1
Jeffrey A. Harvey,Julie Blum,1993,1
Jeffrey A. Harvey,Matthias R. Gaberdiel,2002,1
Jeffrey A. Harvey,Michael Green,1996,1
Jeffrey A. Harvey,Oleg Ruchayskiy,2000,2
Jeffrey A. Harvey,Per Kraus,2000,5
Jeffrey A. Harvey,Petr Horava,2000,1
Jeffrey A. Harvey,Ruth Gregory,1997,1
Jeffrey A. Harvey,Sean M. Carroll,2001,1
Jeffrey A. Harvey,Takemi Okamoto,2001,1
Jeffrey A. Harvey,V. Alan Kostelecky,2001,1
Jeffrey Harvey,Ruth Gregory,1992,1
Jeffrey Miller,Keith Debell,1992,1
Jeffrey R. Schmidt,M. G. Olsson,1999,1
Jeffrey R. Schmidt,Theodore J. Allen,1999,1
Jeffry V. Mallow,Uday P. Sukhatme,1998,2
Jemal Guven,Riccardo Capovilla,2000,3
Jen-Chi Lee,Tze-Dan Chung,1994,2
Jen-Hsu Chang,Ming-Hsien Tu,2001,1
Jennie Traschen,Jerome P. Gauntlett,1993,2
Jennie Traschen,K. Z. Win,1998,1
Jennie Traschen,Moataz Emam,2000,1
Jennie Traschen,Robert Ferrel,1992,1
Jennie Traschen,Vijay Balasubramanian,1998,1
Jens Bockenhauer,Jurgen Fuchs,1996,1
Jens Fjelstad,Stephen Hwang,1999,3
Jens Fjelstad,Teresia Mansson,2002,1
Jens Gladikowski,Meik Hellmund,1996,1
Jens Hoppe,Martin Bordemann,1993,3
Jens Hoppe,Q-Han Park,1993,1
Jens Hoppe,Shing-Tung Yau,1997,2
Jens Hoppe,Tudor Ratiu,1996,1
Jens Hoppe,Vladimir Kazakov,1999,1
Jens Lyng Petersen,Jens Ole Madsen,1992,2
Jens Lyng Petersen,Katsushi Ito,1992,2
Jens Lyng Petersen,Michela Petrini,2003,1
Jens Lyng Petersen,Nobuyoshi Ohta,1993,3
Jens Lyng Petersen,Paolo Di Vecchia,2003,1
Jens Lyng Petersen,Rodolfo Russo,2003,1
Jens Mund,Stephen J. Summers,2000,2
Jens Ole Madsen,Jonathan M. Evans,1997,2
Jens Ole Madsen,Katsushi Ito,1992,3
Jens Schnittger,Ulrich Ellwanger,1992,1
Jeong-Hyuck Park,Jin-Ho Cho,2002,1
Jeong-Hyuck Park,Kimyeong Lee,2000,5
Jeong-Hyuck Park,Nakwoo Kim,2002,1
Jeong-Hyuck Park,Phillial Oh,2002,1
Jeong-Hyuck Park,Sang-Heon Yi,2003,1
Jeong-Hyuck Park,Seungjoon Hyun,2002,2
Jeonghyeong Park,Klaus Kirsten,2000,1
Jeonghyeong Park,Peter Gilkey,2000,1
Jeongwon Ho,Mu-In Park,1999,1
Jeremie Unterberger,Malte Henkel,2003,1
Jeremie Vinet,Julie Descheneau,2003,1
Jeremie Vinet,Massimo Giovannini,2003,1
Jeremy Michelson,Juan Maldacena,1998,1
Jeremy Michelson,Marcus Spradlin,1999,1
Jeremy Michelson,Ruth Britto-Pacumio,1999,1
Jeremy S. Heyl,Lars Hernquist,1996,2
Jeroen Wijnhout,Koenraad Schalm,2002,1
Jeroen Wijnhout,Robert Duivenvoorden,2003,1
Jeroen Wijnhout,Rutger Boels,2003,1
Jerome Gauntlett,Marija Zamaklar,1999,1
Jerome Gauntlett,Paul Townsend,1999,1
Jerome Martin,Martin Lemoine,2001,2
Jerome Martin,Musongela Lubo,2001,1
Jerome Martin,Nelson Pinto Neto,2001,1
Jerome Martin,Nelson Pinto-Neto,2002,2
Jerome Martin,Patrick Peter,2001,3
Jerome Martin,Robert H Brandenberger,2001,1
Jerome Martin,Robert H. Brandenberger,2000,3
Jerome Martin,Sergio E. Joras,2001,1
Jerome P. Gauntlett,Joaquim Gomis,1997,1
Jerome P. Gauntlett,Kimyeong Lee,2000,1
Jerome P. Gauntlett,Nakwoo Kim,1999,8
Jerome P. Gauntlett,Neil D. Lambert,1998,2
Jerome P. Gauntlett,Paul K. Townsend,1997,7
Jerome P. Gauntlett,Peter C. West,1998,2
Jerome P. Gauntlett,Piljin Yi,1999,2
Jerome P. Gauntlett,Robert C. Myers,1998,1
Jerome P. Gauntlett,Ruben Portugues,2000,1
Jerome P. Gauntlett,Stathis Pakis,2001,5
Jerome P. Gauntlett,Steven B. Giddings,1993,1
Jerome P. Gauntlett,Tsukasa Tada,1996,1
Jerzy F. Plebanski,Laura E. Morales,1994,1
Jerzy F. Plebanski,Maciej Przanowski,1995,4
Jerzy F. Plebanski,Norma Quiroz-Perez,1996,1
Jerzy Kowalski-Glikman,Krzysztof A. Meissner,1996,1
Jerzy Kowalski-Glikman,Sebastian Nowak,2002,2
Jerzy Lukierski,Jose A. De Azcarraga,2001,5
Jerzy Lukierski,Jose M. Izquierdo,2001,5
Jerzy Lukierski,Malgorzata Klimek,1995,1
Jerzy Lukierski,Marek Mozrzymas,2002,1
Jerzy Lukierski,Peter C. Stichel,1996,2
Jerzy Lukierski,Valerij N. Tolstoy,1993,1
Jerzy Lukierski,Vladymir Lyakhovsky,2002,1
Jerzy Lukierski,Wojtek J. Zakrzewski,1996,2
Jerzy Plebanski,Maciej Przanowski,1996,1
Jesper Grimstrup,Lukas Popp,2001,1
Jesper Grimstrup,Manfred Schweda,2001,1
Jesper Grimstrup,Raimar Wulkenhaar,2001,1
Jesper Lykke Jacobsen,Marco Picco,2001,1
Jesper Lykke Jacobsen,Raoul Santachiara,2002,2
Jesper Lykke Jacobsen,Vladimir Dotsenko,2002,1
Jesper Lykke Jacobsen,Vladimir S Dotsenko,2003,1
Jesper Lykke Jacobsen,Vladimir S. Dotsenko,2001,1
Jesper M. Grimstrup,Raimar Wulkenhaar,2002,1
Jesper Moller,Minos Axenides,1995,1
Jessie Shelton,Washington Taylor,2003,1
Jesus Puente Pe~Nalba,M. A. R. Osorio,1997,3
Jesus Puente Pe~Nalba,Marco Laucelli Meana,1997,6
Ji-Min Wu,Ying Chen,2000,1
Ji-Rong Ren,Jie Yang,2003,1
Ji-Rong Ren,Yi-Shi Duan,2003,1
Jian Dai,Xing-Chang Song,2001,6
Jian Dai,Xingchang Song,2001,1
Jian Jing,Ming Yu,2000,1
Jian-Gang Hao,Xin-Zhou Li,2002,6
Jian-Ge Zhou,Jorgen Rasmussen,2001,1
Jian-Ge Zhou,Kazuyuki Furuuchi,1999,1
Jian-Ge Zhou,M. Kreuzer,1999,1
Jian-Ge Zhou,Mark A. Walton,2001,2
Jian-Ge Zhou,Maximilian Kreuzer,1999,2
Jian-Ge Zhou,Nobuyoshi Ohta,1997,8
Jian-Ge Zhou,Takahiro Kubota,2000,2
Jian-Ge Zhou,Takashi Shimizu,1997,1
Jian-Ge Zhou,Takuhiro Kitao,1998,1
Jian-Ge Zhou,Yan-Gang Miao,1995,1
Jian-Hui Dai,You-Quan Li,1996,1
Jian-Xin Lu,Nobuyoshi Ohta,2002,1
Jian-Xin Lu,Rong-Gen Cai,2002,1
Jian-Zu Zhang,Per Osland,2000,2
Jian-Zu Zhang,S. N. Tamaryan,2000,1
Jian-Zu Zhang,Sh. Mamedov,2001,1
Jian-Zu Zhang,V. Zhukovskii,2001,1
Jian-Zu Zhang,Yunbo Zhang,2001,1
Jiang-Bei Fan,Ming Yu,1993,2
Jianming Li,Ke Wu,1994,2
Jianming Li,Xingchang Song,1996,1
Jiannis Pachos,Marcos Sampaio,1997,1
Jiannis Pachos,Paul Mansfield,1995,2
Jiannis Pachos,Phillial Oh,1998,1
Jiannis Pachos,Ricardo Schiappa,1998,1
Jianxun Hu,Ke Wu,1996,1
Jianxun Hu,Shikun Wang,1996,1
Jianxun Hu,Zhujun Zheng,1996,1
Jianzhong Pan,Ke Wu,2003,1
Jie Yang,Yi-Shi Duan,2003,1
Jie-Jun Tseng,Kin-Wang Ng,1999,1
Jie-Jun Tseng,Tzuu-Kang Chyi,1999,1
Jie-Jun Tseng,W. F. Kao,1999,1
Jihad Mourad,John Madore,1994,1
Jihad Mourad,Michel Dubois-Violette,1994,1
Jihad Mourad,Thierry Masson,1994,1
Jihn E. Kim,Kang-Sin Choi,2002,3
Jihn E. Kim,Kyuwan Hwang,2003,1
Jim Mccarthy,Krzysztof Pilch,1992,4
Jim Mccarthy,Leonard Susskind,1998,1
Jim Mccarthy,Peter Bouwknegt,1992,5
Jim Mccarthy,Peter Van Nieuwenhuizen,1996,1
Jim Stasheff,Tom Lada,1992,1
Jin Bai-Qi,Ma Zhong-Qi,1994,1
Jin Chen,Minoru Hirayama,1994,1
Jin Chen,Takeshi Hamada,1994,1
Jin Hong,Robert Weston,1998,1
Jin Hong,Seok-Jin Kang,1998,1
Jin Hong,Tetsuji Miwa,1998,1
Jin Young Kim,N. J. Kim,1998,1
Jin Young Kim,Y. S. Myung,1995,19
Jin Young Kim,Yoonbai Kim,2003,1
Jin-Ho Cho,Phillial Oh,2001,5
Jin-Ho Cho,Rong-Gen Cai,1998,1
Jin-Ho Cho,Seungjoon Hyun,1993,3
Jin-Ho Cho,Soonkeon Nam,1999,2
Jin-Ho Cho,Taejin Lee,1999,2
Jin-Jiang Liu,Jun-Qin Jiang,2002,1
Jin-Jiang Liu,Xiang-Qian Luo,2002,1
Jin-Min Shen,Zheng-Mao Sheng,1992,1
Jin-Min Shen,Zhong-Hau Wang,1992,1
Jing Jiang,Tianjun Li,2000,2
Jing Jiang,Wei Liao,2001,1
Jing Wang,Joseph Lykken,2000,1
Jing Wang,Michael Plumacher,1999,1
Jing Wang,Mirjam Cvetic,1999,4
Jing Wang,Paul Langacker,2003,1
Jing Wang,Robert C. Myers,2000,1
Jing Wang,Stefan Pokorski,2001,2
Jing-Bo Chen,Ke Wu,2001,3
Jintai Ding,Pavel Etingof,1994,1
Jiro Arafune,Joe Sato,1997,1
Jiro Arafune,Kenzo Ogure,1997,1
Jiro Hashiba,Kazuo Hosomichi,2000,1
Jiro Hashiba,Michihiro Naka,2000,1
Jiro Hashiba,Seiji Terashima,1999,2
Jiro Sakamoto,Yasuaki Fukuoka,1999,1
Jiro Sakamoto,Yasunari Heike,1998,1
Jiro Soda,Kazuya Koyama,2000,6
Jiro Soda,Misao Sasaki,2002,1
Jiro Soda,Shinpei Kobayashi,2000,2
Jiro Soda,Sugumi Kanno,2002,4
Jisuke Kubo,Kanazawa-94-01,1995,1
Jisuke Kubo,Masanori Nunami,2001,1
Jisuke Kubo,Myriam Mondragon,1994,3
Jisuke Kubo,Nicholas D. Tracas,1994,1
Jisuke Kubo,Takanori Fujiwara,1993,1
Jisuke Kubo,Tatsuo Kobayashi,1998,1
Jisuke Kubo,Yuji Igarashi,1993,1
Jiunn-Wei Chen,Markus A. Luty,2000,1
Jm Figueroa-Ofarrill,M Oloughlin,1997,1
Jm Figueroa-Ofarrill,S Stanciu,1998,3
Jnan Maharana,John H. Schwarz,1992,1
Jnanadeva Maharana,Lambodhar P. Singh,1994,1
Jnanadeva Maharana,S. Pratik Khastgir,1992,3
Jnanadeva Maharana,Shibaji Roy,1997,1
Jnanadeva Maharana,Sudhakar Panda,1995,2
Jnanadeva Maharana,Sudipta Mukherji,1997,1
Jnanadeva Maharana,Supriya Kar,1994,2
Joachim Kupsch,Oleg G. Smolyanov,1997,1
Joachim Rahmfeld,Klaus Behrndt,1996,1
Joachim Rahmfeld,M. J. Duff,1993,2
Joachim Rahmfeld,Marina Shmakova,1996,1
Joachim Rahmfeld,Ramzi R. Khuri,1993,2
Joachim Rahmfeld,Renata Kallosh,1996,1
Joachim Rahmfeld,Ruben Minasian,1993,1
Joachim Rahmfeld,Sergio Ferrara,1995,1
Joachim Rahmfeld,Vijay Balasubramanian,2000,1
Joachim Rahmfeld,Wing Kai Wong,1996,1
Joakim Arnlind,Jouko Mickelsson,2002,1
Joakim Hallin,Per Liljenberg,1994,2
Joan Simon,Joaquim Gomis,1997,6
Joan Simon,Jordi Molins,2000,1
Joan Simon,Jose Figueroa-Ofarrill,2001,3
Joan Simon,Kiyoshi Kamimura,2000,1
Joan Simon,Paul K. Townsend,1998,1
Joan Simon,Paul Townsend,1999,1
Joan Simon,Raul Rabadan,2002,1
Joan Simon,Ulrich Theis,1999,1
Joan Soto,Rashmi Ray,1996,1
Joanna L. Karczmarek,Keshav Dasgupta,2001,1
Joanna L. Karczmarek,Ori J. Ganor,2000,3
Joao Correia,Troels Harmark,1999,1
Joao D. Correia,John F. Wheater,1997,1
Joao Magueijo,Lee Smolin,2001,1
Joao Magueijo,Robert Brandenberger,2001,1
Joao Magueijo,Stephon Alexander,2001,1
Joao P. Nunes,Jose M. Isidro,1997,1
Joao P. Rodrigues,Kresimir Demeterfi,1993,1
Joao P. Rodrigues,Robert De Mello Koch,1999,4
Joaquim Fort,Tanmay Vachaspati,1993,1
Joaquim Gomis,Jordi Paris,1992,3
Joaquim Gomis,Josep Llosa,2000,1
Joaquim Gomis,Karl Landsteiner,2000,1
Joaquim Gomis,Karyn M. Apfeldorf,1993,1
Joaquim Gomis,Kiyoshi Kamimura,2000,2
Joaquim Gomis,M. A. Vazquez-Mozo,2000,1
Joaquim Gomis,Mattias N. R. Wohlfarth,2002,1
Joaquim Gomis,P. Pouliot,2000,1
Joaquim Gomis,Paul K. Townsend,1997,4
Joaquim Gomis,Paul Townsend,1999,1
Joaquim Gomis,Pedro J. Silva,2003,1
Joaquim Gomis,S. Paban,2000,1
Joaquim Gomis,Steven Weinberg,1995,1
Joaquim Gomis,Stuart Samuel,1994,1
Joaquim Gomis,Toni Mateos,2000,5
Joaquim Gomis,Toni Ramirez,2002,2
Joaquim Gomis,W. Fischler,2000,1
Joaquin Escalona,Manuel Torres,1995,2
Joaquin Sanchez-Guillen,L. A. Ferreira,2002,1
Jochen Mueller,Jochen Rau,1995,1
Joe Kiskis,Pavlos Vranas,1993,1
Joe Kiskis,Rajamani Narayanan,1993,2
Joe Kiskis,Robert G. Edwards,1999,1
Joe Kiskis,Urs M. Heller,1999,1
Joe Polchinski,Michael B. Green,1994,1
Joe Sato,Kenzo Ogure,1997,2
Joe Sato,Tomohiro Inagaki,1997,1
Joel Giedt,Mary K. Gaillard,2002,2
Joel Giedt,Moshe Rozali,2003,1
Joel S. Rozowsky,Klaus Bering,1999,1
Johan Grundberg,Ulf Lindstrom,1993,1
Johanna Erdmenger,Klaus Sibold,1998,1
Johanna Erdmenger,Neil R. Constable,2002,2
Johanna Erdmenger,Zachary Guralnik,2002,3
Johannes Walcher,Juerg Froehlich,2003,1
Johannes Walcher,Peter Langfelder,2002,2
Johannes Walcher,Radu Roiban,2002,2
Johannes Walcher,Radu Tatar,2003,1
Johannes Walcher,Thomas Chen,2003,1
John B. Kogut,Seok-In Hong,2000,1
John Brodie,Kenneth Intriligator,1998,1
John Brodie,Peter Cho,1998,1
John C. Baez,Kirill V. Krasnov,1997,1
John C. Taylor,Josif Frenkel,1994,1
John Conley,Laura Pomerance,2002,1
John Conley,Mark G. Jackson,2002,1
John Conley,Sharad Shrivastava,2002,1
John D. Barrow,Kerstin E. Kunze,1996,3
John D. Barrow,Mariusz P. Dabrowski,1996,2
John E. Roberts,Klaus Fredenhagen,2003,1
John E. Roberts,Sergio Doplicher,2000,2
John E. Wang,Koji Hashimoto,2002,2
John E. Wang,Pei-Ming Ho,2002,3
John E. Wang,Satoshi Nagaoka,2003,1
John E. Wang,Uday Varadarajan,2000,1
John Ellis,Marco Zagermann,2001,1
John Ellis,Murat Gunaydin,2001,1
John Ellis,N. E. Mavromatos,1992,17
John Ellis,P. Kanti,1997,2
John Ellis,Per Berglund,1998,2
John Ellis,Stefan Pokorski,1999,1
John Ellis,Steven Thomas,1999,1
John Ellis,Witold Pokorski,1998,1
John Ellis,Zongan Qiu,1998,2
John Ellis,Zygmunt Lalak,1998,2
John F. Dawson,Melissa A. Lampert,1996,1
John F. Donoghue,N. E. J Bjerrum-Bohr,2002,1
John F. Donoghue,Niels Emil Jannik Bjerrum-Bohr,2002,1
John F. Donoghue,Thomas Konstandin,2001,1
John F. Tighe,Stefano Arnone,2001,1
John F. Tighe,Tim R. Morris,1999,3
John F. Tighe,Yuri A. Kubyshin,2001,1
John F. Wheater,Martin G. Harris,1998,2
John F. Wheater,Nick E. Mavromatos,1996,1
John F. Wheater,Peter Austing,2001,2
John F. Wheater,Richard J. Szabo,1996,2
John F. Wheater,Shinsuke Kawai,2001,1
John F. X. Ries,Michael D. Weiner,1995,1
John H. Brodie,Matthew J. Strassler,1996,1
John H. Brodie,Michael Gutperle,1998,1
John H. Schwarz,Joseph Polchinski,1996,1
John H. Schwarz,Malcolm Perry,1996,1
John H. Schwarz,Marcus Spradlin,2002,1
John H. Schwarz,Micha Berkooz,1996,1
John H. Schwarz,Michael R. Douglas,1996,1
John H. Schwarz,Mina Aganagic,1996,4
John H. Schwarz,Nathan Seiberg,1996,2
John H. Schwarz,Robert G. Leigh,1996,1
John H. Schwarz,Sergey Cherkis,1997,1
John H. Schwarz,Yang-Hui He,2002,1
John Harnad,L. Feher,1992,1
John Harnad,P. Winternitz,1993,1
John Hiller,Steve Pinsky,1994,1
John J. Oh,Jung Hee Park,1999,1
John J. Oh,Ki Hyuk Yee,2002,1
John J. Oh,Marie K. Oh,2000,1
John J. Oh,Myung Seok Yoon,2000,1
John J. Oh,Soon-Tae Hong,2001,1
John J. Oh,Sung-Won Kim,1999,1
John J. Oh,Won Tae Kim,1999,9
John J. Oh,Young-Jai Park,2001,2
John M. Cornwall,Noah Graham,2002,1
John M. Pierre,Karl Landsteiner,1996,1
John M. Pierre,Steven B. Giddings,1995,2
John Madore,Julius Wess,2000,2
John Madore,Marco Maceda,2001,1
John Madore,Michel Dubois-Violette,1994,1
John Madore,Peter Schupp,2000,2
John Madore,Stefan Schraml,2000,2
John Madore,Thierry Masson,1994,1
John March-Russell,Jonathan L. Feng,2000,1
John March-Russell,Keith R. Dienes,1995,2
John March-Russell,Marc Kamionkowski,1992,2
John March-Russell,Nima Arkani-Hamed,1998,2
John March-Russell,Philip C. Argyres,1998,1
John March-Russell,Savas Dimopoulos,1998,3
John March-Russell,Savdeep Sethi,2000,1
John Mcgreevy,Leonard Susskind,2000,1
John Mcgreevy,Matthew Kleban,2001,1
John Mcgreevy,Michal Fabinger,2002,1
John Mcgreevy,Nicolaos Toumbas,2000,1
John Mcgreevy,Scott Thomas,2001,1
John Mcgreevy,Shamit Kachru,1999,5
John Mcgreevy,Sheldon Katz,1999,2
John Mcgreevy,Simeon Hellerman,2001,4
John Morgan,Kentaro Hori,2001,1
John Morgan,Robbert Dijkgraaf,2001,1
John Morgan,Robert Friedman,1997,1
John Morgan,Savdeep Sethi,2001,1
John Palmer,Morris Beatty,1993,1
John Pearson,Marcus Spradlin,2002,1
John Pearson,Shamit Kachru,2001,1
John Preskill,Kai-Ming Lee,1993,1
John Preskill,Sandip P. Trivedi,1994,1
John Preskill,Sidney Coleman,1992,1
John Preskill,Thomas M. Fiola,1994,1
John R. Hiller,Oleg Lunin,1999,1
John R. Hiller,Paul Haney,1999,1
John R. Hiller,Stephen Pinsky,1999,1
John R. Hiller,Stephen S. Pinsky,2000,1
John R. Hiller,Uwe Trittmann,1999,1
John R. Klauder,Sergei V. Shabanov,1996,3
John Rizos,Nick E. Mavromatos,2000,2
John Son,Juan Maldacena,2000,1
John Terning,Jorge Russo,1998,2
John Terning,Joshua Erlich,2000,2
John Terning,Konstadinos Sfetsos,1999,1
John Terning,Markus A. Luty,1996,1
John Terning,Martin Schmaltz,1996,3
John Terning,Timothy J. Hollowood,2000,1
John Terning,Witold Skiba,1997,3
John Terning,Yaron Oz,1998,3
John Uglum,Joseph Polchinski,1995,1
John Uglum,Larus Thorlacius,1995,1
John Uglum,Leonard Susskind,1995,2
John W. Negele,Lochlainn Oraifeartaigh,2000,1
John W. Negele,Michael Thies,2000,1
Jon Magne Leinaas,Raimund Varnhagen,1997,1
Jon Magne Leinaas,Serguei B. Isakov,1995,2
Jon R. Links,Mark D. Gould,1994,2
Jon R. Links,Yao-Zhong Zhang,1994,2
Jonas Persson,Ulf Lindstrom,2003,1
Jonathan A. Bagger,Richard Altendorfer,1998,1
Jonathan Bagger,Ren-Jie Zhang,2000,1
Jonathan Bagger,Richard Altendorfer,1999,2
Jonathan Bagger,Takeo Moroi,1999,2
Jonathan Bagger,Yi-Yen Wu,1999,1
Jonathan Huntley,Nam Jong Moh,1998,1
Jonathan Huntley,Nam-Jong Moh,2003,1
Jonathan Huntley,Sultan Catto,1998,2
Jonathan L. Feng,Savdeep Sethi,2000,1
Jonathan Lenaghan,Thomas Wilke,2001,1
Jonathan M. Evans,Philip A. Tuckey,1992,2
Jonathan M. Evans,Timothy J. Hollowood,1994,5
Jonathan Tannenhauser,Jongwon Park,2001,1
Jonathan Tannenhauser,Peter Lee,2001,1
Jong-Dae Park,Sang-Heon Yi,2003,1
Jong-Dae Park,Seungjoon Hyun,2003,1
Jongsu Sohn,O-Kab Kwon,2002,1
Jongsu Sohn,Yoonbai Kim,2002,1
Jongwon Park,Peter Lee,2001,6
Jongwon Park,Sanefumi Moriyama,2002,4
Joohan Lee,Peter Presnajder,2002,1
Jordi Comellas,Jose I. Latorre,1996,1
Jordi Comellas,Yuri Kubyshin,1995,2
Jordi Paris,Stuart Samuel,1994,1
Jordi Paris,Walter Troost,1996,2
Jorge Alfaro,Luis F. Urrutia,1994,3
Jorge Alfaro,Pedro Labra~Na,2001,1
Jorge Alfaro,Ricardo Medina,1994,2
Jorge Ananias Neto,Petr M. Lavrov,1998,1
Jorge Ananias Neto,Wilson Oliveira,1995,6
Jorge Conde,Lorenzo Hernandez,2002,3
Jorge Devoto,Nicolas Andruskiewitsch,1993,1
Jorge Eduardo Solomin,Maria Amelia Muschietti,1996,1
Jorge Eduardo Solomin,Ricardo Enrique Gamboa Saravi,1996,1
Jorge G. Russo,Juan M. Maldacena,1999,1
Jorge G. Russo,Konstadinos Sfetsos,1999,1
Jorge G. Russo,Mohsen Alishahiha,2000,1
Jorge G. Russo,Roberto Iengo,2002,2
Jorge G. Russo,Yaron Oz,2000,1
Jorge Gamboa,Jorge Zanelli,1995,2
Jorge Gamboa,Jose Luis Cortes,1999,1
Jorge Gamboa,Mikhail Plyushchay,1997,2
Jorge Griego,Leonardo Setaro,1993,1
Jorge Griego,Rodolfo Gambini,1993,1
Jorge L. Lopez,Kajia Yuan,1994,1
Jorge Pullin,Octavio Obregon,1995,1
Jorge Pullin,Richard H. Price,1992,1
Jorge Pullin,Rodolfo Gambini,1992,4
Jorge Russo,Konstadinos Sfetsos,1999,1
Jorge Russo,Yaron Oz,1998,1
Jorge Stephany,Juan Pablo Lupi,1994,1
Jorge Zanelli,Juan Crisostomo,2000,1
Jorge Zanelli,Marc Henneaux,2002,1
Jorge Zanelli,Mauricio Contreras,1999,2
Jorge Zanelli,Maximo Ba~Nados,1992,1
Jorge Zanelli,Mikhail Plyushchay,1998,1
Jorge Zanelli,Olivera Miskovic,2003,2
Jorge Zanelli,Osvaldo Chandia,1997,5
Jorge Zanelli,Ricardo Troncoso,1997,11
Jorge Zanelli,Rodrigo Aros,1999,3
Jorge Zanelli,Rodrigo Olea,1999,1
Jorgen Rasmussen,Mark A. Walton,2001,5
Jorgen Rasmussen,Takahiro Kubota,2001,1
Joris Raeymaekers,Pieter-Jan De Smet,2000,3
Joris Raeymaekers,Robertus Potting,2002,1
Joris Raeymaekers,Urban M. Studer,1996,1
Joris Raeymaekers,Walter Troost,1996,2
Jorma Louko,Simon F. Ross,2000,1
Jos Gheerardyn,Rein Halbersma,2002,1
Jos Gheerardyn,Sorin Cucu,2002,1
Jos Gheerardyn,Stefan Vandoren,2002,1
Jos Gheerardyn,Tim De Wit,2002,1
Jose A. De Azcarraga,Jose M. Izquierdo,2001,8
Jose A. De Azcarraga,Moises Picon,2002,1
Jose A. De Azcarraga,Oscar Varela,2002,1
Jose A. Helayel-Neto,Olivier Piguet,1997,2
Jose A. Helayel-Neto,Oswaldo M. Del Cima,1997,2
Jose A. Helayel-Neto,Ricardo C. Paschoal,2003,1
Jose Alexandre Nogueira,Pedro Leite Barbieri,2001,1
Jose D. Edelstein,Juan Mateos Guilarte,2000,1
Jose D. Edelstein,Kyungho Oh,2001,1
Jose D. Edelstein,Liviu Tataru,1998,1
Jose D. Edelstein,Marcos Marino,1998,4
Jose D. Edelstein,Marta Gomez-Reino,1999,5
Jose D. Edelstein,Marta L. Trobo,1997,1
Jose D. Edelstein,Radu Tatar,1998,2
Jose D. Edelstein,Wifredo Garcia Fuertes,2000,1
Jose David Vergara,Merced Montesinos,2001,1
Jose Edelstein,Luis Anchordoqui,2001,1
Jose Edelstein,Marta Trobo,2001,1
Jose Edelstein,Martin Schvellinger,2001,1
Jose Edelstein,Santiago Perez Bergliaffa,2001,1
Jose F. Cari~Nena,Manuel F. Ra~Nada,2002,1
Jose F. Morales,Kumar S. Narain,2002,1
Jose F. Morales,Marco Serone,1996,4
Jose F. Morales,Mario Trigiante,2001,1
Jose F. Morales,Massimo Bianchi,1999,4
Jose F. Morales,Ugo Bruzzo,2002,1
Jose Figueroa-Ofarrill,Matthias Blau,2001,3
Jose Figueroa-Ofarrill,Paul De Medeiros,2001,1
Jose Figueroa-Ofarrill,Sonia Stanciu,2003,1
Jose Gaite,Ram Brustein,1993,1
Jose Gonzalez,Oscar Diego,1993,1
Jose I. Latorre,Peter E. Haagensen,1993,1
Jose I. Latorre,Stefano Forte,1998,1
Jose I. Latorre,Tim R. Morris,2000,2
Jose I. Latorre,Yuri Kubyshin,1993,1
Jose Ignacio Latorre,Peter E. Haagensen,1994,1
Jose Ignacio Latorre,Yuri Kubyshin,1994,1
Jose J. Blanco-Pillado,Martin Bucher,2001,2
Jose L. Cortes,Mikhail S. Plyushchay,1994,2
Jose Luis Boldo,Matthieu Lefrancois,2003,1
Jose Luis Boldo,Olivier Piguet,2003,1
Jose Luis Cortes,Luis Velazquez,1995,1
Jose Luis Cortes,Mario Atance,1996,1
Jose Luiz Boldo,Matthieu Lefrancois,2003,1
Jose Luiz Boldo,Olivier Piguet,2003,1
Jose M Figueroa-Ofarrill,Sonia Stanciu,1995,2
Jose M. Gracia-Bondia,Joseph C. Varilly,1994,4
Jose M. Isidro,Marco Matone,2000,1
Jose M. Isidro,Richard Garavuso,2002,1
Jose M. Izquierdo,Moises Picon,2002,1
Jose M. Izquierdo,Oscar Varela,2002,1
Jose M. Raya,Luis J. Garay,1996,1
Jose M. Raya,Pedro F. Gonzalez-Diaz,1996,1
Jose M. Sanchez De Santos.,Pablo M. Llatas,1995,1
Jose M. Sanchez De Santos.,Shibaji Roy,1995,1
Jose Mour~Ao,Jurek Lewandowski,1996,1
Jose Mour~Ao,Thomas Thiemann,1996,1
Jose Navarro-Salas,Pedro Navarro,1999,1
Jose P. S. Lemos,Oscar J. C. Dias,2001,7
Jose P. S. Lemos,Paulo M. Sa,1995,1
Jose P. S. Lemos,Richard Kerner,1999,1
Jose P. S. Lemos,Vilson T. Zanchin,1995,2
Jose P. S. Lemos,Vitor Cardoso,2001,4
Jose R. Espinosa,Lisa Everett,1998,1
Jose R. Espinosa,Mirjam Cvetic,1998,1
Jose R. Espinosa,Paul Langacker,1998,1
Jose-Luis Lucio-Martinez,Victor M. Villanueva,1999,1
Josep Llosa,Kiyoshi Kamimura,2000,1
Josep M. Pons,Pere Talavera,2002,2
Josep M. Pons,Toni Mateos,2002,1
Joseph Bernstein,Tanya Khovanova,1994,1
Joseph D. Lykken,Shyamoli Chaudhuri,1992,3
Joseph Katz,Nathalie Deruelle,2000,1
Joseph Katz,Tomas Dolezel,2000,1
Joseph Lykken,Lisa Randall,1999,1
Joseph Lykken,Robert C. Myers,2000,1
Joseph Lykken,Sandip P. Trivedi,1997,2
Joseph Polchinski,Larus Thorlacius,1995,1
Joseph Polchinski,Leonard Susskind,1995,3
Joseph Polchinski,Makoto Natsuume,1994,1
Joseph Polchinski,Mariana Gra~Na,2000,2
Joseph Polchinski,Matthew J. Strassler,2000,3
Joseph Polchinski,Micha Berkooz,1996,1
Joseph Polchinski,Michael Douglas,1997,1
Joseph Polchinski,Nathan Seiberg,1996,1
Joseph Polchinski,Nicolaos Toumbas,1999,1
Joseph Polchinski,Philippe Pouliot,1997,1
Joseph Polchinski,Raphael Bousso,2000,1
Joseph Polchinski,Robert G. Leigh,1996,1
Joseph Polchinski,S. B. Giddings,1993,1
Joseph Polchinski,S. H. Shenker,1993,1
Joseph Polchinski,Shamit Kachru,2001,1
Joseph Polchinski,Shyamoli Chaudhuri,1996,1
Joseph Polchinski,Simeon Hellerman,1997,1
Joseph Polchinski,Steven B. Giddings,2001,1
Joseph Polchinski,Zhu Yang,1992,1
Josh Gray,Michael Dine,1999,1
Joshua Erlich,Timothy Hollowood,2000,1
Joshua Erlich,Timothy J. Hollowood,2000,5
Joshua Erlich,Witold Skiba,1997,1
Joshua Erlich,Yuri Shirman,2000,1
Joshua Feinberg,Yoav Peleg . Section 2 Revised . Some References Added. No Change Of Conclusions.,1995,1
Joshua P. Gray,Michael Dine,1998,2
Joshua P. Gray,Robert Echols,1998,3
Josip Trampetic,Peter Minkowski,2003,1
Josip Trampetic,Peter Schupp,2003,1
Jouko Mickelsson,Michael Murray,1995,2
Jouko Mickelsson,Simon Scott,1999,1
Jozef M. Namyslowski,Tomasz Radozycki,1998,1
Jozsef Gyurusi,Peter Forgacs,1995,2
Jo~Ao Magueijo,Stephon H. S. Alexander,2001,1
Jo~Ao P. Rodrigues,Robert De Mello Koch,1994,5
Jr,Lubna Rana,1995,1
Jr,S. J. Gates,1992,3
Jr,S. James Gates,1992,8
Jr,S. V. Ketov,1992,2
Jr,Sergei V. Ketov,1992,1
Jr,V. B. Kuznetsov,1993,2
Jr,V. Braun,2002,1
Jr,V. G. J. Rodgers,1997,1
Jr,Willard Miller,1993,2
Jr.,Juan M. Maldacena,1995,2
Jr.,L. Tomio,1997,1
Jr.,Lubna Rana,1994,7
Jr.,M. E. Knutt,2000,1
Jr.,M. E. Wehlau,1995,1
Jr.,M. M. Ferreira,2002,2
Jr.,M. T. Grisaru,1995,2
Jr.,Marcus T. Grisaru,2000,1
Jr.,O. M. Del Cima,2002,2
Jr.,S. J. Gates,1992,5
Jr.,S. James Gates,1994,20
Jr.,S. K. Adhikari,1997,1
Jr.,S. Penati,2000,1
Jr.,S. V. Ketov,1992,1
Jr.,Sergei D. Odintsov,1998,1
Jr.,Sergei Gukov,2000,1
Jr.,Sergei M. Kuzenko,1998,3
Jr.,Sergei V. Ketov,2001,1
Jr.,Shinichi Nojiri,1998,1
Jr.,Silvia Penati,2000,1
Jr.,T. Frederico,1997,1
Jr.,Tomoko Kadoyoshi,1998,1
Jr.,Tristan Hubsch,1999,1
Jr.,V. G. J. Rodgers,2002,1
Jr.,W. A. Rodrigues,1995,2
Jr.,W. D. Linch,2002,2
Jr.,Waldyr A. Rodrigues,1998,2
Juan A. Nieto And Octavio Obregon,Victor M. Villanueva,2001,1
Juan Carlos Dolivo,Manuel Torres,1996,2
Juan Carlos Lopez V.,Konstantin G. Boreskov,2001,1
Juan Crisostomo,Ricardo Troncoso,2000,1
Juan Garcia-Bellido,Mariano Quiros,1992,1
Juan Garcia-Bellido,Nemanja Kaloper,2002,1
Juan Garcia-Bellido,Raul Rabadan,2002,1
Juan Garcia-Bellido,Roberto Emparan,2002,1
Juan M. Maldacena,Leonard Susskind,1996,1
Juan M. Maldacena,Nissan Itzhaki,1998,1
Juan M. Maldacena,Sergio Ferrara,1997,1
Juan M. Maldacena,Shimon Yankielowicz,1998,1
Juan Maldacena,Liat Maoz,2000,3
Juan Maldacena,Mark Van Raamsdonk,2002,1
Juan Maldacena,Mohammad M. Sheikh-Jabbari,2002,1
Juan Maldacena,Nathan Berkovits,2002,1
Juan Maldacena,Nathan Seiberg,2001,3
Juan Maldacena,Neil Lambert,2003,1
Juan Maldacena,Ofer Aharony,1998,1
Juan Maldacena,Oleg Lunin,2002,1
Juan Maldacena,Rajesh Gopakumar,2000,1
Juan Maldacena,Richard Corrado,1998,1
Juan Maldacena,Robbert Dijkgraaf,2000,1
Juan Maldacena,Shiraz Minwalla,2000,1
Juan Maldacena,Stephen Hawking,2000,1
Juan Maldacena,Willy Fischler,1998,1
Juan Mateos Guilarte,Wifredo Garcia Fuertes,2000,1
Juan Mateu,Victor M. Villalba,1999,1
Juan P. Garrahan,Martin Kruczenski,1996,1
Juan P. Garrahan,William E. Brown,1999,1
Juan Pedro Garrahan,Martin Kruczenski,1997,1
Juan Perez--Mercader,Matt Visser,1996,1
Juan Perez-Mercader,Matt Visser,1998,2
Judith Castelino,Sangmin Lee,1997,1
Judith Castelino,Washington Taylor,1997,1
Juerg Froehlich,Maurizio Martellini,1995,1
Juerg Froehlich,Paolo Cotta-Ramusino,1995,1
Juerg Froehlich,Thomas Chen,2003,1
Juergen Baacke,Katrin Heitmann,1996,2
Juergen Reuter,Thorsten Ohl,2002,1
Julian Barbour,Lee Smolin,1992,1
Julian Lee,Paul F. Mende,1992,1
Julian Lee,Sang-Jin Sin,1998,1
Julian Lee,Sangmin Lee,1999,1
Julian Lee,Seungjoon Hyun,1998,1
Julian Lee,Won T. Kim,1995,3
Julian Lee,Won Tae Kim,1998,1
Julian Lee,Young Jai Park,1995,1
Julie D. Blum,Keith R. Dienes,1997,3
Julie D. Blum,Kenneth Intriligator,1997,2
Julie Descheneau,Massimo Giovannini,2003,1
Julio Abad,Miguel Rios,1995,2
Julio C. Fabris,Philippe Spindel,2001,1
Julius Wess,Lutz Moller,2001,1
Julius Wess,Paolo Aschieri,2002,1
Julius Wess,Peter Schupp,2000,9
Julius Wess,Stefan Schraml,2000,4
Jun Li,Yun S. Song,2001,1
Jun Murakami,Le Tu Quoc Thang,1994,1
Jun Nishimura,Naofumi Kitsunezaki,1997,1
Jun Nishimura,Nobuhito Maru,1997,1
Jun Nishimura,Rajamani Narayanan,1997,1
Jun Nishimura,Shinya Tamura,1994,2
Jun Nishimura,Takayuki Nakajima,1998,1
Jun Nishimura,Tomohiro Hotta,1998,1
Jun Nishimura,Toshiaki Aida,1995,1
Jun Nishimura,Toshiyuki Okubo,2002,1
Jun Nishimura,Yoshihisa Kitazawa,1995,1
Jun S. Song,Stefano Monni,2000,1
Jun S. Song,Yang-Hui He,1999,1
Jun S. Song,Yun S. Song,2000,2
Jun-Bao Wu,Zhu-Jun Zheng,2002,3
Jun-Chen Su,Lian-You Shan,1999,1
Jun-Chen Su,Xue-Xi Yi,1999,1
Jun-Chen Su,Ying-Hui Cao,1999,2
Jun-Ichi Sumi,Keiichi Morikawa,1998,4
Jun-Ichi Sumi,Ken-Ichi Aoki,1998,4
Jun-Ichi Sumi,Masashi Tomoyose,1999,2
Jun-Ichi Sumi,Wataru Souma,1998,2
Jun-Ichirou Koga,Kei-Ichi Maeda,1994,2
Jun-Qin Jiang,Xiang-Qian Luo,2002,1
Junegone Chay,S. H. Park,1992,1
Junegone Chay,Taejin Lee,1992,1
Jung Hee Park,Won Tae Kim,1999,1
Jung S. Rno,Robert L. Karp,1999,1
Jung-Ho Cha,Seung-Kook Kim,1995,1
Jung-Ho Cha,Won T. Kim,1995,1
Jung-Ho Cha,Yong-Wan Kim,1995,1
Jung-Ho Cha,Yongduk Kim,1995,1
Jung-Ho Cha,Young-Jai Park,1995,1
Jung-Tay Yee,Nakwoo Kim,1999,2
Jung-Tay Yee,Piljin Yi,2003,1
Jung-Tay Yee,Soo-Jong Rey,1997,6
Jung-Tay Yee,Stefan Theisen,1998,1
Jung-Tay Yee,Youngjai Kiem,2001,1
Jungjai Lee,Yeong Deok Han,2001,1
Junichi Shiraishi,Takashi Sano,1992,1
Junichi Shiraishi,Yas-Hiro Quano,1992,1
Junji Suzuki,Tomoki Nakanishi,1993,1
Junji Suzuki,Yasuhiro Ohta,1995,1
Junseong Heo,Lawrence M. Krauss,1996,1
Junsoo Shin,Seungjoon Hyun,1997,1
Jurek Lewandowski,Thomas Thiemann,1996,1
Jurg Frohlich,Jurgen Fuchs,1999,1
Jurg Frohlich,Krzysztof Gawedzki,1993,1
Jurgen Fuchs,Maximilian Kreuzer,1992,1
Jurgen Fuchs,Peter Vecsernyes,1994,1
Jurgen Schulze,Nicholas P. Warner,1997,1
Jussi Kalkkinen,K. S. Stelle,2002,1
Jussi Kalkkinen,Par Stjernberg,1997,1
Jussi Kalkkinen,Roberto Iengo,2000,1
Jussi Kalkkinen,Ulf H. Danielsson,1997,1
Jussi Kalkkinen,Wolfgang Mueck,2001,1
Justin Khoury,Nathan Seiberg,2001,1
Justin Khoury,Neil Turok,2001,5
Justin Khoury,Paul J. Steinhardt,2000,6
Justin Khoury,Ron Y. Donagi,2001,1
Justin R. David,K. S. Narain,2003,1
Justin R. David,Matthew Headrick,2001,1
Justin R. David,Michael Gutperle,2001,1
Justin R. David,Sachindeo Vaidya,1999,1
Justin R. David,Shiraz Minwalla,2001,2
Justin R. David,Spenta R. Wadia,1996,5
Justo Lopez-Sarrion,Kumar Rao,2002,1
Jutta Kunz,Marion Wirschins,1998,2
Jutta Kunz,Yves Brihaye,1998,2
Jyh-Hao Lee,Oktay K. Pashaev,1997,3
K S Fienberg,P D Jarvis,2000,1
K S Viswanathan,R Rashkov,2001,1
K Sankaran Viswanathan,Radoslav Rashkov,2002,1
K. A. Bronnikov,V. N. Melnikov,2000,1
K. A. Kazakov,K. V. Stepanyantz,1998,1
K. A. Kazakov,M. Yu. Kalmykov,1998,1
K. A. Kazakov,P. I. Pronin,1998,1
K. A. Meissner,M. Gasperini,1995,1
K. A. Meissner,M. Giovannini,1995,1
K. A. Meissner,M. Olechowski,2002,2
K. A. Meissner,V. Branchina,2002,1
K. A. Milton,K. E. Osetrin,2000,1
K. A. Milton,R. Das,1995,1
K. A. Milton,S. D. Odintsov,2000,1
K. A. Oganessyan,N. S. Ananikian,1994,1
K. A. Oganessyan,R. R. Lusiniants,1994,1
K. A. Olive,N. Kaloper,1993,2
K. A. Olive,R. Madden,1993,2
K. A. Saraikin,K. G. Selivanov,2001,1
K. A. Seaton,M. T. Batchelor,1997,1
K. A. Seaton,P. A. Pearce,1993,1
K. A. Seaton,S. O. Warnaar,1993,1
K. A. Smolinski,T. Brzezinski,1993,1
K. Abdel-Khalek,S. De Leo,1999,1
K. Amano,S. Higuchi,1992,1
K. B. Alkalaev,M. A. Vasiliev,2002,1
K. B. Alkalaev,S. L. Lyakhovich,1999,1
K. Bardakci,L. M. Bernardo,1996,2
K. Bardakci,N. Sochen,1996,1
K. Bautier,M. Henneaux,1997,1
K. Bautier,M. Rooman,2000,1
K. Bautier,Ph. Spindel,2000,1
K. Bautier,S. Deser,1997,1
K. Becker,Luis Alvarez-Gaume,1992,1
K. Becker,M. Becker,1992,5
K. Becker,R. Emparan,1992,1
K. Becker,Y. Oz,1996,1
K. Becker,Z. Yin,1996,1
K. Behrndt,M. Cvetic,1998,1
K. Behrndt,P. Sundell,2001,1
K. Behrndt,R. Kallosh,1996,1
K. Behrndt,S. Foerste,1993,3
K. Behrndt,S. Mahapatra,2002,1
K. Behrndt,T. Mohaupt,1996,1
K. Behrndt,T. T. Burwick,1994,1
K. Behrndt,W. A. Sabra,1997,3
K. Benakli,M. Quiros,2001,1
K. Bering,P. H. Damgaard,1995,7
K. Bobkov,L. Dolan,2002,1
K. C. Wali,R. R. Volkas,2002,1
K. Chadan,R. Kobayashi,1995,1
K. Clubok,M. B. Halpern,1993,4
K. Clubok,N. Obers,1995,1
K. D. Rothe,L. V. Belvedere,1997,2
K. D. Rothe,M. C. B. Abdalla,1995,1
K. D. Rothe,R. Banerjee,1995,4
K. D. Rothe,R. L. P. G. Amaral,1997,1
K. D. Rothe,R. L. P. G. Do Amaral,1998,1
K. D. Rothe,Soon-Tae Hong,2001,1
K. D. Rothe,Yong-Wan Kim,1997,3
K. D. Rothe,Young-Jai Park,1997,2
K. D. Rothe Comments,R. Banerjee,1996,1
K. Dasgupta,M. M. Sheikh-Jabbari,2001,1
K. Dasgupta,M. Sami,1999,1
K. Dasgupta,O. J. Ganor,2000,1
K. Dasgupta,Pankaj Sharan,1999,1
K. De Araujo Ferreira,R. De Lima Rodrigues,2002,1
K. De Vos,P. Van Driel,1993,1
K. Demmouche,S. Balaska,2002,1
K. E. Kunze,M. A. Vazquez-Mozo,2000,4
K. E. Osetrin,O. Obregon,1998,2
K. E. Osetrin,S. D. Odintsov,1998,4
K. E. Osetrin,S. Nojiri,1998,3
K. Ezawa,K. Murakami,1997,3
K. Ezawa,Y. Matsuo,1997,3
K. Farakos,P. Dimopoulos,2000,1
K. Farakos,S. Bronoff,1997,1
K. Foerger,S. Stieberger,1997,2
K. Fredenhagen,M. Duetsch,1998,3
K. Fredenhagen,M. R. Gaberdiel,1994,1
K. Fredenhagen,S. Doplicher,2002,2
K. Fredenhagen,S. M. Rueger,1994,1
K. Frieler,K.-H. Rehren,1997,1
K. Fujii,K. Funahashi,1994,1
K. Fujii,N. Chepilko,1997,1
K. Fujii,N. Ogawa,1997,1
K. Fujii,S. Sakoda,1994,1
K. Fujii,S.-I. Ei,1999,1
K. Fujii,T. Kashiwa,1994,1
K. Fujii,T. Kunihiro,1999,1
K. Fujii,T. Okazaki,1997,1
K. Fujimura,K. Okano,1993,1
K. Fujimura,K. Yamagishi,1993,1
K. Fujimura,L. Schulke,1993,1
K. Funahashi,S. Sakoda,1994,1
K. Funahashi,T. Kashiwa,1994,1
K. G. Chetyrkin,S. A. Larin,1995,1
K. G. Chetyrkin,V. Schulte-Frohlinde,1995,1
K. G. Joo,Soonkeon Nam,1993,2
K. G. Klimenko,V. Ch. Zhukovsky,2000,2
K. G. Klimenko,V. V. Khudyakov,2000,1
K. G. Savvidy,P. G. Savvidy,1994,1
K. G. Selivanov,T. N. Tomaras,2002,1
K. G. Selivanov,Y. M. Makeenko,2000,1
K. G. Wilson,R. J. Perry,1994,1
K. G. Wilson,S. Glazek,1994,1
K. G. Wilson,T. Walhout,1994,1
K. G. Wilson,W. M. Zhang,1994,1
K. Ghoroku,K. Kaneko,1999,1
K. H. Cho,S. U. Park,1993,2
K. Haller,L. Chen,1994,1
K. Harada,M. Burkardt,1997,1
K. Harada,M. C. B. Abdalla,1992,1
K. Hasebe,Z. F. Ezawa,2002,1
K. Hayasaka,R. Nakayama,1997,2
K. Hayasaka,Y. Takaya,2002,1
K. Holland,U.-J. Wiese,1998,2
K. Hori,S.-K. Yang,1995,1
K. Hori,T. Eguchi,1995,1
K. Horie,S. Tanimura,1998,1
K. Hornfeck,M. D. Freeman,1992,1
K. Hornfeck,P. West,1992,1
K. Hornfeck,R. Blumenhagen,1994,2
K. Hornfeck,R. Huebel,1994,2
K. Hornfeck,W. Eholzer,1994,2
K. Hosomichi,Y. Sugawara,1998,2
K. I. Bolotin,M. A. Vasiliev,2000,1
K. Ikegami,K. Yoshida,1992,1
K. Ikegami,R. Mochizuki,1992,2
K. Ikegami,T. Kimura,1992,1
K. Imilkowska,M. Daszkiewicz,2003,1
K. Intriligator,M. Bershadsky,1996,1
K. Intriligator,M. J. Strassler,1995,2
K. Intriligator,N. Seiberg,1994,8
K. Intriligator,O. Aharony,1997,1
K. Intriligator,P. Fendley,1992,1
K. Intriligator,P. Pouliot,1995,1
K. Intriligator,R. G. Leigh,1994,2
K. Intriligator,S. Elitzur,1996,1
K. Intriligator,S. Kachru,1996,1
K. Intriligator,S. Katz,2001,1
K. Intriligator,V. Sadov,1996,1
K. Iohara,M. Jimbo,1994,2
K. Iohara,O. Foda,1994,1
K. Iohara,Omar Foda,1994,1
K. Iohara,R. Kedem,1994,2
K. Iohara,T. Miwa,1994,2
K. Ishikawa,T. Inagaki,1995,2
K. Ishikawa,T. Muta,1995,2
K. Isler,M. B. Paranjape,1993,1
K. Itakura,M. Tachibana,1998,1
K. Itakura,S. Maedan,1997,3
K. J. Barnes,P. J. Grimshare,1995,1
K. J. M. Moriarty,S. G. Rubin,1999,1
K. J. M. Moriarty,X. Q. Luo,1999,2
K. Johnson,P. E. Haagensen,1993,1
K. Johnson,R. Munoz-Tapia,1992,1
K. Johnson,X. Vilasis-Cardona,1992,1
K. K. Wren,N. P. Landsman,1997,1
K. Kamimura,R. Kuriki,1996,3
K. Kaviani,M. Alishahiha,1996,1
K. Kaviani,S. Parvizi,1997,3
K. Kawano,S. Yajima,2000,1
K. Kawano,S.-I. Kubota,2000,1
K. Kawano,Y. Higasida,2000,1
K. Kirsten,K. Rebora,2001,1
K. Kirsten,M. Bordag,1995,13
K. Kirsten,M. De Francia,1999,1
K. Kirsten,M. Hellmund,1999,1
K. Kirsten,P. B. Gilkey,1999,2
K. Kirsten,P. Gilkey,2002,1
K. Kirsten,S. Leseduarte,1996,1
K. Kirsten,S. Zerbini,1995,1
K. Kirsten,T. P. Branson,1999,1
K. Kirsten,Yu. Kubyshin,1994,2
K. Knecht,K. Van Acoleyen,2001,1
K. Knecht,M. Vanderkelen,2001,1
K. Kobayashi,M. Matsunaga,2003,1
K. Kobayashi,N. Haba,2003,1
K. Kobayashi,Y. Abe,2003,1
K. Kobayashi,Y. Higashide,2003,1
K. Koepsell,M. Gunaydin,2000,2
K. Koepsell,R. W. Gebert,1996,1
K. Koizumi,P. Baseilhac,2002,2
K. Konishi,L. Spanu,2001,1
K. Konishi,N. Maggiore,1999,1
K. Konishi,N. Magnoli,1999,1
K. Krasnov,L. Freidel,1999,2
K. Krasnov,R. De Pietri,1999,1
K. Krasnov,R. Puzio,1999,1
K. Kuijken,R. Gregory,1993,1
K. Landsteiner,M. Langer,1993,1
K. Landsteiner,M. Schweda,1993,4
K. Landsteiner,O. M. Del Cima,1998,1
K. Landsteiner,R. C. Helling,2002,1
K. Landsteiner,S. Emery,1995,1
K. Landsteiner,S. P. Sorella,1993,1
K. Landsteiner,T. Pisar,1999,1
K. Landsteiner,W. Lerche,1994,2
K. Landsteiner,Z. Guralnik,2002,1
K. Langfeld,M. Engelhardt,1999,1
K. Langfeld,M. Quandt,1996,2
K. Langfeld,T. Mendes,2002,1
K. Lechner,M. Tonin,1994,6
K. Lechner,P. A. Marchetti,1999,4
K. Lee,L. Griguolo,1998,1
K. Lee,Q-Han Park,1999,1
K. Lee,S. Deser,1998,1
K. Lee,T. Lee,1994,1
K. M. Aringazin,S. Baskoutas,1998,1
K. M. Benson,M. Saadi,1994,2
K. M. Shekhter,S. L. Lyakhovich,1996,5
K. Maeda,M. Narita,2001,1
K. Maeda,M. Sakmaoto,1994,1
K. Maeda,S. Yahikozawa,2001,1
K. Maeda,T. Fujiwara,1992,2
K. Maeda,T. Horiguchi,1994,1
K. Maeda,T. Tabei,1993,1
K. Maeda,T. Torii,2001,1
K. Maeda,Y. Igarashi,1992,2
K. Meissner,T. T. Burwick,1992,1
K. Morita,S. Suzuki,1995,1
K. Morita,Y. Okumura,1995,1
K. Mukherjee,S. Mallik,1996,1
K. Murakami,T. Matsuo,1999,3
K. Murakami,T. Nakatsu,2002,1
K. Murakami,Y. Matsuo,1997,3
K. N. Anagnostopoulos,M. J. Bowick,1992,1
K. N. Anagnostopoulos,P. Olesen,2000,1
K. N. Anagnostopoulos,R. Loll,1999,2
K. N. Anagnostopoulos,T. Hotta,2000,3
K. N. Anagnostopoulos,W. Bietenholz,2000,4
K. N. Ilinski,V. V. Melezhik,1994,1
K. N. Zyablyuk,M. V. Terentiev,1994,4
K. N. Zyablyuk,N. A. Saulina,1994,3
K. Nakagawa,S. Sano,1996,3
K. Narayan,Mukund Rangamani,2001,1
K. Narayan,Philip C. Argyres,2001,2
K. Nishijima,M. Chaichian,2000,3
K. Nittoh,T. Ebihara,1998,1
K. Noui,P. Roche,2002,1
K. Ogure,T. Yoshida,2003,1
K. Ohnishi,M. Sakamoto,2000,1
K. Ohnishi,S. Matsumoto,2000,1
K. Okano,K. Yamagishi,1993,1
K. Okano,L. Schulke,1993,1
K. Orginos,M. Campostrini,1995,1
K. Orginos,P. Rossi,1995,1
K. Orginos,R. C. Brower,1995,1
K. P. Yogendran,Spenta R. Wadia,1999,2
K. Palamarchuk,L. Chekhov,1998,1
K. Peeters,K. Sfetsos,1996,1
K. Pilch,N. P. Warner,1998,3
K. Pilch,P. Bouwknegt,1993,3
K. Pilch,S. S. Gubser,1999,2
K. Pohlmeyer,M. Trunk,2002,1
K. R. Kristjansson,L. Thorlacius,2002,1
K. Rebora,M. Loewe,2000,1
K. Roland,M. Fabbrichesi,1992,2
K. Roland,R. Iengo,1992,1
K. S. Gupta,O. T. Turgut,1993,1
K. S. Gupta,P. Salomonson,1993,1
K. S. Gupta,R. J. Henderson,1993,1
K. S. Gupta,S. G. Rajeev,1993,2
K. S. Gupta,S. Vaidya,1998,1
K. S. Gupta,T. J. Fields J. R. Spence,1998,1
K. S. Gupta,T. R. Govindarajan,1998,1
K. S. Gupta,V. John,1998,1
K. S. Narain,M. Bianchi,1998,1
K. S. Narain,M. H. Sarmadi,1996,4
K. S. Narain,Matthias Blau,1999,2
K. S. Narain,R. Minasian,1997,1
K. S. Narain,S. Ferrara,1995,3
K. S. Narain,T. Jayaraman,1996,1
K. S. Narain,T. R. Taylor,1992,8
K. S. Stelle,K. W. Xu,1994,2
K. S. Stelle,M. Bremer,1998,1
K. S. Stelle,M. Cvetic,1999,3
K. S. Stelle,M. J. Duff,1998,3
K. S. Stelle,M. S. Bremer,1997,1
K. S. Stelle,P. C. West,1992,1
K. S. Stelle,P. K. Townsend,1992,2
K. S. Stelle,P. M. Cowdall,1996,1
K. S. Stelle,P. S. Howe,2002,1
K. S. Stelle,R. Mohayaee,1994,1
K. S. Stelle,R. Percacci,1992,1
K. S. Stelle,T. A. Tran,1998,1
K. S. Stelle,X. J. Wang,1992,1
K. S. Viswanathan,M. G. Ivanov,2000,1
K. S. Viswanathan,P. Matlock,1999,2
K. S. Viswanathan,R. C. Rashkov,1999,4
K. S. Viswanathan,R. Parthasarathy,1993,11
K. S. Viswanathan,R. Rashkov,2001,1
K. S. Viswanathan,Taejin Lee,2001,1
K. S. Viswanathan,V. Filev,2003,1
K. S. Viswanathan,W. Muck,1998,2
K. S. Viswanathan,W. Mueck,1999,6
K. S. Viswanathan,Wolfgang Mueck,1998,1
K. S. Viswanathan,Y. Yang,2001,3
K. S. Viswanathan,Yi Yang,2001,2
K. Sailer,S. Nagy,1999,2
K. Sailer,U. D. Jentschura,2002,1
K. Sailer,W. Greiner,1995,3
K. Saririan,Y. Hosotani,1998,2
K. Sato,S. P. De Alwis,1996,2
K. Schalm,L. R. Huiszoon,2001,1
K. Schalm,P. Van Nieuwenhuizen,1998,1
K. Schalm,R. Siebelink,1998,1
K. Scharnhorst,M. Bordag,1998,1
K. Schoutens,M. Moriconi,1995,4
K. Schoutens,P. Bouwknegt,1992,4
K. Semenov-Tian-Shansky,V. Vereshagin,2003,1
K. Sfetsos,K. Skenderis,1997,1
K. Shigemoto,M. Horibe,1994,1
K. Shima,M. Sawaguchi,2002,2
K. Shima,M. Tsuda,2001,5
K. Shima,Y. Tanii,2001,2
K. Singh,K. Y. Wee,1995,1
K. Singh,L. C. Kwek,1995,1
K. Skenderis,P. K. Townsend,1998,1
K. Skenderis,P. Van Nieuwenhuizen,1994,1
K. Splittorff,M. Oswald,2001,1
K. Splittorff,P. H. Damgaard,1999,1
K. Stepanyantz,P. Pronin,1996,6
K. Strobl,M. Hindmarsh,1994,1
K. Suehiro,N. Kawamoto,1998,1
K. Suehiro,T. Tsukioka,1998,1
K. Sugiyama,S. Yamaguchi,1999,1
K. Sugiyama,Y. Ishimoto,1999,1
K. Sugiyama,Y. Matsuo,1996,1
K. Sugiyama,Y. Sugawara,1996,1
K. Sveshnikov,M. Khalili,1999,1
K. Sveshnikov,P. Silaev,1997,1
K. Sveshnikov,S. Fedorov,1999,1
K. Takahashi,S. Iida,1999,1
K. Takasaki,R. Sasaki,1998,3
K. Takasaki,S. P. Khastgir,1999,1
K. Takasaki,S. Tsujimaru,1995,1
K. Takasaki,T. Nakatsu,1995,2
K. Takenaga,M. Sakamoto,1999,4
K. Takenaga,M. Tachibana,1999,4
K. Tamvakis,N. E. Mavromatos,1995,2
K. Tamvakis,P. Kanti,1995,6
K. Tanaka,K. Wakatsuki,2001,1
K. Tanaka,O. Abe,1997,1
K. Tanaka,S. Iso,2001,1
K. Tanaka,Y. Kimura,2001,1
K. Thielemans,K.-W. Xu,1994,1
K. Thielemans,X. J. Wang,1993,2
K. Torokoff,M Luebcke,2003,1
K. Torokoff,M. Lubcke,2001,1
K. Torokoff,S. M. Nasir,2001,1
K. Turashvili,N. Kiknadze,1995,2
K. Ulker,M. Hortacsu,1998,2
K. V. Shajesh,N. D. Hari Dass,2001,1
K. V. Shajesh,Subrata Bal,1996,2
K. V. Stepanyantz,M. Yu. Kalmykov,1994,2
K. V. Stepanyantz,P. I. Pronin,1994,2
K. Van Acoleyen,M. Vanderkelen,2001,1
K. Van Acoleyen,T. Vanzielighem,2001,1
K. W. Xu,R. Mohayaee,1994,1
K. W. Xu,S. Schrans,1992,1
K. W. Xu,X. J. Wang,1992,4
K. W. Xu,Z. Khviengia,1994,2
K. Wakatsuki,S. Iso,2001,1
K. Wakatsuki,Y. Kimura,2001,1
K. Wendland,W. Nahm,1999,1
K. Wu,S. K. Wang,1996,2
K. Wu,Y. Q. Li,2001,1
K. Y. Wee,L. C. Kwek,1995,1
K. Yamagishi,L. Schulke,1993,1
K. Yamamoto,M. Yamanobe,1995,1
K. Yamamoto,S. Ishikawa,1995,1
K. Yamamoto,T. Miyazaki,1995,1
K. Yamawaki,S. Tsujimaru,1997,1
K. Yazaki,M. Thies,2000,1
K. Yoshida,K.-I. Kondo,1993,1
K. Yoshida,M. Martellini,1992,6
K. Yoshida,M. Spreafico,1992,6
K. Yoshida,R. Mochizuki,1992,3
K. Yoshida,S. Arnone,1998,3
K. Yoshida,S. Chiantese,2000,1
K. Yu. Rulik,Yu. A. Sitenko,2002,1
K. Z. Win,Vijay Balasubramanian,1998,1
K. Zarembo,L. Chekhov,1997,1
K. Zarembo,M. Caselle,2000,2
K. Zarembo,M. Hasenbusch,2000,2
K. Zarembo,N. O. Agasian,1997,1
K. Zarembo,O. Tirkkonen,1996,1
K. Zarembo,P. Olesen,1997,2
K. Zarembo,P. Provero,2000,2
K. Zarembo,R. J. Szabo,1999,2
K. Zarembo,V. Pestun,2002,1
K. Zarembo,Y. Makeenko,1997,2
K. Zarembo,Yu. Makeenko,1993,1
K. Zheltukhin,M. Gurses,1999,1
K.-H. Rehren,M. Duetsch,2002,1
K.-H. Rehren,R. Longo,1994,1
K.-H. Rehren,Ya. S. Stanev,1994,1
K.-I. Izawa,S. Hayakawa,2000,2
K.-I. Kondo,T. Imai,2001,3
K.-I. Kondo,T. Murakami,2001,1
K.-I. Kondo,T. Shinohara,2000,4
K.-I. Kondo,Y. Taira,1999,1
K.-W. Xu,S. Mukherji,1996,1
K.-W. Xu,T. R. Tran,1997,1
K.-W. Xu,X. J. Wang,1994,1
Kaare Olaussen,Ronald Rietman,1994,2
Kaare Olaussen,Stefan Mashkevich,1994,3
Kai Chen,Kang-Jie Shi,2002,1
Kai Chen,Rui-Hongyue,2002,1
Kai Chen,Wen-Li Yang,2000,4
Kai-Ming Lee,Leith Cooper,1996,1
Kailash Kumar,Marcel Reginatto,2002,1
Kailash Kumar,Michael J. W. Hall,2002,1
Kam-Yuen Kwong,Kurt Just,2000,1
Kam-Yuen Kwong,Zbigniew Oziewicz,2000,1
Kamal L. Panigrahi,Sanjay,2003,1
Kamal L. Panigrahi,Sudipta Mukherji,2001,1
Kamal Lochan Panigrahi,Rashmi Rekha Nayak,2001,1
Kameshwar C. Wali,Nguyen Ai Viet,1994,6
Kameshwar C. Wali,Varghese John,1995,1
Kamran Kaviani,Shahrokh Parvizi,1997,1
Kamran Saririan,Mary K. Gaillard,1996,2
Kamran Saririan,Vidyut Jain,1996,2
Kamran Saririan,Yutaka Hosotani,1998,2
Kanehisa Takasaki,Takashi Takebe,1992,3
Kanehisa Takasaki,Toshio Nakatsu,1995,2
Kang Li,Victoria Fernandez,1999,1
Kang Li,Wen-Jun Chen,2001,1
Kang-Jie Shi,Pei Wang,2000,1
Kang-Jie Shi,Rui-Hong Yue,2000,3
Kang-Jie Shi,Rui-Hongyue,2002,1
Kang-Jie Shi,Wen-Li Yang,1997,5
Kang-Jie Shi,Yan-Shen Wang,1999,1
Kang-Jie Shi,Zhong-Xia Yang,1996,1
Kang-Sin Choi,Kyuwan Hwang,2003,1
Kangjie Shi,Liu Chao,1995,1
Kangjie Shi,Wenli Yang,1995,1
Kangjie Shi,Yanshen Wang,1995,1
Kanji Fujii,N. M. Chepilko,1997,1
Kanji Fujii,N. Ogawa,1997,1
Kanji Fujii,S. Uchiyama,1997,1
Kaoru Takagi,Ken-Ichi Aoki,2000,1
Kaoru Takagi,Masashi Tomoyose,2000,1
Kareljan Schoutens,Paul Fendley,2002,1
Kareljan Schoutens,Peter Bouwknegt,1994,3
Kari Enqvist,Syksy Rasanen,2000,2
Karim Benakli,Yaron Oz,1999,1
Karin Bautier,Marc Henneaux,1998,1
Karin Bautier,Maximo Banados,1998,1
Karin Bautier,Miguel Ortiz,1998,1
Karin Bautier,Olivier Coussaert,1998,1
Karl Landsteiner,Michel H. G. Tytgat,2000,2
Karl Landsteiner,Steven B. Giddings,1996,1
Karl Millar,Mark Van Raamsdonk,2000,1
Karl Millar,Washington Taylor,2000,1
Karl Strobl,Mark Hindmarsh,1996,1
Karl Svozil,Volkmar Putz,2001,1
Karl Yee,Myron Bander,1993,1
Karmadeva Maharana,Lambodar P. Singh,1995,1
Karmadeva Maharana,Swapna Mahapatra,1995,1
Kasper J. Eriksen,Yang Chen,1995,1
Kasper Olsen,Luis Anchordoqui,2000,2
Kasper Olsen,Peter E. Haagensen,1997,2
Kasper Olsen,Ricardo Schiappa,1997,3
Kasper Olsen,Richard J. Szabo,1999,2
Kasper Olsen,Soonkeon Nam,2000,1
Kasper Peeters,Marija Zamaklar,2001,3
Kasper Peeters,Pascal Bain,2002,1
Kasper Peeters,Patrick Meessen,2003,1
Kasper Peeters,Pierre Vanhove,2000,3
Katarzyna Bolonek,Piotr Kosinski,2002,2
Katarzyna Zuleta,Peter Tinyakov,2001,1
Katherine A Seaton,M. T. Batchelor,2000,1
Katherine Benson,Tom Imbo,2003,2
Katherine Freese,Steven Abel,2000,3
Katrin Becker,Keshav Dasgupta,2002,3
Katrin Becker,Melanie Becker,1995,15
Katrin Becker,Michael Haack,2002,1
Katrin Becker,Paul S. Green,2003,1
Katrin Becker,Sergey Prokushkin,2003,1
Katrin Wendland,Sayipjamal Dulat,2000,1
Katrin Wendland,Werner Nahm,2001,1
Katsuhiko Ohnishi,Kazunori Takenaga,2001,1
Katsuhiko Ohnishi,Makoto Sakamoto,2000,3
Katsuhiko Ohnishi,Seiho Matsumoto,2000,1
Katsumi Itoh,Kiyoshi Kamimura,1998,3
Katsumi Itoh,Makoto Sakaguchi,1993,1
Katsumi Itoh,Nobuyoshi Ohta,1992,2
Katsumi Itoh,Rie Kuriki,1998,1
Katsumi Itoh,Yuji Igarashi,1998,8
Katsumi Shigura,Rie Kuriki,1997,1
Katsumi Shigura,Yoshihisa Kitazawa,1997,1
Katsunori Kawamura,Mitsuo Abe,2001,1
Katsusada Morita,Yoshitaka Okumura,1995,6
Katsushi Ito,Kentaro Hori,1996,1
Katsushi Ito,Naoki Sasakura,1996,3
Katsushi Ito,Seiji Terashima,1995,1
Katsushi Ito,Sung-Kil Yang,1995,7
Katsushi Ito,Takeo Araki,2001,2
Katsushi Ito,Tohru Eguchi,1996,1
Katsushi Ito,Yasuhiro Sekino,2002,2
Katsuyuki Sugiyama,Kentaroh Yoshida,2002,5
Katsuyuki Sugiyama,Masaru Nagura,1993,1
Katsuyuki Sugiyama,Noriko Nakayama,2002,1
Katsuyuki Sugiyama,Satoshi Yamaguchi,2000,3
Katsuyuki Sugiyama,Yuji Sugawara,1997,1
Kaupo Palo,Sami Virtanen,1998,1
Kayoko Maeda,Makoto Sakamoto,1996,2
Kayoko Maeda,Miyuki Kawamura,1996,1
Kazuhiko Nishijima,Masud Chaichian,1999,2
Kazuhiko Odaka,Kazuya Satoh,1996,1
Kazuhiko Suehiro,Noboru Kawamoto,1996,2
Kazuhiko Suehiro,Takuya Tsukioka,1997,1
Kazuhiro Hikami,Miki Wadati,1994,2
Kazuhiro Sakai,Tohru Eguchi,2002,2
Kazumi Okuyama,Kazuo Fujikawa,1997,3
Kazumi Okuyama,Kazuo Hosomichi,2000,1
Kazumi Okuyama,Kazuyuki Furuuchi,2001,1
Kazumi Okuyama,Moshe Rozali,2002,1
Kazumi Okuyama,Nobuyuki Ishibashi,2000,1
Kazumi Okuyama,Robert G. Leigh,2002,1
Kazumi Okuyama,Teruhiko Kawano,1998,4
Kazumi Okuyama,Yuji Satoh,2000,2
Kazumi Okuyama,Yuji Sugawara,1998,1
Kazumi Okuyama,Yutaka Matsuo,1997,1
Kazunari Kaneko,Kazuo Ghoroku,1995,2
Kazunari Shima,Motomu Tsuda,2000,4
Kazunobu Haga,Kiyoshi Okuyama,1996,1
Kazunori Itakura,Koichi Ohta,1994,1
Kazunori Takenaga,Kenichi Konishi,1999,1
Kazunori Takenaga,Makoto Sakamoto,1999,3
Kazunori Takenaga,Motoi Tachibana,1999,1
Kazunori Takenaga,Tomoaki Nagasawa,2002,1
Kazunori Wakatsuki,Satoru Saito,1999,1
Kazuo Fujikawa,L. C. Kwek,1995,1
Kazuo Fujikawa,Masato Ishibashi,2001,1
Kazuo Ghoroku,Masanobu Yahiro,2002,4
Kazuo Ghoroku,Motoi Tachibana,2003,1
Kazuo Ghoroku,Nobuhiro Uekusa,2002,2
Kazuo Ghoroku,Sergei D. Odintsov,2002,1
Kazuo Hosomichi,Seiji Terashima,2000,1
Kazuo Hosomichi,Takeshi Fukuda,2001,2
Kazuo Hosomichi,Yasuaki Hikida,2000,1
Kazuo Hosomichi,Yuji Satoh,2000,2
Kazuo Hosomichi,Yuji Sugawara,2000,1
Kazuto Oshima,Masanobu Yahiro,1998,1
Kazutoshi Ohta,Kiyoshi Higashijima,1997,1
Kazutoshi Ohta,Muneto Nitta,1997,1
Kazutoshi Ohta,Nobuyoshi Ohta,1997,2
Kazutoshi Ohta,Takashi Yokono,1997,6
Kazutoshi Ohta,Takuhiro Kitao,1998,1
Kazutoshi Ohta,Toshio Nakatsu,1997,3
Kazutoshi Ohta,Yuhsuke Yoshida,1997,2
Kazuya Koyama,Keitaro Takahashi,2002,2
Kazuya Koyama,Shinpei Kobayashi,2000,3
Kazuya Koyama,Tetsuya Shiromizu,2002,2
Kazuyasu Shigemoto,Minoru Horibe,1993,1
Kazuyoshi Takahashi,Masafumi Fukuma,2003,1
Kazuyoshi Yamamoto,Motowo Yamanobe,1994,1
Kazuyoshi Yamamoto,Ritsu Yoshida,1994,1
Kazuyoshi Yamamoto,Sumio Ishikawa,1994,1
Kazuyoshi Yamamoto,Tadashi Miyazaki,1994,1
Kazuyoshi Yamamoto,Yasuhiro Iwama,1994,1
Kazuyuki Fujii,Kunio Funahashi,1995,2
Kazuyuki Fujii,Seiji Sakoda,1995,2
Kazuyuki Fujii,Taro Kashiwa,1995,2
Kazuyuki Fujii,Tatsuo Suzuki,1998,5
Kazuyuki Fujii,Yasushi Homma,1998,2
Kazuyuki Furuuchi,Nobuyoshi Ohta,1999,1
Kazuyuki Furuuchi,Toshio Nakatsu,1996,1
Ke Wu,Kunihiko Uehara,1996,1
Ke Wu,Shi-Kun Wang,1998,2
Ke Wu,Shikun Wang,1996,1
Ke Wu,Takesi Saito,1994,2
Ke Wu,Wei Zhang,1998,1
Ke Wu,Xiao-Mei Ji,2001,2
Ke Wu,Xing-Chang Song,1998,1
Ke Wu,Xu-Dong Luo,1998,2
Ke Wu,Yi-Xin Chen,1998,1
Ke Wu,Yu-Qi Li,2001,2
Ke Wu,Zhujun Zheng,1996,1
Kee Yong Kim,Yong-Wan Kim,1994,1
Kee Yong Kim,Yongduk Kim,1994,2
Kee Yong Kim,Young-Jai Park,1994,2
Kei Ito,Nobuhito Maru,1997,1
Kei Miki,Michio Jimbo,1992,2
Kei Miki,Omar Foda,1993,1
Kei Miki,Takeo Kojima,1995,1
Kei Miki,Tetsuji Miwa,1992,2
Kei Miki,Yas-Hiro Quano,1995,1
Kei Shigetomi,Yukinori Nagatani,1999,1
Kei-Ichi Kondo,Kenji Ikegami,1995,1
Kei-Ichi Kondo,Takuya Iizuka,1994,1
Kei-Ichi Kondo,Toru Ebihara,1994,1
Kei-Ichi Kondo,Yutaro Taira,1999,1
Kei-Ichi Maeda,Misao Sasaki,1999,1
Kei-Ichi Maeda,Nobuyuki Sakai,1995,2
Kei-Ichi Maeda,Richard Easther,1995,2
Kei-Ichi Maeda,Sergei A. Sharakin,1999,1
Kei-Ichi Maeda,Shinji Mukohyama,1999,1
Kei-Ichi Maeda,Tetsuya Shiromizu,1999,2
Kei-Ichi Maeda,Yoonbai Kim,1995,2
Keiichi Akama,Takashi Hattori,2000,1
Keiichi Morikawa,Ken-Ichi Aoki,1998,4
Keiichi Morikawa,Masashi Tomoyose,1999,2
Keiichi Morikawa,Shin-Ichiro Kuroki,2001,1
Keiichi Morikawa,Takuya Morozumi,2001,1
Keiichi Morikawa,Wataru Souma,1998,2
Keiichi Nagao,Satoshi Iso,2002,3
Keiji Kikkawa,Kenji Hotta,1997,2
Keiji Kikkawa,Michihiko Sakamoto,1997,1
Keiji Oguiso,Shing-Tung Yau,2002,1
Keiji Oguiso,Shinobu Hosono,2002,1
Keisuke Ohashi,Taichiro Kugo,2001,3
Keisuke Ohashi,Tomoyuki Fujita,2001,2
Keitaro Takahashi,Tetsuya Shiromizu,2002,1
Keith A. Olive,Martin Lemoine,2000,1
Keith A. Olive,Nemanja Kaloper,1995,3
Keith A. Olive,Panagiota Kanti,2001,1
Keith A. Olive,Richard Madden,1995,2
Keith R. Dienes,Moshe Moshe,1995,2
Keith R. Dienes,Philip C. Argyres,1992,3
Keith R. Dienes,Robert C. Myers,1995,2
Keith R. Dienes,S.-H. Henry Tye,1992,1
Keith R. Dienes,Tony Gherghetta,2002,1
Keizo Matsubara,Mikael Smedback,2001,1
Keizo Matsubara,Volker Schomerus,2001,1
Keke Li,Matthias Staudacher,1994,1
Keke Li,Michael R. Douglas,1994,1
Kelly Kirklin,Neil Turok,2000,1
Kelly Kirklin,Toby Wiseman,2000,1
Ken D. Olum,Noah Graham,2002,1
Ken Halpern,Kerson Huang,1995,1
Ken Intriligator,Matt Kleban,2000,1
Ken Intriligator,Matthew J. Strassler,1999,1
Ken Intriligator,Mina Aganagic,2003,1
Ken Intriligator,Nicholas P. Warner,2003,1
Ken Intriligator,Paul Fendley,1992,3
Ken Intriligator,Philip C. Argyres,1999,1
Ken Intriligator,Robert G. Leigh,1999,1
Ken Intriligator,Sergio Cecotti,1992,1
Ken Kiers,Nathan Weiss,1993,1
Ken-Ichi Aoki,Masaki Taniguchi,1998,1
Ken-Ichi Aoki,Masashi Tomoyose,1999,3
Ken-Ichi Aoki,Wataru Souma,1998,2
Ken-Ichi Hiraizumi,Yoshihisa Ohshima,1995,1
Ken-Ichi Ishikawa,Kenji Fukazawa,1996,1
Ken-Ichi Ishikawa,Kezuhiro Yamamoto,1996,1
Ken-Ichi Ishikawa,Tomohiro Inagaki,1996,1
Kengo Maeda,Makoto Narita,2000,1
Kengo Maeda,Shigeaki Yahikozawa,2000,1
Kengo Maeda,Takashi Torii,2000,1
Kengo Maeda,Thomas Hertog,2003,1
Kenichi Konishi,Massimo Di Pierro,1996,1
Kenichi Konishi,Riccardo Guida,1994,2
Kenichi Konishi,Roberto Auzzi,2002,2
Kenichi Konishi,Roberto Grena,2002,1
Kenichi Konishi,S. Prem Kumar,2001,1
Kenichi Konishi,Stefano Bolognesi,2002,1
Kenichiro Aoki,Tomoyasu Ichihara,1995,1
Kenji Fukazawa,Kezuhiro Yamamoto,1996,1
Kenji Fukazawa,Tomohiro Inagaki,1996,1
Kenji Hotta,Michihiko Sakamoto,1997,1
Kenji Ikegami,Riuji Mochizuki,1997,2
Kenji Ikegami,Takayuki Suga,1997,2
Kenji Iohara,Makoto Idzumi,1992,1
Kenji Iohara,Michio Jimbo,1992,1
Kenji Iohara,Tetsuji Miwa,1992,1
Kenji Iohara,Tetsuji Tokihiro,1992,1
Kenji Iohara,Toshiki Nakashima,1992,1
Kenji Ito,Masashi Naganuma,1999,3
Kenji Ito,Norisuke Sakai,1999,3
Kenji Mohri,Sung-Kil Yang,2000,2
Kenji Mohri,Toshiya Kawai,1994,1
Kenji Mohri,Yoko Onjo,2000,1
Kenji Mohri,Yukiko Ohtake,2000,1
Kenji Sakamoto,Kiyoshi Shiraishi,2002,3
Kenji Sakamoto,Nahomi Kan,2002,2
Kenji Suzuki,Tadahito Nakajima,2002,1
Kenji Yamamoto,Takehisa Fujita,1996,1
Kenji Yamamoto,Yasuyuki Sekiguchi,1996,1
Kenneth G. Wilson,Martina Brisudova,1994,1
Kenneth G. Wilson,Stanislaw D. Glazek,1997,2
Kenneth Halpern,Kerson Huang,1994,1
Kenneth Intriligator,Peter Cho,1998,1
Kenneth Intriligator,Scott Thomas,1996,2
Kenneth Intriligator,Witold Skiba,1999,1
Kenneth J. Lovis,Robert C. Myers,2002,1
Kenneth Johnson,Nuria Rius,1992,1
Kenneth Johnson,Peter E. Haagensen,1994,3
Kentaro Hori,Mina Aganagic,2001,2
Kentaro Hori,Oren Bergman,2000,1
Kentaro Hori,Piljin Yi,2000,2
Kentaro Hori,Robbert Dijkgraaf,2001,1
Kentaro Hori,Savdeep Sethi,2001,1
Kentaro Hori,Sung-Kil Yang,1996,1
Kentaro Hori,Tohru Eguchi,1996,4
Kentaro Hori,Yaron Oz,1996,8
Kentaro Hori,Zheng Yin,1996,2
Kentaroh Yoshida,Noriko Nakayama,2002,1
Kentaroh Yoshida,Wataru Souma,2001,1
Kenzo Ogure,Tomohiro Inagaki,1997,1
Keshav Dasgupta,Kyungho Oh,2000,4
Keshav Dasgupta,Mark Van Raamsdonk,2002,2
Keshav Dasgupta,Melanie Becker,2003,2
Keshav Dasgupta,Mohammad M. Sheikh-Jabbari,2002,2
Keshav Dasgupta,Ori J. Ganor,2000,2
Keshav Dasgupta,Paul S. Green,2003,1
Keshav Dasgupta,Radu Tatar,2000,4
Keshav Dasgupta,Renata Kallosh,2002,1
Keshav Dasgupta,Savdeep Sethi,1999,2
Keshav Dasgupta,Sergey Prokushkin,2003,1
Keshav Dasgupta,Seungjoon Hyun,2000,1
Keshav Dasgupta,Shinji Hirano,2002,1
Keshav Dasgupta,Shoibal Chakravarty,2000,1
Keshav Dasgupta,Sunil Mukhi,1995,9
Keshav Dasgupta,Zheng Yin,2000,1
Kevin Cahill,Mario Serna,2002,1
Kevin E. Thompson,Patrick Dorey,1996,1
Kevin E. Thompson,Roberto Tateo,1996,1
Kezuhiro Yamamoto,Tomohiro Inagaki,1996,1
Kh. Saaidi,M. Alimohammadi,2000,1
Kh. Saaidi,M. R. Setare,2002,2
Khaled Abdel-Khalek,Stefano De Leo,1996,2
Khaled Saaidi,Mohammad Khorrami,2000,2
Khalil M. Bitar,Rajamani Narayanan,1997,1
Khalil M. Bitar,Urs M. Heller,1997,1
Khazret Nirov,Mikhail Plyushchay,1997,3
Khazret S. Nirov,Valery A. Rubakov,1995,1
Khosrow Chadan,N. N. Khuri,1998,1
Khosrow Chadan,Tai Tsun Wu,1998,1
Ki Boum Eom,Sung-Shig Kang,2002,1
Ki Hyuk Yee,Won Tae Kim,2002,1
Kim Baskerville,Neil Turok,1997,1
Kim Baskerville,Robin Michaels,1998,1
Kimball A. Milton,Sergei D. Odintsov,2000,4
Kimball A. Milton,Sergio Zerbini,2001,1
Kimball A. Milton,Shinichi Nojiri,2000,1
Kimball A. Milton,V. N. Marachevsky,1998,1
Kimball A. Milton,V. V. Nesterenko,1997,1
Kimball A. Milton,Van M. Savage,1999,1
Kimball A. Milton,Y. Jack Ng,1996,2
Kimio Ueno,Michitomo Nishizawa,1994,1
Kimyeong Lee,Kyoungtae Kimm,1995,2
Kimyeong Lee,Piljin Yi,1995,13
Kimyeong Lee,Sang-Heon Yi,2002,2
Kimyeong Lee,Sangheon Yi,2000,1
Kimyeong Lee,Seok Kim,2001,1
Kimyeong Lee,Taejin Lee,1995,4
Kimyeong Lee,Yoonbai Kim,1992,2
Kimyeong M. Lee,Nakwoo Kim,2002,1
Kimyeong M. Lee,Piljin Yi,2002,1
Kin-Wang Ng,Shih-Yuin Lin,1997,1
Kin-Wang Ng,Tzuu-Kang Chyi,1999,1
Kin-Wang Ng,W. F. Kao,1999,1
Kin-Ya Oda,Seong Chan Park,2002,1
Kings College,London,1995,1
Kirill A. Kazakov,Petr I. Pronin,1999,1
Kirill Ilinski,N. V. Borisov,1996,1
Kirill Krasnov,Koji Hashimoto,2001,1
Kirill Krasnov,Laurent Freidel,1998,5
Kirill Melnikov,Marvin Weinstein,2001,2
Kirill. A. Kazakov,Petr. I. Pronin,1998,2
Kirk Kaminsky,Yuji Okawa,2003,1
Kiyoshi Ezawa,Koichi Murakami,1997,1
Kiyoshi Ezawa,Yutaka Matsuo,1997,1
Kiyoshi Hayasaka,Ryuichi Nakayama,1999,2
Kiyoshi Higashijima,Makoto Tsuzuki,2000,1
Kiyoshi Higashijima,Muneto Nitta,1997,15
Kiyoshi Higashijima,Naoto Yokoi,2001,1
Kiyoshi Higashijima,Nobuyoshi Ohta,1997,1
Kiyoshi Higashijima,Tetsuji Kimura,2000,7
Kiyoshi Kamimura,Machiko Hatsuda,1997,10
Kiyoshi Kamimura,Makoto Sakaguchi,2000,5
Kiyoshi Kamimura,Mitsuko Abe,1999,1
Kiyoshi Kamimura,Rie Kuriki,1998,1
Kiyoshi Kamimura,Sayaka Sekiya,1999,1
Kiyoshi Kamimura,Sinobu Makita,1992,1
Kiyoshi Kamimura,Takashi Tokunaga,1999,1
Kiyoshi Kamimura,Takeshi Fukuyama,1992,1
Kiyoshi Kamimura,Toni Mateos,2000,1
Kiyoshi Kamimura,Yuji Igarashi,1998,3
Kiyoshi Okuyama,Takuya Hayashi,1998,2
Kiyoshi Okuyama,Yoshihisa Ohshima,1998,3
Kiyoshi Shiraishi,Nahomi Kan,2002,2
Kiyoshi Shiraishi,Yoshitaka Degura,2000,1
Kiyoung Lee,Warren Siegel,2003,1
Klaus Behrndt,Marina Shmakova,1996,2
Klaus Behrndt,Mirjam Cvetic,1997,8
Klaus Behrndt,Rein Halbersma,1999,1
Klaus Behrndt,Renata Kallosh,1995,3
Klaus Behrndt,Sergei Gukov,2000,2
Klaus Behrndt,Stefan Forste,1997,1
Klaus Behrndt,Stefan Schwager,1997,1
Klaus Behrndt,Steven Thomas,2000,1
Klaus Behrndt,Swapna Mahapatra,1997,1
Klaus Behrndt,Thomas Mohaupt,1996,3
Klaus Behrndt,Wafic A. Sabra,1997,3
Klaus Behrndt,Wafic. A. Sabra,1997,1
Klaus Behrndt,Wing Kai Wong,1996,1
Klaus D. Rothe,Soon-Tae Hong,2002,3
Klaus D. Rothe,Yong-Wan Kim,1997,3
Klaus D. Rothe,Young-Jai Park,2002,2
Klaus Fredenhagen,Michael Duetsch,2001,2
Klaus Fredenhagen,Romeo Brunetti,1997,1
Klaus Fredenhagen,Sergio Doplicher,2003,1
Klaus Junemann,Olaf Lechtenfeld,1997,3
Klaus Kirsten,Luciano Vanzo,1993,3
Klaus Kirsten,Marcelo De Francia,2000,2
Klaus Kirsten,Peter Gilkey,2000,4
Klaus Kirsten,Sergei Odintsov,1993,3
Klaus Kirsten,Sergio Zerbini,1993,3
Klaus Kirsten,Stuart Dowker,2000,2
Klaus Lang,Werner Ruehl,1993,1
Klaus Sibold,Rainer Haeussling,1998,1
Klaus Sibold,Rainer Scharf,2001,1
Klaus Sibold,Yi Liao,2002,3
Ko Furuta,Masayoshi Yamamoto,2002,3
Ko Furuta,Muneto Nitta,2001,1
Ko Furuta,Takeo Inami,2000,5
Koenraad Schalm,Peter Van Nieuwenhuizen,1997,2
Koichi Hayashi,Toshiharu Samura,1994,1
Koichi Murakami,Yutaka Matsuo,1997,1
Koichi Seo,Rika Endo,2001,1
Koichi Yamawaki,Masa-Aki Taniguchi,2001,1
Koichi Yamawaki,Masaki Sugiura,1994,1
Koichi Yamawaki,Satoshi Yamada,2001,1
Koichi Yamawaki,Sho Tsujimaru,1995,1
Koichi Yamawaki,Shozo Uehara,2001,1
Koichi Yamawaki,Taichi Itoh,1994,1
Koichi Yamawaki,V. A. Miransky,1996,1
Koichi Yamawaki,Yoonbai Kim,1994,2
Koichi Yoshioka,Takayuki Hirayama,1998,1
Koji Harada,Masa-Aki Taniguchi,1993,4
Koji Harada,Masanobu Yahiro,1993,1
Koji Harada,Takanori Sugihara,1993,1
Koji Harada,Thomas Heinzl,1997,1
Koji Hashimoto,Naoki Sasakura,1998,3
Koji Hashimoto,Norisuke Sakai,2002,1
Koji Hashimoto,Pei-Ming Ho,2002,2
Koji Hashimoto,Piljin Yi,2002,1
Koji Hashimoto,Sanefumi Moriyama,1999,2
Koji Hashimoto,Satoshi Nagaoka,2002,3
Koji Hashimoto,Shinji Hirano,2001,2
Koji Hashimoto,Takayuki Hirayama,2000,2
Kong-Ju-Bock Lee,Soonkeon Nam,1994,2
Konrad Urlichs,Michael Thies,2003,1
Konstadinos Sfetsos,Mans Henningson,1998,1
Konstadinos Sfetsos,Rafael Hernandez,2002,3
Konstantin G. Savvidy,Oyvind Tafjord,1999,1
Konstantin G. Savvidy,Troels Harmark,2000,1
Konstantinos Anagnostopoulos,Leping Han,1993,1
Konstantinos Anagnostopoulos,Marco Falcioni,1993,1
Konstantinos Anagnostopoulos,Mark Bowick,1993,1
Konstantinos Anagnostopoulos,Paul Coddington,1993,1
Koos De Vos,Peter Van Driel,1995,1
Kor Van Hoof,Piet Claus,1999,1
Korkut Bardakci,Luis M. Bernardo,1995,1
Kostantin Styrkas,Pavel Etingof,1994,1
Kostas N. Orginos,Richard C. Brower,1996,1
Kostas Skenderis,Mans Henningson,1998,3
Kostas Skenderis,Marc Henneaux,1999,1
Kostas Skenderis,Marika Taylor,2002,4
Kostas Skenderis,Massimo Bianchi,2001,2
Kostas Skenderis,Paul K. Townsend,1999,1
Kostas Skenderis,Peter Van Nieuwenhuizen,1995,4
Kostas Skenderis,Sebastian De Haro,2000,4
Kostas Skenderis,Sergey N. Solodukhin,1999,3
Kostas Skenderis,Tobias Hurth,1998,3
Kota Yoshioka,Toshiya Kawai,2000,1
Kouichi Toda,Masashi Hamanaka,2002,2
Koushik Ray,Subir Mukhopadhyay,1997,3
Kris Thielemans,Sergey Krivonos,1995,1
Kris Thielemans,Stefan Vandoren,1995,1
Kris Thielemans,Walter Troost,1993,2
Krishna Rai Dastidar,T K Rai Dastidar,1999,1
Krishna Rai Dastidar,T. K. Rai Dastidar,1999,1
Krishnendu Dasgupta,M. Sami,1999,1
Krishnendu Dasgupta,Pankaj Sharan,1999,1
Kristian D. Kennaway,Nicholas P. Warner,2002,1
Kristian D. Kennaway,Nick Halmagyi,2002,2
Kristian D. Kennaway,Richard Corrado,2002,2
Kristian D. Kennaway,Sujay K. Ashok,2002,1
Kristin Foerger,Stefan Theisen,1996,1
Kristin Forger,Stefan J. Theisen,1996,1
Kristin Schleich,Sumati Surya,2001,1
Krzysztof A. Meissner,Marcin P. Flak,2003,1
Krzysztof A. Meissner,Marek Olechowski,1999,5
Krzysztof A. Meissner,Nemanja Kaloper,1997,1
Krzysztof A. Meissner,Zbigniew Jaskolski,1993,2
Krzysztof Gawedzki,Nuno Reis,2002,1
Krzysztof Gawedzki,Pascal Tran-Ngoc-Bich,1998,2
Krzysztof Meissner,Nemanja Kaloper,1997,1
Krzysztof Pilch,Massimo Bianchi,2000,1
Krzysztof Pilch,Nicholas P. Warner,2000,4
Krzysztof Pilch,Oliver Dewolfe,2000,1
Krzysztof Pilch,Peter Bouwknegt,1992,5
Krzysztof Pilch,Richard Corrado,2001,1
Kumar S. Gupta,Pijush K. Ghosh,2002,3
Kumar S. Gupta,Siddhartha Sen,2001,4
Kun Shen,Yu-Ping Kuang,1998,1
Kuniharu Kubodera,Soon-Tae Hong,2000,1
Kuniharu Kubodera,Young-Jai Park,2000,1
Kunihiko Uehara,Takesi Saito,1996,3
Kunio Funahashi,Seiji Sakoda,1995,2
Kunio Funahashi,Shuji Nima,1995,1
Kunio Funahashi,Taro Kashiwa,1995,2
Kuo-Cheng Lee,Su-Long Nyeo,1993,1
Kurt Haller,Lusheng Chen,1995,6
Kurt Haller,Mario Belloni,1995,2
Kurt Haller,Y. S. Choi,1999,1
Kurt Just,Zbigniew Oziewicz,2000,2
Kurt Langfeld,Laurent Moyaerts,2002,2
Kurt Lechner,Marco Cariglia,2002,1
Kurt Lechner,Mario Tonin,1995,5
Kurt Lechner,Paolo Pasti,1997,2
Kurt Lechner,Pieralberto Marchetti,2001,2
Kwan-Leung Chan,Mirjam Cvetic,1995,1
Kwang-Sup Soh,Rong-Gen Cai,1998,2
Kwang-Sup Soh,Sang Pyo Kim,1998,2
Kwang-Sup Soh,Sung Ku Kim,1998,5
Kwanghoon Hahm,Kyoungho Han,1997,1
Kyoichi Tsurusaki,Tetsuo Deguchi,1992,1
Kyoungtae Kimm,Taejin Lee,1995,2
Kyoungtae Kimm,Y. M. Cho,1997,2
Kyoungtae Kimm,Yoonbai Kim,1998,1
Kyriakos Tamvakis,Panagiota Kanti,2001,2
Kyun Nahm,Wen-Fa Lu,2001,3
Kyung Hyun Cho,Sang Pyo Kim,1995,1
Kyungho Oh,Mihail Mihailescu,1999,1
Kyungho Oh,Radu Tatar,1997,21
Kyungho Oh,Robert De Mello Koch,1998,1
Kyungho Oh,Sang-Jin Sin,1997,1
Kyungho Oh,Seungjoon Hyun,2000,1
Kyungho Oh,Soonkeon Nam,1997,1
L Baulieu,S. L. Shatashvili,1998,1
L. A. Abramyan,V. I. Berezhiani,1996,1
L. A. Ferreira,L. Bonora,2002,1
L. A. Ferreira,M. V. Saveliev,1994,2
L. A. Ferreira,O. Babelon,2002,1
L. A. Ferreira,Orlando Alvarez,1999,1
L. A. Ferreira,R. M. Ricotta,1992,1
L. A. Ferreira,R. T. Medeiros,1993,1
L. A. J London,P. K. Townsend,1992,1
L. A. J. London,M. E. X. Guimar~Aes,1995,1
L. A. J. London,P. K. Townsend,1993,1
L. A. Malysheva,P. M. Lavrov,2002,1
L. A. Malysheva,P. Yu. Moshin,2002,1
L. A. S. Machado,P. A. Maia Neto,2002,2
L. Accardi,S. V. Kozyrev,1995,1
L. Accardi,Y. G. Lu,1994,2
L. Akant,S. G. Rajeev,2001,2
L. Alvarez-Gaume,M. A. Vazquez-Mozo,1992,1
L. Alvarez-Gaume,M. Marino,1996,2
L. Alvarez-Gaume,R. Zwicky,2001,1
L. Alvarez-Gaume,S. F. Hassan,1997,1
L. Alvarez-Gaume,Y. Lozano,1993,3
L. Andrianopoli,L. Gualtieri,2000,1
L. Andrianopoli,M. A. Lledo,1998,7
L. Andrianopoli,M. Bertolini,1996,2
L. Andrianopoli,M. Derix,2000,1
L. Andrianopoli,M. Trigiante,1996,3
L. Andrianopoli,P. Fre,1996,6
L. Andrianopoli,R. Dauria,1996,21
L. Andrianopoli,R. Minasian,1996,1
L. Andrianopoli,S. Ferrara,1996,21
L. Andrianopoli,T. Magri,1996,1
L. Anguelova,P. Langfelder,2003,1
L. Baulieu,M. Picco,1997,1
L. Baulieu,N. Nekrasov,1997,2
L. Baulieu,N. Ohta,1997,1
L. Baulieu,P. A. Grassi,2000,1
L. Begin,L. Lapointe,2001,1
L. Begin,M. A. Walton,1992,3
L. Begin,P. Jacob,2003,1
L. Begin,P. Mathieu,1992,6
L. Benoit,Y. Saint-Aubin,1992,1
L. Bergamin,P. Minkowski,2000,3
L. Bergamin,W. Kummer,2002,1
L. Bergstrom,U. H. Danielsson,2002,1
L. Bonora,L. P. Colatto,1996,1
L. Bonora,M. M. Sheikh-Jabbari,2000,1
L. Bonora,M. Rinaldi,1997,3
L. Bonora,M. Salizzoni,2000,6
L. Bonora,M. Schnabl,2000,2
L. Bonora,Q. P. Liu,1994,1
L. Bonora,R. Paunov,1992,1
L. Bonora,S. Krivonos,1996,1
L. Bonora,S. Terna,1999,1
L. Bonora,V. Bonservizi,1992,2
L. Borisov,M. B. Halpern,1997,1
L. Boulton,M. P. Garcia Del Moral,2002,1
L. Brink,M. A. Vasiliev,1992,3
L. Brink,P. Ramond,2002,1
L. Brink,R. R. Metsaev,2000,1
L. Brink,S. Konstein,1993,1
L. Brink,T. H. Hansson,1992,2
L. Brink,X. Xiong,2002,1
L. Burakovsky,L. P. Horwitz,1994,8
L. Burakovsky,W. C. Schieve,1995,3
L. C. Albuquerque,S. J. Rabello,1994,1
L. C. Biedenharn,L. P. Horwitz,1995,1
L. C. Biedenharn,M. Tarlini,1993,1
L. C. De Albuquerque,M. Gomes,1999,2
L. C. De Albuquerque,Silvio J. Rabello,1994,1
L. C. Liu,M Tomaselli,2002,1
L. C. Liu,S. Fritzsche,2002,1
L. C. Liu,T. Kuehl,2002,1
L. C. Liu,W. Noertershaeuser,2002,1
L. C. Malacarne,M. Gomes,1997,4
L. C. Martin,T. N. Sherry,1996,1
L. C. Q. Vilar,M. B. D. Silva Maia Porto,1998,1
L. C. Q. Vilar,M. Carvalho,1995,3
L. C. Q. Vilar,M. Henneaux,1997,1
L. C. Q. Vilar,M. Martellini,1997,1
L. C. Q. Vilar,M. S. Sarandy,2001,1
L. C. Q. Vilar,M. Zeni,1997,1
L. C. Q. Vilar,N. Maggiore,2000,1
L. C. Q. Vilar,O. S. Ventura,1997,8
L. C. Q. Vilar,S. P. Sorella,1995,16
L. C. Q. Vilar,V. E. R. Lemes,1997,8
L. C. Q. Villar,O. S. Ventura,1999,1
L. C. Q. Villar,S. P. Sorella,1999,1
L. C. Q. Villar,V. E. R. Lemes,1999,1
L. C. R. Wijewardhana,P. Suranyi,2002,1
L. C. T. De Brito,M. Gomes,2003,1
L. C. T. De Brito,Silvana Perez,2003,1
L. Caneschi,M. Lysiansky,1996,1
L. Cantini,P. Menotti,2000,3
L. Cappiello,M. Abud,1995,1
L. Cappiello,R. Marotta,1998,3
L. Cappiello,R. Pettorino,1998,3
L. Cappiello,V. Marotta,2001,1
L. Cappiello,W. Mueck,2001,1
L. Castellani,L. Sommovigo,2000,2
L. Castellani,M. Trigiante,1998,1
L. Castellani,P. Aschieri,1992,4
L. Castellani,P. Fre,1998,1
L. Castellani,R. Dauria,1998,1
L. Castellani,S. Ferrara,1998,1
L. Cerny,O. Navratil,1992,1
L. Cervi,L. Griguolo,2001,1
L. Chao,Q. P. Liu,1995,1
L. Chekhov,Yu. Makeenko,1992,4
L. Cooper,R. J. Szabo,1997,1
L. Cornalba,M. S. Costa,2002,2
L. Cornalba,Miguel S. Costa,2002,1
L. Cosmai,M. Consoli,1995,2
L. Cosmai,P. Cea,1995,2
L. Cosmai,R. Fiore,1995,2
L. D. Faddeev,O. Tirkkonen,1995,1
L. D. Faddeev,P. N. Pyatov,1994,1
L. D. Faddeev,R. M. Kashaev,1993,4
L. D. Lantsman,V. N. Pervushin,2002,1
L. D. Paniak,P. Orland,2000,1
L. D. Paniak,R. J. Szabo,1995,6
L. D. Paniak,S. Jaimungal,1997,1
L. Dabrowski,R. Floreanini,1993,1
L. Dabrowski,V. Husain,1993,1
L. Dabrowski,V. K. Dobrev,1993,1
L. Demopoulos,M. A. Clayton,1993,1
L. Di Fiore,M. A. Manko,1993,2
L. Di Fiore,Manko,1994,1
L. Di Fiore,N. A. Ansari,1994,1
L. Di Fiore,Nadeem A. Ansari,1993,1
L. Di Fiore,R. Romano,1994,1
L. Di Fiore,S. Solimeno,1993,2
L. Di Fiore,V. I. Manko,1993,1
L. Dixon,M. Perelstein,1998,6
L. Dixon,M. Perelstien,2000,1
L. Dixon,M. Trigante,2000,1
L. Dixon,Z. Bern,1993,9
L. Dolan,M. Langham,1997,2
L. Dolan,P. Goddard,1994,1
L. Dolan,P. Montague,1994,1
L. Dolan,S. Horvath,1995,1
L. Driesen,M. Stingl,1998,2
L. E. Ibanez,R. Rabadan,1998,4
L. E. Ibanez,S. Franco,2000,1
L. E. Oxman,M. C. Rocca,1996,1
L. E. Oxman,M. Kruczenski,1996,1
L. E. Oxman,M. Rocca,1995,1
L. E. Oxman,O. S. Ventura,2000,1
L. E. Oxman,S. P. Sorella,1998,6
L. E. Oxman,V. E. R. Lemes,2000,1
L. E. Saltini,M. C. B. Abdalla,1993,1
L. E. Saltini,O. H. G. Branco,1993,1
L. Everett,M. Cvetic,1997,1
L. Everett,M. Cvetiv C,1999,1
L. Everett,P. Langacker,1997,2
L. F. Alday,M. Cirafici,2003,2
L. F. Urrutia,M. Reyes,2003,1
L. F. Urrutia,N. Morales,1996,1
L. F. Urrutia,R. Gambini,1997,1
L. F. Urrutia,R. Medina,1997,1
L. Fatibene,M. Francaviglia,2001,1
L. Fatibene,R. B. Mann,2002,1
L. Fatibene,R. Clarkson,2002,1
L. Feher,L. Oraifeartaigh,1992,3
L. Feher,L. Palla,1997,6
L. Feher,P. Ruelle,1992,2
L. Feher,W. Eholzer,1997,1
L. Frappat,P. Sorba,1992,7
L. Frappat,S. Sciuto,1995,1
L. Freidel,R. De Pietri,1999,1
L. Freidel,R. Puzio,1999,1
L. G. Mardoyan,M. Kibler,1994,1
L. G. Mardoyan,V. M. Ter--Antonyan,1998,1
L. G. Mardoyan,V. M. Ter-Antonyan,1996,3
L. Gallot,M. Billo,2001,2
L. Gallot,M. Frau,1999,3
L. Gallot,P. Strigazzi,1999,4
L. Girardello,M. Billo,1992,2
L. Girardello,M. Petrini,1998,3
L. Girardello,M. Porrati,1994,11
L. Girardello,M. Trigiante,1996,2
L. Girardello,P. Fre,1992,7
L. Girardello,P. Soriani,1992,3
L. Girardello,S. Ferrara,1995,2
L. Griguolo,M. Alvarez,1995,1
L. Griguolo,P. Valtancoli,2001,1
L. Griguolo,P. Zanca,1993,1
L. Griguolo,R. Jackiw,1996,1
L. Griguolo,R. Percacci,1995,1
L. Griguolo,S. Deser,1997,5
L. Griguolo,S.-Y. Pi,1996,1
L. Griguolo,U. Aglietti,1996,1
L. Gualtieri,M. Trigiante,1998,2
L. Gualtieri,P. Fre,1998,3
L. Gualtieri,P. Fre`,1999,1
L. Gualtieri,P. Termonia,1998,2
L. Gualtieri,R. Dauria,1998,1
L. Guieu,V. Yu. Ovsienko,1994,1
L. H. Ford,N. F. Svaiter,1994,1
L. H. Ryder,M. S. Ody,1994,1
L. H. Yu,Sun,1993,1
L. Hadasz,M. Rocek,2001,1
L. Hadasz,M. Sadzikowski,1998,1
L. Hadasz,P. Wegrzyn,1998,1
L. Hadasz,R. Von Unge,2001,1
L. Hadasz,U. Lindstrom,2001,1
L. Hadasz,V. V. Nesterenko,1999,1
L. Hlavaty,L. Snobl,2001,1
L. Hoffmann,L. Mesref,2000,4
L. Hoffmann,T. Leonhardt,2001,1
L. Hoffmann,W. Ruehl,2000,4
L. Hoffmann,W. Ruhl,2001,2
L. Houart,P. West,2003,1
L. Houart,P. Windey,1997,1
L. Houart,R. Argurio,1997,5
L. Huiszoon,M. De Roo,1998,1
L. Jenkovszky,M. Kibler,1994,1
L. Jonke,S. Meljanac,2002,2
L. Jonke,V. Bardek,1994,4
L. K. Balazs,L. Palla,1997,1
L. K. Balazs,N. Mohammedi,1997,1
L. K. Balazs,P. Forgacs,1997,1
L. K. Hadjiivanov,M. Dubois-Violette,1999,1
L. K. Hadjiivanov,O. V. Ogievetsky,2000,1
L. K. Hadjiivanov,P. Furlan,1999,3
L. K. Hadjiivanov,P. N. Pyatov,1999,2
L. K. Hadjiivanov,Ya. S. Stanev,2000,1
L. K. Hoevenaars,P. H. M. Kersten,2000,1
L. K. Hoevenaars,R. Martini,2000,2
L. Koziel,M. Khlopov,2000,1
L. Koziel,S. Rubin,2000,1
L. L. Jenkovszky,V. N. Shadura,1995,1
L. L. Salcedo,M. J. De La Plata,1996,1
L. Lapointe,P. Desrosiers,2001,4
L. Lapointe,P. Mathieu,2001,5
L. Leal,P. J. Ariasa,1995,1
L. Losano,R. F. Ribeiro,2002,1
L. Losano,W. Freire,2002,1
L. Lukaszuk,R. Kretschmer,1994,2
L. Lukaszuk,Si 94-15,1994,1
L. Lusanna,M. Materassi,1999,1
L. Lusanna,M. Pauri,2001,2
L. Lusanna,P. Valtancoli,1997,1
L. M. Bernardo,N. Sochen,1996,1
L. M. C. S. Rodrigues,M. R-Monteiro,1994,2
L. M. C. S. Rodrigues,S. Sciuto,1994,2
L. M. Kruczenski,N. N. Scoccola,1994,1
L. M. Morato,L. Viola,1998,1
L. Magnea,M. Caselle,1993,2
L. Magnea,P. Di Vecchia,1995,3
L. Magnea,R. Marotta,1996,2
L. Magnea,R. Marotta.,1995,1
L. Magnea,R. Russo,1996,2
L. Magnea,S. Panzeri,1993,2
L. Maiani,M. Testa,1997,1
L. Mannelli,T. Banks,2002,1
L. Marinatto,S. Ansoldi,2000,1
L. Martina,O. K. Pashaev,1993,6
L. Martina,P. A. Horvathy,2002,2
L. Martina,P. C. Stichel,2003,1
L. Martucci,S. Cacciatori,2002,3
L. Martucci,S. L. Cacciatori,2002,1
L. Martucci,W. A. Sabra,2002,1
L. Masperi,R. Fiore,1993,1
L. Mcallister,S. Kachru,2002,1
L. Mersini,M. Bastero-Gil,2002,2
L. Mesref,T. Leonhardt,2001,1
L. Mesref,W. Ruehl,2000,2
L. Mesref,W. Ruhl,2001,2
L. Molinari,S. Stramaglia,1994,1
L. N. Epele,M. Marucho,2002,1
L. N. Granda,S. D. Odintsov,1996,4
L. N. Lipatov,L. Szymanowski,1994,2
L. N. Lipatov,R. Kirschner,1994,2
L. O. Raifeartaigh,V. V. Sreedhar,1998,1
L. Oraifeartaigh,M. Magro,1996,2
L. Oraifeartaigh,O. Schnetz,1996,1
L. Oraifeartaigh,P. Ruelle,1992,2
L. Oraifeartaigh,R. D. Sorkin,1992,1
L. Oraifeartaigh,R. Flume,1996,2
L. Oraifeartaigh,S. Sen,1992,1
L. Oraifeartaigh,S. Sen R. D. Sorkin,1995,1
L. Oraifeartaigh,S. Wolf,2000,1
L. Oraifeartaigh,V. V. Sreedhar,1997,6
L. Oraifeartaigh,W. D. Mcglinn,1992,2
L. P. Colatto,M. A. De Andrade,1995,4
L. P. Colatto,M. Hott,2002,1
L. P. Colatto,O. M. Del Cima,1995,3
L. P. Colatto,O. Piguet,1997,1
L. P. Colatto,Winder A. Moura-Melo,2002,1
L. P. Horwitz,M. C. Land,1993,3
L. P. Horwitz,N. Shnerb,1993,1
L. P. Horwitz,Oskar Pelc,1996,2
L. P. Horwitz,S. Tasaki,1993,1
L. P. Horwitz,Stephen L. Adler,1996,3
L. P. Horwitz,W. C. Schieve,1995,3
L. P. Horwitz,Y. Strauss,1997,2
L. P. Singh,Rajsekhar Bhattacharyya,2002,1
L. Palla,M. Kormos,2002,1
L. Palla,N. Mohammedi,1997,2
L. Palla,P. A. Horvathy,1994,4
L. Palla,P. Forgacs,1993,7
L. Palla,R. L. Karp,1996,1
L. Palla,Z. Bajnok,1992,9
L. Palla,Z. Horvath,1993,5
L. Paniak,P. Sodano,1997,1
L. Parkes,P. Candelas,1993,1
L. Perivolaropoulos,M. Axenides,2000,3
L. Pilo,M. Mintchev,1999,1
L. Pilo,R. Rattazzi,2000,1
L. Popp,M. Ertl,2002,1
L. Popp,M. Schweda,2000,11
L. Popp,M. Wickenhauser,2002,2
L. Popp,R. Wulkenhaar,2000,8
L. Popp,T. Pisar,2000,1
L. Popp,V. Putz,2002,3
L. Popp,Z. Morsli,2002,1
L. R. Baboukhadia,N. A. Kiknadze,1997,1
L. R. Huiszoon,N. Sousa,1999,2
L. R. U. Manssur,M. A. Santos,2000,1
L. R. U. Manssur,M. S. Cunha,1998,2
L. R. Williamson,R. L. Jaffe,1999,1
L. Rana,S. James Gates Jr.,1994,2
L. Rana,W. D. Linch Iii,2001,1
L. Randall,R. Von Unge,1998,1
L. Randall,S. B. Giddings,2000,1
L. Randall,Y. Shirman,1998,1
L. Rastelli,S. D. Mathur,1999,1
L. Rosa,O. V. Manko,1993,1
L. Rosa,P. Vitale,1998,2
L. Rosa,V. I. Manko,1993,2
L. Rosa,V. V. Dodonov,1993,1
L. S. Boulton,M. P. Garcia Del Moral,2001,1
L. S. Petropoulos,M. E. Convery,1993,1
L. S. Petropoulos,M. G. Knepley,1993,1
L. S. Petropoulos,R. W. Brown,1993,1
L. S. Petropoulos,S. A. Hotes,1993,1
L. Salasnich,S. Graffi,1994,2
L. Salasnich,V. R. Manfredi,1994,3
L. Saliu,S. O. Saliu,2000,2
L. Schuelke,Z. B. Li,1994,1
L. Schulke,Z. B. Li,1993,1
L. Silvestrini,M. Serone,2001,1
L. Solombrino,R. A. Leo,1998,1
L. Solombrino,V. Grassi,1998,1
L. Sorbo,R. Soldati,1998,1
L. Sow Cire,T. T. Truong,1995,1
L. Sriramkumar,R. Mukund,1997,1
L. Sriramkumar,T. Padmanabhan,1996,2
L. Stodolsky,Pierre Van Baal,2002,1
L. Stodolsky,V. I. Zakharov,2002,1
L. Susskind,L. Thorlacius,1992,7
L. Susskind,N. Seiberg,1997,3
L. Susskind,N. Toumbas,2000,4
L. Susskind,S. H. Shenker,1996,1
L. Susskind,T. Banks,1995,6
L. Susskind,V. Hubeny,2000,1
L. Susskind,W. Fischler,1996,6
L. Szymanowski,R. Kirschner,1994,3
L. T. Kelleyane,O. F. Dayi,2002,1
L. Tataru,M. Schweda,1994,2
L. Tataru,O. Moritsch,1994,2
L. Tataru,P. A. Blaga,1994,1
L. Tataru,Paul A. Blaga,1995,1
L. Tataru,S. P. Sorella,1993,1
L. Tataru,T. Sommer,1994,2
L. Tedesco,P. Cea,1994,2
L. Thorlacius,S. Ramgoolam,1996,1
L. Tomio,S. K. Adhikari,1997,1
L. Tomio,T. Frederico,1997,1
L. V. Avdeev,M. V. Chizhov,1993,2
L. V. Avdeev,M. Yu. Kalmykov,1994,2
L. V. Belvedere,N. A. Lemos,1995,4
L. V. Belvedere,R. L. P. G. Amaral,1995,4
L. V. Belvedere,R. L. P. G. Do Amaral,1998,2
L. Vaidman,S. Coleman,1993,1
L. Vaidman,S. Nussinov,1993,1
L. Vaidman,S. Popescu,1993,2
L. Vaidman,Y. Aharonov,1993,2
L. Vanzo,M. Caldarelli,2000,2
L. Vanzo,S. Zerbini,1995,5
L. Vergara,S. Lepe,2003,1
L. Von Smekal,R. Alkofer,2003,1
L. Wenham,R. Mohayaee,1995,1
L. Y. Hu,L. Z. Hu,2000,1
L. Zhao,M. Mintchev,1996,1
L. Zhao,P. Wang,2001,1
L. Zhao,X. M. Ding,1997,2
Lambodar P. Singh,Swapna Mahapatra,1995,1
Lando Caiani,Lapo Casetti,1997,1
Lando Caiani,Marco Pettini,1997,1
Lando Caiani,Raoul Gatto,1997,1
Lapo Casetti,Marco Pettini,1997,1
Lapo Casetti,Michele Modugno,1997,1
Lapo Casetti,Raoul Gatto,1997,2
Larisa Jonke,Marijan Milekovic,2001,1
Larisa Jonke,Stjepan Meljanac,2001,6
Larisa Jonke,Velimir Bardek,1998,2
Lars Brink,Martin Cederwall,1993,1
Lars Brink,Mikhail A. Vasiliev,1993,1
Lars Brink,Mikhail Vasiliev,1995,1
Lars Brink,Niclas Wyllard,1997,1
Lars Brink,P. Ramond,1999,1
Lars Brink,Pierre Ramond,2002,1
Lars Brink,Xiaozhen Xiong,2002,1
Lars Goerlich,Ralph Blumenhagen,1998,8
Lars Goerlich,Tassilo Ott,2002,1
Lars Kjaergaard,Paul Mansfield,1999,2
Larus Thorlacius,Leonard Susskind,1992,2
Larus Thorlacius,Paul Shocklee,2001,1
Larus Thorlacius,Peter Austing,2002,1
Larus Thorlacius,Sangmin Lee,1997,2
Larus Thorlacius,Thordur Jonsson,2002,1
Laszlo Palla,Robert L. Karp,2000,1
Laszlo Palla,Zalan Horvath,2000,1
Laur Jarv,Lisa M. Dyson,2001,1
Laura Andrianopoli,Leonardo Gualtieri,2000,1
Laura Andrianopoli,Martijn Derix,1999,1
Laura Andrianopoli,Pietro Fre,2000,1
Laura Andrianopoli,Riccardo Dauria,2001,2
Laura Andrianopoli,Sergio Ferrara,1998,3
Laura Andrianopoli,Silvia Vaula`,2001,1
Laura Mersini,Mar Bastero-Gil,2001,1
Laura Mersini,Paul H. Frampton,2001,1
Laura Mersini,Roberto Casadio,2002,1
Laura Mersini,Sean M. Carroll,2001,1
Laura Pomerance,Mark G. Jackson,2002,1
Laura Pomerance,Sharad Shrivastava,2002,1
Laura Tamassia,Silvia Penati,2001,1
Laurence G. Yaffe,Pavel Kovtun,2003,1
Laurent Baulieu,Marc Bellon,2001,3
Laurent Baulieu,Martin Schaden,1996,2
Laurent Baulieu,Michael B. Green,1996,2
Laurent Baulieu,Nikita Nekrasov,1999,2
Laurent Baulieu,Nobuyoshi Ohta,1996,1
Laurent Baulieu,Peter West,1998,1
Laurent Baulieu,Romain Attal,1994,1
Laurent Houart,Paul Windey,1995,3
Laurent Houart,Yolanda Lozano,1999,4
Laurent Nottale,Marie-Noelle Celerier,2001,2
Lawrence J. Hall,Riccardo Barbieri,2001,1
Lawrence J. Hall,Steven J. Oliver,2003,1
Lawrence J. Hall,Takemichi Okui,2003,1
Lawrence J. Hall,Yasunori Nomura,2001,3
Lay Nam Chang,Naotoshi Okamura,2001,4
Lay Nam Chang,Saifuddin Rayyan,2002,2
Lay Nam Chang,Sandor Benczik,2002,2
Lay Nam Chang,Tatsu Takeuchi,2001,4
Lee Brekke,Michael J. Dugan,1994,1
Lee Brekke,Shane J. Hughes,1993,1
Lee Brekke,Sterrett J. Collins,1997,1
Lee Brekke,Tom D. Imbo,1992,4
Lee Smolin,Matthias Arnsdorf,2001,1
Lee Smolin,Stephon Alexander,2001,1
Lee Smolin,Stuart Kauffman,1998,1
Lee Smolin,Yi Ling,1999,4
Leith Cooper,Richard J. Szabo,1997,1
Leon Takhtajan,Moshe Flato,1996,1
Leon Takhtajan,Rupak Chatterjee,1995,1
Leonard Parker,Sukanta Bose,1995,2
Leonard Parker,Yoav Peleg,1995,2
Leonard Susskind,Lisa Dyson,2002,2
Leonard Susskind,Lubos Motl,1997,1
Leonard Susskind,Matthew Kleban,2002,3
Leonard Susskind,Naureen Goheer,2002,1
Leonard Susskind,Nemanja Kaloper,2000,3
Leonard Susskind,Nicolaos Toumbas,1999,5
Leonard Susskind,Renata Kallosh,1995,1
Leonard Susskind,Savdeep Sethi,1997,1
Leonard Susskind,Simeon Hellerman,2001,2
Leonard Susskind,Stephen Shenker,2002,1
Leonardo Castellani,Marco A. R-Monteiro,1993,1
Leonardo Castellani,Paolo Aschieri,1992,2
Leonardo Gualtieri,Marc Henneaux,2000,2
Leonardo Gualtieri,Nicolas Boulanger,2000,3
Leonardo Gualtieri,Piet Termonia,1999,2
Leonardo Gualtieri,Pietro Fre,1999,3
Leonardo Gualtieri,Pietro Fre`,1999,1
Leonardo Gualtieri,Thibault Damour,2000,2
Leonardo Modesto,Pietro Fr`E,2002,1
Leonardo Modesto,Pietro Fre,2002,1
Leonardo Patino,Octavio Obregon,2003,1
Leonardo Rastelli,Mark Van Raamsdonk,2000,1
Leonardo Rastelli,Nissan Itzhaki,2003,1
Leonardo Rastelli,Samir D. Mathur,1998,5
Leonardo Setaro,Rodolfo Gambini,1993,1
Leopoldo A. Pando Zayas,Martin B. Einhorn,2000,1
Leopoldo A. Pando Zayas,Matthew J. Strassler,2002,1
Leopoldo A. Pando Zayas,Mikhail Z. Iofa,1997,4
Leopoldo Milano,Luciano Di Fiore,2003,1
Leopoldo Milano,Luigi Rosa,2003,1
Leping Han,Marco Falcioni,1993,1
Leping Han,Mark Bowick,1992,2
Leping Han,Paul Coddington,1992,2
Leszek Hadasz,Pawel Wegrzyn,1994,1
Leszek Hadasz,Tomasz Rog,1996,1
Leszek Hadasz,Zbigniew Jaskolski,2002,2
Leung Chim,Paul A. Pearce,2000,2
Leung Chim,Peter Bouwknegt,1999,1
Lev Kofman,Renata Kallosh,1999,4
Lev Kofman,Shinji Mukohyama,2001,1
Lev Kofman,V. Mukhanov,2002,1
Lev Vaidman,Sandu Popescu,1993,1
Lev Vaidman,Yakir Aharonov,1993,4
Levon Pogosian,Mark Wyman,2003,1
Levon Pogosian,S.-H. Henry Tye,2003,1
Levon Pogosian,Tanmay Vachaspati,2001,3
Leznov A. N.,Yuzbashyan E. A,1997,1
Li Jiarong,Zheng Xiaoping,1997,1
Li Xianhui,Yang Ze-Sen,1999,1
Li Xianhui,Zhong Yushu,1999,1
Li Xianhui,Zhou Zhining,1999,1
Li-Bin Fu,Yi-Shi Duan,2001,1
Li-Hui Xue,Ru-Keng Su,2002,1
Li-Hui Xue,W-Y. P. Hwang,2003,1
Li-Hui Xue,Xinmin Zhang,2003,1
Lialia Nikitina,Stanislav Klimenko,2001,1
Lian-You Shan,Ying-Hui Cao,1999,1
Liang-Gang Liu,Wei Chen,1998,1
Liang-Gang Liu,Xiang-Qian Luo,1998,1
Liat Maoz,Marc Henneaux,1999,1
Liat Maoz,Oleg Lunin,2002,1
Libin Fu,Xin Liu,1999,1
Libin Fu,Yishi Duan,1999,5
Lies De Fosse,Paul Koerber,2001,1
Lilia Anguelova,Martin Rocek,2002,1
Lilia Anguelova,Stefan Vandoren,2002,1
Lin He,Wu Ji-Min,1999,1
Lin Zhang,Yi Cheng,1997,1
Lin-Yuan Chen,Nigel Goldenfeld,1995,1
Lin-Yuan Chen,Y. Oono,1995,1
Ling-Lie Chau,Oleg Zaboronsky,1997,1
Lionel Carminati,Thomas Schucker,1996,3
Lisa Dyson,Matthew Kleban,2002,1
Lisa Everett,Mirjam Cvetic,1998,1
Lisa Everett,Paul Langacker,1998,1
Lisa Randall,Massimo Porrati,2000,1
Lisa Randall,Matthew D. Schwartz,2001,3
Lisa Randall,Neal Weiner,2002,1
Lisa Randall,Nima Arkani-Hamed,2000,3
Lisa Randall,Paolo Creminelli,2003,2
Lisa Randall,Raman Sundrum,1998,2
Lisa Randall,Raphael Bousso,2001,1
Lisa Randall,Robert Leigh,1996,1
Lisa Randall,Veronica Sanz,2002,1
Lisa Randall,Witold Skiba,1996,2
Lisa Randall,Yael Shadmi,2002,1
Liu Chao,Wenli Yang,1995,1
Liu Chao,Yanshen Wang,1995,1
Liu Yufen,Ma Zhongqi,1999,1
Liu Zhao,Pei Wang,1997,1
Liu Zhao,Wenli He,2001,2
Liviu Tatar,Radu Tatar,1997,1
Liviu Tataru,Radu Tatar,1998,1
Lochlainn Oraifeartaigh,Michael Thies,2000,1
Lochlainn Oraifeartaigh,Mikhail V. Saveliev,1992,1
Lorenzo Cornalba,Miguel S. Costa,2001,2
Lorenzo Cornalba,Ricardo Schiappa,1999,3
Lorenzo Cornalba,Washington Taylor,1998,1
Lorenzo Fatibene,Marco Cavaglia,1998,1
Lorenzo Fatibene,Marco Ferraris,1998,1
Lorenzo Fatibene,Marco Raiteri,1998,1
Lorenzo Fatibene,Mauro Francaviglia,1998,2
Lorenzo Hernandez,Manuel Donaire,2000,1
Lorenzo Hernandez,Pedro Resco,2001,1
Lorenzo Leal,Pio J. Arias,1996,2
Lorenzo Leal,Rolando Gaitan,1996,1
Lorenzo Leal,Ryan Revoredo,2001,1
Lorenzo Magnea,Paolo Di Vecchia,1996,3
Lorenzo Magnea,Raffaele Marotta,1996,3
Lorenzo Magnea,Rodolfo Russo,1996,4
Lorenzo Sorbo,Marco Peloso,2001,1
Lorenzo Sorbo,Maria Rodriguez-Martinez,2002,1
Lorenzo Sorbo,Roberto Soldati,1998,2
Lori Paniak,Nathan Weiss,1995,1
Louis Crane,Louis H. Kauffman,1993,3
Louis Paulot,Pierre Henry-Labord`Ere,2002,1
Louis Paulot,Pierre Henry-Labordere,2002,2
Louis Witten,Richard Gass,1992,1
Louis Witten,Robert L Karp,2001,1
Louis-Pierre Arguin,Yvan Saint-Aubin,2001,1
Louise C. Martin,Victor M. Villanueva Sandoval,2003,1
Lu,M. Cvetic,1999,1
Lu Yu,P. A. Marchetti,1996,1
Lu Yu,Zhao-Bin Su,1996,1
Lubna Rana,R. Dhanawittayapol,1996,1
Lubna Rana,S. James Gates,1994,8
Lubna Rana,S. James Gates Jr.,1996,1
Lubos Motl,Matthew Headrick,2002,1
Lubos Motl,Michael Dine,2000,1
Lubos Motl,Neil R. Constable,2002,1
Lubos Motl,Nima Arkani-Hamed,2001,1
Lubos Motl,Ori Ganor,1998,1
Lubos Motl,Shiraz Minwalla,2002,1
Lubos Motl,Tom Banks,1997,5
Lubos Motl,Willy Fischler,1998,1
Lubos Motl,Witold Skiba,2002,1
Luca Carlevaro,Maxime Bagnoud,2002,1
Luca Griguolo,Massimo Pietroni,2001,2
Luca Lusanna,Massimo Pauri,2000,1
Luca Lusanna,Paolo Valtancoli,1996,2
Luca Martucci,Pedro J. Silva,2002,3
Luca Mazzucato,Marco Matone,2002,1
Luca Mazzucato,Mario Tonin,2002,1
Luca Mezincescu,M. T. Grisaru,1994,1
Luca Mezincescu,P. K. Townsend,1992,1
Luca Mezincescu,Paul K. Townsend,2003,1
Luca Mezincescu,Rafael I. Nepomechie,1992,14
Luca Mezincescu,Simone Artz,1994,2
Luca Molinari,Sebastiano Stramaglia,1995,1
Luca Vergnano,Paolo Valtancoli,1997,1
Luciano Di Fiore,Luigi Rosa,2003,1
Luciano Girardello,Massimo Porrati,1995,1
Luciano Girardello,Paolo Soriani,1994,1
Luciano Girardello,Pietro Fre,1994,1
Luciano Vanzo,Sergio Zerbini,1993,8
Luciano Vanzo,Valter Moretti,1995,1
Ludde Edgren,Niclas Sandstrom,2002,1
Ludmil Hadjiivanov,Paolo Furlan,2000,1
Ludmil Hadjiivanov,Todor Popov,2001,1
Ludmil K. Hadjiivanov,Paolo Furlan,1996,2
Ludwik Dabrowski,Pasquale Siniscalco,1997,1
Ludwik Dabrowski,Preeti Parashar,1994,1
Ludwik Dabrowski,Thomas Krajewski,2000,1
Luigi Cantini,Pietro Menotti,2000,4
Luigi Del Debbio,Paolo Rossi,2001,2
Luigi Pilo,Mihail Mintchev,1999,2
Luigi Pilo,Stavros Mouslopoulos,2001,1
Luigi Tedesco,Paolo Cea,1996,3
Luis A. Cabral,Victor O. Rivelles,1999,1
Luis Alvarez-Gaume,M. Becker,1992,1
Luis Alvarez-Gaume,Marcos Marino,1996,3
Luis Alvarez-Gaume,R. Emparan,1992,1
Luis Alvarez-Gaume,Spenta R. Wadia,2000,1
Luis Alvarez-Gaume,Yolanda Lozano,1994,1
Luis Anchordoqui,Marta Trobo,2001,1
Luis Anchordoqui,Martin Schvellinger,2001,1
Luis Anchordoqui,Santiago Perez Bergliaffa,2001,1
Luis F. Urrutia,R. Montemayor,2001,3
Luis F. Urrutia,Ricardo Medina,1994,2
Luis F. Urrutia,Roman Linares,2000,2
Luis J. Garay,Marc Henneaux,1995,2
Luis J. Garay,Maximo Banados,1995,2
Luis J. Garay,Pedro F. Gonzalez-Diaz,1996,1
Luis M. Nieto,Oscar Rosas-Ortiz,1995,1
Luisa Doplicher,Michele Arzano,2002,1
Luisa Doplicher,Soonkeon Nam,2001,1
Luisa Doplicher,Yun-Seok Seo,2001,1
Luiz A. Ferreira,Orlando Alvarez,1997,1
Luiz A. Manzoni,Walter F. Wreszinski,2001,1
Luiz C. De Albuquerque,Nelson A. Alves,1999,1
Luiz C. De Albuquerque,R. M. Cavalcanti,2001,2
Luiz C. Q. Vilar,Nicola Maggiore,1998,1
Luiz C. Q. Vilar,Silvio P. Sorella,1998,1
Luiz Claudio M. De Albuquerque,Silvio J. Rabello,1993,1
Luiz Claudio Queiroz Vilar,Marcelo Carvalho,1994,1
Luiz Claudio Queiroz Vilar,S. P. Sorella,1994,1
Luka Sustersic,Marijan Ribaric,1997,7
Lukas Nellen,Michael G. Schmidt,1995,2
Lukas Nellen,Myriam Mondragon,1995,2
Lukas Popp,Manfred Schweda,2001,1
Lukas Popp,Raimar Wulkenhaar,2001,1
Lusheng Chen,Mario Belloni,1995,2
Lusheng Chen,Y. S. Choi,1999,1
Lutz Moller,Peter Schupp,2001,1
Lutz Moller,Stefan Schraml,2001,1
M Govender,N Dadhich,2001,1
M L Roberts,R Delbourgo,2003,1
M Lavelle,R Horan,2002,1
M Lledo,M. Caicedo,2002,1
M T Batchelor,V Fridkin,1996,1
M T Batchelor,Y K Zhou,1996,1
M Tomaselli,S. Fritzsche,2002,1
M Tomaselli,T. Kuehl,2002,1
M Tomaselli,W. Noertershaeuser,2002,1
M. A,R.,1993,1
M. A,Valle Basagoiti,1993,1
M. A. Aguilar,M. Socolovsky,1998,1
M. A. Anacleto,R. F. Ribeiro,2000,2
M. A. C. Kneipp,N. Dorey,1995,2
M. A. C. Kneipp,P. R. Johnson,1994,1
M. A. C. Kneipp,T. J. Hollowood,1995,2
M. A. De Andrade,M. A. Santos,2001,2
M. A. De Andrade,M. Rojas,1999,2
M. A. De Andrade,O. M. Del Cima,1994,6
M. A. De Andrade,O. Piguet,1997,1
M. A. Del Olmo,M. A. Rodriguez,1994,1
M. A. Del Olmo,M. De Montigny,1993,1
M. A. Del Olmo,M. Santander,1993,8
M. A. Del Olmo,N. A. Gromov,1994,1
M. A. Del Olmo,N. Aizawa,2002,1
M. A. Del Olmo,P. Winternitz,1994,1
M. A. Gonzalez Leon,M. De La Torre Mayado,2002,1
M. A. Gonzalez Leon,W. Garcia Fuertes,2002,3
M. A. Grebeniuk,S.-W. Kim,2001,1
M. A. Grebeniuk,V. D. Ivashchuk,1998,3
M. A. Grebeniuk,V. N. Melnikov,2002,1
M. A. Grigoriev,S. L. Lyakhovich,2000,2
M. A. Guest,M. Furuta,1993,1
M. A. Guest,M. Kotani,1993,1
M. A. Guest,Y. Ohnita,1993,2
M. A. Jafarizadeh,S. K. Moayedi,1999,1
M. A. Lledo,R. Dauria,1998,9
M. A. Lledo,S. Ferrara,1998,12
M. A. Lledo,V. S. V. Varadarajan,1998,1
M. A. Lledo,V. S. Varadarajan,2000,2
M. A. M. Gomes,R. R. Landim,2000,1
M. A. Manko,Manko,1994,1
M. A. Manko,N. A. Ansari,1994,1
M. A. Manko,Nadeem A. Ansari,1993,1
M. A. Manko,R. Romano,1994,1
M. A. Manko,S. Solimeno,1993,2
M. A. Manko,V. I. Manko,1993,1
M. A. Mestvirishvili,S. S. Gershtein,1997,1
M. A. Muschietti,R. E. Gamboa Saravi,1996,1
M. A. Olshanetsky,V. A. Dolgushev,2003,1
M. A. Olshanetsky,V.-B. K. Rogov,1993,1
M. A. R. Osorio,M. A. Vazquez-Mozo,1992,6
M. A. R. Osorio,Manuel A. Cobas,2002,1
M. A. R. Osorio,Marco Laucelli Meana,1997,3
M. A. R. Osorio,Maria Suarez,2000,2
M. A. Rego-Monteiro,V. B. Bezerra,2002,1
M. A. Rodr I Guez-Segura,M. Socolovsky,1994,1
M. A. Rodriguez,P. Winternitz,1994,1
M. A. Rodriguez,R. Zhdanov,2001,3
M. A. Shifman,M. B. Voloshin,1997,1
M. A. Singer,N. S. Manton,2002,1
M. A. Soloviev,V. Ya. Fainberg,1992,1
M. A. Vasiliev,O. A. Gelfond,2003,1
M. A. Vasiliev,O. V. Dodlov,1993,1
M. A. Vasiliev,O. V. Shaynkman,2000,2
M. A. Vasiliev,R. R. Metsaev,2000,1
M. A. Vasiliev,S. E. Konstein,1993,3
M. A. Vasiliev,S. F. Prokushkin,1996,1
M. A. Vasiliev,S. Konstein,1993,1
M. A. Vasiliev,T. H. Hansson,1992,2
M. A. Vasiliev,V. E. Didenko,2003,1
M. A. Vasiliev,V. N. Zaikin,2000,1
M. A. Vazquez-Mozo,Ruth Lazkoz,1997,1
M. A. Walton,M. Tahic,2002,1
M. A. Walton,P. Mathieu,1992,6
M. A. Walton,P. Ruelle,1995,1
M. A. Walton,S. E. Irvine,2000,1
M. A. Walton,T. Gannon,1994,3
M. A. Zubkov,M. I. Polikarpov,1995,1
M. A. Zubkov,M. N. Chernodub,1995,1
M. Abolhassani,M. Khorrami,1994,1
M. Ademollo,M. Ciafaloni,1992,1
M. Adler,P. Van Moerbeke,1996,2
M. Adler,T. Shiota,1996,2
M. Aguado,M. Asorey,2000,3
M. Alexandrov,M. Kontsevich,1995,1
M. Alexandrov,O. Zaboronsky,1995,1
M. Alimohammadi,M. Khorrami,1996,8
M. Alves,M. Novello,2002,1
M. Alves,V. B. Bezerra,2000,1
M. Ameduri,R. Konik,1995,1
M. Araki,Y. Tanii,1996,2
M. Arik,R. M. Mir-Kasimov,1995,1
M. Arik,S. Gun,2002,1
M. Arik,T. Rador,1995,1
M. Arik,U. Kayserilioglu,2002,2
M. Arik,V. Gabay,1993,1
M. Asorey,R. Fernandez J. Salas,1992,1
M. Asorey,S. Carlip,1993,1
M. B. Altaie,M. R. Setare,2003,1
M. B. D. Silva Maia Porto,S. P. Sorella,1998,1
M. B. D. Silva Maia Porto,V. E. R. Lemes,1998,1
M. B. Green,M. De Roo,1996,1
M. B. Green,M. Gutperle,1996,3
M. B. Green,N. D. Lambert,1996,1
M. B. Green,P. Bain,1999,1
M. B. Green,P. K. Townsend,1995,3
M. B. Green,P. Vanhove,1997,1
M. B. Halpern,N. A. Obers,1992,8
M. B. Halpern,N. Obers,1995,1
M. B. Halpern,N. Sochen,1994,1
M. B. Halpern,O. Ganor,2002,1
M. B. Halpern,S. Giusto,2001,1
M. B. Hindmarsh,N. Mcnair,2001,2
M. B. Johnson,T. Goldman,1993,3
M. B. Jonnson,T. Goldman,1993,1
M. B. Paranjape,P. K. Panigrahi,1993,1
M. B. Paranjape,P. W. Irwin,1999,2
M. B. Paranjape,R. B. Mackenzie,1993,2
M. B. Paranjape,R. Mackenzie,1994,1
M. B. Paranjape,Robin Ross,1993,1
M. B. Paranjape,T. Gisiger,1993,3
M. B. Sedra,M. Bennai,2000,1
M. B. Sedra,M. Hssaini,2000,1
M. B. Silva Neto,N. D. Vlachos,1999,1
M. B. Silva Neto,N. F. Svaiter,1997,2
M. B. Silva Neto,S. A. Dias,1996,1
M. B. Silva-Neto,N. F. Svaiter,1997,1
M. B. Voloshin,S. V. Troitsky,1998,1
M. Baig,R. Siri,1995,1
M. Baker,R. Steinke,2002,1
M. Banados,M. Ortiz,1998,2
M. Banados,N. Grandi,2001,1
M. Banados,O. Chandia,2001,2
M. Banados,T. Brotz,1998,1
M. Bando,S. Tanimura,1996,1
M. Bando,Y. Taniguchi,1996,1
M. Barrio,R. Helling,1998,1
M. Bauer,N. Sochen,1992,1
M. Bauer,P. E. Haagensen,1994,1
M. Bauer,P. Ruelle,1996,1
M. Becker,R. Emparan,1992,1
M. Becker,Y. Oz,1996,1
M. Becker,Z. Yin,1996,1
M. Bellon,S. Boukraa,1993,1
M. Bennai,M. Hssaini,2000,1
M. Berg,P. Bain,2000,1
M. Berg,P. Cartier,2001,1
M. Berkooz,N. Seiberg,1997,2
M. Berkooz,O. Aharony,1997,2
M. Berkooz,P. J. Steinhardt,1995,2
M. Berkooz,R. G. Leigh,1996,1
M. Berkooz,S. H. Shenker,1995,1
M. Berkooz,S. Kachru,1997,1
M. Berkooz,Soo-Jong Rey,1998,1
M. Berkooz,T. Banks,1995,2
M. Bershadsky,N. Berkovits,1999,1
M. Bershadsky,N. P. Warner,1992,2
M. Bershadsky,S. Cecotti,1993,2
M. Bershadsky,S. Kachru,1996,1
M. Bershadsky,S. Zhukov,1999,1
M. Bershadsky,T. Hauer,1999,1
M. Bershadsky,T. M. Chiang,1997,1
M. Bershadsky,T. Pantev,1996,1
M. Bershadsky,V. Sadov,1995,5
M. Bershadsky,W. Lerche,1992,2
M. Bertola,R. Schaeffer,1999,2
M. Bertola,U. Moschella,1999,2
M. Bertola,V. Gorini,2000,1
M. Bertolini,M. Frau,2000,4
M. Bertolini,M. Trigiante,1998,7
M. Bertolini,N. A. Obers,2002,2
M. Bertolini,P. Di Vecchia,2000,6
M. Bertolini,P. Fre,1996,4
M. Bertolini,P. Fre`,1998,3
M. Bertolini,P. Merlatti,2002,1
M. Bertolini,P. Salomonson,2001,1
M. Bertolini,R. Dauria,1994,3
M. Bertolini,R. Iengo,1998,2
M. Bertolini,R. Marotta,2000,6
M. Bertolini,R. Russo,2000,1
M. Bertolini,S. Ferrara,1994,3
M. Bertolini,T. Harmark,2002,2
M. Bertolini,T. Magri,1996,1
M. Bertolini,V. L. Campos,2001,1
M. Beyer,S. Mattiello,2001,1
M. Beyer,T. Frederico,2001,1
M. Bianchi,M. Martellini,1994,4
M. Bianchi,S. Kovacs,2000,1
M. Bianchi,Ya. S. Stanev,1996,2
M. Billo,M. Caselle,1996,5
M. Billo,M. Frau,1998,3
M. Billo,P. Di Vecchia,1998,2
M. Billo,P. Fre,1992,5
M. Billo,P. Provero,1998,5
M. Billo,P. Soriani,1995,2
M. Billo,R. Dauria,1995,2
M. Billo,R. Russo,1998,3
M. Billo,S. Ferrara,1995,2
M. Billo,S. Panzeri,1996,1
M. Billo,S. Sciuto,1998,2
M. Billo,T. Regge,1995,1
M. Billo`,P. Fre`,2000,2
M. Billo`,P. Merlatti,2000,2
M. Blagojevic,M. Vasilic,1993,4
M. Blagojevic,T. Vukasinac,1993,2
M. Blagojevic,T. Vukav Sinac,1993,2
M. Blasone,O. K. Pashaev,1996,1
M. Bonini,M. Dattanasio,1993,7
M. Bonini,M. Simionato,1996,2
M. Bordag,M. Hellmund,1999,1
M. Bordag,P. Van Nieuwenhuizen,2002,1
M. Bordag,S. Leseduarte,1996,1
M. Bordag,S. Voropaev,1993,1
M. Bordag,V. M. Mostepanenko,1997,1
M. Bordag,V. Skalozub,1999,4
M. Bordag,V. V. Nesterenko,1998,3
M. Bordemann,M. Forger,1992,2
M. Bordemann,R. Suter,1999,1
M. Bordemann,U. Schaeper,1992,1
M. Bordemann,U. Schaper,1992,1
M. Borhani,R. Mansouri,2003,1
M. Borhani,S. Khakshournia,2003,1
M. Borunda,M. Ruiz-Altaba,1998,1
M. Borunda,M. Serone,2002,1
M. Borunda,M. Trapletti,2002,1
M. Botta Cantcheff,Pablo Minces,2002,1
M. Bouhmadi-Lopez,P. F. Gonzalez-Diaz,2001,3
M. Bourdeau,M. R. Douglas,1993,1
M. Bowick,V. John,1996,1
M. Boz,N. K. Pak,2000,1
M. Bremer,M. J. Duff,1998,1
M. Buric,V. Radovanovic,2001,1
M. Burkardt,S. Tsujimaru,1998,1
M. C. B. Abdalla,M. Stanishkov,1993,1
M. C. B. Abdalla,O. H. G. Branco,1993,1
M. C. Baldiotti,V. G. Bagrov,2001,1
M. C. Bento,O. Bertolami,2002,1
M. C. Birse,S. R. Beane,1998,1
M. C. Diamantini,P. Sodano,1993,4
M. C. Falleiros,Z. G. Kuznetsova,2001,1
M. C. Land,N. Shnerb,1993,1
M. C. Nemes,M. Sampaio,2000,3
M. C. Nemes,Marcos Sampaio,1998,2
M. C. Nemes,O. A. Battistel,1998,2
M. C. Nemes,P. C. R. C. Mello,1993,1
M. C. Nemes,P. C. R. Cardoso De Mello,1996,1
M. C. Nemes,S. C. S. Silva,1993,1
M. C. Nemes,S. Carneiro,1996,1
M. C. Nemes,S. Gobira,2002,1
M. C. Nemes,S. R. Gobira,2001,3
M. C. Nemes,Saulo C. S. Silva,1993,4
M. C. Rocca,T. Escobar,1998,1
M. C. Von Reichenbach,M. L. Trobo,1994,2
M. Cadoni,M. Cavaglia,2001,2
M. Cadoni,P. Carta,2000,9
M. Cadoni,S. Mignemi,1993,10
M. Cadoni,S. Monni,1995,1
M. Caffo,S. Laporta,1998,2
M. Caldarelli,S. Zerbini,2000,1
M. Calixto,M. Navarro,1996,3
M. Calixto,V. Aldaya,1994,16
M. Calixto.,M. Navarro,1995,1
M. Calixto.,V. Aldaya,1995,1
M. Campostrini,M. Hasenbusch,2000,1
M. Campostrini,P. Rossi,1995,2
M. Campostrini,R. C. Brower,1995,1
M. Carfora,M. Martellini,1992,1
M. Carfora,M. Oloughlin,2001,1
M. Carfora,U. Bruzzo,1994,1
M. Carvalho,M. W. De Oliveira,1996,2
M. Carvalho,S. P. Sorella,1995,2
M. Caselle,M. Hasenbusch,1999,4
M. Caselle,N. Magnoli,1999,2
M. Caselle,P. Calabrese,2000,1
M. Caselle,P. Grinza,1999,2
M. Caselle,P. Provero,1998,5
M. Caselle,S. Panzeri,1992,5
M. Caselle,S. Vinti,1993,1
M. Cassandro,P. K. Mitter,1993,1
M. Cataldo,N. Cruz,2000,1
M. Cataldo,P. Minning,2002,1
M. Cataldo,P. Salgado,2002,1
M. Cataldo,S. Del Campo,2000,1
M. Cavaglia,P. Carta,2001,2
M. Cavaglia,S. Mignemi,2001,2
M. Cavicchi,P. Di Vecchia,1993,1
M. Cederwall,P. K. Townsend,1997,1
M. Chabab,N. El Biaze,2001,1
M. Chabab,R. Markazi,2000,2
M. Chaichian,M. Gogberashvili,2000,1
M. Chaichian,M. Hayashi,1995,1
M. Chaichian,M. M. Sheikh-Jabbari,2000,6
M. Chaichian,M. Tsulaia,2001,1
M. Chaichian,M. Vargas,1993,1
M. Chaichian,P. Kulish,1992,1
M. Chaichian,P. Presnajder,1998,7
M. Chaichian,P. Prevsnajder,1996,2
M. Chaichian,R. Gonzales Felipe,1993,2
M. Chaichian,R. Gonzalez Felipe,1993,5
M. Chaichian,T. Kobayashi,2000,1
M. Chaichian,V. Ya. Fainberg,1997,1
M. Chaichian,W. F. Chen,1996,11
M. Chaichian,Z. Berezhiani,2001,1
M. Chaichian,Z. Y. Zhu,1996,1
M. Chaichian,Z.-H. Yu,2001,1
M. Chemtob,P. Brax,1994,1
M. Christensen,V. P. Frolov,1998,2
M. Chu,P. Goddard,1994,1
M. Ciafaloni,P. Valtancoli,1995,4
M. Cirafici,S. Profumo,2002,1
M. Comi,P. Butera,2001,1
M. Consoli,P. Cea,1995,2
M. Consoli,P. M. Stevenson,1996,1
M. Consoli,R. Fiore,1995,2
M. Costantini,M. Varagnolo,1994,1
M. Crescimanno,R. Brooks,1992,1
M. Crescimanno,S. G. Naculich,1996,1
M. Crescimanno,S. Naculich,1995,1
M. Crescimanno,W. Taylor,1994,1
M. Cvetic,M. J. Duff,1999,2
M. Cvetic,N. D. Lambert,2002,1
M. Cvetic,P. Hoxha,1999,1
M. Cvetic,P. Langacker,1997,1
M. Cvetic,P. Wagner,2002,1
M. Cvetic,R. Martinez-Acosta,1999,1
M. Cvetic,S. D. Odintsov,2001,1
M. Cvetic,S. Griffies,1992,1
M. Cvetic,S. Nojiri,2001,1
M. Cvetic,S. S. Gubser,1999,1
M. Cvetic,T. A Tran,1999,2
M. Cvetic,T. A. Tran,1999,3
M. Cvetic,W. A. Sabra,1995,2
M. Cvetic,Z. W. Chong,2002,1
M. Cvetiv C,P. Langacker,1999,1
M. Cvetiv C,R. L. Davis,1992,1
M. Cvetivc,R. Davis,1992,1
M. Cvetivc,S. Griffies,1992,1
M. Cvitan,P. Prester,2002,2
M. Cvitan,S. Pallua,2002,2
M. D. Freeman,P. West,1992,4
M. D. Gould,Y.-Z. Zhang,1993,1
M. D. Maia,V. B. Bezerra,2001,1
M. D. Scadron,P. Zenczykowski,2001,1
M. Daoud,M. Mansour,2000,1
M. Daoud,Y. Hassouni,2000,1
M. Daszkiewicz,Z. Hasiewicz,1997,2
M. Daszkiewicz,Z. Jaskolski,1997,2
M. De Francia,M. Loewe,1994,3
M. De Innocentis,R. S. Ward,2001,1
M. De Montigny,M. Santander,1993,1
M. De Roo,M. G. C. Eenink,2002,1
M. De Roo,P. K. Townsend,1996,1
M. De Roo,S. Panda,1993,6
M. De Roo,T. C. De Wit,2000,1
M. De Roo,T. Tjin,1993,1
M. Degli Esposti,R. Giachetti.,1995,1
M. Degli Esposti,S. De Bievre,1995,1
M. Derix,P. Claus,1998,1
M. Derix,P. K. Townsend,1998,1
M. Derix,R. Kallosh,1998,1
M. Desoil,Y. Brihaye,2000,1
M. Dine,R. G. Leigh,1992,1
M. Dine,T. Banks,1994,2
M. Disertori,V. Rivasseau,1998,1
M. Dobroliubov,N. Weiss,1993,1
M. Dorca,M. Parry,2000,1
M. Dorca,R. H. Brandenberger,2000,1
M. Doresic,S. Meljanac,1993,2
M. Doresic,V. Bardek,1993,2
M. Dubois-Violette,M. Henneaux,1992,1
M. Dubois-Violette,M. Talon,1992,1
M. Dubois-Violette,P. Furlan,1999,1
M. Dubois-Violette,P. N. Pyatov,1999,1
M. E. Carrington,Markus H. Thoma,1998,1
M. E. Carrington,R. Kobes,1999,1
M. E. Carrington,U. Heinz,1996,1
M. E. Carrington,W. F. Chen,1999,1
M. E. Convery,M. G. Knepley,1993,1
M. E. Convery,R. W. Brown,1993,1
M. E. Convery,S. A. Hotes,1993,1
M. E. Fouladvand,V. Popkov,2002,1
M. E. Knutt,M. T. Grisaru,2000,1
M. E. Knutt,S. J. Gates,2000,1
M. E. Knutt,S. Penati,2000,1
M. E. Knutt-Wehlau,M. Kamela,1998,1
M. E. Knutt-Wehlau,M. Rocek,1996,1
M. E. Knutt-Wehlau,M. T. Grisaru,1996,2
M. E. Knutt-Wehlau,M. Zebarjad,1998,1
M. E. Knutt-Wehlau,O. A. Soloviev,1996,1
M. E. Knutt-Wehlau,P. Page,1998,1
M. E. Knutt-Wehlau,R. B. Mann,1998,2
M. E. Knutt-Wehlau,S. J. Gates Jr.,1996,1
M. E. Noz,Y. S. Kim,1997,1
M. E. Ortiz,S. D. Mathur,1994,1
M. E. Ortiz,T. M. Samols,1992,1
M. E. Wehlau,M. T. Grisaru,1995,4
M. E. Wehlau,S. J. Gates,1995,1
M. El Baz,Y. Hassouni,2003,1
M. Engelhardt,M. Faber,2000,1
M. Engelhardt,M. Quandt,1999,1
M. Ertl,M. Schweda,2002,1
M. Ertl,R. Wulkenhaar,2002,1
M. Ertl,T. Strobl,2000,2
M. Ertl,V. Putz,2002,1
M. Ertl,W. Kummer,2000,2
M. Evans,V. Ogievetsky,1992,1
M. F. Ertl,M. O. Katanaev,1997,1
M. F. Ertl,W. Kummer,1997,1
M. F. Jorgensen,P. L. Christiansen,1995,1
M. F. Jorgensen,V. B. Kuznetsov,1995,1
M. F. Mourad,R. Sasaki,1995,1
M. Fabbrichesi,M. Piai,2002,1
M. Fabbrichesi,M. Serone,2002,1
M. Fabbrichesi,R. Iengo,1992,2
M. Fabbrichesi,R. Percacci,2002,1
M. Fabbrichesi,R. Pettorini,1993,1
M. Faber,M. Zach,1998,3
M. Faber,N. I. Troitskaya,1997,7
M. Fabinger,O. Aharony,2002,1
M. Faux,P. Claus,1995,4
M. Faux,P. Termonia,1995,4
M. Faux,R. Brustein,1993,6
M. Faux,R. Siebelink,1995,3
M. Ferraris,M. Francaviglia,1998,2
M. Finkelberg,V. Schechtman.,1994,1
M. Fleck,M. Gomes,1994,1
M. Forger,U. Schaeper,1992,3
M. Forger,U. Schaper,1992,1
M. Frau,P. Di Vecchia,1997,8
M. Frau,P. Strigazzi,1999,3
M. Frau,R. Caracciolo,1996,1
M. Frau,R. Marotta,2000,4
M. Frau,R. Musto,2000,1
M. Frau,R. Russo,1997,5
M. Frau,S. Sciuto,1996,6
M. Freeman,P. West,1993,1
M. Fukuma,M. Ninomiya,1993,1
M. Fukuma,N. Ishibashi,1993,1
M. Fukuma,S. Hosono,1992,1
M. Fukuma,S. Odake,1993,6
M. Fukuma,T. Sakai,2000,1
M. Fukuma,Y. Kitazawa,1997,1
M. Fukuma,Y. Matsuo,1994,5
M. Fukuma,Y.-H. Quano,1993,1
M. Furuta,M. Kotani,1993,1
M. Furuta,Y. Ohnita,1993,1
M. G. A. Walter,M. Olechowski,2002,2
M. G. A. Walter,S. Groot Nibbelink,2002,2
M. G. Harris,M. Weis,1997,1
M. G. Ivanov,O. A. Rytchkov,1997,2
M. G. Ivanov,W. Mueck,2000,1
M. G. Knepley,R. W. Brown,1993,1
M. G. Knepley,S. A. Hotes,1993,1
M. G. Mocioaca,S. O. Saliu,2000,1
M. G. Olsson,Theodore J. Allen,1999,1
M. G. Schmidt,P. Haberl,1994,3
M. G. Schmidt,S. J. Fuchs,1994,1
M. Garcia Perez,P. Van Baal,1999,2
M. Gasperini,M. Giovannini,1995,5
M. Gasperini,M. Maggiore,1996,2
M. Gasperini,R. Brustein,1995,4
M. Gasperini,R. Ricci,1995,1
M. Gasperini,V. Bozza,2001,2
M. Gasperini,V. F. Mukhanov,1995,1
M. Gattobigio,M. Mintchev,1998,2
M. Gaudin,P. Di Francesco,1994,1
M. Gaudin,V. Pasquier,1993,1
M. Giovannini,M. Shaposhnikov,2001,1
M. Giovannini,R. Brustein,1995,2
M. Giovannini,V. Bozza,2003,1
M. Giovannini,V. F. Mukhanov,1995,1
M. Gockeler,P. Rakow,1997,1
M. Gockeler,R. Horsley,1997,1
M. Gockeler,V. Linke,1997,1
M. Gomes,R. S. Mendes,1992,2
M. Gomes,S. L. V. Pinheiro,2000,1
M. Gomes,S. V. L. Pinheiro,1998,2
M. Gomes,Silvana Perez,2003,1
M. Gomes,V. O. Rivelles,1992,8
M. Gomes,V. S. Alves,1998,3
M. Grigoriev,M. Henneaux,2001,1
M. Grigoriev,P. H. Damgaard,1999,1
M. Gunaydin,M. Zagermann,1998,3
M. Gunaydin,O. Barwald,1997,1
M. Gunaydin,R. W. Gebert,1997,1
M. Gutperle,P. Vanhove,1997,1
M. H. Dehghani,R. B. Mann,2001,3
M. H. Dehghani,T. Jalali,2002,1
M. H. Pacheco,R. R. Landim,2003,1
M. H. Sarmadi,T. Jayaraman,1996,1
M. H. Thoma,S. Leupold,1997,1
M. H. Thoma,W. Cassing,1996,2
M. Hachemane,R. Djelid,2001,1
M. Hage Hassan,M. Kibler,1994,1
M. Haouchine,N. Belaloui,1999,1
M. Haouchine,N. Mebarki,1999,1
M. Hasenbusch,P. Provero,2000,2
M. Hasenbusch,P. Rossi,2000,1
M. Hasler,R. Grimm,1998,1
M. Hassaine,P. A. Horvathy,1997,4
M. Hassan,N. J. Mackay,1997,3
M. Hayakawa,N. Ishibashi,2001,1
M. Hayes,P. Bowcock,1997,2
M. Heller,W. Sasin,1999,1
M. Henneaux,M. Puchin,1992,2
M. Henneaux,M. Talon,1992,1
M. Henneaux,N. Boulanger,2001,1
M. Henneaux,O. Coussaert,1993,2
M. Henneaux,O. S. Ventura,1997,1
M. Henneaux,R. Ferraro,1992,2
M. Henneaux,R. Tatar,1993,1
M. Henneaux,S. Deser,1995,6
M. Henneaux,S. P. Sorella,1997,1
M. Henneaux,S. Silva,1999,1
M. Henneaux,S. Slavnov,1994,1
M. Henneaux,T. Damour,2002,2
M. Henneaux,V. E. R. Lemes,1997,1
M. Henneaux,X. Bekaert,1998,1
M. Henningson,P. Berglund,1994,2
M. Heusler,M. S. Volkov,1996,2
M. Heusler,N. Straumann,1996,1
M. Heusler,O. Brodbeck,1996,2
M. Hillbrand,M. Schweda,2003,1
M. Hillbrand,R. Schofbeck,2003,1
M. Hillbrand,V. Putz,2003,1
M. Hirayama,M. Kanno,1998,2
M. Hirayama,M. Ueno,1998,3
M. Hirayama,S. Matsubara,1997,1
M. Hirsch,U. Ellwanger,1995,1
M. Hott,W. A. Moura-Melo,2001,1
M. Hott,Winder A. Moura-Melo,2002,1
M. Hotta,M. Shino,1994,1
M. Hotta,M. Tanaka,1996,1
M. Hotta,M. Yoshimura,1993,3
M. Huerta,R. Coquereaux,2003,1
M. I. Caicedo,N. F. Svaiter,2002,1
M. I. Caicedo,R. Gianvittorio,1995,1
M. I. Dobroliubov,N. Weiss,1992,1
M. I. Dobroliubov,Yu. Makeenko,1993,1
M. I. Gorenstein,V. P. Shelest,1998,1
M. I. Gorenstein,Yu. A. Sitenko,1998,1
M. I. Leeming,P. S. Howe,1994,1
M. I. Polikarpov,M. N. Chernodub,1995,8
M. I. Polikarpov,V. I. Zakharov,1998,5
M. Ikehara,N. Ishibashi,1994,2
M. Ikehara,N. Sasakura,1994,2
M. Ikehara,R. Nakayama,1994,2
M. Ikehara,T. Mogami,1994,2
M. Ishi-I,N. Tanimura,1997,2
M. Ishi-I,T. Kashiwa,1997,2
M. J Rodriguez-Plaza,Shahn Majid,1992,1
M. J. Bowick,S. M. Catterall,1996,1
M. J. Cassidy,S. W. Hawking,1997,1
M. J. Duff,P. Hoxha,1999,1
M. J. Duff,P. K. Townsend,1994,1
M. J. Duff,R. Martinez-Acosta,1999,1
M. J. Duff,R. Minasian,1994,4
M. J. Duff,R. R. Khuri,1997,1
M. J. Duff,Ramzi R. Khuri,1993,4
M. J. Duff,Ruben Minasian,1993,1
M. J. Duff,Sergio Ferrara,1995,1
M. J. Duff,T. A. Tran,1999,1
M. J. Duff,W. A. Sabra,2000,1
M. J. Lavelle,T. G. Steele,1994,1
M. J. Martins,P. B. Ramos,1994,5
M. J. Martins,S. R. Aladim,1993,1
M. J. Mithaiwala,N. L. Harshman,1999,1
M. J. Morgan,M. J. Thatcher,1998,1
M. J. Oloughlin,S. Randjbar-Daemi,1998,1
M. J. Orourke,M. T. Batchelor,1995,1
M. J. Orourke,R. J. Baxter,1995,1
M. J. Perry,M. R. Gaberdiel,1998,2
M. J. Perry,P. J. Ruback,1993,1
M. J. Perry,S. F. Hewson,1996,2
M. J. Rodriguez-Plaza,Shahn Majid,1994,1
M. J. Slater,M. P. Mattis,1997,2
M. J. Slater,N. Dorey,1997,1
M. J. Slater,V. V. Khoze,1997,2
M. J. Slater,W. A. Weir,1997,1
M. J. Slupinski,M. Rausch De Traubenberg,1996,4
M. J. Strassler,N. Seiberg,1997,1
M. J. Strassler,O. Aharony,1997,1
M. J. Strassler,P. Pouliot,1995,2
M. J. Strassler,R. G. Leigh,1995,2
M. J. Strassler,S. H. Shenker,1995,1
M. Jimbo,M. Lashkevich,1996,1
M. Jimbo,O. Foda,1994,1
M. Jimbo,Omar Foda,1994,1
M. Jimbo,R. Kedem,1994,3
M. Jimbo,T. Kojima,1993,2
M. Jimbo,T. Miwa,1992,7
M. Jimbo,Y. Asai,1996,1
M. Jimbo,Y. Pugai,1996,2
M. Jimbo,Y.-H. Quano,1993,1
M. K. Gaillard,P. Binetruy,1995,1
M. K. Gaillard,T. R. Taylor,1995,1
M. K. Mak,T. Harko,1999,8
M. K. Mak,W. F. Kao,2002,2
M. K. Murray,N. S. Manton,1994,1
M. K. Murray,P. Bouwknegt,2001,1
M. K. Murray,V. Mathai,2001,1
M. K. Pidcock,S. Ciulli,1996,1
M. K. Pidcock,S. Ispas,1996,1
M. Kachkachi,M. Nazah,1997,1
M. Kachkachi,M. Sarih,1997,1
M. Kamela,M. T. Grisaru,1998,1
M. Kamela,M. Zebarjad,1998,1
M. Kamela,P. Page,1998,1
M. Kanno,M. Ueno,1998,2
M. Karowski,R. Schrader,1992,1
M. Kawamura,S. D. Odintsov,1995,1
M. Kawamura,S. Nojiri,1995,1
M. Khalili,S. Fedorov,1999,1
M. Khlopov,S. Rubin,2000,1
M. Khorrami,M. R. Rahimi Tabar,1996,2
M. Kibler,P. Labastie,1994,1
M. Kibler,R. Barbier,1994,1
M. Kibler,Yu. F. Smirnov,1994,1
M. Klein-Kreisler,N. E. Mavromatos,1996,1
M. Knecht,R. Pasquier,1995,1
M. Kolanovic,P. Prester,1999,2
M. Kolanovic,S. Pallua,1999,2
M. Komarova,M. Nalimov,2002,1
M. Kontsevich,O. Zaboronsky,1995,1
M. Kontsevich,Yu. Manin,1994,1
M. Koseki,M. Sato,1993,2
M. Koseki,R. Endo,1993,3
M. Koseki,R. Kuriki,1994,2
M. Koseki,T. Fujiwara,1994,1
M. Koseki,T. Tabei,1994,1
M. Koseki,Y. Igarashi,1994,1
M. Kotani,Y. Ohnita,1993,1
M. Kreuzer,M. Mandelberg,1996,2
M. Kreuzer,M. Nikbakht-Tehrani,1996,1
M. Kruger,M. Schweda,1996,1
M. Kruger,S. Emery,1996,1
M. Kruger,T. Sommer,1996,1
M. Kudinov,V. Akulov,1999,1
M. L. Roberts,R. Delbourgo,2001,1
M. L. Trobo,M. V. Manias,1996,4
M. L. Walker,Y. M. Cho,2002,2
M. Lagraa,M. M. Sheikh-Jabbari,2001,1
M. Laidlaw,M. Orselli,2002,1
M. Laine,M. Shaposhnikov,1999,1
M. Langer,M. Schweda,1992,3
M. Langer,O. Piguet,1992,2
M. Langer,S. Emery,1993,1
M. Langer,S. P. Sorella,1992,3
M. Lashkevich,T. Miwa,1996,1
M. Lashkevich,Y. Pugai,1996,1
M. Leblanc,P. K. Panigrahi,1993,1
M. Leblanc,R. Mackenzie,1993,1
M. Leblanc,R. Ray,1993,1
M. Leibundgut,P. Minkowski,1997,1
M. Leo,P. Tempesta,1999,1
M. Leo,R. A. Leo,1999,1
M. Li,M. R. Douglas,1994,1
M. Li,S. Chaudhuri,1997,1
M. Lippert,S. B. Giddings,2001,1
M. Lubcke,S. M. Nasir,2001,1
M. Lubo,Ph. Spindel,1998,1
M. Lubo,R. Brout,1998,1
M. Lubo,Y. Brihaye,2000,1
M. Lynker,R. Schimmrigk,1996,2
M. M. Akbar,Saurya Das,2003,1
M. M. Caldarelli,W. A. Sabra,2001,1
M. M. Ferreira,O. M. Del Cima,2002,2
M. M. Ferreira Jr,M. T. D. Orlando,2002,1
M. M. Ferreira Jr,O. M. Del Cima,2000,2
M. M. Ferreira Jr.,M. T. D. Orlando,2003,1
M. M. Ferreira Jr.,O. M. Del Cima,2001,1
M. M. Islam,S. J. Puglia,1996,1
M. M. Leite,N. Berkovits,1997,2
M. M. Leite,V. O. Rivelles,1994,1
M. M. Musakhanov,N. K. Pak,1995,1
M. M. Musakhanov,V. I. Matveev,1995,1
M. M. Sheikh-Jabbari,M. Schnabl,2000,1
M. M. Sheikh-Jabbari,M. Vasiliev,2001,1
M. M. Sheikh-Jabbari,Mohsen Alishahiha,1999,1
M. M. Sheikh-Jabbari,N. Chair,2000,1
M. M. Sheikh-Jabbari,P. Presnajder,2000,3
M. M. Sheikh-Jabbari,P. Prevsnajder,2001,1
M. M. Sheikh-Jabbari,Yaron Oz,1999,1
M. M. Taylor-Robinson,S. W. Hawking,1997,3
M. Magro,O. Schnetz,1996,1
M. Magro,R. Flume,1996,1
M. Magro,S. Wolf,2001,1
M. Majumdar,R.-J. Zhang,2001,1
M. Mandelberg,P. Candelas,1995,1
M. Mangin-Brinet,V. A. Karmanov,2000,6
M. Marcu,T. Filk,1992,1
M. Martellini,M. Rinaldi,1997,1
M. Martellini,M. Spreafico,1992,6
M. Martellini,M. Zeni,1994,5
M. Martellini,P. Cotta-Ramusino,1994,4
M. Martellini,S. P. Sorella,1997,1
M. Maruyama,T. Koide,1998,2
M. Massar,M. T. Grisaru,1997,2
M. Matone,M. Tonin,1996,1
M. Matone,P. A. Marchetti,1994,2
M. Matone,P. Pasti,2000,2
M. Matsunaga,N. Haba,2003,1
M. Matsunaga,Y. Abe,2003,1
M. Matsunaga,Y. Higashide,2003,1
M. Mattes,M. Sorg,2003,1
M. Mattes,S. Hunzinger,2003,1
M. Mattis,N. Dorey,1996,1
M. Mattis,V. V. Khoze,1996,1
M. Maule,S. Sciuto,1997,1
M. Mihailescu,R. De Mello Koch,1998,2
M. Mihailescu,R. Tatar,2000,1
M. Mihailescu,T. A. Tran,2000,1
M. Milekovic,R. Ristic,1999,1
M. Milekovic,S. Meljanac,1994,3
M. Milekovic,S. Pallua,1994,1
M. Mineev-Weinstein,P. Wiegmann,2000,1
M. Mintchev,P. Sorba,1998,5
M. Mintchev,Ph Zaugg,1999,1
M. Mintchev,Ph. Zaugg,1998,1
M. Mirumyan,P. Sorba,2001,1
M. Modugno,R. Casalbuoni,1994,1
M. Modugno,R. Gatto,1994,1
M. Morara,R. Soldati,1999,1
M. Moshe,S. Nishigaki,1996,1
M. Moshinsky,Yu. F. Smirnov,1995,1
M. Mozrzymas,V. D. Lyakhovsky,2003,1
M. Mueller-Preussker,S. Hollands,1999,1
M. N. Chernodub,V. I. Zakharov,2000,4
M. Naka,Y. Konishi,2001,1
M. Nakahara,T. Saito,1998,1
M. Nakahara,Z. Maki,1998,1
M. Nakamura,N. Okamoto,1997,1
M. Narita,S. Yahikozawa,2001,1
M. Narita,T. Torii,2001,1
M. Navarro,V. Aldaya,1994,6
M. Nazarov,Vitaly Tarasov,1993,1
M. Niedermaier,P. Forgacs,2002,1
M. Niedermaier,P. Weisz,2000,1
M. Niedermaier,T. Hauer,1996,1
M. Ninomiya,N. Ishibashi,1993,1
M. Ninomiya,T. Aida,1994,1
M. Ninomiya,Y. Kitazawa,1994,2
M. Nishimura,Y. Tanii,1998,4
M. Nitta,T. E. Clark,2002,1
M. Nitta,T. Ter Veldhuis,2002,1
M. Noumi,S. Odake,1993,1
M. Noumi,T. Nakatsu,1993,1
M. Noumi,T. Takebe,1993,1
M. Novello,R. P. Neves,2003,1
M. Novello,S. E. Perez Bergliaffa,2003,1
M. O Loughlin,M. R. Douglas,1992,1
M. O Loughlin,T. Banks,1992,1
M. O. Katanaev,W. Kummer,1997,1
M. Olechowski,M. Yamaguchi,1997,2
M. Olechowski,S. Groot Nibbelink,2002,4
M. Oloughlin,S. De Haro,2001,1
M. Oloughlin,T. Banks,1992,3
M. Olshanetsky,S. Kharchev,1996,1
M. Omote,S. Kamefuchi,2001,1
M. Omote,S. Sakoda,1996,2
M. Ortiz,T. Brotz,1998,2
M. P. Grabowski,P. Mathieu,1994,4
M. P. Infante,N. Sanchez,1999,2
M. P. Mattis,N. Dorey,1996,13
M. P. Mattis,S. Vandoren,1997,4
M. P. Mattis,T. J. Hollowood,1997,4
M. P. Mattis,V. V. Khoze,1996,15
M. P. Mattis,W. A. Weir,1997,1
M. P. Mattis,W. Lee,1999,1
M. Patriarca,P. Sodano,1994,1
M. Pawlowski,V. I. Smirichinski,1998,3
M. Pawlowski,V. N. Pervushin,1998,4
M. Pawlowski,V. V. Papoyan,1998,1
M. Perelstein,Z. Bern,1998,6
M. Perelstien,M. Trigante,2000,1
M. Perelstien,Z. Bern,2000,1
M. Perez-Victoria,R. Munoz-Tapia,1997,1
M. Perkins,P. Bowcock,1999,1
M. Pernici,M. Raciti,1995,6
M. Pernici,S. Penati,1993,1
M. Petrini,M. Porrati,1998,3
M. Petrini,N. Evans,2000,2
M. Petrini,R. Apreda,2001,1
M. Petrini,R. Russo,2001,1
M. Piai,M. Serone,2002,1
M. Piai,R. Percacci,2002,1
M. Picariello,M. S. Sarandy,2002,5
M. Picariello,R. Ferrari,2000,1
M. Picariello,S. P. Sorella,2002,5
M. Picariello,V. E. R. Lemes,2002,5
M. Picco,N. Ohta,1997,1
M. Picco,P. Windey,1993,3
M. Picco,V. Dotsenko,1993,1
M. Picco,V. S. Dotsenko,1994,1
M. Picco,Vl. S Dotsenko,1995,1
M. Pillin,P. Dorey,2000,2
M. Pillin,R. Tateo,2000,2
M. Pitschmann,M. Schweda,2002,1
M. Pitschmann,P. Fischer,2002,1
M. Pitschmann,R. Wulkenhaar,2002,1
M. Pitschmann,V. Putz,2002,1
M. Plyushchay,P. Sodano,1995,1
M. Porrati,P. A. Grassi,2000,3
M. Porrati,P. Van Nieuwenhuizen,2001,1
M. Porrati,R. Stora,1993,1
M. Porrati,S. Deser,1994,1
M. Porrati,S. Ferrara,1993,8
M. Przanowski,S. Formanski,2001,1
M. Puchin,R. Ferraro,1992,2
M. Quandt,M. Scandurra,2002,2
M. Quandt,N. Graham,2001,3
M. Quandt,R. L. Jaffe,2001,3
M. Quandt,V. Khemani,2002,2
M. Quiros,N. Irges,2002,1
M. R-Monteiro,S. Sciuto,1994,2
M. R. Douglas,S. Katz,1996,1
M. R. Douglas,T. Banks,1992,1
M. R. Gaberdiel,O. Bergman,1997,6
M. R. Gaberdiel,S. M. Rueger,1994,1
M. R. Gaberdiel,W. Eholzer,1996,1
M. R. Garousi,R. C. Myers,1998,2
M. R. Kibler,R. M. Asherova,1994,1
M. R. Kibler,Yu. F. Smirnov,1994,2
M. R. Negrao,M. S. Goes-Negrao,1999,2
M. R. Negrao,M. V. Cougo-Pinto,1998,4
M. R. Plesser,N. Seiberg,1995,2
M. R. Plesser,P. C. Argyres,1995,3
M. R. Plesser,Y. Oz,1994,1
M. R. Rahimi Tabar,P. Hawaii,1996,2
M. R. Rahimi Tabar,S. Rouhani,1995,5
M. R. Rahimitabar,S. Rouhani,1995,1
M. R. Setare,R. Mansouri,2001,3
M. Ramon Medrano,N. Sanchez,1993,6
M. Rasetti,S. De Martino,1993,2
M. Rasetti,S. De Siena,1993,2
M. Rausch De Traubenberg,N. Fleury,1995,1
M. Rausch De Traubenberg,P. Baseilhac,1998,2
M. Rausch De Traubenberg,P. Grange,1998,2
M. Rausch De Traubenberg,P. Simon,1996,2
M. Rausch De Traubenberg,S. Galice,2000,1
M. Reenders,V. P. Gusynin,1997,1
M. Reuter,O. Lauscher,2000,5
M. Rinaldi,M. Zeni,1997,1
M. Rinaldi,P. Cotta-Ramusino,1997,2
M. Rinaldi,S. Klimek,1994,2
M. Rocek,M. T. Grisaru,1996,4
M. Rocek,O. A. Soloviev,1996,1
M. Rocek,R. Von Unge,1996,6
M. Rocek,S. J. Gates Jr.,1996,1
M. Rocek,S. Wiles,1997,2
M. Rocek,U. Lindstrom,1994,6
M. Rogatko,R. Moderski,2002,1
M. Ronen Plesser,Paul S. Aspinwall,1999,3
M. Ronen Plesser,Philip C. Argyres,1996,1
M. Ronen Plesser,Sheldon Katz,1996,1
M. Rooman,P. Bieliavsky,2002,1
M. Rooman,Ph. Spindel,1997,5
M. Rosgen,R. Varnhagen,1993,2
M. Ruiz-Altaba,Monica Borunda,1998,1
M. S. Berger,V. Alan Kostelecky,2001,1
M. S. Morris,R. B. Mann,1992,1
M. S. Morris,S. F. Ross,1992,1
M. S. Sarandy,N. Maggiore,2000,1
M. S. Sarandy,O. Piguet,2001,1
M. S. Sarandy,O. S. Ventura,2000,3
M. S. Sarandy,S. P. Sorella,2000,11
M. S. Sarandy,V. E. R. Lemes,2000,11
M. S. Shikakhwa,N. K. Pak,1996,2
M. S. Shikakhwa,V. Ya. Fainberg,1995,2
M. S. Sriram,S. Lakshmibala,1996,2
M. S. Volkov,N. Straumann,1995,2
M. S. Volkov,O. Brodbeck,1995,3
M. Saadat,S. Moghimi-Araghi,2000,4
M. Saadat,S. Rouhani,2000,4
M. Sabido,O. Obregon,1999,4
M. Sadzikowski,P. Wegrzyn,1998,1
M. Sakamoto,M. Tabuse,1992,2
M. Sakamoto,M. Tachibana,1994,5
M. Sakamoto,S. Matsumoto,2000,1
M. Sakamoto,T. Sasada,1992,2
M. Sakamoto,Y. Imamura,1992,2
M. Sakmaoto,T. Horiguchi,1994,1
M. Sami,N. Dadhich,2003,1
M. Sami,Pankaj Sharan,1999,2
M. Sami,Pravabati Chingangbam,2002,2
M. Sami,T. Padmanabhan,2002,1
M. Sami,Tabish Qureshi,2002,2
M. Sami,Tetsuya Shiromizu,2003,1
M. Sampaio,S. Gobira,2002,1
M. Santander,N. A. Gromov,1994,1
M. Sarbishaei,P. Eslami,2000,1
M. Sarbishaei,W. J. Zakrzewski,2000,1
M. Sato,R. Endo,1993,2
M. Sawaguchi,M. Tsuda,2002,2
M. Scandurra,N. Graham,2002,2
M. Scandurra,R. L. Jaffe,2002,2
M. Scandurra,V. Khemani,2002,2
M. Scheunert,P. P. Martin,1993,1
M. Scheunert,V. Rittenberg,1993,2
M. Schnabl,T. Krajewski,2001,1
M. Schulz,S. Kachru,2002,1
M. Schulz,S. P. Trivedi,2002,1
M. Schulz,X. Liu,2002,1
M. Schumann,R. D. Viollier,1998,1
M. Schumann,R. Hofmann,1998,1
M. Schweda,M. W. De Oliveira,1994,1
M. Schweda,M. Werneck De Oliveira,1993,1
M. Schweda,M. Wickenhauser,2002,2
M. Schweda,O. M. Del Cima,1998,2
M. Schweda,O. Moritsch,1993,10
M. Schweda,O. Piguet,1992,3
M. Schweda,P. A. Blaga,1994,1
M. Schweda,P. Fischer,2002,1
M. Schweda,P. John,1996,1
M. Schweda,R. Leitgeb,1999,2
M. Schweda,R. Schofbeck,2003,1
M. Schweda,R. Wulkenhaar,2000,9
M. Schweda,S. Emery,1993,4
M. Schweda,S. P. Sorella,1992,6
M. Schweda,S. P. Sorella Ref,1993,1
M. Schweda,T. Pisar,1999,4
M. Schweda,T. Sommer,1994,6
M. Schweda,U. Feichtinger,1996,1
M. Schweda,V. Putz,2000,6
M. Schweda,Z. Morsli,2002,1
M. Schwetz,N. Evans,1996,1
M. Schwetz,S. D. H. Hsu,1996,1
M. Seeger,M. Thies,1998,1
M. Seeger,O. Jahn,1996,1
M. Seeger,T. Kraus,1996,1
M. Semenov-Tian-Shansky,S. Kharchev,2001,1
M. Serone,M. Trapletti,2002,2
M. Serone,R. Helling,1999,1
M. Serone,R. Percacci,2002,1
M. Sheppeard,Zheng Weihong,1995,1
M. Shifman,M. Thies,1994,1
M. Shifman,M. Voloshin,1998,1
M. Shifman,T. Ter Veldhuis,1999,2
M. Shifman,Xinrui Hou,1998,2
M. Shino,M. Yoshimura,1994,1
M. Shiotani,R. W. Haymaker,2000,1
M. Shiotani,T. Matsuki,1999,2
M. Shmakova,R. Kallosh,1997,1
M. Shmakova,S.-J. Rey,1997,1
M. Shmakova,W. K. Wong,1997,1
M. Sivakumar,N. Shaji,1992,2
M. Sivakumar,Prasanta K. Tripathy,2001,1
M. Sivakumar,R. P. Malik,2000,1
M. Sivakumar,R. Shankar,1992,2
M. Sivakumar,T. R. Govindarajan,1992,2
M. Sivakumar,V. Narayanan,1995,1
M. Sorg,S. Hunzinger,2003,1
M. Spalinski,S. Stieberger,1992,2
M. Spalinski,T. R. Taylor,2000,1
M. Stanishkov,P. Baseilhac,2001,2
M. Stanishkov,R. C. Rashkov,1996,1
M. Stanishkov,R. Tateo,1994,1
M. Staudacher,N. Beisert,2002,3
M. Staudacher,T. Wynter,1996,2
M. Staudacher,V. A. Kazakov,1996,2
M. Stern,S. Sethi,1995,2
M. Stoilov,R. Zaikov,1993,2
M. Stojic,S. Meljanac,1996,1
M. T. Batchelor,R. J. Baxter,1995,1
M. T. Grisaru,M. Zebarjad,1998,1
M. T. Grisaru,O. A. Soloviev,1996,1
M. T. Grisaru,P. Page,1998,1
M. T. Grisaru,P. Van Nieuwenhuizen,1992,2
M. T. Grisaru,R. Dijkgraaf,2002,1
M. T. Grisaru,R. Von Unge,1996,2
M. T. Grisaru,Rafael I. Nepomechie,1994,1
M. T. Grisaru,S. J. Gates,1995,2
M. T. Grisaru,S. J. Gates Jr.,1996,1
M. T. Grisaru,S. Penati,2000,1
M. T. Miauta,S. O. Saliu,2001,3
M. T. Thomaz,O. Rojas Santos,1999,1
M. T. Thomaz,S. M. De Souza,1999,1
M. Tabuse,T. Sasada,1992,2
M. Tabuse,Y. Imamura,1992,2
M. Tachibana,S. Maedan,1998,1
M. Tahiri,N. Djeghloul,2002,1
M. Takook,T. Garidi,2003,1
M. Talon,O. Babelon,1992,4
M. Tarlini,N. Ciccoli,1994,1
M. Tarlini,R. Giachetti,1992,6
M. Tekmen,T. Dereli,1998,1
M. Terhoeven,W. Nahm,1992,1
M. Tonin,P. A. Marchetti,2001,1
M. Tonin,P. Pasti,1993,4
M. Trigante,Z. Bern,2000,1
M. Trigiante,P. Fre,1996,10
M. Trigiante,P. Fre`,1998,2
M. Trigiante,P. Salomonson,2001,1
M. Trigiante,P. Termonia,1998,2
M. Trigiante,R. Dauria,1996,5
M. Trigiante,R. Minasian,1996,1
M. Trigiante,S. Ferrara,1996,4
M. Trigiante,V. L. Campos,2001,1
M. Trodden,R. Brandenberger,1993,1
M. Trodden,V. Mukhanov,1993,1
M. Tsuda,Y. Tanii,2001,2
M. Tsulaia,V. I. Tkach,2001,1
M. Tsulaia,V. O. Rivelles,2000,1
M. Tsulaia,V. Ter-Antonyan,1996,1
M. Umeki,Y. Matsuo,1993,1
M. V. Gallas,T. J. Hollowood,1996,2
M. V. Ioffe,V. P. Spiridonov,1993,1
M. V. Libanov,S. L. Dubovsky,1999,1
M. V. Libanov,V. A. Rubakov,1999,1
M. V. Pavlov,Y. Nutku,2001,1
M. V. Pomazanov,S. O. Alexeyev,1996,1
M. V. Rogal,V. Ch. Zhukovsky,2001,1
M. V. Terentiev,N. A. Saulina,1994,4
M. Van Raamsdonk,V. Periwal,1998,1
M. Vasilic,T. Vukasinac,1996,1
M. Vasilic,T. Vukav Sinac,1993,1
M. Villasante,R. Dauria,1993,1
M. Villasante,S. Ferrara,1993,1
M. Vonk,R. Dijkgraaf,2002,1
M. W. De Oliveira,O. Moritsch,1994,1
M. W. De Oliveira,O. Piguet,1994,1
M. W. Evans,R. Smirnov-Rueda,1996,1
M. Walton,P. Mathieu,1992,1
M. Walton,P. Ruelle,1995,1
M. Walton,T. Gannon,1995,1
M. Walze,W. Kalau,1996,1
M. Werneck De Oliveira,S. P. Sorella,1993,1
M. Werneck De Oliveira,S. P. Sorella Ref,1993,1
M. Wickenhauser,R. Wulkenhaar,2002,1
M. Wickenhauser,V. Putz,2002,2
M. Yamamoto,S. D. Odintsov,1999,1
M. Yamamoto,S. Nojiri,1999,1
M. Yamamoto,S. Ogushi,1999,1
M. Yamanobe,S. Ishikawa,1995,1
M. Yamanobe,T. Miyazaki,1995,2
M. Yoshimura,Sh. Matsumoto,1996,1
M. Yu. Kalmykov,O. Veretin,2000,1
M. Yu. Kalmykov,P. I. Pronin,1994,4
M. Yu. Zotov,V. V. Dyadichev,2001,1
M. Yurova,O. Kechkin,1996,4
M. Zach,N. I. Troitskaya,1998,3
M. Zamaklar,P. Bain,2002,1
M. Zamaklar,P. K. Townsend,2000,1
M. Zamaklar,P. Meessen,2002,1
M. Zebarjad,P. Page,1998,1
M. Zeni,P. Cotta-Ramusino,1997,1
M. Zeni,S. P. Sorella,1997,1
M. Znojil,R. Roychoudhury,2000,1
M.-A. Vachon,R. Mackenzie,2003,1
M.-A. Vachon,U. F. Wichoski,2003,1
M.-H. Saito,S. Hosono,1999,1
M.-L. Yan,X.-J. Wang,2000,1
Maarten Golterman,Yigal Shamir,2002,1
Machiko Hatsuda,Makoto Sakaguchi,2000,8
Machiko Hatsuda,Mitsuko Abe,1999,1
Machiko Hatsuda,Sayaka Sekiya,1999,1
Machiko Hatsuda,Takashi Tokunaga,1999,1
Machiko Hatsuda,Warren Siegel,2002,1
Maciej A. Nowak,Romuald A. Janik,1997,1
Maciej Kuna,Wojciech De Roeck,2002,1
Magnus Holm,Martin Cederwall,1996,3
Magnus Holm,Niclas Sandstrom,1999,1
Magnus Holm,Tom Adawi,1997,1
Magnus Holm,Ulf Gran,1997,2
Maja Buric,Marija Dimitrijevic,2001,1
Maja Buric,Voja Radovanovic,2000,3
Makoto Hiramoto,Takehisa Fujita,1996,3
Makoto Idzumi,Michio Jimbo,1992,1
Makoto Idzumi,Tetsuji Miwa,1992,1
Makoto Idzumi,Tetsuji Tokihiro,1992,1
Makoto Idzumi,Toshiki Nakashima,1992,1
Makoto Nakamura,Sinji Hamamoto,2000,1
Makoto Narita,Shigeaki Yahikozawa,2000,1
Makoto Narita,Takashi Torii,2000,1
Makoto Natsuume,Masako Asano,2000,3
Makoto Natsuume,Masamichi Sato,1996,2
Makoto Natsuume,Norisuke Sakai,1996,1
Makoto Natsuume,Takashi Okamura,1999,2
Makoto Natsuume,Yuji Satoh,1996,1
Makoto Sakaguchi,Nobuyoshi Ohta,1993,1
Makoto Sakamoto,Masayoshi Tabuse,1992,2
Makoto Sakamoto,Miyuki Kawamura,1996,1
Makoto Sakamoto,Motoi Tachibana,1999,1
Makoto Sakamoto,Seiho Matsumoto,2000,2
Makoto Sakamoto,Shogo Tanimura,2001,2
Makoto Sakamoto,Tomoaki Nagasawa,2002,1
Makoto Sakamoto,Tsutomu Horiguchi,1992,1
Makoto Tsuzuki,Muneto Nitta,2000,1
Makoto Tsuzuki,Tetsuji Kimura,2000,1
Malcolm Fairbairn,Michel H. G. Tytgat,2002,2
Malcolm J. Perry,Michael B. Green,1995,1
Malcolm J. Perry,Miguel S. Costa,1996,4
Malcolm Perry,Noah Linden,1992,1
Malcolm Perry,Robertus Potting,1999,1
Malcolm Perry,Selena Ng,2001,1
Malgorzata Bakalarska,Waclaw Tybor,1998,2
Malte Henkel,Michel Droz,1993,1
Malte Henkel,Michel Pleimling,2001,2
Malte Henkel,Vladimir Rittenberg,1993,1
Manfred Herbst,Maximilian Kreuzer,2001,2
Manfred Requardt,Thomas Nowotny,1997,2
Manfred Schweda,Raimar Wulkenhaar,2001,1
Manko,N. A. Ansari,1994,1
Manko,R. Romano,1994,1
Manko,S. Solimeno,1994,1
Mannque Rho,Sang-Jin Sin,1999,1
Mans Henningson,Niclas Wyllard,1997,1
Mans Henningson,Par Arvidsson,2002,1
Mans Henningson,Per Berglund,1997,1
Mans Henningson,Per Salomonson,1999,1
Mans Henningson,Piljin Yi,1997,1
Manuel A. Cobas,Maria Suarez,2002,1
Manuel Barriola,Martin Bucher,1993,1
Manuel Barriola,Tanmay Vachaspati,1993,1
Manuel Calixto,Miguel Navarro,1996,1
Manuel Calixto,Vi Ctor Aldaya,1996,1
Manuel Manas,Partha Guha,1993,1
Mao-Chuang Yeh,Pei-Ming Ho,2001,2
Mao-Chuang Yeh,Tai-Chung Cheng,2001,2
Mar Bastero-Gil,Michael Plumacher,2002,1
Mar Bastero-Gil,Paul H. Frampton,2001,1
Marc Henneaux,Maximo Banados,1995,3
Marc Henneaux,Miguel Ortiz,1998,1
Marc Henneaux,Nelson R. F. Braga,1998,1
Marc Henneaux,Nicolas Boulanger,2000,4
Marc Henneaux,Olivier Coussaert,1998,1
Marc Henneaux,Peter Van Nieuwenhuizen,2002,1
Marc Henneaux,Philippe Gregoire,1992,1
Marc Henneaux,Ricardo Amorim,1998,1
Marc Henneaux,Ricardo Troncoso,2002,1
Marc Henneaux,Sophie De Buyl,2002,1
Marc Henneaux,Thibault Damour,2000,7
Marc Henneaux,Tobias Hurth,1999,1
Marc Henneaux,Xavier Bekaert,1999,4
Marc-Andre Lewis,Robert P. Langlands,1999,1
Marc-Andre Lewis,Yvan Saint-Aubin,1999,2
Marcel Reginatto,Michael J. W. Hall,2002,1
Marcelo Carvalho,S. P. Sorella,1994,1
Marcelo Gomes,Victor O. Rivelles,2001,1
Marcelo Hott,P. F. Borges,2001,1
Marcelo M. Leite,Victor O. Rivelles,1996,1
Marcelo S. Sarandy,Olivier Piguet,2000,1
Marcelo S. Sarandy,Oswaldo M. Del Cima,2000,1
Marcia E. Knutt,Marcus T. Grisaru,2000,1
Marcia E. Knutt-Wehlau,Marcus T. Grisaru,1997,2
Marcia E. Knutt-Wehlau,R. B. Mann,1997,1
Marcia E. Knutt-Wehlau,S. James Gates,1997,1
Marcia E. Knutt-Wehlau,Warren Siegel,1997,2
Marcia E. Wehlau,Marcus T. Grisaru,1994,1
Marcin Daszkiewicz,Zbigniew Hasiewicz,1999,1
Marcin Daszkiewicz,Zbigniew Jaskolski,1999,2
Marco A. C. Kneipp,Patrick Brockill,2001,1
Marco A. R-Monteiro,Marialuisa Frau,1993,1
Marco A. R-Monteiro,Raffaele Caracciolo,1993,1
Marco A. R-Monteiro,Stefano Sciuto,1993,1
Marco Astorino,Sergio Cacciatori,2002,1
Marco Bertola,Mauro Zeni,1995,1
Marco Bertola,Richard Schaeffer,1999,1
Marco Bertola,Ugo Moschella,1999,1
Marco Bertola,Vittorio Gorini,1995,2
Marco Billo,Paolo Di Vecchia,1997,1
Marco Billo,Pietro Fre,1993,5
Marco Billo,Sergio Cacciatori,1999,1
Marco Billo,Walter Troost,1998,3
Marco Bruni,Peter K. S. Dunsby,2002,1
Marco Cavaglia,Mariano Cadoni,1994,3
Marco Cavaglia,Mauro Francaviglia,1998,1
Marco Cavaglia,Paulo Vargas Moniz,2000,1
Marco Cavaglia,Vittorio De Alfaro,1997,2
Marco Cavaglia,Vittorio De Alfaro Alexandre T. Filippov,1998,1
Marco Cavaglia.,Mariano Cadoni,1995,1
Marco Dattanasio,Massimo Pietroni,1996,1
Marco Dattanasio,Tim R. Morris,1996,2
Marco Fabbrichesi,Roberto Iengo,1998,3
Marco Falcioni,Mark Bowick,1993,2
Marco Falcioni,Paul Coddington,1993,1
Marco Ferraris,Marco Raiteri,1998,1
Marco Ferraris,Mauro Francaviglia,1998,1
Marco Krohn,Michael Flohr,2002,1
Marco Matone,Mario Tonin,2002,1
Marco Peloso,Sudipta Mukherji,2002,1
Marco Pettini,Raoul Gatto,1997,1
Marco Picariello,Ruggero Ferrari,2002,1
Marco Picariello,Silvio P. Sorella,2001,1
Marco Picco,Pierre Pujol,1994,4
Marco Picco,Viktor Dotsenko,1995,2
Marco Picco,Vladimir Dotsenko,1994,5
Marco Picco,Vladimir S. Dotsenko,2001,1
Marco Raiteri,Mauro Francaviglia,1998,1
Marco Serone,Monica Borunda,2003,1
Marco Serone,Shinji Tsujikawa,2003,1
Marco Vekic,Shao Liu,1994,1
Marco Zagermann,Murat Gunaydin,1999,5
Marco Zagermann,Nicholas P. Warner,2002,1
Marco Zagermann,Richard Corrado,2002,1
Marco Zagermann,Thomas Mohaupt,2001,2
Marcos Marino,Marta Gomez-Reino,1999,3
Marcos Marino,Mina Aganagic,2002,2
Marcos Marino,Ricardo Schiappa,2001,1
Marcos Marino,Ruben Minasian,1999,1
Marcos Marino,Stefan Theisen,2002,1
Marcos Sampaio,O. A. Battistel,1998,1
Marcos Sampaio,Paul Mansfield,1996,3
Marcos Sampaio,S. R. Gobira,2002,1
Marcus B. Pinto,Philippe Garcia,1995,1
Marcus Berg,Michael Haack,2002,1
Marcus Spradlin,Matthew Headrick,2001,1
Marcus Spradlin,Radu Roiban,2002,1
Marcus Spradlin,Rajesh Gopakumar,2001,1
Marcus Spradlin,Yang-Hui He,2002,1
Marcus T. Grisaru,Oyvind Tafjord,2000,1
Marcus T. Grisaru,Robert C. Myers,2000,1
Marcus T. Grisaru,S. James Gates,1997,2
Marcus T. Grisaru,Silvia Penati,2000,3
Marcus T. Grisaru,Warren Siegel,1997,2
Marek Czachor,Monika Syty,2001,1
Marek Mozrzymas,Vladymir Lyakhovsky,2002,1
Marek Olechowski,Stefan Pokorski,2002,1
Marek P. Grabowski,Pierre Mathieu,1994,1
Marek Pawlowski,Ryszard Raczka,1994,1
Marek Rogatko,Rafal Moderski,1998,3
Marek Szydlowski,Mariusz P. Dabrowski,2002,1
Marek Wieckowski,Stanislaw D. Glazek,2002,1
Marek Wieckowski,Tomasz Maslowski,1997,1
Margaret E. Wessling,Mark B. Wise,2001,1
Maria Amelia Muschietti,Ricardo Enrique Gamboa Saravi,1996,1
Maria Antonia Lledo,Riccardo Dauria,2002,1
Maria Antonia Lledo,Sergio Ferrara,2002,1
Maria Antonia Lledo,Silvia Vaul`A,2002,1
Maria Asprouli,Victor Galan-Gonzalez,1998,1
Maria Rodriguez-Martinez,Philippe Brax,2002,1
Maria Tashkova,Stoil Donev,2002,1
Maria Yurova,Oleg Kechkin,1997,1
Marialuisa Frau,Stefano Sciuto,1993,3
Mariano Cadoni,Paolo Carta,2000,2
Mariano Cadoni,Salvatore Mignemi,1998,4
Marie K. Oh,Myung Seok Yoon,2000,1
Marie K. Oh,Won Tae Kim,2000,1
Marija Dimitrijevic,Voja Radovanovic,2001,1
Marija Zamaklar,Pascal Bain,2002,1
Marija Zamaklar,Patrick Meessen,2003,1
Marija Zamaklar,Paul K. Townsend,2001,1
Marija Zamaklar,Paul Townsend,1999,1
Marijan Milekovic,Miroslav Doresic,1994,1
Marijan Milekovic,Stjepan Meljanac,1993,5
Marijan Milekovic,Velimir Bardek,2001,1
Marilyn E. Noz,Y. S. Kim,1999,1
Marina Shmakova,Renata Kallosh,1996,7
Marina Shmakova,Sergei Gukov,2001,1
Marina Shmakova,Sergey Prokushkin,2001,3
Marina Shmakova,Thomas Mohaupt,2000,1
Marina Shmakova,Wing Kai Wong,1996,2
Mario Bergeron,Richard J. Szabo,1994,1
Mario Rasetti,Maurizio Martellini,1992,1
Mario Tonin,Paolo Pasti,1995,14
Mario Trigiante,Piet Termonia,1998,1
Mario Trigiante,Pietro Fre,1998,3
Mario Trigiante,Riccardo Dauria,2003,1
Mario Trigiante,Sergio Ferrara,2003,1
Mario Trigiante,Silvia Vaula,2003,1
Mark A. Walton,Takahiro Kubota,2001,1
Mark A. Walton,Terry Gannon,1994,1
Mark Adler,Pierre Van Moerbeke,1997,1
Mark B. Hoffman,Robert M. Wald,2001,1
Mark B. Hoffman,Sean M. Carroll,2001,1
Mark B. Wise,Thomas Mehen,1999,3
Mark B. Wise,Walter D. Goldberger,2001,1
Mark Bowick,Paul Coddington,1992,2
Mark D. Gould,Xiang-Mao Ding,2001,3
Mark D. Gould,Yao-Zhong Zhang,1993,16
Mark De Wild Propitius,Peter Van Driel,1992,2
Mark G. Jackson,Richard Easther,2002,2
Mark G. Jackson,Sharad Shrivastava,2002,1
Mark Gross,Paul S. Aspinwall,1996,2
Mark Gross,Ti-Ming Chiang,1995,1
Mark Gross,Yakov Kanter,1995,1
Mark Hale,Oliver Schwindt,2000,1
Mark Hale,Tom Weidig,2000,1
Mark Hindmarsh,Nuno D. Antunes,2002,1
Mark Hindmarsh,Richard Holman,1992,1
Mark Hindmarsh,Tanmay Vachaspati,1992,1
Mark Hindmarsh,Thomas W. Kephart,1992,1
Mark Rakowski,Siddhartha Sen,1995,1
Mark Stern,Piljin Yi,2000,1
Mark Stern,Ruth Britto-Pacumio,2001,1
Mark Stern,Savdeep Sethi,1997,8
Mark Stern,Sonia Paban,1998,4
Mark Trodden,Pedro J. Silva,2002,1
Mark Trodden,Salah Nasri,2002,1
Mark Trodden,Sean M. Carroll,1997,3
Mark Trodden,Simeon Hellerman,1999,2
Mark Van Raamsdonk,Mohammad M. Sheikh-Jabbari,2002,3
Mark Van Raamsdonk,Moshe Rozali,2000,1
Mark Van Raamsdonk,Nathan Seiberg,1999,2
Mark Van Raamsdonk,Shiraz Minwalla,1999,1
Mark Van Raamsdonk,Simeon Hellerman,2001,1
Mark Van Raamsdonk,Washington Taylor,1997,7
Mark Wyman,S.-H. Henry Tye,2003,1
Mark. D. Gould,Xiang-Mao Ding,2001,2
Mark. D. Gould,Yao-Zhong Zhang,2001,2
Marko Kolanovic,Massimo Porrati,2003,1
Marko Kolanovic,Predrag Prester,2000,1
Marko Kolanovic,Silvio Pallua,2000,1
Markus A. Luty,Martin Schmaltz,1996,1
Markus A. Luty,Massimo Porrati,2003,1
Markus A. Luty,Nobuchika Okada,2002,1
Markus A. Luty,Raman Sundrum,1999,3
Markus A. Luty,Riccardo Rattazzi,1999,2
Markus A. Luty,W. D. Linch Iii,2002,1
Markus A. Luty,Washington Taylor Iv,1995,1
Markus A. Luty,Z. Chacko,1998,1
Markus Luty,Raman Sundrum,2001,1
Marta Trobo,Martin Schvellinger,2001,1
Marta Trobo,Santiago Perez Bergliaffa,2001,1
Martijn Derix,Rein Halbersma,2001,1
Martijn Derix,Sorin Cucu,2001,1
Martijn Derix,Tim De Wit,2001,1
Martijn G. C. Eenink,Mees De Roo,2002,2
Martijn G. C. Eenink,Paul Koerber,2002,1
Martijn Wijnholt,Slava Zhukov,1999,2
Martin Bojowald,Thomas Strobl,2001,2
Martin Bordemann,Martin Schlichenmaier,1993,1
Martin Bucher,Tanmay Vachaspati,1993,1
Martin Cederwall,Mikkel Nielsen,1999,5
Martin Cederwall,Per Salomonson,1995,1
Martin Cederwall,Per Sundell,1995,5
Martin Cederwall,Tom Adawi,1997,2
Martin Cederwall,Ulf Gran,1997,8
Martin Cederwall,Vanicson L. Campos,2000,1
Martin Florig,Stephen J. Summers,1999,1
Martin Gremm,Mina Aganagic,1997,1
Martin Hasenbusch,Michele Caselle,2000,1
Martin Kruczenski,Par Stjernberg,1998,1
Martin Kruczenski,Robert C. Myers,2002,3
Martin Kruczenski,Ulf H. Danielsson,1998,8
Martin Lavelle,Robin Horan,1998,7
Martin Lavelle,Shogo Tanimura,2001,1
Martin Lemoine,Musongela Lubo,2001,1
Martin Markl,Shahn Majid,1993,1
Martin Markl,Steve Shnider,1993,2
Martin Markl,Tom Lada,1994,1
Martin Oloughlin,Matthias Blau,1997,4
Martin Olsson,Ulf H. Danielsson,2002,1
Martin Reuter,Michael G. Schmidt,1996,2
Martin Rocek,Peter Van Nieuwenhuizen,2002,1
Martin Rocek,Rikard Von Unge,1996,4
Martin Rocek,Stefan Vandoren,2001,3
Martin Rocek,Ulf Lindstrom,1995,4
Martin Rov Cek,Ulf Lindstrom,1994,1
Martin S. Sloth,S. F. Hassan,2002,1
Martin Schaden,Nicola Maggiore,1993,1
Martin Schlichenmaier,Thomas Deck,1992,1
Martin Schmaltz,Nick Evans,1996,1
Martin Schmaltz,Nima Arkani-Hamed,1998,1
Martin Schmaltz,Raman Sundrum,1997,1
Martin Schmaltz,Robert Shrock,1999,1
Martin Schmaltz,Thomas Appelquist,1999,2
Martin Schmaltz,Witold Skiba,1996,5
Martin Schnabl,Nicolas Moeller,2003,1
Martin Schvellinger,Santiago Perez Bergliaffa,2001,1
Martin Schvellinger,Tuan A. Tran,2001,2
Martin Schvellinger,Umut Gursoy,2002,1
Martin Wolf,Olaf Lechtenfeld,2002,1
Martin Wolf,Zalan Horvath,2002,1
Mary K. Gaillard,Pierre Binetruy,1995,4
Mary K. Gaillard,T. R. Taylor,1992,1
Mary K. Gaillard,Vidyut Jain,1993,3
Mary K. Gaillard,Yi-Yen Wu,1996,4
Masa-Aki Sakagami,Yasunari Kurita,2002,1
Masa-Aki Taniguchi,Masanobu Yahiro,1993,1
Masa-Aki Taniguchi,Satoshi Yamada,2001,1
Masa-Aki Taniguchi,Shozo Uehara,2001,1
Masa-Aki Taniguchi,Takanori Sugihara,1993,2
Masafumi Fukuma,Shigeaki Yahikozawa,1996,3
Masafumi Fukuma,So Matsuura,2000,5
Masafumi Fukuma,Stephen-Wei Chung,1993,1
Masafumi Fukuma,Tadakatsu Sakai,2000,3
Masafumi Fukuma,Takeshi Oota,1999,2
Masafumi Hasegawa,Minoru Hirayama,1997,1
Masafumi Hasegawa,Takeshi Hamada,1997,1
Masahiro Kubo,Mikio Nakahara,1998,1
Masahiro Kubo,Takesi Saito,1998,1
Masahiro Kubo,Ziro Maki,1998,1
Masahiro Morikawa,Tetsuya Shiromizu,1996,1
Masahiro Shiroishi,Miki Wadati,1998,1
Masahiro Shiroishi,Yukiko Umeno,1998,1
Masakazu Yamashita,Yoshiaki Tanii,1993,1
Masaki Shigemori,Per Kraus,2001,4
Masaki Sugiura,Taichi Itoh,1994,1
Masaki Sugiura,Yoonbai Kim,1994,1
Masaki Yasue,Yasuharu Honda,1999,3
Masako Asano,Masayuki Tanimoto,1993,1
Masako Asano,Noriaki Yoshino,1993,1
Masako Asano,Saburo Higuchi,1994,2
Masako Asano,Shin-Ichi Kojima,1994,2
Masako Asano,Yasuhiro Sekino,2002,2
Masako Kawamura,Shinichi Nojiri,1993,5
Masamichi Kojima,Nobuyoshi Ohta,1996,1
Masamichi Sato,Mitsuko Abe,1997,2
Masamichi Sato,Norisuke Sakai,1996,1
Masamichi Sato,Takashi Okamura,1999,1
Masanobu Nojiri,Motowo Yamanobe,1996,1
Masanobu Nojiri,Tadashi Miyazaki,1996,1
Masanobu Nojiri,Takashi Matsunaga,1996,1
Masanobu Yahiro,Masayuki Matsuzaki,1994,1
Masanobu Yahiro,Sergei D. Odintsov,2002,1
Masanobu Yahiro,Takanori Sugihara,1993,4
Masao Jinzenji,Masaru Nagura,1994,1
Masao Jinzenji,Tohru Eguchi,1997,2
Masao Jinzenji,Toru Sasaki,2000,3
Masao Jinzenji,Yi Sun,1994,1
Masao Ninomiya,Yoshihisa Kitazawa,1992,3
Masaru Ishi-I,Naoki Tanimura,2001,1
Masaru Ishi-I,Taro Kashiwa,2001,1
Masaru Kamata,Takao Koikawa,1995,2
Masaru Kamata,Takayuki Hori,1993,1
Masaru Shibata,Tetsuya Shiromizu,2000,1
Masashi Hamanaka,Nobuyoshi Ohta,2001,1
Masashi Hamanaka,Seiji Terashima,2000,1
Masashi Hamanaka,Yasuyuki Imaizumi,2001,1
Masashi Naganuma,Masato Arai,2002,3
Masashi Naganuma,Muneto Nitta,2000,6
Masashi Naganuma,Norisuke Sakai,1999,9
Masashi Naganuma,Shigeo Fujita,2002,1
Masashi Shiotani,Takayuki Matsuki,2000,1
Masato Arai,Muneto Nitta,2002,2
Masato Arai,Nobuchika Okada,2001,2
Masato Arai,Noriaki Kitazawa,1999,1
Masato Arai,Norisuke Sakai,2002,3
Masato Arai,Shigeo Fujita,2002,1
Masato Hisakado,Miki Wadati,1996,1
Masatoshi Nozaki,Michihiro Naka,2000,2
Masatoshi Nozaki,Tadashi Takayanagi,2000,1
Masatoshi Nozaki,Yasuaki Hikida,2000,2
Masatoshi Nozaki,Yuji Sugawara,2001,1
Masatoshi Sato,Noriko Nakayama,2001,2
Masatoshi Sato,Shigeaki Yahikozawa,1994,1
Masatoshi Sato,Shinya Wada,1995,6
Masatoshi Sato,Toshiaki Tanaka,2001,4
Masatoshi Sato,Toshiyuki Harano,1995,6
Masayoshi Tabuse,Tsutomu Horiguchi,1992,1
Masayoshi Yamamoto,Takeo Inami,2000,6
Masayoshi Yamamoto,Yorinori Saito,2000,3
Masayuki Matsuzaki,Takanori Sugihara,1994,1
Masayuki Noguchi,Seiji Terashima,1999,1
Masayuki Noguchi,Sung-Kil Yang,1995,2
Masayuki Sano,Tsuneo Uematsu,2000,1
Masayuki Tanimoto,Noriaki Yoshino,1993,1
Masoud Soroush,Neda Sadooghi,2002,1
Massimo Bianchi,Maurizio Martellini,1996,1
Massimo Bianchi,Michael B. Green,1998,3
Massimo Bianchi,Oliver Dewolfe,2000,1
Massimo Bianchi,Sergio Ferrara,1996,1
Massimo Bianchi,Stefano Kovacs,1998,7
Massimo Bianchi,Yassen S. Stanev,1996,5
Massimo Bianchi,Yassen Stanev,1996,1
Massimo Blasone,Peter A. Henning,1998,2
Massimo Blasone,Petr Jizba,1999,4
Massimo Giovannini,Stephane Riederer,2002,1
Massimo Porrati,Nima Arkani-Hamed,2000,1
Massimo Porrati,Riccardo Rattazzi,2003,1
Massimo Porrati,Sergio Ferrara,1993,1
Masud Chaichian,Mirian Tsulaia,2001,1
Masud Chaichian,Peter Presnajder,2002,1
Masud Chaichian,Tatsuo Kobayashi,1998,3
Masud Chaichian,Wen-Feng Chen,1998,1
Masumeh Ghasemkhani,Mohsen Alishahiha,2002,1
Mathias Klein,Raul Rabadan,2000,1
Mathieu Ribordy,Nicola Maggiore,1995,1
Mathieu Ribordy,Olivier Piguet,1995,1
Mathijs S. Dijkhuizen,Tom H. Koornwinder,1994,1
Matilde Marcolli,Yuri I. Manin,2002,1
Matin Gurses,Ozgur Sarioglu,2003,1
Matt Visser,S. Liberati,2000,1
Matt Visser,Stefano Liberati,2001,1
Matteo Bertolini,Pietro Fre`,1998,1
Matteo Bertolini,Roberto Iengo,1998,2
Matthew D. Schwartz,Nima Arkani-Hamed,2002,2
Matthew D. Schwartz,Veronica Sanz,2002,1
Matthew Headrick,Michael Gutperle,2001,2
Matthew Headrick,Neil R. Constable,2002,2
Matthew Headrick,Rajesh Gopakumar,2001,1
Matthew Headrick,Shiraz Minwalla,2001,4
Matthew Headrick,Volker Schomerus,2002,1
Matthew Headrick,Witold Skiba,2002,1
Matthew J. Strassler,Micha Berkooz,1997,2
Matthew J. Strassler,Per Kraus,1997,1
Matthew J. Strassler,Peter Cho,1997,1
Matthew J. Strassler,Philip C. Argyres,1999,1
Matthew J. Strassler,Robert G. Leigh,1995,3
Matthew J. Strassler,Vijay Balasubramanian,2001,1
Matthew Kleban,Mukund Rangamani,2000,1
Matthew Kleban,Naureen Goheer,2002,1
Matthew Kleban,Nemanja Kaloper,2002,2
Matthew Kleban,Scott Thomas,2001,1
Matthew Kleban,Stephen Shenker,2000,4
Matthew Kleban,Thomas Mehen,2000,1
Matthew Lippert,Steven B. Giddings,2002,1
Matthias Burkardt,Michael Thies,2002,1
Matthias Ihl,Sebastian Uhlmann,2002,1
Matthias Klein,Raul Rabadan,2000,2
Matthias R Gaberdiel,Michael B Green,2002,1
Matthias R Gaberdiel,Oren Bergman,1999,1
Matthias R Gaberdiel,Peter C West,2002,2
Matthias R Gaberdiel,Peter Goddard,1998,1
Matthias R Gaberdiel,Sakura Schafer-Nameki,2002,1
Matthias R Gaberdiel,Terry Gannon,2002,1
Matthias R. Gaberdiel,Michael B. Green,1998,4
Matthias R. Gaberdiel,Oren Bergman,1997,2
Matthias R. Gaberdiel,Ralph Blumenhagen,2000,1
Matthias R. Gaberdiel,Sakura Schafer-Nameki,2001,1
Matthias R. Gaberdiel,Tamas Hauer,1998,1
Matthias R. Gaberdiel,Tathagata Dasgupta,2000,1
Matthias Staudacher,Michael R. Douglas,1994,1
Matthias Staudacher,Thomas Wynter,1995,3
Matthias Staudacher,Vladimir A. Kazakov,1995,2
Matthias Staudacher,Werner Krauth,1996,7
Matthieu Lefrancois,Olivier Piguet,2003,2
Mattias N. R. Wohlfarth,Paul K. Townsend,2002,2
Mattias N. R. Wohlfarth,Thomas W. Grimm,2002,1
Maulik K. Parikh,Sergey N. Solodukhin,2000,1
Mauri Miettinen,Yuri Stroganov,1999,1
Mauricio Ayala,Richard Haase,2001,2
Mauricio Contreras,Ricardo Troncoso,1999,1
Mauricio Contreras,Rodrigo Aros,1999,1
Mauricio Contreras,Rodrigo Olea,1999,1
Maurizio Martellini,Mauro Carfora,1992,1
Maurizio Martellini,Mauro Zeni,1996,5
Maurizio Martellini,Paolo Cotta-Ramusino,1995,1
Mauro Brigante,Sergio Cacciatori,2002,1
Mauro Zeni,Vittorio Gorini,1995,1
Maxim Kontsevich,Simeon Vishik,1994,2
Maxim Zabzine,Myck Schwetz,1997,1
Maxim Zabzine,Nuno Barros E Sa,2000,1
Maxim Zabzine,Parviz Haggi-Mani,2000,1
Maxim Zabzine,Simon Lyakhovich,2002,1
Maxim Zabzine,Tasneem Zehra Husain,2000,2
Maxim Zabzine,Ulf Lindstrom,1997,9
Maxime Bagnoud,Takehiro Azuma,2002,1
Maxime Kudinov,Peter Orland,1996,2
Maximilian Hasler,Richard Grimm,1997,1
Maximo Banados,Miguel Ortiz,1998,2
Maximo Banados,Olivier Coussaert,1998,1
Maximo Banados,Thorsten Brotz,1998,1
Mees De Roo,Paul Koerber,2002,1
Mees De Roo,Tomas Ortin,1996,2
Mehmet Simsek,Peter Meisinger,2001,1
Mehmet Simsek,Stefan Boettcher,2001,1
Meifang Chu,Peter Goddard,1994,1
Meinulf Goeckeler,Thomas Schuecker,1998,1
Melanie Becker,Michael Haack,2002,1
Melanie Becker,Paul S. Green,2003,1
Melanie Becker,Sergey Prokushkin,2003,1
Merab Gogberashvili,Paul Midodashvili,2001,1
Merav Hadad,Ram Brustein,1997,1
Metin Arik,Muhittin Mungan,1993,1
Miao Li,Michael R. Douglas,1996,1
Miao Li,Pei-Ming Ho,1997,4
Miao Li,Qing-Guo Huang,2003,1
Miao Li,Tamiaki Yoneya,1995,4
Miao Li,Vatche Sahakian,1998,1
Miao Li,Wei Chen,1992,2
Miao Li,Yi-Hong Gao,1998,1
Miao Li,Yong-Shi Wu,1997,3
Micha Berkooz,Michael R. Douglas,1996,2
Micha Berkooz,Moshe Rozali,1997,3
Micha Berkooz,Nathan Seiberg,1996,3
Micha Berkooz,Ofer Aharony,1996,7
Micha Berkooz,Per Kraus,1997,1
Micha Berkooz,Peter Cho,1997,1
Micha Berkooz,Ram Fishman,2002,1
Micha Berkooz,Robert G. Leigh,1996,2
Micha Berkooz,Shamit Kachru,1997,1
Micha Berkooz,Vijay Balasubramanian,2001,1
Micha Berkooz,Yaron E. Antebi,2002,1
Michael Atiyah,Paul Sutcliffe,2001,1
Michael B. Green,Michael Gutperle,1995,8
Michael B. Green,Michael R. Douglas,1997,1
Michael B. Green,Oren Bergman,2002,1
Michael B. Green,Paul K. Townsend,1996,1
Michael B. Green,Pierre Vanhove,1997,3
Michael B. Green,Rajesh Gopakumar,1999,1
Michael B. Green,Savdeep Sethi,1998,1
Michael B. Green,Stefano Kovacs,1998,4
Michael B. Green,Tathagata Dasgupta,2000,1
Michael B. Green,Tom Banks,1998,1
Michael B. Schulz,Prasanta K. Tripathy,2002,1
Michael B. Schulz,Sandip P. Trivedi,2002,1
Michael B. Schulz,Shamit Kachru,2002,1
Michael Bershadsky,Slava Zhukov,1999,1
Michael Bershadsky,Tony Pantev,1997,2
Michael Bershadsky,Vladimir Sadov,1994,4
Michael Bershadsky,Zurab Kakushadze,1998,1
Michael D. Turner,Tim R. Morris,1997,1
Michael Dine,Michael Graesser,2001,2
Michael Dine,Michael Krasnitz,2003,1
Michael Dine,Nathan Seiberg,1997,1
Michael Dine,Patrick J. Fox,2003,1
Michael Dine,Robert Echols,1998,2
Michael Dine,Scott Thomas,2001,2
Michael Dine,Tom Banks,1995,7
Michael Dine,Yael Shadmi,1998,1
Michael Dine,Yossi Nir,1998,1
Michael Dine,Yuri Shirman,1996,2
Michael E. Peskin,Ofer Aharony,1995,2
Michael E. Peskin,Shimon Yankielowicz,1995,2
Michael Engelhardt,Shimon Levit,1996,1
Michael Flohr,Raimund Varnhagen,1993,1
Michael Flohr,Ralph Blumenhagen,1997,1
Michael Freeman,Peter West,1993,2
Michael G. Schmidt,Michael Haack,1998,1
Michael G. Schmidt,Myriam Mondragon,1995,2
Michael G. Schmidt,Peter Haberl,1995,1
Michael G. Schmidt,Tomislav Prokopec,2002,1
Michael Graesser,Scott Thomas,2001,2
Michael Gutperle,Michal Spalinski,2000,2
Michael Gutperle,Miguel S. Costa,2000,1
Michael Gutperle,Renata Kallosh,2003,1
Michael Gutperle,Roberto Emparan,2001,1
Michael Gutperle,Shinji Hirano,2003,1
Michael Gutperle,Shiraz Minwalla,2001,2
Michael Gutperle,Vipul Periwal,1998,1
Michael Gutperle,Volker Schomerus,2002,1
Michael Gutperle,Wafic A. Sabra,2001,1
Michael Gutperle,Wafic Sabra,2002,1
Michael Gutperle,Yuji Satoh,1998,2
Michael Haack,Monika Marquart,2000,1
Michael Haack,Sergei Gukov,2002,1
Michael J Morgan,Vu B Ho,1996,1
Michael J. Dugan,Tom D. Imbo,1994,1
Michael J. May,Raman Sundrum,2002,1
Michael K. Murray,Stuart Johnson,2002,1
Michael Krasnitz,Steven S. Gubser,1998,1
Michael Lashkevich,Yaroslav Pugai,1997,2
Michael Martin Nieto,V. Alan Kostelecky,1993,1
Michael Martin Nieto,V. I. Manko,1993,1
Michael Meyer-Hermann,Ralf Kuhn,2000,1
Michael Meyer-Hermann,Ralf Schutzhold,2000,1
Michael Monastyrsky,Sergei Nechaev,1997,1
Michael Moser,Wolfgang Lucha,1997,3
Michael P. Mattis,N. Michael Davies,1999,1
Michael P. Mattis,Nicholas Dorey,1993,1
Michael P. Mattis,Nick Dorey,2002,1
Michael P. Mattis,Timothy J. Hollowood,1999,4
Michael P. Mattis,Valentin V. Khoze,1999,4
Michael Perkins,Peter Bowcock,1998,1
Michael Plumacher,Mirjam Cvetic,1999,1
Michael R. Douglas,Nathan Seiberg,1996,2
Michael R. Douglas,Nikita A. Nekrasov,2001,1
Michael R. Douglas,Paul S. Aspinwall,2001,1
Michael R. Douglas,Philip C. Argyres,1995,1
Michael R. Douglas,Philippe Pouliot,1996,1
Michael R. Douglas,Robert G. Leigh,1996,1
Michael R. Douglas,S. Randjbar-Daemi,1999,1
Michael R. Douglas,Stephen H. Shenker,1995,3
Michael R. Douglas,Suresh Govindarajan,2002,1
Michael R. Douglas,T. Jayaraman,2002,1
Michael R. Douglas,Tom Banks,1996,2
Michael R. Douglas,Vladimir A. Kazakov,1993,1
Michael R. Douglas,Washington Taylor Iv,1998,1
Michael Salem,Tanmay Vachaspati,2002,1
Michael Schulz,Sandip Trivedi,2002,1
Michael Schulz,Shamit Kachru,2000,3
Michael Singer,Paul Sutcliffe,1999,1
Michael Strickland,Sen-Ben Liao,1995,6
Michael Thies,Verena Schoen,2000,2
Michael Thies,Verena Schon,2000,1
Michail D. Todorov,Plamen P. Fiziev,2001,1
Michail D. Todorov,Stoytcho S. Yazadjiev,2001,1
Michail D. Todorov,Todor L. Boyadjiev,2001,1
Michal Fabinger,Petr Horava,2000,1
Michal Fabinger,Simeon Hellerman,2002,1
Michel Droz,Vladimir Rittenberg,1993,1
Michel Dubois-Violette,Peter W. Michor,1994,1
Michel Dubois-Violette,Thierry Masson,1994,1
Michel Rausch De Traubenberg,Mikhail S. Plyushchay,2000,2
Michel Rausch De Traubenberg,Sergey M. Klishevich,2001,1
Michela Petrini,Nick Evans,2000,3
Michela Petrini,Paolo Di Vecchia,2003,1
Michela Petrini,Peter Kaste,2002,2
Michela Petrini,Rodolfo Russo,2002,3
Michela Petrini,Ruben Minasian,2002,2
Michela Petrini,Valentin V. Khoze,2002,1
Michele Maggiore,Riccardo Sturani,1999,1
Michele Maggiore,Roberto Grena,2000,1
Michele Maggiore,Simone Lelli,2000,2
Michele Maggiore,Stefano Foffa,1999,1
Michele Modugno,Raoul Gatto,1997,1
Michele Morara,Roberto Soldati,1998,1
Michihiro Naka,Tadaoki Uesugi,2000,1
Michihiro Naka,Tadashi Takayanagi,2000,1
Michihiro Naka,Yukiko Konishi,2002,1
Michio Jimbo,Omar Foda,1992,2
Michio Jimbo,Rinat Kedem,1995,1
Michio Jimbo,Robert Weston,1995,1
Michio Jimbo,Tetsuji Miwa,1992,7
Michio Jimbo,Tetsuji Tokihiro,1992,1
Michio Jimbo,Toshiki Nakashima,1992,1
Michio Jimbo,Yasuhiro Ohta,1992,1
Miguel A. Rodriguez,Niky Kamran,1996,1
Miguel A. Rodriguez,Peter J. Olver,1996,1
Miguel D. Bustamante,Sergio A. Hojman,2002,2
Miguel E. Ortiz,Sean M. Carroll,1994,4
Miguel E. Ortiz,Washington Taylor Iv,1995,3
Miguel Navarro,Vi Ctor Aldaya,1996,1
Miguel Ortiz,Olivier Coussaert,1998,1
Miguel Ortiz,Sean Carroll,1997,1
Miguel Ortiz,Thorsten Brotz,1998,1
Miguel Ortiz,Washington Taylor,1997,1
Miguel S. Costa,Mirjam Cvetic,1997,1
Miguel S. Costa,Mohab Abou-Zeid,1999,1
Miguel S. Costa,Ricardo Schiappa,2002,1
Mihail Mihailescu,Radu Tatar,1999,1
Mihail Mihailescu,Sanjaye Ramgoolam,1999,4
Miho Koma,Yoshiaki Koma,2001,2
Mikael Smedback,Volker Schomerus,2001,1
Mike Freeman,Nathan Berkovits,1993,1
Mike Freeman,Peter West,1993,1
Mike P. Ryan,Octavio Obregon,2001,1
Mike P. Ryan,Sergei D. Odintsov,2001,1
Mike P. Ryan,Shinichi Nojiri,2001,1
Mikhail I. Dobroliubov,Richard J. Szabo,1993,1
Mikhail Khovanov,Pavel Etingof,1994,1
Mikhail N. Smolyakov,Yuri A. Kubyshin,2001,2
Mikhail Plyushchay,Mirian Tsulaia,2003,1
Mikhail Plyushchay,Pasquale Sodano,1995,1
Mikhail Plyushchay,Sergei Klishevich,1999,2
Mikhail Plyushchay,Sergey Klishevich,2000,1
Mikhail S. Plyushchay,Peter A. Horvathy,2002,1
Mikhail S. Plyushchay,Sergey M. Klishevich,2001,6
Mikhail S. Volkov,Norbert Straumann,1997,1
Mikhail S. Volkov,Steven S. Gubser,2001,1
Mikhail Shaposhnikov,P. G. Tinyakov,1998,1
Mikhail Shaposhnikov,Peter Tinyakov,2001,1
Mikhail Shaposhnikov,Seif Randjbar-Daemi,2000,4
Mikhail Shaposhnikov,Tony Gherghetta,2000,2
Mikhail Shifman,Mikhail Voloshin,2000,1
Mikhail V. Saveliev,Svetlana A. Savelieva,1993,1
Mikhail Vasiliev,Sergey Prokushkin,1998,5
Miki Wadati,Toshinao Akuzawa,1998,1
Miki Wadati,Yasuhiro Fujii,1998,2
Miki Wadati,Yukiko Umeno,1998,1
Mikio Nakahara,Takesi Saito,1998,1
Mikio Nakahara,Ziro Maki,1998,1
Mikio Namiki,Saverio Pascazio,1994,1
Mikkel Nielsen,Per Sundell,2000,2
Mikkel Nielsen,Roman Linares,2003,1
Mikkel Nielsen,Ulf Gran,1999,8
Mikkel Nielsen,Vanicson L. Campos,2000,1
Miloslav Znojil,Omar Mustafa,2002,1
Min-Tsung He,Su-Long Nyeo,1995,1
Min-Tsung He,Yaw-Hwang Chen,1995,1
Min-Xin Huang,Thomas S. Levi,2002,1
Min-Xin Huang,Vijay Balasubramanian,2002,3
Min-Xin Huang,Vishnu Jejjala,2002,1
Min-Xin Huang,Yang-Hui He,2002,1
Mina Aganagic,Nicholas P. Warner,2003,1
Mina Aganagic,Rajesh Gopakumar,2000,1
Mina Aganagic,Shiraz Minwalla,2000,1
Mine Temurhan,Robbert Dijkgraaf,2002,1
Ming-Hsien Tu,Niann-Chern Lee,2001,1
Ming-Hsien Tu,Yu-Tung Chen,2001,1
Minoru Eto,Nobuhito Maru,2002,1
Minoru Eto,Norisuke Sakai,2002,1
Minoru Eto,Tsuyoshi Sakata,2002,1
Minoru Hirayama,Takeshi Hamada,1994,3
Minoru Horibe,Takaaki Hashimoto,1993,1
Minoru Wakimoto,Victor G. Kac,1994,1
Minu Joy,V. C. Kuriakose,2000,2
Mircea Pigli,Peter G. O. Freund,1997,1
Mirjam Cvetic,Paul Langacker,1992,5
Mirjam Cvetic,Soo-Jong Rey,1992,2
Mirjam Cvetic,Stephen Griffies,1992,3
Mirjam Cvetic,Steven S. Gubser,1999,2
Mirjam Cvetic,Wafic A. Sabra,1997,1
Mirjam Cvetivc,Stephen Griffies,1992,1
Miroslav Doresic,Stjepan Meljanac,1994,1
Misao Sasaki,Roy Maartens,2000,1
Misao Sasaki,Sugumi Kanno,2002,1
Misao Sasaki,Tetsuya Shiromizu,1999,1
Misao Sasaki,Wade Naylor,2002,3
Misao Sasaki,Wenceslao Santiago-Germ`An,2003,1
Misao Sasaki,Wenceslao Santiago-German,2003,1
Misha Stephanov,Peter Van Nieuwenhuizen,1998,1
Mitsuaki Fukae,Sung-Kil Yang,1999,1
Mitsuaki Fukae,Yasuhiko Yamada,1999,1
Mitsuhiro Kato,Shinji Hirano,1997,1
Mitsuhiro Kato,Tomoharu Okada,1996,1
Mitsuhiro Kato,Tsunehide Kuroki,1999,1
Mitsuko Abe,T. Ueno,1993,2
Mitsuko Abe,Takashi Tokunaga,1999,1
Mitsuo Abe,Noboru Nakanishi,1997,8
Mitsuru Yamada,Nobuyuki Motoyui,2001,2
Mitsuru Yamada,Shogo Tominaga,2001,2
Miyuki Katsuki,Shinichi Nojiri,1995,2
Mo-Lin Ge,Wei Li,1992,1
Mohammad A. Ganjali,Mohsen Alishahiha,2002,1
Mohammad A. Ganjali,Shahrokh Parvizi,2002,1
Mohammad M. Sheikh-Jabbari,Mohsen Alishahiha,2002,3
Mohammad M. Sheikh-Jabbari,Nobuyoshi Ohta,2002,1
Mohammad M. Sheikh-Jabbari,Radu Tatar,2002,1
Mohammad R. Garousi,Mohsen Alishahiha,2002,1
Mohammad R. Garousi,Robert C. Myers,1996,1
Mohammad Reza Abolhasani,Mohsen Alishahiha,1996,1
Mohsen Alishahiha,Ori J. Ganor,2003,1
Mohsen Alishahiha,Radu Tatar,2002,1
Mohsen Alishahiha,Shahrokh Parvizi,2002,2
Mohsen Alishahiha,Yaron Oz,1999,7
Moises Picon,Oscar Varela,2002,1
Mojtaba Mohammadi,Neda Sadooghi,2002,1
Mokhtar Hassaine,Ricardo Troncoso,2002,1
Mokhtar Hassaine,Rodrigo Olea,2002,1
Monica Borunda,Shinji Tsujikawa,2003,1
Monica M. Guica,Sean M. Carroll,2003,1
Monika Lynker,Rolf Schimmrigk,1995,4
Monika Lynker,Vipul Periwal,2003,1
Moninder Singh Modgil,Sukanta Panda,2001,1
Mordechai Spiegelglas,Shimon Yankielowicz,1992,1
Morten Krogh,Ori J. Ganor,1997,4
Morten Krogh,Sangmin Lee,1997,1
Morten Krogh,Tamas Hauer,2001,1
Morten Krogh,Yeuk-Kwan E. Cheung,1997,4
Morten Nielsen,N. K. Nielsen,1999,2
Moshe Moshe,Norisuke Sakai,1999,1
Moshe Moshe,Paolo Di Vecchia,1992,1
Moshe Moshe,Robert C. Myers,1995,2
Moshe Rozali,Nathan Seiberg,1997,1
Moshe Rozali,Philip A. Deboer,2003,1
Moshe Rozali,Richard Corrado,1996,1
Moshe Rozali,Robert Brandenberger,2003,1
Moshe Rozali,Robert G. Leigh,1997,4
Moshe Rozali,Sonia Paban,1996,2
Moshe Rozali,Stephon Alexander,2003,1
Moshe Rozali,Willy Fischler,1996,2
Moshe Rozali.,Sonia Paban,1995,1
Moshe Rozali.,Willy Fischler,1995,1
Motoi Tachibana,Nobuhiro Uekusa,2003,1
Motowo Yamanobe,Ritsu Yoshida,1994,1
Motowo Yamanobe,Sumio Ishikawa,1994,2
Motowo Yamanobe,Tadashi Miyazaki,1994,3
Motowo Yamanobe,Takashi Matsunaga,1996,1
Motowo Yamanobe,Yasuhiro Iwama,1994,2
Mu-In Park,Phillial Oh,1998,1
Mu-In Park,Sean J. Yoon,1997,3
Mu-In Park,Won Tae Kim,1997,1
Mu-In Park,Yong-Wan Kim,1997,2
Mu-In Park,Young-Jai Park,1994,10
Mu-Lin Yan,Sze-Shiang Feng,2000,1
Mu-Lin Yan,Xiao-Jun Wang,2001,1
Mukund Rangamani,Nathan Seiberg,1998,1
Mukund Rangamani,Sangmin Lee,1998,1
Mukund Rangamani,Sergei Gukov,1998,2
Mukund Rangamani,Shiraz Minwalla,1998,1
Mukund Rangamani,Stephen Shenker,2000,1
Mukund Rangamani,Steven S. Gubser,2000,2
Mukund Rangamani,Sunil Mukhi,2002,1
Mukund Rangamani,Thomas Mehen,2000,1
Mukund Rangamani,Veronika E Hubeny,2002,1
Mukund Rangamani,Veronika E. Hubeny,2002,4
Muneto Nitta,Nobuyoshi Ohta,1997,1
Muneto Nitta,Norisuke Sakai,2001,5
Muneto Nitta,T. E. Clark,2002,1
Muneto Nitta,T. Ter Veldhuis,2002,1
Muneto Nitta,Takeo Inami,2001,1
Muneto Nitta,Tetsuji Kimura,2000,7
Murat Gunaydin,Nicholas P. Warner,2002,1
Murat Gunaydin,Oleksandr Pavlyk,2002,1
Murat Gunaydin,Piet Claus,1999,1
Murat Gunaydin,Renata Kallosh,1999,1
Murat Gunaydin,Richard Corrado,2002,1
Murat Gunaydin,Seiji Takemae,1999,2
Murat Gunaydin,Sergei V. Ketov,1996,1
Murat Gunaydin,Sergio Ferrara,1997,1
Murat Gunaydin,Sudarshan Fernando,2001,2
Murat Gunaydin,Yonatan Zunger,1999,1
Murat Tas,Vakif K. Onemli,2001,1
Myck Schwetz,Nick Evans,1997,2
Myck Schwetz,Steve Hsu,1997,1
Myckola Schwetz,Nick Evans,1995,3
Myckola Schwetz,Stephen B. Selipsky,1995,1
Myckola Schwetz,Stephen D. H. Hsu,1995,3
Myckola Schwetz,Stephen Hsu,1997,1
Myriam Mondragon,Nicholas D. Tracas,1994,1
Myung Geun Jeong,Sahng-Kyoon Yoo,1998,1
Myung Seok Yoon,Soon-Tae Hong,2000,1
Myung Seok Yoon,Won Tae Kim,1997,6
Myung Seok Yoon,Young-Jai Park,2000,1
Myung-Ho Kim,Phillial Oh,1994,4
Myung-Ho Kim,Sang-Ok Hahn,1995,1
Myungseok Yoon,Won T. Kim,1997,1
N A Kostov,P L Christiansen,1994,1
N A Kostov,V Z Enolskii,1994,1
N Dombey,P Kennedy,2000,1
N Graham,Rl Jaffe,1998,1
N. A. Ansari,R. Romano,1994,1
N. A. Ansari,S. Solimeno,1994,1
N. A. Gromov,V. V. Kuratov,2001,4
N. A. Kivel,S. E. Derkachov,1993,1
N. A. Lemos,R. L. P. G. Amaral,1995,3
N. A. Lemos,R. L. P. G. Do Amaral,1998,1
N. A. Obers,O. Ganor,2002,1
N. A. Obers,P. M. Petropoulos,1997,1
N. A. Obers,P. Vanhove,1997,1
N. A. Obers,R. A. Janik,2002,1
N. A. Obers,T. Harmark,1999,8
N. A. Papadopoulos,W. Kalau,1993,1
N. A. Peskov,V. Ch. Zhukovsky,1998,2
N. A. Slavnov,N. Kitanine,2002,4
N. A. Slavnov,V. E. Korepin,1992,4
N. A. Slavnov,V. Terras,2002,4
N. Abdellatif,V. P. Akulov,2002,1
N. Aizawa,S. Sachse,1994,1
N. Aizawa,T. Fukui,1993,2
N. Alonso-Alberca,P. Meessen,2000,4
N. Alonso-Alberca,R. Linares,2003,1
N. Alonso-Alberca,T. Ortin,2000,6
N. Alonso-Alberca,U. Gran,2003,1
N. Ano,T. Suzuki,1998,1
N. B. Narozhny,V. A. Belinski,2002,1
N. B. Narozhny,V. A. Belinskii,1999,2
N. B. Narozhny,V. D. Mur,1999,4
N. Banerjee,R. Banerjee,1993,5
N. Banerjee,S. Ghosh,1994,2
N. Banerjee,Subir Ghosh,1993,3
N. Belaloui,N. Mebarki,1999,1
N. Berkovits,O. Chandia,1999,1
N. Berkovits,R. Medina,1997,1
N. Berkovits,S. Zhukov,1999,1
N. Berkovits,T. Hauer,1999,1
N. Berkovits,W. Siegel,1997,1
N. Boulanger,X. Bekaert,2002,1
N. Bralic,P. Donatis,1997,1
N. Bralic,R. M. Cavalcanti,1997,1
N. Brambilla,P. Consoli,1994,1
N. C. Ribeiro,R. F. Sobreiro,2003,1
N. C. Ribeiro,S. P. Sorella,2003,1
N. C. Tsamis,R. P. Woodard,2001,1
N. C. Tsamis,T. N. Tomaras,2001,1
N. Chair,V. K. Dobrev,1992,1
N. Chepilko,N. Ogawa,1997,1
N. Chepilko,T. Okazaki,1997,1
N. Ciccoli,R. Giachetti,1994,1
N. Cruz,S. Del Campo,2000,1
N. D. Hari Dass,Rahul Basu,1995,1
N. D. Hari Dass,Ramesh Anishetty,1995,1
N. D. Hari Dass,T. Yukawa,1995,1
N. D. Hari Dass,V. Soni,1999,2
N. D. Lambert,O. Baerwald,1999,2
N. D. Lambert,P. C. West,1997,15
N. D. Lambert,P. K. Townsend,1995,2
N. D. Lambert,P. S. Howe,1997,4
N. D. Lambert,S. F. Hewson,1997,1
N. D. V1Achos,T. A. Ioannidou,2003,1
N. D. Vlachos,T. A. Ioannidou,2003,1
N. D. Vlachos,V. B. Kopeliovich,2003,1
N. Dadhich,Tetsuya Shiromizu,2003,1
N. Debergh,Y. Brihaye,1998,1
N. Devaux,P. Kosinski,1995,1
N. Devaux,Y. Brihaye,1995,1
N. Dorey,P. S. Kurzepa,1992,1
N. Dorey,S. Vandoren,1997,5
N. Dorey,T. J. Hollowood,1995,6
N. Dorey,V. V. Khoze,1996,14
N. Dorey,W. A. Weir,1997,1
N. Dragon,S. Kuzenko,1998,1
N. Dragon,U. Theis,1997,4
N. E. Mavromatos,P. Kanti,1995,3
N. E. Mavromatos,R. J. Szabo,1997,2
N. E. Mavromatos,Sarben Sarkar,2002,1
N. E. Mavromatos,X. Maintas,1992,1
N. El Biaze,R. Markazi,2001,1
N. Evans,S. D. H. Hsu,1996,1
N. F. Svaiter,R. B. Rodrigues,1999,3
N. F. Svaiter,R. D. M. De Paola,1999,3
N. F. Svaiter,R. De Paola,1998,1
N. F. Svaiter,R. F. Ribeiro,2000,1
N. F. Svaiter,R. Portugal,1999,1
N. F. Svaiter,Rudnei O. Ramos,1999,1
N. F. Svaiter,V. A. De Lorenci,1996,2
N. Fumita,T. Oota,1995,1
N. G. Stefanis,N. I. Kochelev,1996,1
N. G. Stefanis,S. V. Esaibegyan,1996,1
N. Graham,R. L. Jaffe,1998,10
N. Graham,V. Khemani,2002,3
N. Grandi,O. Chandia,2001,1
N. Grandi,R. L. Pakman,1999,2
N. Gurappa,Prasanta K. Panigrahi,1997,3
N. Gurappa,Prasanta. K. Panigrahi,1996,1
N. Gurappa,V. Srinivasan,1997,1
N. Haba,Y. Abe,2003,1
N. Haba,Y. Higashide,2003,1
N. Hambli,R. T. Sharp,1995,1
N. I. Kochelev,S. V. Esaibegyan,1996,1
N. I. Stoilova,R. C. King,2002,2
N. I. Stoilova,T. D. Palev,1993,9
N. I. Troitskaya,V. A. Ivanova,2001,1
N. Ilieva,S. Gogilidze,1998,1
N. Ilieva,V. N. Pervushin,1998,1
N. Ilieva,W. Thirring,1998,3
N. Irges,S. P. De Alwis,2000,1
N. Ishibashi,N. Sasakura,1994,2
N. Ishibashi,R. Nakayama,1994,2
N. Ishibashi,S. Iso,1999,2
N. Ishibashi,T. Mogami,1994,2
N. Ishibashi,T. Tada,1999,1
N. Ishibashi,Y. Kitazawa,1996,3
N. Itzhaki,Nadav Drukker,2000,1
N. Itzhaki,R. Parentani,1996,1
N. Itzhaki,S. Massar,1996,1
N. Itzhaki,S. Theisen,1997,1
N. Itzhaki,S. Yankielowicz,1997,5
N. Itzhaki,S. Yankielowizc,1997,1
N. Itzhaki,Shinji Hirano,2000,1
N. Itzhaki,Sunil Mukhi,2002,1
N. Itzhaki,V. Kaplunovsky,1997,1
N. J. Kim,Y. S. Myung,1998,8
N. K. Nielsen,U. J. Quaade,1995,1
N. K. Pak,V. Ya. Fainberg,1996,1
N. Kaloper,R. Madden,1993,2
N. Kaloper,S. Dimopoulos,2001,2
N. Kaloper,S. Kachru,2001,2
N. Kawamoto,N. Sato,1999,1
N. Kawamoto,T. Mogami,1993,1
N. Kawamoto,T. Tsukioka,1998,1
N. Kawamoto,Y. Watabiki,1993,1
N. Khviengia,Z. Khviengia,1996,3
N. Kim,Soo-Jong Rey,1997,3
N. Kitanine,V. Terras,2002,4
N. M. Chepilko,N. Ogawa,1997,1
N. M. Chepilko,S. Uchiyama,1997,1
N. M. Rom~Ao,N. S. Manton,1999,1
N. Maggiore,N. Magnoli,1999,1
N. Maggiore,O. S. Ventura,2000,2
N. Maggiore,S. P. Sorella,2000,2
N. Maggiore,V. E. R. Lemes,2000,2
N. Magnoli,P. Grinza,1999,2
N. Magnoli,R. Guida,1995,3
N. Michael Davies,Timothy J. Hollowood,1999,2
N. Michael Davies,Valentin V. Khoze,1999,3
N. Mohammedi,P. Forgacs,1997,2
N. Mohammedi,R. D. Simmons,1995,1
N. Mohammedi,R. T. Moss,1995,1
N. N. Khuri,T. T. Wu,2001,1
N. N. Khuri,Tai Tsun Wu,1998,1
N. N. Nikolaev,V. R. Zoller,1994,1
N. Nekrasov,S. Gubser,1998,1
N. Nekrasov,S. L. Shatashvili,1998,1
N. Nekrasov,S. Shatashvili,1995,6
N. Nekrasov,V. Fock,1999,1
N. Nekrasov,V. Rubtsov,1999,2
N. Ogawa,S. Uchiyama,1997,1
N. Ogawa,T. Okazaki,1997,1
N. Ohta,P. K. Townsend,2000,1
N. Ohta,R-G. Cai,2000,1
N. Ohta,R. -G. Cai,2001,1
N. Ohta,R.-G. Cai,2001,1
N. Ohta,S. Mizoguchi,1998,1
N. Ohta,S. P. De Alwis,1994,2
N. Ohta,S. Roy,2001,2
N. Ohta,Y.-S. Wu,2001,1
N. Ohtsubo,T. Kobayashi,1993,3
N. P. Chitaia,S. A. Gogilidze,1997,4
N. P. Chitaia,Yu. S. Surovtsev,1997,4
N. P. Landsman,U. A. Wiedemann,1994,2
N. P. Warner,P. Fendley,1994,1
N. P. Warner,P. Mayr,1996,1
N. P. Warner,S. S. Gubser,1999,2
N. P. Warner,S. Skorik,1994,1
N. P. Warner,S. Stieberger,1998,2
N. P. Warner,W. Lerche,1992,7
N. P. Warner,Z. Maassarani,1992,1
N. Panchapakesan,R. P. Saxena,1998,3
N. Panza,Winder A. Moura-Melo,1998,1
N. Pinamonti,V. Moretti,2003,2
N. Pinto-Neto,Patrick Peter,2002,1
N. Pinto-Neto,R. G. Furtado,2002,1
N. R. Constable,R. C. Myers,1999,2
N. R. Constable,Z. Guralnik,2002,1
N. R. F. Braga,R. Amorim,1997,1
N. R. F. Braga,R. Thibes,1997,1
N. R. F. Braga,S. M. De Souza,1995,1
N. R. Khusnutdinov,V. B. Bezerra,2000,2
N. R. Stewart,S. Mignemi,1992,2
N. Reshetikhin,R. M. Kashaev,1995,1
N. Riazi,S. M. Zebarjad,2002,1
N. S. Ananikian,R. R. Lusiniants,1994,1
N. S. Deger,P. Sundell,1999,2
N. S. Deger,Y. Tanii,2000,1
N. S. Manton,P. A. Shah,1993,1
N. S. Manton,R. Heumann,2000,1
N. S. Manton,R. Sasaki,1999,1
N. S. Manton,S. M. Nasir,1998,2
N. Sakai,S. Higuchi,1993,3
N. Sakai,S. Kojima,1993,4
N. Sakai,S. M. Nishigaki,1996,1
N. Sakai,S. Nishigaki,1993,2
N. Sakai,T. Uchino,1992,1
N. Sakai,Y. Matsumura,1992,1
N. Sakai,Y. Tanii,1992,5
N. Sasakura,R. Nakayama,1994,2
N. Sasakura,S. Sugimoto,1998,1
N. Sasakura,T. Mogami,1994,2
N. Scheu,T. Heinzl,1999,1
N. Seiberg,N. Toumbas,2000,2
N. Seiberg,O. Aharony,1997,3
N. Seiberg,P. C. Argyres,1995,2
N. Seiberg,R. G. Leigh,1994,1
N. Seiberg,S. Kachru,1996,2
N. Seiberg,T. Banks,1997,1
N. Seiberg,W. Fischler,1997,1
N. Shaji,R. Shankar,1992,2
N. Shaji,T. R. Govindarajan,1992,2
N. Slavnov,T. Kojima,1996,2
N. Slavnov,V. Korepin,1996,2
N. Sochen J. Sonnenschein,O. Aharony,1992,1
N. Sochen J. Sonnenschein,O. Ganor,1992,1
N. Sochen J. Sonnenschein,S. Yankielowicz,1992,1
N. Stoilova,Nguyen Anh Ky,1994,1
N. Straumann,O. Brodbeck,1995,2
N. Tanimura,T. Kashiwa,1996,3
N. Tell,Y. Brihaye,1999,1
N. Tetradis,S. Bornholdt,1994,2
N. Tetradis,T. N. Tomaras,2002,2
N. Tetradis,T. Tomaras,2001,1
N. Tetradis,V. Zarikas,2002,1
N. Toumbas,V. Hubeny,2000,1
N. Tsuda,S. Ichinose,1995,2
N. Tsuda,T. Yukawa,1995,3
N. Turok,W. K. Baskerville,1997,1
N. Unal,S. Gonen,2002,1
N. Vanegas,S. Thomas,1995,2
N. Vanegas,W. A. Sabra,1995,2
N. Warner,P. Mayr,1996,3
N. Warner,W. Lerche,1996,3
N. Weiss,Y. Kinar,1999,1
N. Wschebor,U. Ellwanger,2001,4
N. Wyllard,S. G. Naculich,2003,1
N. Wyllard,S. Naculich,2002,2
N. Yokoi,T. Nakatsu,1999,1
Nadeem A. Ansari,S. Solimeno,1993,1
Nadeem A. Ansari,V. I. Manko,1993,2
Nadejda A. Vicol,S. I. Vacaru,2000,1
Nail R. Khusnutdinov,Sergey V. Sushkov,2002,1
Nakwoo Kim,Piljin Yi,1999,2
Nakwoo Kim,Soo-Jong Rey,1997,3
Nakwoo Kim,Stathis Pakis,2001,2
Nakwoo Kim,Stefan Theisen,2002,1
Nam Jong Moh,Sultan Catto,1998,1
Nam-Jong Moh,Sultan Catto,2003,1
Namil Park,Yoonbai Kim,2002,1
Naofumi Kitsunezaki,Shozo Uehara,2000,3
Naoki Sasakura,Shinichi Imai,2000,1
Naoki Sasakura,Shoichi Kawamoto,2000,1
Naoki Tanimura,Taro Kashiwa,1996,2
Naoto Yokoi,Takahiro Kubota,1997,1
Naoto Yokoi,Toshio Nakatsu,1998,2
Naotoshi Okamura,Saifuddin Rayyan,2002,2
Naotoshi Okamura,Sandor Benczik,2002,2
Naotoshi Okamura,Tatsu Takeuchi,2001,4
Narayan Banerjee,Naresh Dadhich,2000,1
Narendra Sahu,Urjit A. Yajnik,2002,1
Naresh Dadhich,Parampreet Singh,2001,4
Naresh Dadhich,Philippos Papadopoulos,2000,1
Naresh Dadhich,R. G. Vishwakarma,2002,1
Naresh Dadhich,Roy Maartens,2000,1
Naresh Dadhich,S. G. Ghosh,2001,1
Naresh Dadhich,Sayan Kar,1999,1
Naresh Dadhich,Sukanta Bose,1999,2
Naresh Dadhich,Vahid Rezania,2000,1
Naruhiko Aizawa,Tatsuo Kobayashi,1997,1
Natalia Saulina,Ori J. Ganor,2000,1
Nathalie Deruelle,Tomas Dolezel,2000,1
Nathan Berkovits,Nobuyoshi Ohta,1994,1
Nathan Berkovits,Osvaldo Chandia,2000,3
Nathan Berkovits,Paul Howe,2001,1
Nathan Berkovits,Peter West,1993,1
Nathan Berkovits,Sergei Gukov,2001,1
Nathan Berkovits,Vladimir Pershin,2002,1
Nathan Berkovits,Warren Siegel,1995,1
Nathan F. Lepora,T. W. B. Kibble,1999,2
Nathan Seiberg,Neil Turok,2001,1
Nathan Seiberg,Ofer Aharony,1998,1
Nathan Seiberg,Ori J. Ganor,1996,1
Nathan Seiberg,Paul J. Steinhardt,2001,1
Nathan Seiberg,Rajesh Gopakumar,2000,1
Nathan Seiberg,Robert G. Leigh,1996,1
Nathan Seiberg,Sangmin Lee,1998,1
Nathan Seiberg,Savdeep Sethi,1997,1
Nathan Seiberg,Shiraz Minwalla,1998,4
Nathan Seiberg,Stephen Shenker,1992,3
Nathan Seiberg,Tom Banks,1996,4
Nathan Weiss,Stephanie Curnoe,1995,1
Natxo Alonso-Alberca,Pedro J. Silva,2000,1
Natxo Alonso-Alberca,Tomas Ortin,2002,1
Neal Weiner,Yael Shadmi,2002,1
Neil D. Lambert,Neil R. Constable,2002,1
Neil D. Lambert,Peter C. West,1998,2
Neil Marcus,Shimon Yankielowicz,1994,1
Neil Marcus,Yaron Oz,1992,2
Neil R. Constable,Oyvind Tafjord,1999,3
Neil R. Constable,Robert C. Myers,1999,5
Neil R. Constable,Shiraz Minwalla,2002,2
Neil R. Constable,Witold Skiba,2002,1
Neil R. Constable,Zachary Guralnik,2002,2
Neil Turok,Paul J. Steinhardt,2001,7
Neil Turok,Ph. Brax,1997,2
Neil Turok,Ron Y. Donagi,2001,1
Neil Turok,S. W. Hawking,1998,3
Neil Turok,Steven Gratton,2000,1
Neil Turok,Thomas Hertog,2000,1
Neil Turok,Toby Wiseman,2000,1
Nelson Pinto Neto,Patrick Peter,2001,1
Nelson Pinto-Neto,Patrick Peter,2002,3
Nelson R. F. Braga,Ricardo Amorim,1996,3
Nelson R. F. Braga,Sergio M. De Souza,1995,1
Nemani V Suryanarayana,Sunil Mukhi,2001,1
Nemani V. Suryanarayana,Spenta R. Wadia,2002,1
Nemani V. Suryanarayana,Sumit R. Das,2001,1
Nemani V. Suryanarayana,Sunil Mukhi,1999,8
Nemanja Kaloper,Nima Arkani-Hamed,1999,2
Nemanja Kaloper,Raman Sundrum,2000,1
Nemanja Kaloper,Ramzi R. Khuri,1995,2
Nemanja Kaloper,Raphael Bousso,1998,1
Nemanja Kaloper,Richard Madden,1995,1
Nemanja Kaloper,Robert C. Myers,1995,4
Nemanja Kaloper,Roberto Emparan,2002,2
Nemanja Kaloper,Savas Dimopoulos,1999,2
Nemanja Kaloper,Simeon Hellerman,2001,1
Nemanja Kaloper,Stephen Shenker,2002,2
Nemanja Kaloper,Warren G. Anderson,1995,1
Nemanja Kaloper,Yong-Seon Song,2002,1
Nevidita Deo,Richard C. Brower,1992,1
Nevidita Deo,Sanjay Jain,1992,1
Nguyen Ai Viet,Varghese John,1995,1
Niall Mackay,William Mcghee,1992,1
Niann-Chern Lee,Yu-Tung Chen,2001,1
Nicholas Dorey,Timothy J. Hollwood,1994,1
Nicholas Jones,Richard J. Hill,2001,1
Nicholas Jones,S.-H. Henry Tye,2000,3
Nicholas Manton,Paul Sutcliffe,1997,1
Nicholas P. Warner,Nick Halmagyi,2002,1
Nicholas P. Warner,Richard Corrado,2001,3
Nicholas P. Warner,Sung-Kil Yang,2001,1
Nicholas P. Warner,Tohru Eguchi,2001,1
Nicholas Read,Paul Fendley,2002,1
Nicholas T. Jones,S.-H. Henry Tye,2002,2
Nick Dorey,Ofer Aharony,2000,1
Nick Dorey,S. Prem Kumar,2000,6
Nick Dorey,Timothy J. Hollowood,2000,8
Nick Dorey,Valentin V. Khoze,2000,4
Nick E. Mavromatos,Richard J. Szabo,1998,5
Nick E. Mavromatos,Sarben Sarkar,2002,1
Nick Evans,Stephen B. Selipsky,1995,1
Nick Evans,Stephen D. H. Hsu,1995,2
Nick Evans,Stephen Hsu,1997,1
Nick Evans,Steve Hsu,1997,1
Nick Halmagyi,Richard Corrado,2002,2
Nick Halmagyi,Sujay K. Ashok,2002,1
Nick Manton,Paul Sutcliffe,1994,1
Niclas Engberg,Per Sundell,1993,1
Niclas Sandstrom,Robert Marnelius,1998,2
Niclas Wyllard,Per Berglund,1997,1
Niclas Wyllard,Stephen G. Naculich,2001,4
Nicodemo Magnoli,Riccardo Guida,1996,3
Nicola Maggiore,Olivier Piguet,1995,4
Nicola Maggiore,Paolo Provero,1992,1
Nicola Maggiore,Silvio P. Sorella,1992,3
Nicola Maggiore,Sylvain Wolf,1995,3
Nicolas Boulanger,Peter Van Nieuwenhuizen,2002,1
Nicolas Boulanger,Thibault Damour,2000,2
Nicolas Boulanger,Xavier Bekaert,2002,4
Nicolas Couchoud,Paul Windey,2001,1
Nicolas Macris,Stephane Ouvry,2001,1
Nicolas Moeller,Washington Taylor,2000,1
Nicolas Moeller,Yang-Hui He,2001,4
Nicole Marshall,Richard J. Szabo,1994,1
Niels Obers,Troels Harmark,2002,1
Nigel Goldenfeld,Y. Oono,1995,1
Nikita A. Nekrasov,Samson L. Shatashvili,1999,1
Nikita Nekrasov,Samson L. Shatashvili,1999,1
Nikita Nekrasov,Samson Shatashvili,1996,2
Nikita Nekrasov,Savdeep Sethi,1998,1
Nikita Nekrasov,Vladimir A. Kazakov,1998,1
Nikita Nekrassov,Samson Shatashvili,1998,1
Nikita Slavnov,Vladimir Korepin,1997,1
Nikolaos Irges,S. P. De Alwis,2000,1
Nikolaos Prezas,Vasilis Niarchos,2001,2
Nikolaos Prezas,Yang-Hui He,2000,3
Nikolay M. Nikolov,Yassen S. Stanev,2001,2
Nikolay N. Aksenov,Yuri M. Malyuta,1995,2
Niky Kamran,Peter J. Olver,1996,2
Nils-Peter Skoruppa,Wolfgang Eholzer,1994,3
Nima Arkani-Hamed,Paolo Creminelli,2003,2
Nima Arkani-Hamed,Raman Sundrum,2000,1
Nima Arkani-Hamed,Riccardo Rattazzi,1998,1
Nima Arkani-Hamed,Savas Dimopoulos,1998,5
Nima Arkani-Hamed,Thomas Gregoire,2001,1
Ning Wu,Tu-Nan Ruan,2003,1
Ning Wu,Zhan Xu,2002,1
Ninoslav Bralic,Virginia Manias,1995,1
Nissan Itzhaki,Shimon Yankielowicz,1998,2
Noah Graham,Peter E. Haagensen,1998,1
Noah Graham,Robert L. Jaffe,1998,2
Noboru Kawamoto,Noriaki Sato,1999,1
Noboru Kawamoto,Takuya Tsukioka,1997,3
Noboru Kawamoto,Yukiya Uchida,1999,1
Nobuhiro Maekawa,Shigeki Sugimoto,1997,1
Nobuhiro Maekawa,Takayuki Hirayama,1997,1
Nobuhito Maru,Norisuke Sakai,2000,5
Nobuhito Maru,Ryo Sugisaka,2000,4
Nobuhito Maru,Shinsaku Kitakado,1996,1
Nobuhito Maru,Tsuyoshi Sakata,2002,1
Nobuhito Maru,Yutaka Sakamura,2000,4
Nobuyoshi Ohta,Paul K. Townsend,1997,1
Nobuyoshi Ohta,Rong-Gen Cai,1999,7
Nobuyoshi Ohta,Takashi Shimizu,1995,3
Nobuyoshi Ohta,Takuhiro Kitao,1998,3
Nobuyoshi Ohta,Yan-Gang Miao,2003,1
Nobuyoshi Ohta,Yasuyuki Imaizumi,2001,2
Nobuyoshi Ohta,Yoshifumi Hyakutake,2002,1
Nobuyoshi Ohta,Yun Soo Myung,2001,1
Nobuyuki Ishibashi,Satoshi Iso,1999,1
Nobuyuki Ishibashi,Yoshihisa Kitazawa,1999,1
Nobuyuki Ishibashi,Yuji Satoh,2000,1
Nobuyuki Motoyui,Shogo Tominaga,2001,2
Nobuyuki Sakai,Yoonbai Kim,1995,2
Nora Breton,Ricardo Garcia-Salcedo,2002,1
Nora Breton,Tonatiuh Matos,1995,1
Norbert Dragon,Peter Van Nieuwenhuizen,1997,1
Norbert Dragon,Sergei Kuzenko,1997,1
Norbert Dragon,Sergei M. Kuzenko,1997,2
Norbert Dragon,Tobias Hurth,1997,1
Norbert Dragon,Ulrich Theis,1997,1
Norbert Duechting,Sergei V. Shabanov,1998,1
Norbert Duechting,Thomas Strobl,1998,2
Norbert Straumann,Othmar Brodbeck,1997,1
Noriaki Ikeda,Shoichi Ichinose,1995,6
Noriaki Kitazawa,Yasutaka Katagiri,2002,1
Noriaki Sato,Yukiya Uchida,1999,1
Norihito Sasaki,Yukinori Yasui,1996,1
Noriko Nakayama,Toshiaki Tanaka,2001,2
Noriko Saitoh,Satoru Saito,1994,1
Norisuke Sakai,Ryo Sugisaka,2000,6
Norisuke Sakai,Saburo Higuchi,1993,4
Norisuke Sakai,Shigemitsu Tomizawa,1998,2
Norisuke Sakai,Shigeo Fujita,2002,1
Norisuke Sakai,Shin-Ichi Kojima,1995,1
Norisuke Sakai,Shinsuke Nishigaki,1993,2
Norisuke Sakai,Tadakatsu Sakai,1995,4
Norisuke Sakai,Tsuyoshi Sakata,2002,1
Norisuke Sakai,Yoichiro Matsumura,1992,3
Norisuke Sakai,Yoichro Matsumura,1993,1
Norisuke Sakai,Yoshiaki Tanii,1992,3
Norisuke Sakai,Yukihiro Mimura,1996,1
Norisuke Sakai,Yutaka Sakamura,2000,4
Noriyuki Shimoyama,Takaaki Ozeki,1999,1
Norma Mankovc Borvstnik,Svjetlana Fajfer,1995,1
Norman Cruz,Samuel Lepe,2001,1
Norman Dombey,Piers Kennedy,2001,1
Noureddine Mohammedi,P. J. Hodges,1996,1
O Yvind Tafjord,Vipul Periwal,1996,1
O-Kab Kwon,Yoonbai Kim,2002,3
O. A. Battistel,O. L. Battistel,1999,1
O. A. Rytchkov,P. B. Medvedev,1997,1
O. A. Soloviev,S. J. Gates Jr.,1994,2
O. A. Soloviev,S. Thomas,1994,1
O. A. Soloviev,W. A. Sabra,1994,1
O. Abe,O. Tabata,1997,1
O. Aharony,O. Ganor,1992,3
O. Aharony,P. Di Francesco,1993,1
O. Aharony,S. Kachru,1997,1
O. Aharony,S. S. Gubser,1999,1
O. Aharony,S. Theisen,1996,1
O. Aharony,S. Yankielowicz,1992,8
O. Aharony,Y. Oz,1999,1
O. Baerwald,P. C. West,1999,2
O. Baerwald,P. West,1999,1
O. Barwald,R. W. Gebert,1997,1
O. Bergman,S. Sugimoto,2001,1
O. Bergman,Y. Okawa,2001,1
O. Casta~Nos,R. Lopez-Pe~Na,1994,4
O. Casta~Nos,V. I. Manko,1994,4
O. Coceal,S. Thomas,1996,2
O. Coceal,W. A. Sabra,1996,2
O. Corradini,P. Van Nieuwenhuizen,2000,2
O. Dewolfe,S. S. Gubser,1999,1
O. Espinosa,S. Lepe,2001,1
O. Foda,R. Kedem,1994,1
O. Foda,S. O. Warnaar,1995,1
O. Foda,T. Miwa,1994,1
O. Ganor,S. Yankielowicz,1992,5
O. Golinelli,P. Di Francesco,1995,3
O. Grandjean,V. Schomerus,1999,1
O. Jahn,T. Kraus,1996,1
O. Kenneth,S. Nussinov,1999,2
O. Lebedev,S. Khalil,2001,1
O. Lebedev,S. Morris,2001,1
O. Lechtenfeld,S. Krivonos,2000,3
O. Lechtenfeld,S. Samuel,1994,2
O. Lechtenfeld,S. Uhlmann,2002,1
O. Lechtenfeld,S. V. Ketov,1993,2
O. Lipan,P. Wiegmann,1996,1
O. Lunin,P. Haney,1999,1
O. Lunin,S. Pinsky,1998,8
O. Lunin,S. Tsujimaru,1998,2
O. Lunin,Sdlcq Collaboration: F. Antonuccio,1999,1
O. Lunin,U. Trittmann,1999,2
O. M. Del Cima,O. Piguet,1996,4
O. Moritsch,O. Piguet,1994,1
O. Moritsch,P. A. Blaga,1994,1
O. Moritsch,P. John,1996,1
O. Moritsch,S. Emery,1995,1
O. Moritsch,S. P. Sorella,1993,2
O. Moritsch,T. Sommer,1994,5
O. Moritsch,U. Feichtinger,1996,1
O. Obregon,S. D. Odintsov,1998,3
O. Obregon,S. Nojiri,1998,3
O. Obregon,S. Ogushi,2000,1
O. Obregon,V. I. Tkach,1998,1
O. Obregon,V. M. Villanueva,1995,1
O. Oliveira,R. A. Coimbra,2002,1
O. Piguet,S. Emery,1993,3
O. Piguet,S. P. Sorella,1992,4
O. Pujolas,T. Tanaka,2003,1
O. Raetzel,P. S. Howe,1998,2
O. Ragnisco,V. B. Kuznetsov,1994,1
O. Rojas Santos,S. M. De Souza,1999,1
O. Ruchayskiy,P. Wiegmann,2001,1
O. S. Ventura,S. P. Sorella,1997,12
O. S. Ventura,V. E. R. Lemes,1997,9
O. Santillan,Z. Popowicz,2001,1
O. Sarioglu,S. Deser,1997,2
O. Schnetz,R. Flume,1996,1
O. Schroeder,T. Tok,2002,1
O. Schroeder,V. Ch. Zhukovsky,2002,1
O. T. Turgut,R. J. Henderson,1993,1
O. T. Turgut,S. G. Rajeev,1993,4
O. Tirkkonen,P. Sodano,1995,3
O. Tirkkonen,T. Nassar,1997,1
O. V. Dodlov,S. E. Konstein,1993,1
O. V. Manko,V. I. Manko,1993,1
O. V. Manko,V. V. Dodonov,1993,1
O. V. Ogievetsky,P. Furlan,2000,1
O. V. Ogievetsky,P. N. Pyatov,2000,1
O. Verhoeven,P. Ruelle,1998,2
O. Verhoeven,S. Lienart,2000,1
O. W. Greenberg,Robert C. Hilborn,1998,1
O. Winkler,T. Thiemann,2000,3
O. Yu. Shevchenko,S. B. Solganik,1996,5
O. Yu. Shvedov,V. P. Maslov,1997,4
Octavio A. Mattos,Victor O. Rivelles,1992,1
Octavio Obregon,Rodolfo Gambini,1995,1
Octavio Obregon,Sachiko Ogushi,2000,1
Octavio Obregon,Sergei D. Odintsov,2000,5
Octavio Obregon,Shinichi Nojiri,2000,5
Octavio Obregon,Vladimir I. Tkach,2000,1
Odd Magne Ogreid,Per Osland,1998,2
Oded Kenneth,Shmuel Nussinov,1998,1
Ofer Aharony,Oliver Dewolfe,2003,1
Ofer Aharony,Ram Fishman,2002,1
Ofer Aharony,S. Prem Kumar,2000,1
Ofer Aharony,Shamit Kachru,1996,2
Ofer Aharony,Shimon Yankielowicz,1995,6
Ofer Aharony,Shlomo S. Razamat,2002,1
Ofer Aharony,Stefan Theisen,1999,1
Ofer Aharony,Thomas Mehen,2000,1
Ofer Aharony,Tom Banks,1998,1
Ofer Aharony,Yaron E. Antebi,2002,1
Ofer Aharony,Yaron Oz,1998,1
Ofer Aharony,Zheng Yin,1998,1
Ofer Feinerman,Shmuel Elitzur,1998,1
Oktay Cebecioglu,Sultan Catto,2003,1
Oktay Cebecioglu,V. P. Akulov,2003,2
Oktay K. Pashaev,Shao-Shiung Lin,1997,1
Oktay K. Pashaev,Shi-Shyr Roan,1997,1
Olaf Lechtenfeld,Sebastian Uhlmann,2002,2
Olaf Lechtenfeld,Sergei Ketov,1995,1
Olaf Lechtenfeld,Stefano Bellucci,2001,1
Olaf Lechtenfeld,Tatiana A. Ivanova,2000,1
Olaf Lechtenfeld,Warren Siegel,1997,2
Olaf Lechtenfeld,Zalan Horvath,2002,1
Ole Warnaar,Paul A. Pearce,1994,1
Oleg A. Soloviev,S. J. Gates Jr.,1995,1
Oleg Andreev,Tassilo Ott,2001,1
Oleg Lebedev,Stephen Morris,2002,1
Oleg Lebedev,Tatsuo Kobayashi,2003,2
Oleg Lunin,Paul Haney,1999,1
Oleg Lunin,Samir D. Mathur,2000,9
Oleg Lunin,Stephen Pinsky,1998,4
Oleg Lunin,Stephen S. Pinsky,1998,1
Oleg Lunin,Uwe Trittmann,1999,1
Oleg Ogievetsky,Vidyut Jain,1992,1
Oleksandr Pavlyk,Sudarshan Fernando,2002,1
Olga Arias,Rolando Cardenas,2002,1
Olindo Corradini,Peter Langfelder,2001,3
Olindo Corradini,Zurab Kakushadze,2000,6
Oliver Baerwald,Reinhold W. Gebert,1997,1
Oliver Barwald,Reinhold W. Gebert,1996,1
Oliver Dewolfe,Raphael Bousso,2002,1
Oliver Dewolfe,Robert C. Myers,2002,1
Oliver Dewolfe,Steven B. Giddings,2002,1
Oliver Dewolfe,Steven S. Gubser,2001,1
Oliver Dewolfe,Tamas Hauer,1998,3
Oliver Haschke,Werner Ruehl,1998,4
Oliver Schwindt,Tom Weidig,2000,1
Olivier Espinosa,Patricio Gaete,2002,1
Olivier Piguet,Oswaldo M. Del Cima,1997,4
Olivier Piguet,Silvio P. Sorella,1993,1
Olivier Piguet,Silvio Paolo Sorella,1995,1
Olivier Piguet,Sortelano A. Diniz,2002,1
Olivier Piguet,Sortelano Araujo Diniz,2001,1
Olivier Piguet,Sylvain Wolf,1995,4
Olivier Verhoeven,Philippe Ruelle,2002,1
Omar Foda,R. Kedem,1994,1
Omar Foda,T. Miwa,1994,1
Omar Foda,Tetsuji Miwa,1992,3
Omar Foda,Yas-Hiro Quano,1994,2
Omduth Coceal,Steven Thomas,1995,2
Omduth Coceal,Wafic A. Sabra,1996,1
Oren Bergman,Petr Horava,1999,1
Oren Bergman,Piljin Yi,2000,1
Ori J. Ganor,Rajesh Gopakumar,1997,1
Ori J. Ganor,Sanjaye Ramgoolam,1996,2
Ori J. Ganor,Savdeep Sethi,1997,2
Ori J. Ganor,Shoibal Chakravarty,2000,1
Ori J. Ganor,Uday Varadarajan,2002,1
Ori J. Ganor,Washington Taylor Iv,1996,1
Ori J. Ganor,Yeuk-Kwan E. Cheung,1997,3
Oriol Pujolas,Takahiro Tanaka,2000,2
Orit Levin,S. Deser,1998,2
Oscar J. C. Dias,Vitor Cardoso,2002,1
Oskar Pelc,Ruud Siebelink,1999,1
Oskar Pelc,Shmuel Elitzur,1998,1
Osvaldo Chandia,Ricardo Troncoso,1999,1
Oussama Hijazi,Thomas Branson,2001,1
Ovid C. Jacob,Ronald J. Adler,1995,2
Ovidiu Tintareanu-Mircea,Sergiu I. Vacaru,2001,1
Oyvind Tafjord,Robert C. Myers,1999,5
Oyvind Tafjord,Vipul Periwal,1997,4
P Bowcock,Pe Dorey,1995,1
P Bowcock,Rh Rietdijk,1995,1
P D Jarvis,S P Corney,1998,3
P L Christiansen,V Z Enolskii,1994,1
P V Landshoff,P Van Nieuwenhuizen,1993,1
P V Landshoff,R R Horgan,1999,1
P. A. Blaga,T. Sommer,1994,1
P. A. Grassi,P. Van Nieuwehuizen,2002,1
P. A. Grassi,P. Van Nieuwenhuizen,2000,7
P. A. Grassi,R. Ferrari,1998,1
P. A. Horvathy,P. C. Stichel,2003,1
P. A. Horvathy,P. Forgacs,1995,1
P. A. Horvathy,Z. Horvath,1994,2
P. A. Marchetti,R. Goetschmann,1994,1
P. A. Marchetti,Zhao-Bin Su,1996,1
P. A. Pearce,S. O. Warnaar,1993,2
P. A. Saponov,V. E. Rochev,1995,3
P. B. Gilkey,T. P. Branson,1997,2
P. B. Medvedev,S. A. Frolov,1996,2
P. B. Wiegmann,V. A. Fateev,1994,1
P. B. Wiegmann,V. A. Kazakov,1994,1
P. Bain,P. Meessen,2002,1
P. Bantay,P. Vecsernyes,1995,1
P. Baseilhac,P. Grange,1998,2
P. Baseilhac,S. Galice,2000,1
P. Baseilhac,V. A. Fateev,1999,3
P. Berglund,P. Candelas,1995,1
P. Berglund,P. Mayr,1996,4
P. Berglund,S. Katz,1993,4
P. Berglund,S. Theisen,1998,1
P. Berglund,T. Hubsch,1992,11
P. Berglund,X. De La Ossa,1995,1
P. Bieliavsky,Ph. Spindel,2002,1
P. Binetruy,P. Ramond,1998,1
P. Binetruy,R. Grimm,1996,2
P. Binetruy,T. R. Taylor,1995,1
P. Bouwknegt,P. Dawson,2002,2
P. Bouwknegt,V. Mathai,2000,2
P. Bowcock,R-L. K. Koktava,1996,1
P. Bowcock,R. H. Rietdijk,1995,1
P. C. Argyres,S.-H. H. Tye,1992,1
P. C. R. C. Mello,S. C. S. Silva,1993,1
P. C. R. Cardoso De Mello,S. Carneiro,1996,1
P. C. Schuster,R. L. Jaffe,2003,1
P. C. Stichel,W. J. Zakrzewski,2000,5
P. C. West,P. S. Howe,1996,21
P. C. West,R. W. Gebert,1995,1
P. Caban,Z. Walczak,1993,1
P. Candelas,T. Hubsch,1995,1
P. Candelas,V. Braun,2000,1
P. Candelas,X De La Ossa,2000,1
P. Candelas,X. De La Ossa,1995,1
P. Carta,S. Mignemi,2000,6
P. Castelo Ferreira,R. J. Szabo,2001,1
P. Cea,R. Fiore,1995,2
P. Claus,P. K. Townsend,1998,2
P. Claus,P. Termonia,1995,4
P. Claus,R. Kallosh,1998,2
P. Claus,R. Siebelink,1995,3
P. Claus,Y. Zunger,2000,1
P. Creminelli,R. Barbieri,2002,1
P. Creminelli,R. Contino,2002,2
P. Creminelli,R. Rattazzi,2002,1
P. Dargis,P. Mathieu,1993,1
P. Desrosiers,P. Mathieu,2001,4
P. Di Francesco,P. Ginsparg,1993,1
P. Di Francesco,S. Yankielowicz,1993,2
P. Di Vecchia,P. Merlatti,2002,1
P. Di Vecchia,R. Marotta,1996,8
P. Di Vecchia,R. Marotta.,1995,1
P. Di Vecchia,R. Russo,1996,6
P. Di Vecchia,S. Sciuto,1997,3
P. Donatis,R. M. Cavalcanti,1997,1
P. Dorey,R. Tateo,2000,2
P. E. Dorey,R. H. Rietdijk,1994,1
P. E. Dorey,R. Sasaki,1993,2
P. E. Haagensen,R. D. Ball,1994,1
P. Eslami,W. J. Zakrzewski,2000,1
P. F. Bedaque,S. G. Rajeev,1992,1
P. F. Kelly,Richard T. Hammond,2002,1
P. F. Kelly,Terry Pilling,2001,2
P. Fischer,R. Wulkenhaar,2002,1
P. Fischer,V. Putz,2002,1
P. Forgacs,Z. Horvath,1993,4
P. Fosalba-Vela,S. D. Odintsov,1995,1
P. Fosalba-Vela,S. Naftulin,1995,1
P. Fr`E,P. Soriani,1992,1
P. Fr`E,S. Ferrara,1992,1
P. Fre,P. Salomonson,2001,1
P. Fre,P. Soriani,1992,5
P. Fre,P. Termonia,1998,2
P. Fre,R. Dauria,1995,9
P. Fre,R. Iengo,1998,1
P. Fre,R. Minasian,1996,1
P. Fre,S. Ferrara,1995,8
P. Fre,T. Magri,1996,1
P. Fre,T. Regge,1995,1
P. Fre,V. L. Campos,2001,1
P. Fre`,P. Merlatti,2000,2
P. Fre`,P. Termonia,1999,1
P. Fre`,R. Iengo,1998,1
P. Furlan,P. N. Pyatov,1999,2
P. Furlan,R. Paunov,1992,1
P. Furlan,V. B. Petkova,1992,7
P. G. Polynkin,V. I. Manko,1994,1
P. G. Polynkin,V. V. Dodonov,1994,1
P. G. Tinyakov,S. L. Dubovsky,2000,1
P. G. Tinyakov,V. A. Rubakov,2000,1
P. Giacconi,R. Soldati,1994,4
P. Giacconi,S. Ouvry,1994,1
P. Goddard,P. Montague,1994,1
P. Grange,S. Galice,2000,1
P. Grange,S. Salmons,1999,2
P. Gregoire,R. Constantinescu,1992,1
P. H. Cox,R. Casadio B. Harms,1996,1
P. H. Cox,Y. Leblanc,1992,2
P. H. Damgaard,R. D. Ball,2001,1
P. H. Damgaard,R. Sollacher,1992,3
P. H. Damgaard,S. M. Nishigaki,1997,4
P. H. Damgaard,S. Nishigaki,1996,1
P. H. Damgaard,T. Wettig,1998,1
P. H. Damgaard,U. Magnea,1996,2
P. H. M. Kersten,R. Martini,2000,1
P. Haney,S. Pinsky,1999,1
P. Haney,Sdlcq Collaboration: F. Antonuccio,1999,1
P. Haney,U. Trittmann,1999,1
P. Heslop,P. Howe,2003,1
P. Heslop,P. S. Howe,2000,3
P. Holod,S. Pakuliak,1994,1
P. Hoxha,R. Martinez-Acosta,1999,1
P. Hoxha,R. R. Martinez-Acosta,2000,1
P. Hoxha,T. A. Tran,1999,1
P. I. Fomin,T. Yu. Kuzmenko,1999,1
P. I. Fomin,Yu. V. Shtanov,2000,1
P. J. Heslop,P. S. Howe,2001,3
P. J. Steinhardt,S. H. Shenker,1995,1
P. J. Steinhardt,T. Banks,1995,2
P. Jacob,P. Mathieu,2000,5
P. John,S. P. Sorella,1996,1
P. K. Panigrahi,R. B. Mackenzie,1993,1
P. K. Panigrahi,R. Mackenzie,1993,3
P. K. Panigrahi,R. Ray,1993,1
P. K. Panigrahi,R. S. Bhalla,1995,1
P. K. Panigrahi,S. Sakhi,1993,2
P. K. Roy,S. N. Biswas,1995,1
P. K. Townsend,P. M. Cowdall,1996,3
P. K. Townsend,P. S. Howe,1995,1
P. K. Townsend,R-G. Cai,2000,1
P. K. Townsend,R. C. Myers,1998,1
P. K. Townsend,R. Kallosh,1998,2
P. K. Townsend,R. Percacci,1992,1
P. K. Townsend,R. Portugues,2002,1
P. K. Townsend,Rafael I. Nepomechie,1992,1
P. Kaste,W. Lerche,1999,2
P. Khorsand,T. R. Taylor,2001,1
P. Kielanowski,R. De La Madrid,2001,1
P. Kielanowski,S. Wickramasekara,1999,3
P. Kondratowicz,P. Podles,1994,1
P. Kosinski,P. Maslanka,1994,9
P. Kosinski,S. Giller,1994,1
P. Kosinski,Y. Brihaye,1993,4
P. Kosinski.,S. Giller,1995,1
P. Kosinski.,Y. Brihaye,1995,1
P. L. Christiansen,V. B. Kuznetsov,1995,1
P. Lavrov,P. Moshin,1997,1
P. Lavrov,S. Falkenberg,1997,1
P. Lounesto,Q. A. G. De Souza,1996,1
P. Lounesto,W. A. Rodrigues Jr.,1996,1
P. M. Lavrov,P. Yu. Moshin,1995,9
P. M. Lavrov,S. D. Odintsov,1996,1
P. M. Llatas,S. Roy,1994,1
P. M. Petropoulos,S. Ribault,2001,1
P. M. Sutcliffe,R. A. Battye,2000,1
P. Marcel,V. Ovsienko,1996,1
P. Maris,V. P. Gusynin,1992,1
P. Martineau,R. Rabadan,2003,1
P. Martineau,R.-J. Zhang,2001,1
P. Martinetti,R. Wulkenhaar,2001,1
P. Martinetti,T. Krajewski,1999,1
P. Mathieu,Y. Xudous,2000,1
P. Mathieu,Z. Maassarani,1996,1
P. Matlock,R. C. Rashkov,2002,1
P. Matlock,Y. Yang,2002,1
P. Mayr,S. Kachru,1995,1
P. Mayr,S. Katz,1996,2
P. Mayr,S. Stieberger,1993,5
P. Mayr,S. Theisen,1998,1
P. Mayr,W. Lerche,1995,8
P. Meessen,T. Ortin,1997,5
P. Minning,P. Salgado,2002,1
P. Mitra,Saurya Das,2000,1
P. Moniz,U. Guenther,2002,2
P. Mora,R. Gambini,1992,1
P. Mosconi,V. Riva,2001,1
P. Moshin,S. Falkenberg,1997,2
P. Mukherjee,R. Banerjee,1996,3
P. Mukherjee,S. Kumar,1999,1
P. N. Mcgraw,Y. J. Ng,1998,1
P. Narayana Swamy,R. Acharya,1999,3
P. Nicolini,P. Sutton,2000,1
P. Nicolini,R. Balbinot,2000,1
P. Nicolini,V. Frolov,2000,1
P. O. Hess,S. Dilcher,2000,1
P. O. Kazinski,S. L. Lyakhovich,2002,1
P. Olesen,Y. Makeenko,1997,1
P. Osland,V. G. Kovalevich,1996,1
P. Osland,Ya. M. Shnir,1996,1
P. Ouyang,R. L. Jaffe,1999,1
P. Ouyang,V. Mohta,1999,1
P. P. Kulish,R. Sasaki,1992,2
P. P. Kulish,S. Rauch-Wojciechowski,1995,1
P. P. Martin,V. Rittenberg,1993,1
P. Panigrahi,R. Dutt,1998,1
P. Panigrahi,S. Chaturvedi,1998,1
P. Panigrahi,U. Sukhatme,1998,1
P. Pascual,R. Tarrach,1994,1
P. Pearce,R. Behrend,1998,1
P. Pearce,V. Petkova,1998,1
P. Podles,S. L. Woronowicz,1994,2
P. Pouliot,R. Mcnees,2000,1
P. Pouliot,S. Paban,2000,2
P. Pouliot,W. Fischler,2000,2
P. Prester,S. Pallua,1999,5
P. Prevsnajder,W. Kummer,1992,1
P. Rakow,R. Horsley,1997,1
P. Rakow,V. Linke,1997,1
P. Rama Devi,R. K. Kaul,1992,1
P. Rama Devi,T. R. Govindarajan,1992,1
P. Ramadevi,R. K. Kaul,1993,3
P. Ramadevi,Romesh K. Kaul,2000,1
P. Ramadevi,S. Kalyana Rama,1997,1
P. Ramadevi,Samir D. Mathur,1997,2
P. Ramadevi,Saurya Das,1996,4
P. Ramadevi,Sumit R. Das,1997,2
P. Ramadevi,Swatee Naik,1999,1
P. Ramadevi,T. R. Govindarajan,1993,3
P. Ramadevi,Tapobrata Sarkar,1998,2
P. Ramadevi,U. A. Yajnik,2002,2
P. Ramond,T. Pengpan,1998,1
P. Ramond,X. Xiong,2002,1
P. Rossi,R. C. Brower,1995,1
P. Rotelli,S. De Leo,1993,2
P. Ruelle,S. Lienart,2000,1
P. Ruelle,S. Mahieu,2001,1
P. Ruelle,T. Gannon,1995,2
P. S. Howe,P. Sundell,2000,1
P. S. Howe,U. Lindstrom,2001,2
P. S. Wesson,Y. M. Cho,2001,1
P. Salomonson,V. L. Campos,2001,1
P. Saltsidis,R. V. Unge,1994,1
P. Saltsidis,U. Lindstrom,1994,1
P. Schaller,T. Strobl,1993,4
P. Scudellaro,R. De Ritis,1999,2
P. Siemion,Z. Hasiewicz,1993,3
P. Sorba,Ph Zaugg,1999,1
P. Sorba,Ph. Zaugg,1998,1
P. Sorba,R. Poghossian,2000,1
P. Sorba,S. Sciuto,1995,1
P. Sorba,T. Sedrakyan,2000,2
P. Soriani,R. Dauria,1995,2
P. Soriani,S. Ferrara,1992,3
P. Soriani,T. Regge,1995,1
P. Stichel,W. J. Zakrzewski,2002,1
P. Sundell,S. Deger,1998,1
P. Sundell,Y. Tanii,2000,1
P. Suranyi,R. Rademacher,2000,1
P. Sutton,R. Balbinot,2000,1
P. Sutton,V. Frolov,1999,2
P. Tempesta,R. A. Leo,1999,1
P. Teotonio-Sobrinho,Tom D. Imbo,1996,1
P. Termonia,R. Siebelink,1995,3
P. Termonia,S. Vandoren,1995,2
P. Termonia,W. Troost,1995,2
P. Truini,R. Iordanescu,1994,1
P. V. Landshoff,R. R. Horgan,1996,1
P. Van Driel,T. Tjin,1992,1
P. Van Moerbeke,T. Shiota,1996,2
P. Van Nieuwenhuizen,R. Siebelink,1992,1
P. Van Nieuwenhuizen,R. Wimmer,2002,4
P. Van Nieuwenhuizen,S. Larin,2002,1
P. Van Nieuwenhuizen,S. Vandoren,1992,3
P. Van Nieuwenhuizen,T. Hurth,1997,1
P. Van Nieuwenhuizen,W. Troost,1992,1
P. Vitale,R. Musto,1997,4
P. Vitale,S. G. Rajeev,1993,2
P. Vitale,S. Guruswamy,1994,2
P. Vitale,S. Rajeev A. Stern,1996,1
P. Vitale,V. I. Manko,1993,2
P. Wagner,Z. W. Chong,2002,1
P. Wegrzyn,Z. Swierczynski,1995,1
P. West,Paul Howe,1995,1
P. Windey,R. Argurio,1997,1
P. Windey,V. Dotsenko,1993,1
P. Windey,V. S. Dotsenko,1994,1
P. Windey,Vl. S Dotsenko,1995,1
P. Winternitz,W. J. Zakrzewski,1995,1
P. Zinn-Justin,V. A. Kazakov,1998,1
P.~Berglund,T.~Hubsch,1992,1
Pablo M. Llatas,Shibaji Roy,1994,3
Pablo Minces,Victor O. Rivelles,1999,3
Pablo Mora,Ricardo Doldan,1994,1
Pablo Mora,Rodolfo Gambini,1993,2
Palash B. Pal,Ranjan Kumar Ghosh,2002,1
Panagiota Kanti,Richard Madden,2001,1
Panagiotis Saltsidis,Robert Marnelius,1998,1
Panagiotis Saltsidis,Stephen Hwang,1998,1
Pang-Ning Tan,Yutaka Hosotani,1996,2
Pankaj S. Joshi,Sandip K. Chakrabarti,1992,1
Paola Giacconi,Roberto Soldati,1995,1
Paolo Aschieri,Peter Schupp,2002,2
Paolo Creminelli,Riccardo Rattazzi,2001,1
Paolo Di Vecchia,Raffaele Marotta,1996,3
Paolo Di Vecchia,Rodolfo Russo,1996,4
Paolo Provero,Patrick Dorey,1998,1
Paolo Provero,Roberto Tateo,1998,1
Paolo Provero,Stefano Vinti,1995,2
Paolo Rossi,Pasquale Calabrese,2002,1
Paolo Soriani,Pietro Fre,1994,1
Paolo Tomassini,Renzo Collina,1997,1
Par Stjernberg,Ulf H. Danielsson,1996,3
Parampreet Singh,R. G. Vishwakarma,2002,1
Parthasarathi Majumdar,Rajat K. Bhaduri,2001,1
Parthasarathi Majumdar,Romesh K Kaul,2000,1
Parthasarathi Majumdar,Saurabh Sur,2001,1
Parthasarathi Majumdar,Saurya Das,1993,8
Parthasarathi Majumdar,Sayan Kar,2001,1
Parthasarathi Majumdar,Soumitra Sengupta,1998,2
Parthasarathi Majumdar,Tapobrata Sarkar,1997,1
Parviz Haggi-Mani,Ulf Lindstrom,2000,1
Patricio Gaete,Silvio J. Rabello,1995,1
Patrick Dorey,Peter Mattsson,2000,1
Patrick Dorey,Roberto Tateo,1996,18
Patrick Dorey,Stefano Vinti,1998,1
Patrick Huet,Rajamani Narayanan,1996,1
Patrick J. Fox,Tom Banks,2003,1
Patrick J. Fox,Z. Chacko,2001,1
Patrick J. Sutton,Piero Nicolini,2002,1
Patrick J. Sutton,Roberto Balbinot,2002,1
Patrick Meessen,Tomas Ortin,1997,4
Patrick Peter,R. G. Furtado,2002,1
Patrick Roberts,Stephen Hwang,1992,1
Paul A. Pearce,Roger E. Behrend,1995,5
Paul A. Pearce,Uwe Grimm,1993,2
Paul A. Pearce,Valentina B. Petkova,1999,1
Paul A. Pearce,Will Orrick,2001,1
Paul A. Pearce,Yu-Kui Zhou,1993,3
Paul Bressler,Yan Soibelman,2002,1
Paul Fendley,Sergio Cecotti,1992,1
Paul H. Frampton,Peter Minkowski,2002,1
Paul H. Frampton,Ryan M. Rohm,2001,1
Paul H. Frampton,Sheldon L. Glashow,2001,1
Paul H. Frampton,T. W. Kephart,1999,1
Paul H. Frampton,Thomas W. Kephart,1999,3
Paul H. Frampton,William F. Shively,1999,1
Paul Haney,Stephen Pinsky,1999,1
Paul Haney,Uwe Trittmann,1999,1
Paul J. Steinhardt,Ron Y. Donagi,2001,1
Paul K. Townsend,Robert C. Myers,1998,1
Paul K. Townsend,Ruben Portugues,2000,2
Paul K. Townsend,Selena Ng,2001,3
Paul M. Sutcliffe,Richard A. Battye,1998,1
Paul M. Sutcliffe,Theodora Ioannidou,1999,1
Paul Mansfield,Richard Costambeys,1995,1
Paul Mansfield,Rui Neves,1996,1
Paul Mansfield,Tatsuya Ueno,2002,1
Paul Martin,Srinandan Dasmahapatra,1995,1
Paul Pearce,Yu-Kui Zhou,1995,1
Paul S. Aspinwall,R. Paul Horja,2002,1
Paul S. Aspinwall,Robert L. Karp,2002,2
Paul S. Aspinwall,Ron Y. Donagi,1998,1
Paul S. Aspinwall,Sheldon Katz,2000,1
Paul S. Green,Tristan Hubsch,1993,1
Paul Steinhardt,Ram Brustein,1992,1
Paul Sutcliffe,Paulina Rychenkova,2002,1
Paul Sutcliffe,Richard Battye,1996,9
Paul Sutcliffe,Theodora Ioannidou,1999,4
Paul Townsend,Roberto Emparan,2001,1
Paul Watts,Peter Schupp,1992,7
Paulina Rychenkova,Richard Battye,2002,1
Pavel Winternitz,Piergiulio Tempesta,2000,1
Pavel Yu. Moshin,Petr M. Lavrov,1999,2
Pavlos Vranas,Rajamani Narayanan,1993,1
Pawel Maslanka,Piotr Kosinski,1994,3
Pawel Maslanka,Tomasz Brzezinski,1998,2
Pawel O. Mazur,V. P. Nair,1996,1
Pe Dorey,Rh Rietdijk,1995,1
Pedro Bordalo,Sylvain Ribault,2001,1
Pedro J. Silva,Salah Nasri,2002,1
Pedro J. Silva,Toni Mateos,2003,1
Pei Ming Ho,Sanjaye Ramgoolam,2001,1
Pei Wang,Rui-Hong Yue,2000,1
Pei Wang,Ruihong Yue,1999,1
Pei Wang,Xiang-Mao Ding,2000,1
Pei-Ming Ho,Radu Tatar,1999,1
Pei-Ming Ho,Robert Brandenberger,2002,1
Pei-Ming Ho,Sanjaye Ramgoolam,1999,2
Pei-Ming Ho,Satoshi Nagaoka,2003,1
Pei-Ming Ho,Shun-Pei Miao,2001,1
Pei-Ming Ho,Tai-Chung Cheng,2001,2
Pei-Ming Ho,Yeong-Chuan Kao,1999,1
Pei-Ming Ho,Yi-Yen Wu,1997,2
Pei-Ming Ho,Yong-Shi Wu,1996,7
Pei-Ming Ho,Yu-Ting Yeh,2000,1
Peng-Ming Zhang,Yi-Shi Duan,2002,1
Per Berglund,Philip Candelas,1993,1
Per Berglund,Philippe Zaugg,1995,1
Per Berglund,Shamit Kachru,1995,1
Per Berglund,Tristan Hubsch,1993,1
Per Berglund,Xenia De La Ossa,1993,1
Per Berglund,Zongan Qiu,1998,2
Per Elmfors,T. H. Hansson,1998,1
Per Kraus,Peter Cho,1996,2
Per Kraus,Petr Horava,2000,1
Per Kraus,Ruud Siebelink,1999,1
Per Kraus,Samuli Hemming,2002,1
Per Kraus,Sandip P. Trivedi,1998,1
Per Kraus,Sandip Trivedi,1998,1
Per Kraus,Stephen Shenker,2000,2
Per Kraus,Vijay Balasubramanian,1998,4
Per Salomonson,Vanicson L. Campos,2000,1
Per Sundell,Ulf Gran,2000,2
Per Sundell,Vanicson L. Campos,2000,1
Pere Talavera,Toni Mateos,2002,1
Peter Austing,Thordur Jonsson,2002,1
Peter B. Gilkey,Thomas P. Branson,1995,1
Peter Bouwknegt,Peter Van Nieuwenhuizen,1996,1
Peter Bowcock,Ruth Gregory,2000,1
Peter C. Stichel,Wojtek J. Zakrzewski,1996,1
Peter E. Haagensen,Ricardo Schiappa,1997,1
Peter E. Haagensen,Robert L. Jaffe,1998,1
Peter E. Haagensen,Yuri Kubyshin,1993,2
Peter Gilkey,Stuart Dowker,2000,2
Peter K. Silaev,Slava G. Turyshev,1995,1
Peter Kaste,Ruben Minasian,2002,3
Peter L. White,Tim R. Morris,1992,1
Peter Langfelder,Zurab Kakushadze,2000,4
Peter Lee,Sanefumi Moriyama,2002,2
Peter Meisinger,Stefan Boettcher,2001,1
Peter Minkowski,Peter Schupp,2003,1
Peter N. Meisinger,Qinghai Wang,2002,1
Peter N. Meisinger,Stefan Boettcher,2000,2
Peter Schaller,Thomas Strobl,1992,3
Peter Schupp,Stefan Schraml,2000,4
Peter Ullrich,Pierre Grange,1997,1
Peter Van Nieuwenhuizen,Robert Wimmer,2002,1
Peter Van Nieuwenhuizen,Sergei D. Odintsov,1999,1
Peter Van Nieuwenhuizen,Shinichi Nojiri,1999,1
Peter Van Nieuwenhuizen,Stefan Vandoren,2000,1
Peter Van Nieuwenhuizen,Tobias Hurth,1997,2
Peter Van Nieuwenhuizen,Ulf Lindstrom,2002,1
Peter Van Nieuwenhuizen,Ulrich Theis,2001,1
Petr Horava,Surya Ganguli,2002,1
Petr Horava,Uday Varadarajan,2002,1
Petr Horava,Vijay Balasubramanian,2001,1
Petr M. Lavrov,Wilson Oliveira,1998,1
Ph. Brax,R. A. Janik,2003,1
Ph. Brax,R. Peschanski,2003,1
Ph. Brax,T. Wynter,1998,1
Ph. Ruelle,T. Gannon,2000,1
Ph. Spindel,R. Brout,1993,3
Ph. Spindel,R. Parentani,1993,3
Ph. Spindel,S. Detournay,2002,1
Ph. Spindel,S. Massar,1993,3
Ph. Spindel,S. Popescu,1993,1
Philip C. Argyres,R. Maimon,2002,1
Philip C. Argyres,Robert G. Leigh,1999,1
Philip C. Argyres,S.-H. Henry Tye,1992,4
Philip C. Argyres,Savas Dimopoulos,1998,1
Philip C. Argyres,Sophie Pelland,1999,2
Philip Candelas,Sheldon Katz,1993,3
Philip Candelas,Tristan Hubsch,1993,1
Philip Candelas,Xenia De La Ossa,1993,4
Philippe Brax,Stefan Pokorski,2002,1
Philippe Brax,Yaron Oz,2000,1
Philippe Brax,Zygmunt Lalak,2001,4
Philippe Pouliot,Stephen H. Shenker,1996,1
Philippe Zaugg,Shamit Kachru,1995,1
Philippos Papadopoulos,Roy Maartens,2000,1
Philippos Papadopoulos,Vahid Rezania,2000,1
Phillial Oh,Q-Han Park,1996,2
Phillial Oh,Sang-Ok Hahn,1995,2
Phillial Oh,Sung-Soo Kim,1997,2
Phillial Oh,Taejin Lee,1993,3
Phillial Oh,Taichi Itoh,2000,4
Phillial Oh,Yoonbai Kim,1997,2
Phillial Oh,Youngjai Kiem,2001,1
Pier Paolo Peirano,Pietro Menotti,1995,3
Piero Nicolini,Roberto Balbinot,2002,1
Pierre Binetruy,Stephen C Davis,2002,1
Pierre Binetruy,Ulrich Ellwanger,1999,1
Pierre Binetruy,Yi-Yen Wu,1996,3
Pierre Grange,Stephane Salmons,2002,1
Pierre Minnaert,Stoyan Toshev,1994,1
Pierre Pujol,Viktor Dotsenko,1995,1
Pierre Pujol,Vladimir Dotsenko,1994,4
Pierre Ramond,Xiaozhen Xiong,2002,1
Pierre Sikivie,Youli Kanev,1994,1
Pierre Van Baal,Thomas C. Kraan,1998,4
Pierre Van Baal,V. I. Zakharov,2002,1
Pierre Vanhove,Ruben Minasian,2001,2
Pierre Vanhove,Samson L. Shatashvili,2001,1
Piet Claus,Renata Kallosh,1997,6
Piet Claus,Yonatan Zunger,1999,2
Piet Termonia,Pietro Fre,1998,2
Piet Termonia,Pietro Fre`,1999,1
Pietro Antonio Grassi,Ruggero Ferrari,1999,1
Pietro Donatis,Roberto Iengo,1993,2
Pietro Fre,Riccardo Dauria,1998,1
Pietro Fre,Sergio Cacciatori,1999,1
Pietro Fre,Walter Troost,1998,3
Pietro Fre`,Roberto Iengo,1998,1
Pijush K. Ghosh,Prasanta K. Panigrahi,1994,1
Pijush K. Ghosh,Sanjay K. Ghosh,1995,1
Pijush K. Ghosh,Tetsuo Deguchi,2000,1
Piljin Yi,Yoji Michishita,2001,1
Pinsky,Van De Sande,1992,1
Piotr Flin,Victor Pervushin,2002,1
Piotr Kosinski,Stefan Giller,1996,1
Piotr Kosinski,Tomasz Brzezinski,1999,1
Piotr Kosinski,Yves Brihaye,1996,2
Plamen P. Fiziev,Stoytcho S. Yazadjiev,2001,1
Plamen P. Fiziev,Todor L. Boyadjiev,2001,1
Porus Lakdawala,Spenta R. Wadia,1994,1
Porus Lakdawala,Sunil Mukhi,1993,1
Poul H. Damgaard,Shinsuke M. Nishigaki,1997,1
Pran Nath,Raza M. Syed,2001,1
Prasanta K. Panigrahi,Uday P. Sukhatme,1993,2
Prasanta K. Panigrahi,V. Srinivasan,1997,1
Prasanta K. Tripathy,Sandip P. Trivedi,2002,2
Prasanta K. Tripathy,Shamit Kachru,2002,1
Pravabati Chingangbam,Tabish Qureshi,2002,2
Predrag Prester,Silvio Pallua,1995,4
Przemyslaw Siemion,Walter Troost,1993,1
Przemyslaw Siemion,Zbigniew Hasiewicz,1993,1
Pushan Majumdar,Ramesh Anishetty,1998,1
Q-Han Park,Soonkeon Nam,1993,4
Q-Han Park,Timothy J. Hollowood,1994,1
Q-Han Park,Y. M. Ahn,1994,1
Q. A. G. De Souza,W. A. Rodrigues Jr.,1996,1
Q. Ho-Kim,T. Gannon,1994,1
Q. Ho-Kim,Terry Gannon,1993,1
Q. Liu,R. Jackiw,1994,1
Q. Shafi,S. Solganik,2001,1
Q. Z. Chen,S. H. Guo,1995,1
Q. Z. Chen,W. Zheng,1995,1
Q. Z. Chen,X. Fang,1995,1
Q. Z. Chen,X. Q. Luo,1995,1
Qi-Keng Lu,Zhe Chang,2000,1
Qinghai Wang,Stefan Boettcher,2002,1
Qun Wang,Walter Greiner,2000,1
R.,Valle Basagoiti,1993,1
R. -G. Cai,S. Roy,2001,1
R. A. Bertlmann,Tomas Sykora,1997,1
R. A. Janik,R. Peschanski,1999,4
R. A. Leo,V. Grassi,1998,1
R. A. Sharipov,S. S. Safin,1994,1
R. A. Sharipov,V. V. Dmitrieva,1994,1
R. Aldrovandi,V. C. De Andrade,1998,2
R. Alkofer,S. Ahlig,1998,1
R. Amorim,R. Thibes,1997,1
R. Anderson,S. P. Brumby,1994,1
R. Aros,R. Troncoso,2000,1
R. B. Levien,S. Aoki,1994,1
R. B. Mann,R. Clarkson,2002,2
R. B. Mann,S. F. Ross,1992,4
R. B. Mann,T. Shiromizu,2002,1
R. B. Mann,W. F. Chen,2002,1
R. B. Rodrigues,R. D. M. De Paola,1999,2
R. Balbinot,V. Frolov,2000,1
R. Banerjee,S. Ghosh,1994,2
R. Banerjee,S. Kumar,1999,1
R. Banerjee,Subir Ghosh,1993,3
R. Barbieri,R. Contino,2002,1
R. Barbieri,R. Rattazzi,2002,1
R. Behrend,V. Petkova,1998,1
R. Blumenhagen,R. Huebel,1992,4
R. Blumenhagen,W. Eholzer,1992,3
R. Brandenberger,S. Alexander,2000,1
R. Brandenberger,S. Watson,2003,1
R. Brandenberger,V. Mukhanov,1993,1
R. Brooks,S. J. Gates Jr,1994,1
R. Brout,R. Parentani,1993,3
R. Brout,S. Massar,1993,3
R. Brout,S. Popescu,1993,1
R. Brower,S. Chandrasekharan,1997,1
R. Brower,U.-J. Wiese,1997,1
R. Brustein,S. Foffa,2001,1
R. Brustein,S. P. De Alwis,2000,4
R. Brustein,V. F. Mukhanov,1995,1
R. C. Helling,Z. Guralnik,2002,1
R. C. King,T. D. Palev,2002,2
R. C. Myers,R. R. Khuri,1995,2
R. C. Myers,V. Periwal,1992,3
R. C. Rashkov,V. Filev,2003,1
R. C. Rashkov,Y. Yang,2002,1
R. Caracciolo,R. Tateo,1999,1
R. Caracciolo,S. Sciuto,1996,1
R. Carroll,Y. Kodama,1995,1
R. Casadio B. Harms,Y. Leblanc,1996,1
R. Casalbuoni,R. Gatto,1994,1
R. Caseiro,R. Sasaki,2000,2
R. Chakrabarti,R. Jagannathan,1994,2
R. Contino,R. Rattazzi,2002,1
R. Coquereaux,R. Haussling,1993,1
R. D. Ball,R. S. Thorne,1993,3
R. D. M. De Paola,V. A. De Lorenci,2000,1
R. D. Simmons,R. T. Moss,1995,1
R. D. Sorkin,S. Sen,1992,1
R. D. Sorkin,W. D. Mcglinn,1992,1
R. D. Viollier,R. Hofmann,1998,1
R. Dauria,R. Minasian,1996,1
R. Dauria,S. Ferrara,1992,38
R. Dauria,S. Ferrara Amd M. A. Lledo,1999,1
R. Dauria,S. Vaul`A,2000,1
R. Dauria,T. Magri,1996,1
R. Dauria,T. Regge,1993,2
R. Dauria,V. S. Varadarajan,2000,1
R. Dauria,W. Lerche,1992,1
R. Davis,S. Griffies,1992,1
R. De Lima Rodrigues,V. B. Bezerra,2002,1
R. De Lima Rodrigues,V. Gomes Lima,2002,1
R. De Lima Rodrigues,V. Silva Santos,2002,1
R. De Lima Rodrigues,W. Pires De Almeida,2002,1
R. De Mello Koch,R. Tatar,2000,1
R. Dhanawittayapol,S. James Gates Jr.,1996,1
R. Dijkgraaf,R. Plesser,1992,1
R. Dutt,S. Chaturvedi,1998,1
R. Dutt,U. Sukhatme,1998,3
R. Efraty,V. P. Nair,1992,1
R. F. Ribeiro,R. Menezes,2002,3
R. F. Ribeiro,T. Mariz,2003,1
R. F. Ribeiro,W. Freire,2002,2
R. F. Sobreiro,S. P. Sorella,2003,1
R. Fedele,S. De Nicola,1995,1
R. Fedele,V. I. Manko,1995,1
R. Ferrari,V. Montalbano,1994,1
R. Fiore,V. S. Fadin,1994,1
R. Floreanini,R. Percacci,1993,4
R. Floreanini,V. Husain,1993,1
R. Floreanini,V. K. Dobrev,1993,1
R. Flume,R. Poghossian,2001,3
R. Foot,R. R. Volkas,1996,1
R. Foot,S. P. Brumby,1996,1
R. Fulp,T. Lada,1997,1
R. G. Leigh,V. Balasubramanian,1997,1
R. Gaida,V. Tretyak,1998,1
R. Gaida,Yu. Yaremko,1998,1
R. Giachetti.,S. De Bievre,1995,1
R. Gonzalez Felipe,W. F. Chen,2000,1
R. Gopakumar,V. Balasubramanian,1997,1
R. Gregory,R. Laflamme,1993,1
R. H. Poghossian,T. A. Sedrakyan,1999,1
R. H. Poghossian,V. V. Mkhitaryan,1999,1
R. H. Rietdijk,R. Sasaki,1994,1
R. Halbersma,Y. Lozano,1998,1
R. Hinterding,S. Cho,1999,1
R. Hofmann,T. Ter Veldhuis,2000,1
R. Holman,S. Prem Kumar,1997,1
R. Holman,T. W. Kephart,1999,1
R. Horsley,V. Linke,1997,1
R. Huebel,W. Eholzer,1992,5
R. Iengo,R. Ramachandran,2001,1
R. J. Baxter,V. V. Bazhanov,1992,1
R. J. Budzynski,W. Kondracki,1994,2
R. J. Cova,W. J. Zakrzewski,1995,2
R. J. Henderson,S. G. Rajeev,1993,4
R. J. Perry,S. Glazek,1994,1
R. J. Perry,T. Walhout,1994,1
R. J. Perry,W. M. Zhang,1994,1
R. J. Rivers,T. S. Evans,2000,2
R. J. Szabo,Y. M. Makeenko,1999,4
R. J. Szabo,Yu. Makeenko,1999,1
R. Jackiw,S-Y. Pi,1997,1
R. Jackiw,S. Deser,1995,2
R. Jackiw,S. Y. Pi,2001,1
R. Jackiw,S.-Y. Pi,1996,6
R. Jackiw,So-Young Pi,1994,5
R. Jackiw,U. Aglietti,1996,1
R. Jackiw,V. P. Nair,1994,5
R. Jackiw,Z. Guralnik,2001,1
R. K. Kaul,T. R. Govindarajan,1992,5
R. K. Kaul,V. Suneeta,2002,1
R. K. White,S. J. Summers,2003,1
R. Kallosh,S.-J. Rey,1997,1
R. Kallosh,T. Mohaupt,1996,1
R. Kallosh,T. Ortin,1992,8
R. Kallosh,W. K. Wong,1997,1
R. Kallosh,Wing Kai Wong,1997,1
R. Kantowski,S. D. Odintsov,1996,1
R. Kedem,S. Dasmahapatra,1993,2
R. Kedem,T. Kojima,1994,1
R. Kedem,T. Miwa,1994,3
R. Kedem,T. R. Klassen,1992,3
R. Kemmoku,S. Mizoguchi,1998,1
R. Kretschmer,Si 94-15,1994,1
R. Kuriki,S. Ogushi,1998,1
R. Kuriki,T. Fujiwara,1994,2
R. Kuriki,T. Tabei,1994,2
R. Kuriki,Y. Igarashi,1994,2
R. L. Jaffe,V. Khemani,2002,3
R. L. Jaffe,V. Mohta,1999,1
R. L. Karp,Z. Horvath,1996,1
R. L. Mkrtchyan,R. P. Manvelyan,1994,3
R. Lacaze,T. Bhattacharya,1993,1
R. Linares,T. De Wit,2002,1
R. Linares,T. Ortin,2003,1
R. Linares,U. Gran,2002,2
R. Lopez-Pe~Na,V. I. Manko,1994,4
R. M. Asherova,Yu. F. Smirnov,1994,1
R. M. Ellem,V. V. Bazhanov,1997,2
R. M. Kashaev,Yu. G. Stroganov,1993,1
R. M. Marinho,Sadhan K. Adhikari,1997,1
R. M. Marinho,T. Frederico,1997,1
R. M. Mir-Kasimov,T. Rador,1995,1
R. Mackenzie,R. Ray,1993,1
R. Mackenzie,S. Sakhi,1993,2
R. Mackenzie,U. F. Wichoski,2003,1
R. Maimon,Sophie Pelland,2002,1
R. Mansouri,S. Khakshournia,1999,2
R. Manvelyan,R. Mkrtchyan,1997,7
R. Manvelyan,Yan-Gang Miao,2000,1
R. Manvelyan,Yunbo Zhang,2000,1
R. Marnelius,Sh. M. Shvartsman,1994,1
R. Marotta,R. Pettorino,1998,5
R. Marotta,R. Russo,1996,3
R. Martinez-Acosta,T. A. Tran,1999,1
R. Mcnees,S. Paban,2000,3
R. Mcnees,T. Banks,2002,1
R. Mcnees,W. Fischler,2000,3
R. Minasian,R. R. Khuri,1997,1
R. Minasian,S. F. Hassan,2000,1
R. Minasian,S. Ferrara,1996,2
R. Minasian,S. Theisen,1997,1
R. Minasian,W. Lerche,1997,1
R. Mochizuki,T. Kimura,1992,1
R. Mukund,T. Padmanabhan,1997,1
R. Munoz-Tapia,X. Vilasis-Cardona,1992,1
R. Nakayama,T. Mogami,1994,2
R. Nakayama,Y. Takaya,2002,1
R. Narayanan,Y. Kikukawa,1997,1
R. Nest,T. Jonsson,2000,1
R. Neves,R. Potting,2002,1
R. Neves,Yu. A. Kubyshin,2002,1
R. P. Grigoryan,S. A. Arakelyan,1999,1
R. P. Lano,Thomas Branson,1996,1
R. P. Lano,V. G. J. Rodgers,1994,2
R. P. Malik,S. Krivonos,1992,2
R. P. Neves,S. E. Perez Bergliaffa,2003,1
R. P. Woodard,T. N. Tomaras,2001,1
R. Parentani,S. Massar,1993,6
R. Parentani,S. Popescu,1993,1
R. Parthasarathy,Ramesh Anishetty,1999,1
R. Parthasarathy,Saurya Das,1996,1
R. Paul Horja,Robert L. Karp,2002,1
R. Paunov,V. B. Petkova,1992,1
R. Paunov,V. Bonservizi,1992,1
R. Percacci,S. Odintsov,1994,2
R. Poppe,S. Schwager,1996,1
R. Potting,Yu. A. Kubyshin,2002,1
R. R. Volkas,S. P. Brumby,1996,1
R. Rabadan,S. Franco,2000,1
R. Rajaraman,Shau-Jin Chang,1993,1
R. Rashkov,Y. Yang,2001,1
R. Renan,S. P. Sorella,1995,1
R. Renan,V. Lemes,1995,1
R. Ristic,S. Meljanac,1999,1
R. Rodriguez,S. Iso,1996,2
R. Rodriguez,Y. Hosotani,1996,2
R. Romano,S. Solimeno,1994,1
R. Russo,S. Sciuto,1997,4
R. Saar,R.-K. Loide,2001,1
R. Sasaki,S. Odake,2002,1
R. Sasaki,S. P. Khastgir,1999,3
R. Sasaki,V. I. Inozemtsev,2001,4
R. Schaeffer,U. Moschella,1999,2
R. Schaeffer,V. Gorini,2000,1
R. Schofbeck,V. Putz,2003,1
R. Shaisultanov,W. Dittrich,2000,1
R. Shankar,T. R. Govindarajan,1992,2
R. Siebelink,S. Vandoren,1992,1
R. Siebelink,W. Troost,1992,4
R. Soldati,S. Ouvry,1994,1
R. Stora,S. Ferrara,1993,1
R. Tavakol,S. Mukherjee,2002,1
R. Tresguerres,Y. N. Obukhov,1993,1
R. V. Unge,U. Lindstrom,1994,1
R. Vilela Mendes,V. I. Manko,1993,1
R. Von Unge,S. Wiles,1997,1
R. Von Unge,U. Lindstrom,1996,4
R. Von Unge,V. Periwal,1998,1
R. Von Unge,Y. Shirman,1998,1
R. W. Brown,S. A. Hotes,1993,1
R. W. Haymaker,T. Matsuki,2000,1
R. W. Tucker,T. Dereli,2001,1
R. Wulkenhaar,T. Krajewski,1999,1
R. Wulkenhaar,V. Putz,2002,4
R. Zh. Shaisultanov,V. N. Baier,1996,1
R.-G. Cai,S. Roy,2001,1
R.-G. Cai,Y.-S. Wu,2000,2
Rabin Banerjee,Sarmishtha Kumar,2000,1
Rabin Banerjee,Subir Ghosh,2001,2
Rabin Banerjee,Tomy Scaria,2000,2
Radhika Vathsan,Subrata Sur,2001,1
Radoslaw Matyszkiewicz,Zygmunt Lalak,2001,4
Radovan Dermisek,S. Nandi,2002,1
Radovan Dermisek,Stuart Raby,2002,1
Radu Roiban,Radu Tatar,2002,3
Radu Roiban,Sebastian De Haro,2002,1
Radu Roiban,Warren Siegel,2000,1
Radu Roiban,Zurab Kakushadze,2001,1
Radu Tatar,Robert De Mello Koch,1998,2
Radu Tatar,Sanjaye Ramgoolam,1999,1
Radu Tatar,Seungjoon Hyun,2000,1
Rafael D. Sorkin,Sumati Surya,1997,1
Rafael I. Nepomechie,Simone Artz,1994,2
Raffaele Marotta,Rodolfo Russo,1996,3
Rahul Basu,Ramesh Anishetty,1995,1
Rahul Biswas,Robert G. Leigh,2003,1
Rahul Biswas,Sean Nowling,2003,1
Raimar Wulkenhaar,Thomas Krajewski,1998,2
Raimund Varnhagen,Serguei B. Isakov,1997,1
Rainer Haussling,Stephan Kappel,1997,1
Rainer Heise,Riccardo Argurio,2002,3
Rainer Heise,Vanicson L. Campos,2002,3
Raja Q. Almukahhal,Tristan Hubsch,1999,1
Rajamani Narayanan,Robert G. Edwards,1999,1
Rajamani Narayanan,Urs M. Heller,1997,2
Rajat K. Bhaduri,Saurya Das,2001,1
Rajesh Gopakumar,Sanjaye Ramgoolam,1997,2
Rajesh Gopakumar,Shiraz Minwalla,2000,5
Rajesh Gopakumar,Sunil Mukhi,1996,1
Rajesh Venkatachalapathy,S. Kalyana Rama,2002,1
Rajesh Venkatachalapathy,Samik Dasgupta,2002,1
Ralf Hubel,Wolfgang Eholzer,1993,1
Ralf Kuhn,Ralf Schutzhold,2000,1
Ralph Blumenhagen,Robert Helling,2000,1
Ralph Blumenhagen,Rolf Schimmrigk,1995,2
Ralph Blumenhagen,Savdeep Sethi,1996,1
Ralph Blumenhagen,Tassilo Ott,2001,4
Ralph Blumenhagen,Tomasz R. Taylor,2003,1
Ralph Blumenhagen,Volker Braun,2000,5
Ralph Lano,V. G. J. Rodgers,1992,1
Ralph Schreyer,Stefan Forste,2000,2
Ram Brustein,Riccardo Sturani,1999,1
Ram Brustein,Richard Madden,1997,4
Ram Brustein,Stefano Foffa,1999,3
Ram Fishman,Yaron E. Antebi,2002,1
Raman Sundrum,Savas Dimopoulos,2000,1
Ramon Rodriguez,Yutaka Hosotani,1996,3
Ramzi Khuri,Tomas Ortin,1995,2
Ramzi R. Khuri,Robert C. Myers,1995,4
Ramzi R. Khuri,Ruben Minasian,1993,2
Ramzi R. Khuri,Sergio Ferrara,1995,2
Ranabir Dutt,Uday P. Sukhatme,1996,1
Ranjan K. Ghosh,Sumathi Rao,1995,2
Raoul Santachiara,Vladimir Dotsenko,2002,1
Raoul Santachiara,Vladimir S Dotsenko,2003,1
Raoul Santachiara,Vladimir S. Dotsenko,2001,2
Raoul Santachiara,Xuan Son Nguyen,2001,2
Raphael Bousso,Robert C. Myers,2002,1
Raphael Bousso,Stephen Hawking,1997,3
Rashmi R. Nayak,Sanjay,2002,1
Ravit Efraty,V. P. Nair,1992,1
Raymond Laflamme,Ruth Gregory,1994,2
Rein Halbersma,Sorin Cucu,2001,2
Rein Halbersma,Stefan Vandoren,2002,1
Rein Halbersma,Tim De Wit,2001,2
Reinhard Oehme,Wentao Xu,1994,2
Reinhold W. Gebert,Shunya Mizoguchi,1995,2
Reinhold W. Gebert,Takeo Inami,1995,1
Renata Kallosh,Roger Brooks,1995,1
Renata Kallosh,Sandip P. Trivedi,2003,1
Renata Kallosh,Sergey Prokushkin,2001,3
Renata Kallosh,Sergio Ferrara,1995,5
Renata Kallosh,Shamit Kachru,2003,1
Renata Kallosh,Shinji Hirano,2001,2
Renata Kallosh,Thomas Mohaupt,2000,1
Renata Kallosh,Tibor Torma,1994,1
Renata Kallosh,Tomas Ortin,1992,7
Renata Kallosh,Wing Kai Wong,1996,3
Renata Kallosh,Yonatan Zunger,1999,1
Renaud Parentani,Tsvi Piran,1994,1
Rene Hurka,Vivian De La Incera,1996,1
Rene Lafrance,Robert C. Myers,1993,2
Rene Lafrance,Robert Myers,1992,1
Rene Reinbacher,Tony Pantev,2002,2
Reza Abbaspur,Shahrokh Parvizi,2003,1
Ricardo Amorim,Ronaldo Thibes,1997,2
Ricardo Doldan,Rodolfo Gambini,1994,1
Ricardo Renan,S. P. Sorella,1994,1
Ricardo Renan,Vitor Lemes,1994,1
Ricardo Schiappa,Rui Dilao,1997,2
Ricardo Troncoso,Rodrigo Aros,1999,3
Ricardo Troncoso,Rodrigo Olea,1999,2
Riccardo Argurio,Vanicson L. Campos,2002,3
Riccardo Barbieri,Yasunori Nomura,2001,1
Riccardo Dauria,Sergio Ferrara,1997,8
Riccardo Dauria,Silvia Vaul`A,2001,2
Riccardo Dauria,Silvia Vaula,2000,4
Riccardo Dauria,Silvia Vaula`,2001,1
Riccardo Sturani,Stefano Foffa,1999,2
Richard C. Brower,Samir D. Mathur,1999,3
Richard C. Brower,Sanjay Jain,1992,1
Richard Corrado,Robert Mcnees,1999,1
Richard Corrado,Sonia Paban,1996,1
Richard Corrado,Sujay K. Ashok,2002,1
Richard Corrado,Willy Fischler,1996,2
Richard Easther,William H. Kinney,2001,2
Richard Easther,William H. Kinney Gary Shiu,2002,1
Richard Grimm,Serge Lazzarini,1994,1
Richard Hall,Wolfgang Lucha,2002,1
Richard Holman,Tanmay Vachaspati,1992,1
Richard Holman,Thomas W. Kephart,1992,1
Richard J. Hill,S.-H. Henry Tye,2001,1
Richard Kerner,Viktor Abramov,1996,1
Richard L. Hall,Wolfgang Lucha,2000,3
Richard Mohr,Stephen S. Pinsky,1996,1
Richard Schaeffer,Ugo Moschella,1999,1
Richard Schaeffer,Vittorio Gorini,1999,1
Richard T. Hammond,Terry Pilling,2002,1
Rie Kuriki,Rika Endo,1998,1
Rie Kuriki,Shinichi Nojiri,1998,1
Rie Kuriki,Yoshihisa Kitazawa,1997,1
Rie Kuriki,Yuji Igarashi,1998,1
Rika Endo,Shinichi Nojiri,1998,1
Rikard Von Unge,Soo-Jong Rey,2000,1
Rikard Von Unge,Ulf Lindstrom,1997,4
Rinat Kedem,Robert Weston,1995,1
Rinat Kedem,Srinandan Dasmahapatra,1992,1
Rinat Kedem,Tetsuji Miwa,1995,1
Ritsu Yoshida,Sumio Ishikawa,1994,1
Ritsu Yoshida,Tadashi Miyazaki,1994,1
Ritsu Yoshida,Yasuhiro Iwama,1994,1
Riuji Mochizuki,Takayuki Suga,1997,2
Rj Cova,Wj Zakrzewski,2001,1
Robbert Dijkgraaf,Savdeep Sethi,2001,1
Robbert Dijkgraaf,Sergei Gukov,2002,1
Robbert Dijkgraaf,Vladimir A. Kazakov,2002,1
Robert B. Mann,Saurya Das,2000,1
Robert B. Mann,Sergey N. Solodukhin,1996,3
Robert Brandenberger,Shinji Tsujikawa,2002,1
Robert Brandenberger,Stephon Alexander,2001,2
Robert Brandenberger,Timon Boehm,2002,1
Robert C. Myers,Roberto Emparan,1998,7
Robert C. Myers,Simon F. Ross,2001,1
Robert C. Myers,Ted Jacobson,1993,1
Robert C. Myers,Vipul Periwal,1992,3
Robert Duivenvoorden,Rutger Boels,2003,1
Robert G. Edwards,Urs M. Heller,1999,1
Robert G. Leigh,Sean Nowling,2003,1
Robert G. Leigh,Vijay Balasubramanian,1996,1
Robert G. Leigh,Vishnu Jejjala,2000,5
Robert H Brandenberger,Sergio E. Joras,2001,1
Robert H. Brandenberger,Scott Watson,2002,1
Robert Helling,Volker Braun,2000,1
Robert J. Perry,Roger D. Kylin,1998,1
Robert J. Perry,Stanislaw D. Glazek,1996,1
Robert L. Karp,Zalan Horvath,2000,1
Robert Leigh,Witold Skiba,1996,1
Robert M. Wald,Sean M. Carroll,2001,1
Robert M. Wald,Stefan Hollands,2002,1
Robert M. Wald,William G. Unruh,1995,1
Robert Marnelius,Simon Lyakhovich,2001,2
Robert Marnelius,Stephen Hwang,1998,1
Robert Marnelius,Ulrich Quaade,1995,1
Robert P. Langlands,Yvan Saint-Aubin,1999,1
Robert Shrock,Thomas Appelquist,1999,1
Robert Weston,Seok-Jin Kang,1998,1
Robert Weston,Tetsuji Miwa,1995,4
Robert Y. Levin,Victor Dannon,2000,1
Roberto Auzzi,Roberto Grena,2002,1
Roberto Emparan,Ruth Gregory,2000,2
Roberto Grena,Simone Lelli,2000,1
Roberto Tateo,Stefano Vinti,1998,1
Robertus Potting,Rui Neves,1998,2
Robertus Potting,Yuri Kubyshin,1998,2
Robin Horan,Shogo Tanimura,2001,1
Robin W. Tucker,Sergei D. Odintsov,1994,1
Robin W. Tucker,T. Dereli,1998,1
Robin W. Tucker,Werner M. Seiler,1995,1
Rodanthy Tzani,T. H. Hansson,1994,1
Rodolfo Casana,Sebastiao Alves Dias,1998,3
Rodolfo Russo,Stefano Sciuto,2000,2
Rodolfo Russo,Valentin V. Khoze,2002,1
Rodrigo Aros,Rodrigo Olea,1999,1
Roger Brooks,Tomas Ortin,1995,1
Roger E. Behrend,Valentina B. Petkova,1999,1
Roh-Suan Tung,Yi Ling,2002,1
Roh-Suan Tung,Yuan-Zhong Zhang,2002,1
Rolf Schimmrigk,Sean Underwood,2002,1
Rolf Schimmrigk,Vipul Periwal,2003,1
Roman Jackiw,So-Young Pi,1992,1
Roman Jackiw,Stanley Deser,1992,1
Roman Linares,Ulf Gran,2003,1
Roman V. Buniy,Thomas W. Kephart,2002,2
Romesh K Kaul,Saurya Das,2000,1
Romuald A. Janik,Yves Demasure,2002,2
Ron Donagi,Tony Pantev,1999,3
Ron-Jou Hsieh,Yaw-Hwang Chen,1996,1
Ronald Rietman,Stefan Mashkevich,1994,2
Rong-Gen Cai,Y. S. Myung,1997,1
Rong-Gen Cai,Yuan-Zhong Zhang,2001,2
Rong-Gen Cai,Yun Soo Myung,2001,4
Rosevaldo De Oliveira,Wellington Da Cruz,2000,1
Roy Maartens,Vahid Rezania,2000,1
Ruben Minasian,Samson L. Shatashvili,2001,1
Ruben Minasian,Sergio Ferrara,1996,2
Ruben Minasian,Stefan Theisen,2001,1
Rue-Ron Hsu,Wei-Fu Lin,1992,3
Rui Neves,Yuri Kubyshin,1998,2
Rui-Hongyue,Wen-Li Yang,2002,1
Ruihong Yue,Yongqiang Wang,2001,1
Ruihong Yue,Zhanying Yang,2001,1
Ruth Durrer,Timon Boehm,2001,1
Ruth Gregory,Sergei M. Sibiryakov,2000,3
Ruth Gregory,Valery A. Rubakov,1999,4
Ruud Siebelink,Walter Troost,1994,1
Ryan M. Rohm,Sheldon L. Glashow,2001,1
Ryan M. Rohm,Thomas W. Kephart,2001,1
Ryo Sugisaka,Yutaka Sakamura,2000,4
Ryogo Hirota,Shuichi Nakamura,1995,1
Ryszard Nest,Thordur Jonsson,2001,1
Ryu Sasaki,S. Pratik Khastgir,1995,2
Ryu Sasaki,Wen-Li Yang,2003,1
Ryuichi Nakayama,Toshiya Suzuki,1995,2
Ryuichi Nakayama,Yutaka Hosotani,1999,1
Ryuichiro Kitano,Shoko Hayakawa,2001,1
Ryuichiro Kitano,Takayuki Hirayama,2001,1
Ryuji Kemmoku,Satoru Saito,1993,3
S. -P. Kou,Y. -B. Zhang,1999,1
S. A. Gogilidze,V. N. Pervushin,1995,3
S. A. Gogilidze,Yu. S. Surovtsev,1996,6
S. A. Larin,V. Schulte-Frohlinde,1995,1
S. A. Paston,V. A. Franke,1998,8
S. A. Paston,Yu. V. Novozhilov,1999,1
S. Alavian,T. G. Steele,2000,1
S. Anderegg,V. Mukhanov,1994,1
S. Aoki,Y. Kikukawa,1993,1
S. Aoyama,S. Vandoren,1993,1
S. Aoyama,T. Masuda,2002,1
S. Aoyama,Y. Kodama,1994,1
S. Arnone,S. Chiantese,2000,1
S. Arnone,T. R. Morris,2001,2
S. Arnone,Yu. A. Kubyshin,2001,2
S. B. Giddings,S. F. Ross,1999,1
S. B. Giddings,S. H. Shenker,1993,1
S. B. Giddings,W. M. Nelson,1992,1
S. Baez,S. Vaidya,1998,1
S. Baker,V. Z. Enolskii,1995,1
S. Balaska,W. Ruehl,1996,3
S. Baskal,Y. S. Kim,1995,1
S. Bellucci,S. Krivonos,1992,18
S. Bellucci,V. A. Krykhtin,2003,1
S. Bellucci,V. Faraoni,2001,2
S. Bellucci,V. Gribanov,1994,2
S. Bilke,Z. Burda,1997,1
S. C. Sararu,S. O. Saliu,2003,2
S. C. Zhao,X. J. Wang,1993,2
S. Cacciatori,S. Rovelli,1997,1
S. Cacciatori,She-Sheng Xue,1997,1
S. Cacciatori,W. A. Sabra,2000,2
S. Carlip,S. Vaidya,2002,1
S. Cassemiro F. F.,Victor O. Rivelles,1998,1
S. Chandrasekharan,U.-J. Wiese,1997,1
S. Chaturvedi,U. Sukhatme,1998,1
S. Chaturvedi,V. Srinivasan,1996,2
S. Chaudhuri,S.-W. Chung,1994,1
S. Chaudhuri,T. Ooshita,1993,1
S. Chaudhuri,Y. Chen,1999,1
S. Ciulli,S. Ispas,1996,1
S. Coleman,S. Nussinov,1993,1
S. Coleman,S. Popescu,1993,1
S. Coleman,Y. Aharonov,1993,1
S. Corley,T. Jacobson,1996,2
S. Cotsakis,V. D. Ivashchuk,1999,1
S. Cotsakis,V. N. Melnikov,1999,1
S. D. Odinstov,T. Inagaki,1993,1
S. D. Odinstov,T. Muta,1993,1
S. D. Odintsov,S. Falkenberg,1996,1
S. D. Odintsov,S. Leseduarte,1993,4
S. D. Odintsov,S. Naftulin,1992,9
S. D. Odintsov,S. Nojiri,1995,12
S. D. Odintsov,S. Ogushi,1999,2
S. D. Odintsov,S. P. Gavrilov,1997,1
S. D. Odintsov,S. Zerbini,1992,6
S. D. Odintsov,Shinichi Nojiri,1997,1
S. D. Odintsov,T. Inagaki,1997,3
S. D. Odintsov,T. Muta,1997,1
S. D. Odintsov,Yu. I. Shilnov,1994,6
S. Dalley,T. R. Morris,1992,1
S. Dasmahapatra,T. R. Klassen,1993,1
S. De Leo,Wa Rodrigues,1999,1
S. De Martino,S. De Siena,1993,3
S. De Nicola,V. I. Manko,1995,1
S. Deser,V. Pascalutsa,2000,1
S. Dimopoulos,S. Kachru,2001,2
S. Dobashi,T. Yoneya,2002,1
S. Dusini,S. Zerbini,1994,1
S. E. Hjelmeland,U. Lindstrom,1997,2
S. E. Konstein,V. N. Zaikin,2000,1
S. E. Korenblit,V. M. Leviant,1996,4
S. Emery,S. P. Sorella,1993,1
S. Emery,T. Sommer,1995,2
S. F. Hassan,Spenta R. Wadia,1997,2
S. F. Hassan,Vijay Balasubramanian,2002,1
S. F. Ross,S. W. Hawking,1995,1
S. Fedoruk,V. G. Zima,2000,3
S. Ferrara,S. Vaul`A,2000,1
S. Ferrara,T. Magri,1996,1
S. Ferrara,T. R. Taylor,1995,3
S. Ferrara,T. Regge,1995,1
S. Ferrara,V. S. Varadarajan,2000,1
S. Ferrara,W. Lerche,1992,1
S. Forste,S. Schwager,1996,1
S. Fredenhagen,V. Schomerus,2002,1
S. Fritzsche,T. Kuehl,2002,1
S. Fritzsche,W. Noertershaeuser,2002,1
S. Frolov,S. Theisen,2000,2
S. G. Matinyan,T. S. Biro,1999,4
S. G. Matinyan,Y. Jack Ng,2002,1
S. G. Rajeev,S. Guruswamy,1992,2
S. G. Rajeev,S. Kalyana Rama,1993,1
S. G. Rajeev,Siddhartha Sen,1993,1
S. G. Rajeev,Z. Yang,1992,3
S. G. Rubin,X. Q. Luo,1999,1
S. Garcia,Z. Guralnik,1996,1
S. Giller,Y. Brihaye,1994,2
S. Glazek,T. Walhout,1994,1
S. Glazek,W. M. Zhang,1994,1
S. Gogilidze,V. N. Pervushin,1998,1
S. Govindarajan,T. Jayaraman,1992,2
S. Govindarajan,V. John,1992,2
S. Graffi,V. R. Manfredi,1994,2
S. Groot Nibbelink,T. S. Nyawelo,2000,3
S. Gubser,S. L. Shatashvili,1998,1
S. H. Guo,W. Zheng,1995,1
S. H. Guo,X. Fang,1995,1
S. H. Guo,X. Q. Luo,1995,1
S. H. Park,Taejin Lee,1992,1
S. H. Shenker,T. Banks,1995,2
S. H. Shenker,W. Fischler,1996,1
S. Hendy,V. Frolov,1995,4
S. Higuchi,S. M. Nishigaki,1996,1
S. Higuchi,S. Nishigaki,1993,2
S. Hirano,Y. Hyakutake,1999,1
S. Hirano,Y. Kazama,1993,1
S. Hirano,Y. Satoh,1993,1
S. Hoorelbeke,Y. Brihaye,1999,1
S. Hosono,S. Theisen,1993,3
S. Hosono,Shing-Tung Yau,1994,1
S. Hyun,Y.-S. Song,1994,1
S. Ichinose,T. Yukawa,1995,2
S. Ishikawa,T. Miyazaki,1995,1
S. Iso,S. J. Rey,1994,1
S. Iso,T. Suyama,2002,1
S. Iso,T. Tada,1998,3
S. Iso,Y. Hosotani,1995,4
S. Iso,Y. Kimura,2001,1
S. Iso,Y. Kitazawa,1998,4
S. J. Gates,S. Penati,2000,1
S. J. Gates,S. V. Ketov,1992,3
S. J. Gates,V. G. J. Rodgers,2000,1
S. Jabbari-Faruji,S. Rouhani,2002,1
S. James Gates,Sergei D. Odintsov,1998,1
S. James Gates,Sergei Gukov,2000,1
S. James Gates,Sergei M. Kuzenko,1998,3
S. James Gates,Sergei V. Ketov,1992,2
S. James Gates,Shinichi Nojiri,1998,1
S. James Gates,Silvia Penati,2000,1
S. James Gates,Tomoko Kadoyoshi,1998,1
S. James Gates,Tristan Hubsch,1999,1
S. James Gates,V. G. J. Rodgers,1997,4
S. James Gates,W. D. Linch,2002,3
S. James Gates,Warren Siegel,1997,1
S. James Gates Jr,V. G. J. Rodgers,2001,1
S. James Gates Jr,W. D. Linch,2002,1
S. James Gates Jr,W. D. Linch Iii,2002,1
S. James Gates Jr.,Sergei M. Kuzenko,1996,2
S. James Gates Jr.,Sergei V. Ketov,1995,2
S. James Gates Jr.,V. G. J. Rodgers,1995,1
S. James Gates Jr.,W. D. Linch Iii,2001,1
S. Juchem,W. Cassing,1998,1
S. K. Adhikari,T. Frederico,1997,1
S. K. Kauffmann,T. Garavaglia,1999,1
S. K. Wang,Y. Q. Li,2001,1
S. Kachru,S. P. Trivedi,2002,1
S. Kachru,V. Sadov,1996,1
S. Kachru,W. Lerche,1995,1
S. Kachru,X. Liu,2002,1
S. Kalyana Rama,S. P. Trivedi,1999,1
S. Kalyana Rama,S. R. Das,1999,1
S. Kalyana Rama,Samik Dasgupta,2002,1
S. Kalyana Rama,Samir D. Mathur,1997,1
S. Kalyana Rama,Sasanka Ghosh,1995,1
S. Kalyana Rama,Siddhartha Sen,1993,2
S. Kalyana Rama,Sumit R. Das,1992,2
S. Kalyana Rama,Tapobrata Sarkar,1998,1
S. Kamefuchi,S. Sakoda,2001,1
S. Kar,S. Khastgir,1992,1
S. Katz,T. Pantev,2002,1
S. Kawamoto,S. Shinohara,2002,2
S. Kawamoto,T. Kuroki,2002,2
S. Kawamoto,T. Matsuo,2002,1
S. Khalil,S. Morris,2001,1
S. Kharchev,S. Pakuliak,1992,1
S. Khokhlachev,Yu. Makeenko,1992,2
S. Khoroshkin,S. Pakuliak,1999,1
S. Kitakado,T. Sato,1997,5
S. Kocak,T. Dereli,1996,4
S. Kojima,Y. Tanii,1993,4
S. Konstein,T. H. Hansson,1993,1
S. Kovacs,Ya. S. Stanev,2000,1
S. Krivonos,V. Gribanov,1994,2
S. Kuzenko,U. Theis,1998,1
S. L. Adler,Yong-Shi Wu,1994,1
S. L. Dubovsky,S. M. Sibiryakov,2002,3
S. L. Dubovsky,S. V. Demidov,2003,1
S. L. Dubovsky,V. A. Rubakov,1999,7
S. L. Lukyanov,V. V. Bazhanov,1996,2
S. L. Lyakhovich,S. M. Kuzenko,1994,6
S. L. Lyakhovich,V. A. Dolgushev,2000,4
S. L. Lyakhovich,V. D. Pershin,1993,1
S. L. Parameswaran,Y. Aghababaie,2002,2
S. L. V. Pinheiro,V. S. Alves,2000,1
S. Lazzarini,T. Schucker,2001,1
S. Lee,S.-J. Rey,2001,1
S. Lee,Y. Kiem,2001,1
S. Lepe,V. Cardenas,1998,1
S. Leseduarte,S. Zerbini,1993,1
S. Leseduarte,Yu. I. Shilnov,1995,1
S. Leupold,S. Matinyan,1996,1
S. Leupold,U. Heinz,1996,1
S. Leupold,W. Cassing,1997,1
S. Lukyanov,V. Bazhanov,1994,4
S. Lukyanov,V. Brazhnikov,1997,1
S. Lukyanov,V. Fateev,1997,3
S. Lukyanov,Ya. Pugai,1996,1
S. M. Klishevich,Yu. M. Zinoviev,1997,1
S. M. Kuzenko,S. Theisen,2002,1
S. M. Nishigaki,T. Nagao,2000,3
S. M. Nishigaki,T. Wettig,1998,1
S. M. Nishigaki,U. Magnea,1997,1
S. M. Roy,Virendra Singh,1994,1
S. M. Sergeev,V. V. Mangazeev,1993,4
S. M. Sergeev,Yu. G. Stroganov,1993,3
S. M. Sibiryakov,S. V. Demidov,2003,1
S. M. Sibiryakov,V. A. Rubakov,2001,3
S. Majid,T. Brzezinski,1992,1
S. Majid,T. Schucker,2001,1
S. Majid,W. K. Baskerville,1992,1
S. Mallik,Sourav Sarkar,2000,1
S. Mallik,V. J. Menon,2000,1
S. Marculescu,T. Portmann,1995,1
S. Massar,S. Popescu,1993,1
S. Matinyan,U. Heinz,1996,1
S. Mattiello,T. Frederico,2001,1
S. Meljanac,S. Pallua,1994,1
S. Meljanac,V. Bardek,1993,3
S. Miyagi,T. Otsuka,1996,1
S. Miyagi,Y. Hashimoto,1996,1
S. Miyagi,Y. Yasui,1996,1
S. Moghimi-Araghi,S. Rouhani,2000,5
S. Mukaigawa,T. Inagaki,1995,1
S. Mukaigawa,T. Muta,1995,1
S. Mukhopadhyay,Subir Ghosh,1995,1
S. N. Solodukhin,V. P. Frolov,1996,1
S. N. Solodukhin,W. Israel,1996,1
S. N. Tamaryan,S. V. Esaibegyan,1994,1
S. Nandi,Stuart Raby,2002,1
S. Niermann,Y. Meurice,1996,1
S. Nishigaki,U. Magnea,1996,1
S. Nojiri,S. Ogushi,1999,2
S. Nussinov,S. Popescu,1993,1
S. Nussinov,Y. Aharonov,1993,1
S. O. Fedoruk,V. G. Zima,1994,2
S. O. Warnaar,V. V. Bazhanov,1993,1
S. Oda,T. Yukawa,1999,1
S. Odake,Y. Matsuo,1994,8
S. Odake,Y.-H. Quano,1993,1
S. P. Sorella,V. E. R. Lemes,1997,20
S. P. Sorella,V. Lemes,1995,1
S. P. Sorella,Vitor Lemes,1994,1
S. P. Trivedi,S. R. Das,1999,2
S. P. Trivedi,X. Liu,2002,1
S. P. Trivedi,Y. Shadmi,1996,1
S. P.. Trivedi,S. R. Das,2000,1
S. P.. Trivedi,S. Vaidya,2000,1
S. Paban,T. Banks,2002,2
S. Paban,W. Fischler,2000,5
S. Panda,T. C. De Wit,2000,1
S. Pinsky,S. Tsujimaru,1998,4
S. Pinsky,Sdlcq Collaboration: F. Antonuccio,1999,1
S. Pinsky,U. Trittmann,1999,5
S. Pokorski,Z. Lalak,1993,1
S. Popescu,Y. Aharonov,1993,2
S. Pratik Khastgir,Supriya K. Kar,1992,1
S. Prem Kumar,Timothy J. Hollowood,2001,5
S. Q. Wu,X. Cai,2000,2
S. R. Das,S. Vaidya,2000,1
S. R. Nowling,S. T. Love,2001,1
S. R. Nowling,T. E. Clark,2001,1
S. R. Valluri,U. D. Jentschura,2000,1
S. Ramgoolam,Z. Guralnik,1997,3
S. Randjbar-Daemi,V. P. Nair,1997,2
S. Rovelli,She-Sheng Xue,1997,1
S. Roy,Somdatta Bhattacharya,2002,1
S. Roy,Somdatta Bhattacharyya,2002,1
S. Roy,Y.-S. Wu,2001,1
S. S. Gubser,Y. Oz,1999,1
S. S. Kashtanov,V. A. Ulkov,1998,2
S. S. Pinsky,U. Trittmann,2001,5
S. S. Roan,S.-T. Yau,1994,1
S. S. Safin,V. V. Dmitrieva,1994,1
S. Sakoda,S. V. Zenkin,1994,1
S. Sakoda,T. Kashiwa,1994,2
S. Schrans,X. J. Wang,1992,4
S. Sen,W. D. Mcglinn,1992,1
S. Sen R. D. Sorkin,W. D. Mcglinn,1995,1
S. Shankaranarayanan,T. Padmanabhan,2000,1
S. Shinohara,T. Kuroki,2002,2
S. Shinohara,T. Matsuo,2002,1
S. Skorik,V. Spiridonov,1993,1
S. Solimeno,V. I. Manko,1993,2
S. Solimeno,V. I. Manko G. Marmo,1992,1
S. Stieberger,T. R. Taylor,2002,2
S. Stieberger,W. Lerche,1998,5
S. Sugimoto,S. Terashima,2001,3
S. Sugimoto,T. Asakawa,2001,2
S. Sugimoto,T. Okuda,2002,1
S. Suzuki,Y. Okumura,1995,1
S. T. Love,T. E. Clark,1995,7
S. Tamaryan,Y. -G. Miao,2000,1
S. Tanimura,Y. Taniguchi,1996,1
S. Terashima,S.-K. Yang,1997,1
S. Terashima,T. Asakawa,2001,2
S. Terashima,T. Kitao,1997,1
S. Theisen,S. Yankielowicz,1994,10
S. Theisen,S. Yankielowizc,1997,1
S. Theisen,Shing-Tung Yau,1994,1
S. Theisen,V. Kaplunovsky,1999,1
S. Theisen,V. S. Kaplunovsky,2001,1
S. Theisen,W. Lerche,1994,4
S. Thomas,W. A. Sabra,1993,13
S. Tsujimaru,T. Nakatsu,1995,1
S. V. Demidov,V. A. Rubakov,2003,1
S. V. Klimenko,V. V. Talanov,1995,1
S. V. Kryukov,Ya. P. Pugay,1993,1
S. V. L. Pinheiro,V. S. Alves,1998,2
S. V. Sushkov,V. Frolov,2002,1
S. V. Zenkin,T. Kashiwa,1994,1
S. Vaidya,T. R. Govindarajan,1998,1
S. Vaidya,V. John,1998,1
S. Van Der Loo,S. Van Gils,1999,1
S. Van Der Loo,W. Troost,2001,1
S. Vandoren,T. J. Hollowood,1998,2
S. Vandoren,V. V. Khoze,1997,4
S. Vandoren,W. Troost,1992,3
S. Viefers,T. H. Hansson,1994,1
S. Viefers,T. Haugset,1994,1
S. Vinitsky,V. Pervushin,2002,1
S. W. Hawking,Simon F. Ross,1997,1
S. W. Hawking,T. Hertog,2000,2
S. W. Hawking,Thomas Hertog,2000,3
S. W. Kimm,W. S. Bae,2001,1
S. W. Kimm,Y. M. Cho,2001,1
S. Wallon,Z. Maassarani,1995,1
S. Wiles,U. Lindstrom,1997,1
S. Y. Pi,Z. Guralnik,2001,1
S. Yahikozawa,T. Torii,2001,1
S. Yajima,S.-I. Kubota,2000,1
S. Yajima,Y. Higasida,2000,1
S. Yamaguchi,Y. Ishimoto,1999,1
S. Yankielowicz,V. Kaplunovsky,1997,2
S. Yankielowicz,V. S. Kaplunovsky,2001,1
S. Yankielowicz,W. Lerche,1994,2
S. Yankielowicz,Y. Kinar,2000,1
S. Yu. Kalmykov,V. I. Manko,1994,1
S. Yu. Kalmykov,V. V. Dodonov,1994,1
S. Zhukov,T. Hauer,1999,1
S.-H. Henry Tye,Saswat Sarangi,2002,1
S.-H. Henry Tye,Stephen-Wei Chung,1992,1
S.-H. Henry Tye,Yan Vtorov-Karevsky,1996,2
S.-H. Henry Tye,Zurab Kakushadze,1993,15
S.-I. Ei,T. Kunihiro,1999,1
S.-I. Kubota,Y. Higasida,2000,1
S.-J. Rey,S.-S. Kim,2001,1
S.-J. Rey,W. K. Wong,1997,1
S.-J. Rey,Y. Kiem,2001,3
S.-J. Sin,Y. Kim,1996,1
S.-K. Yang,T. Eguchi,1992,6
S.-K. Yang,T. Kitao,1997,1
S.-K. Yang,Y. Yamada,1993,3
S.-S. Kim,Y. Kiem,2001,1
S.-S. Roan,S.-T. Yau,1997,1
S.-T. Yau,T.-M. Chiang,1999,1
S.-W. Kim,V. D. Ivashchuk,1998,3
S.-W. Kim,V. N. Melnikov,1998,1
S.-Y. Pi,U. Aglietti,1996,1
S.-Y. Pi,V. P. Nair,2002,1
Saburo Higuchi,Shinsuke Nishigaki,1993,2
Sachiko Ogushi,Sergei D. Odintsov,1999,15
Sachiko Ogushi,Shinichi Nojiri,1999,15
Sachindeo Vaidya,Sandip P. Trivedi,2000,1
Sachindeo Vaidya,Spenta R. Wadia,1999,1
Sachindeo Vaidya,Sumati Surya,1997,1
Sadhan K. Adhikari,T. Frederico,1997,1
Sahin Kocak,Tekin Dereli,1995,1
Sahng-Kyoon Yoo,Soo-Young Lee,1996,3
Saifuddin Rayyan,Sandor Benczik,2002,2
Saifuddin Rayyan,Tatsu Takeuchi,2002,2
Salvatore De Martino,Silvio De Siena,1993,1
Sami Zouzou,Thomas Schucker,2001,1
Samik Sen,Siddhartha Sen,2000,1
Samir D. Mathur,Sanjay Jain,1992,1
Samir D. Mathur,Sumit R. Das,1995,9
Samir D. Mathur,Yogesh K. Srivastava,2002,1
Samir K. Paul,Sasanka Ghosh,1993,2
Samir K. Paul,Siddhartha Sen,2002,1
Samson L. Shatashvili,Sergei Lukyanov,1992,1
Sandip Bhattacharyya,Subir Mukhopadhyay,1998,3
Sandip Bhattacharyya,Swapna Mahapatra,2001,1
Sandip P. Trivedi,Shamit Kachru,2002,2
Sandip P. Trivedi,Sumit R. Das,1998,1
Sandip P. Trivedi,Thomas M. Fiola,1994,1
Sandip P. Trivedi,Yael Shadmi,1996,1
Sandip Trivedi,Shamit Kachru,2002,1
Sandip Trivedi,Vijay Balasubramanian,1998,1
Sandor Benczik,Tatsu Takeuchi,2002,2
Sanefumi Moriyama,Shin Nakamura,2000,1
Sanefumi Moriyama,Shunsuke Teraguchi,2002,1
Sanefumi Moriyama,Takayuki Hirayama,2000,1
Sang Jin Sin,Seoktae Koh,1999,1
Sang Pyo Kim,Sung Ku Kim,1998,2
Sang-Heon Yi,Seungjoon Hyun,2003,2
Sang-Jin Sin,Seung-Geun Lee,1997,1
Sang-Jin Sin,Soonkeon Nam,1997,3
Sang-Jin Sin,Sunggeun Lee,1999,2
Sang-Jin Sin,Taichi Itoh,2002,2
Sang-Ok Hahn,Yoonbai Kim,2001,1
Sang-Ok Hahn,Youngjai Kiem,2001,1
Sangmin Lee,Seungjoon Hyun,1999,2
Sangmin Lee,Shiraz Minwalla,1998,1
Sangmin Lee,Soo-Jong Rey,1997,1
Sangmin Lee,Washington Taylor,1997,1
Sangmin Lee,Yoonbai Kim,2002,1
Sangmin Lee,Youngjai Kiem,1999,5
Sanjaye Ramgoolam,Stefan Cordes,1994,2
Sanjaye Ramgoolam,Steve Corley,2000,3
Sanjaye Ramgoolam,Steven Corley,2001,2
Sanjaye Ramgoolam,Washington Taylor Iv,1996,1
Sasanka Ghosh,Shibaji Roy,1993,1
Satabhisa Dasgupta,Tathagata Dasgupta,2000,1
Satoko Uchida,Toyoki Matsuyama,1999,1
Satoru Odake,Takeo Inami,1992,3
Satoru Odake,Yao-Zhong Zhang,1995,2
Satoru Saito,Takuya Masuda,1999,1
Satoshi Iso,Takehiro Azuma,2001,1
Satoshi Iso,Yoshihisa Kitazawa,1999,4
Satoshi Iso,Yuhi Ohwashi,2001,1
Satoshi Matsuda,Shigenori Seki,2000,1
Satoshi Matsuda,Yukitaka Ishimoto,1996,1
Satoshi Takahashi,Yukinori Yasui,1993,1
Satoshi Watamura,Ursula Carow-Watamura,1993,4
Satoshi Yamada,Shozo Uehara,2000,5
Satoshi Yamaguchi,Tohru Eguchi,2003,1
Satoshi Yamaguchi,Yasuaki Hikida,2002,1
Satoshi Yamaguchi,Yuji Sugawara,2003,1
Saurabh Sur,Sayan Kar,2001,2
Saurabh Sur,Somasri Sen,2002,1
Saurabh Sur,Soumitra Sengupta,2001,5
Saurya Das,Tapobrata Sarkar,1997,3
Saurya Das,U. A. Yajnik,2002,2
Saurya Das,V. Husain,2001,1
Saurya Das,Viqar Husain,2003,1
Savdeep Sethi,Sonia Paban,1998,4
Sayan Kar,Soumitra Sengupta,2001,2
Sayan Kar,Sukanta Bose,1997,2
Sayan Kar,Swapna Mahapatra,1997,1
Sdlcq Collaboration: F. Antonuccio,U. Trittmann,1999,1
Sean Carroll,Washington Taylor,1997,1
Sean J. Yoon,Won Tae Kim,1997,1
Sean J. Yoon,Yong-Wan Kim,1995,4
Sean J. Yoon,Young-Jai Park,1995,5
Sean M. Carroll,Simeon Hellerman,1999,2
Sean M. Carroll,Takemi Okamoto,2001,1
Sean M. Carroll,V. Alan Kostelecky,2001,1
Sean M. Carroll,Washington Taylor Iv,1995,3
Sebastian De Haro,Sergey N. Solodukhin,2000,2
Sebastian Franco,Yang-Hui He,2002,2
Sebastian Jaimungal,Viqar Husain,1998,1
Sei-Hoon Moon,Soo-Jong Rey,2000,1
Sei-Hoon Moon,Won Suk Bae,2000,1
Sei-Hoon Moon,Y. M. Cho,2000,1
Sei-Hoon Moon,Yoon-Bai Kim,2000,1
Seiho Matsumoto,Shogo Tanimura,2001,1
Seiji Sakoda,Shuji Nima,1992,2
Seiji Sakoda,Taro Kashiwa,1992,4
Seiji Takemae,Sudarshan Fernando,2001,1
Seiji Terashima,Shigeki Sugimoto,2002,1
Seiji Terashima,Sung-Kil Yang,1996,5
Seiji Terashima,Tadaoki Uesugi,2000,2
Seiji Terashima,Tadashi Takayanagi,2000,2
Seiji Terashima,Teruhiko Kawano,2000,1
Seiji Terashima,Tsuguhiko Asakawa,2002,1
Seiji Terashima,Yuji Okawa,2000,1
Sen Hu,Xiao-Jun Wang,2002,2
Seng Hu,Xiao-Jun Wang,2002,1
Seok-Jin Kang,Tetsuji Miwa,1998,1
Serge Lazzarini,Thomas Schucker,1998,1
Sergei Alexandrov,Vladimir Kazakov,2001,1
Sergei D. Odintsov,Sergio Zerbini,2000,3
Sergei D. Odintsov,Shinichi Nojiri,1997,72
Sergei D. Odintsov,Shoichi Ichinose,1998,1
Sergei D. Odintsov,Tomoko Kadoyoshi,1997,3
Sergei D. Odintsov,Vladimir I. Tkach,2000,1
Sergei Gukov,Shing-Tung Yau,2002,1
Sergei Gukov,Steven S. Gubser,2000,2
Sergei Gukov,Vipul Periwal,1999,1
Sergei Gukov,Vladimir A. Kazakov,2002,1
Sergei Gukov,Xenia De La Ossa,2002,1
Sergei Khoroshkin,V. N. Tolstoy,1994,1
Sergei Khoroshkin,Valeriy N. Tolstoy,1994,2
Sergei Kuzenko,Stefan Theisen,2000,1
Sergei Lukyanov,Veronique Terras,2002,1
Sergei Lukyanov,Yaroslav Pugai,1994,1
Sergei M. Kuzenko,Shane A. Mccarthy,2002,1
Sergei M. Kuzenko,Stefan Theisen,1999,3
Sergei M. Kuzenko,Tristan Hubsch,1999,1
Sergei M. Kuzenko,Ulrich Theis,1997,1
Sergei M. Sibiryakov,Valery A. Rubakov,2000,3
Sergei V. Ketov,Sinisa Karnas,1997,1
Sergei V. Ketov,Sven-Olaf Moch,1993,2
Sergei V. Ketov,Thomas Boettner,2000,1
Sergei V. Ketov,Thomas Lau,2000,1
Sergei V. Ketov,Thorsten Leonhardt,2001,1
Sergei V. Ketov,Werner Ruhl,2001,1
Sergei V. Khudyakov,Valeri V. Dvoeglazov,1999,1
Sergei V. Shabanov,Thomas Strobl,1998,1
Sergei Yu. Alexandrov,Vladimir A. Kazakov,2002,3
Sergey Krivonos,Stefano Bellucci,1992,2
Sergey M. Khoroshkin,Vladimir V. Bazhanov,2001,1
Sergio Albeverio,Shao-Ming Fei,1994,5
Sergio Ferrara,Silvia Vaul`A,2001,2
Sergio Ferrara,Silvia Vaula,2000,3
Sergio Ferrara,Yassen S. Stanev,1996,1
Sergio L. Cacciatori,Wafic A. Sabra,2003,1
Sergio Zerbini,Shinichi Nojiri,2000,2
Sergio Zerbini,Vittorio Barone Adesi,2001,1
Serguei B. Isakov,Stephane Ouvry,1999,1
Serguei B. Isakov,Susanne Viefers,1996,1
Seriko Tanimoto,Tomohiko Takahashi,2001,2
Seung-Kook Kim,Won T. Kim,1995,1
Seung-Kook Kim,Yong-Wan Kim,1995,4
Seung-Kook Kim,Yongduk Kim,1995,1
Seung-Kook Kim,Young-Jai Park,1995,4
Seungjoon Hyun,Won Tae Kim,1998,1
Seungjoon Hyun,Youngjai Kiem,1997,7
Sh. Mamedov,V. Zhukovskii,2001,1
Shahn Majid,Tomasz Brzezinski,1992,2
Shahn Majid,Ulrich Meyer,1993,1
Shamit Kachru,Sheldon Katz,1999,2
Shamit Kachru,Simeon Hellerman,2001,1
Shamit Kachru,Steven B. Giddings,2001,1
Shamit Kachru,Yaron Oz,1997,2
Shamit Kachru,Zheng Yin,1998,1
Shan-De Yang,Zhong-Qi Ma,1994,1
Shane Hughes,Sidney Coleman,1993,1
Shane J. Hughes,Tom D. Imbo,1993,1
Shao-Shiung Lin,Shi-Shyr Roan,1997,3
Shao-Xia Chen,Xin-Bing Huang,2002,2
Shao-Xia Chen,Zhao-Yu Yang,2002,1
Shao-Xia Chen,Zhe Chang,2002,2
Sheldon Katz,Xenia De La Ossa,1993,2
Sheldon L. Glashow,Thomas W. Kephart,2001,1
Sheng Li,Yishi Duan,1998,2
Sheng Li,Yong Zhang,1999,2
Sheng Li,Zhongyuan Zhu,1999,2
Shesansu Sekhar Pal,Sudhakar Panda,2002,1
Shesansu Sekhar Pal,Sudipta Mukherji,2002,2
Shi Kangjie,Yang Zhan-Ying,2002,1
Shi-Kun Wang,Xing-Chang Song,1998,1
Shi-Kun Wang,Xu-Dong Luo,1998,1
Shibaji Roy,Somdatta Bhattacharya,2002,1
Shibaji Roy,Sudhakar Panda,1992,6
Shigeaki Yahikozawa,Takashi Torii,2000,1
Shigefumi Naka,Shinji Abe,1999,1
Shigefumi Naka,Tetsu Matsufuji,1999,1
Shigeki Sugimoto,Soo-Jong Rey,2003,2
Shigeki Sugimoto,Takayuki Hirayama,1997,1
Shigeki Sugimoto,Tsuguhiko Asakawa,2002,1
Shigeki Sugimoto,Yoshifumi Hyakutake,2000,1
Shigeki Sugimoto,Yosuke Imamura,2000,1
Shigemitsu Tomizawa,Tadakatsu Sakai,1998,1
Shikun Wang,Zhujun Zheng,1996,1
Shimon Yankielowicz,Stefan Theisen,1999,1
Shimon Yankielowicz,Vadim S. Kaplunovsky,1998,1
Shin-Ichi Kojima,Tadakatsu Sakai,1995,1
Shin-Ichiro Kuroki,Takuya Morozumi,2001,1
Shin-Ichiro Kuroki,Tomomi Ishikawa,2001,3
Shing-Tung Yau,Shinobu Hosono,2002,1
Shinichi Deguchi,Tadahito Nakajima,1996,3
Shinichi Deguchi,Tomoaki Mukai,1998,1
Shinichi Deguchi,Yousuke Kokubo,2002,2
Shinichi Imai,Takashi Yokono,2001,1
Shinichi Nojiri,Tomoko Kadoyoshi,1997,4
Shinichi Nojiri,Vladimir I. Tkach,2000,1
Shinichi Nojiri,Yuriko Kato,1998,1
Shinji Abe,Tetsu Matsufuji,1999,1
Shinji Hamamoto,Takao Nakamura,1995,1
Shinji Hirano,Yoichi Kazama,1996,1
Shinji Mukohyama,Tetsuya Shiromizu,1999,1
Shinya Kanemura,Takao Matsushita,1995,2
Shinya Wada,Toshiyuki Harano,1995,5
Shiraz Minwalla,Volker Schomerus,2002,1
Shiraz Minwalla,Witold Skiba,2002,1
Shivaji L. Sondhi,Steven S. Gubser,2000,1
Sho Tsujimaru,Yoonbai Kim,1995,1
Shogo Aoyama,Takahiro Masuda,2001,3
Shogo Aoyama,Yuji Kodama,1995,1
Shoko Hayakawa,Takayuki Hirayama,2001,1
Shozo Uehara,Tsukasa Tada,1993,2
Shuhei Mano,Yuhsuke Yoshida,1998,1
Shuji Nima,Taro Kashiwa,1992,2
Shun-Ichi Yamaguchi,Yoshiaki Tanii,1992,1
Shunya Mizoguchi,Takeo Inami,1995,1
Shunya Mizoguchi,Takeshi Mogami,2002,2
Shunya Mizoguchi,Taro Tani,2001,1
Shunya Mizoguchi,Yasuhiko Yamada,2002,1
Shunya Mizoguchi,Yuji Satoh,2002,2
Silas R. Beane,Thomas D. Cohen,1997,1
Silvana Perez,V. S. Alves,2001,3
Simon F. Ross,Thomas S. Levi,2003,1
Simon F. Ross,Vijay Balasubramanian,1999,3
Sinobu Makita,Takeshi Fukuyama,1992,1
Skuli Gudmundsson,Tuan A. Tran,2002,1
So Matsuura,Tadakatsu Sakai,2000,3
So-Young Pi,V. P. Nair,2000,1
Somasri Sen,Soumitra Sengupta,2002,2
Sonia Paban,Willy Fischler,1995,3
Soo-Jong Rey,Spenta Wadia,2001,1
Soo-Jong Rey,Stefan Theisen,1998,2
Soo-Jong Rey,Stephen Griffies,1992,2
Soo-Jong Rey,Sumit Das,2000,1
Soo-Jong Rey,Sumit R. Das,2002,1
Soo-Jong Rey,T. R. Taylor,1993,1
Soo-Jong Rey,Thomas Mohaupt,1995,2
Soo-Jong Rey,Tsunehide Kuroki,2000,1
Soo-Jong Rey,Yoon-Bai Kim,2000,1
Soo-Jong Rey,Youngjai Kiem,2001,1
Soon-Tae Hong,Won Tae Kim,1999,3
Soon-Tae Hong,Yong-Wan Kim,1998,4
Soon-Tae Hong,Young-Jai Park,1998,9
Soonkeon Nam,Taejin Lee,2002,1
Soonkeon Nam,Yun-Seok Seo,2001,1
Soonkeon Nam,Yunseok Seo,2003,1
Sophie De Buyl,Thibault Damour,2002,1
Sorin Cucu,Stefan Vandoren,2002,1
Sorin Cucu,Tim De Wit,2001,2
Sorin Cucu,Xavier Bekaert,2000,3
Sorin Marculescu,Thomas Klose,2002,1
Sourav Sarkar,V. J. Menon,2000,1
Spenta R. Wadia,Sumit R. Das,1995,1
Sree Ram Valluri,Ulrich D. Jentschura,2001,1
Stanislav V. Klimenko,Wasil F. Urazmetov,1999,1
Stanislaw D. Glazek,Tomasz Maslowski,1999,2
Stefan Forste,Stefan Schwager,1996,3
Stefan Forste,Stefan Theisen,1999,2
Stefan Forste,Stephane Lavignac,2000,2
Stefan Forste,Sudhakar Panda,1997,1
Stefan Forste,Zygmunt Lalak,2000,2
Stefan Fredenhagen,Thomas Quella,2002,1
Stefan Fredenhagen,Volker Schomerus,2000,4
Stefan Giller,Yves Brihaye,1996,1
Stefan Ochs,Ulrich Heinz,1998,1
Stefan Pokorski,Steven Thomas,1999,1
Stefan Pokorski,Zygmunt Lalak,1999,5
Stefan Theisen,Vadim Kaplunovsky,1995,1
Stefan Vandoren,Tim De Wit,2002,1
Stefan Vandoren,Ulrich Theis,2002,2
Stefano Arnone,Tim R. Morris,2001,7
Stefano Arnone,Yuri A. Kubyshin,2001,1
Stefano Kovacs,Yassen S. Stanev,1999,2
Stefano Monni,Yun S. Song,2000,1
Stephane Lavignac,Zygmunt Lalak,1999,4
Stephen B. Selipsky,Stephen D. H. Hsu,1995,1
Stephen B. Selipsky,Thomas Appelquist,1997,1
Stephen Hwang,Teresia Mansson,2002,1
Stephen Pinsky,Uwe Trittmann,1999,1
Stephen Shenker,Thomas Mehen,2000,1
Stephen Shenker,Tom Banks,1996,1
Stephon Alexander,Yi Ling,2001,1
Sterrett J. Collins,Tom D. Imbo,1997,1
Steven B. Giddings,Vijay Balasubramanian,1999,1
Steven Corley,Ted Jacobson,1997,1
Steven Duplij,V. P. Akulov,1998,1
Steven J. Oliver,Takemichi Okui,2003,1
Steven J. Oliver,Yasunori Nomura,2003,1
Steven S. Gubser,Vadim Borokhov,2002,1
Steven Thomas,Wafic A. Sabra,1996,1
Steven Thomas,Zygmunt Lalak,1997,3
Stjepan Meljanac,Velimir Bardek,2000,2
Stoytcho S. Yazadjiev,Todor L. Boyadjiev,2001,1
Su-Long Nyeo,Yaw-Hwang Chen,1995,3
Su-Long Nyeo,Yeou-Wei Yang,1996,1
Sudhakar Panda,Sudipta Mukherji,1995,4
Sudhakar Panda,Supriya Kar,1995,2
Sudipta Mukherji,Sumit R. Das,1994,2
Sudipta Mukherji,Swapna Mahapatra,1992,2
Sukanta Bose,Thant Zin Naing,1999,1
Sukanta Bose,Yoav Peleg,1995,2
Sultan Catto,V. P. Akulov,2003,1
Sumantra Chakravarty,Yutaka Hosotani,1994,1
Sumio Ishikawa,Tadashi Miyazaki,1994,2
Sumio Ishikawa,Yasuhiro Iwama,1994,2
Sumit R. Das,Sunil Mukhi,2001,1
Sung-Kil Yang,Taku Uchino,1992,1
Sung-Kil Yang,Tohru Eguchi,1995,4
Sung-Kil Yang,Toshiya Kawai,1992,3
Sung-Kil Yang,Yasuhiko Yamada,1993,3
Sung-Kil Yang,Yoko Onjo,2000,1
Sung-Kil Yang,Yukiko Ohtake,2000,1
Sung-Won Kim,Won T. Kim,1996,1
Sung-Won Kim,Won Tae Kim,1999,1
Sung-Won Kim,Young-Jai Park,1996,1
Supriya Kar,Yoichi Kazama,1998,1
Suresh Govindarajan,T. Jayaraman,1993,10
Suresh Govindarajan,Tapobrata Sarkar,1999,3
Suresh Govindarajan,Varghese John,1993,1
Surya Ganguli,Uday Varadarajan,2002,1
Susumu Ariki,Tomohide Terasoma,1993,1
Svend E. Hjelmeland,Ulf Lindstrom,1999,2
Swapna Mahapatra,Thomas Mohaupt,1997,2
Swapna Mahapatra,Wafic A. Sabra,1998,1
Syoji Zeze,Tomohiko Takahashi,2003,1
Sz. Borsanyi,Zs. Szep,2000,1
Sze-Shiang Feng,Xi-Jun Qiu,1999,1
Sze-Shiang Feng,Xin-He Meng,1999,1
Sze-Shiang Feng,Yi-Shi Duan,1999,1
Sze-Shiang Feng,Zhi Yao,1999,1
Sze-Shiang Feng,Zi-Xiang Wang,1999,1
T. A. Ioannidou,V. B. Kopeliovich,2002,2
T. A. Ioannidou,W. J. Zakrzewski,2002,1
T. A. Sedrakyan,V. V. Mkhitaryan,1999,1
T. Aida,Y. Kitazawa,1994,2
T. Altherr,T. Grandou,1992,1
T. Banks,W. Fischler,1996,11
T. Biswas,W. Siegel,2001,2
T. Damour,V. Mukhanov,1999,1
T. De Wit,U. Gran,2002,1
T. E. Clark,T. Ter Veldhuis,2002,2
T. Eguchi,Y. Yamada,1993,3
T. Fujita,T. Kake,1999,1
T. Fujiwara,T. Tabei,1993,4
T. Fujiwara,Y. Igarashi,1992,6
T. Fujiwara,Y. Takimoto,1996,5
T. G. Steele,V. Elias,2003,1
T. Guhr,T. Wettig,1997,1
T. Guhr,T. Wilke,1997,2
T. H. Hansson,U. Lindstrom,1995,1
T. Harko,W. F. Kao,2002,2
T. Hatsuda,T. Kunihiro,1996,1
T. Hatsuda,T. Tanaka,1996,1
T. Heinzl,T. Pause,1998,1
T. Heinzl,T. Tok,2000,1
T. Heinzl,T. Vekua,2000,1
T. Hotta,W. Bietenholz,2000,3
T. Hubsch,X. De La Ossa,1995,1
T. Imai,T. Murakami,2001,1
T. Imai,T. Shinohara,2001,2
T. Imai,Y. Kitazawa,2003,1
T. Imai,Y. Takayama,2003,1
T. Inagaki,T. Muta,1993,5
T. Inagaki,Yu. I. Shilnov,1997,1
T. Ioannidou,W. J. Zakrzewski,1998,2
T. J. Hollowood,V. V. Khoze,1997,4
T. J. Hollowood,W. Lee,1999,1
T. Jayaraman,Tapobrata Sarkar,1999,3
T. Jayaraman,V. John,1992,2
T. Jayaraman,Varghese John,1993,1
T. Kawano,Y. Kikukawa,1994,1
T. Kloesch,T. Strobl,1996,1
T. Kobayashi,W. F. Chen,2000,1
T. Kojima,T. Miwa,1993,2
T. Kojima,V. Korepin,1996,3
T. Kojima,Y. H. Quano,1996,1
T. Kojima,Y.-H. Quano,1993,1
T. Kuehl,W. Noertershaeuser,2002,1
T. Kunihiro,T. Tanaka,1996,1
T. Kunihiro,Y. Hatta,2001,1
T. Kuroki,T. Matsuo,2002,1
T. Leonhardt,W. Ruehl,2002,1
T. Leonhardt,W. Ruhl,2001,1
T. Miwa,Y. Asai,1996,1
T. Miwa,Y. Pugai,1996,2
T. Miwa,Y.-H. Quano,1993,1
T. Mogami,Y. Watabiki,1993,1
T. Murakami,T. Shinohara,2001,1
T. Muramatsu,Y. Kazama,2000,5
T. N. Tomaras,V. Zarikas,2002,1
T. N. Tomaras,Y. Brihaye,1998,1
T. Nakatsu,T. Takebe,1993,1
T. Obikhod,Yu. Malyuta,1997,4
T. Oota,V. E. Korepin,1996,1
T. Ortin,U. Gran,2003,1
T. Ortin,Y. Lozano,1997,1
T. Otsuka,Y. Hashimoto,1996,1
T. Otsuka,Y. Yasui,1996,1
T. Padmanabhan,T. Roy Choudhury,2002,1
T. Pantev,V. Sadov,1996,1
T. R. Govindarajan,V. John,1998,1
T. R. Govindarajan,V. Suneeta,2002,1
T. R. Morris,Yu. A. Kubyshin,2001,2
T. Saito,Z. Maki,1998,1
T. Sasada,Y. Imamura,1992,2
T. Shigehara,Taksu Cheon,1996,1
T. Shimada,Z. Bern,1993,1
T. Sizer,V. P. Gusynin,1998,1
T. Strobl,V. Schomerus,2000,1
T. Strobl,W. Kummer,2000,2
T. Tabei,Y. Igarashi,1993,4
T. Tada,Y. Kitazawa,1998,3
T. Takayanagi,Y. Matsuo,2000,1
T. Tok,U. G. Mitreuter,1998,1
T. Tok,V. Ch. Zhukovsky,2002,1
T. Uchino,Y. Matsumura,1992,1
T. Uchino,Y. Tanii,1992,1
T. Walhout,W. M. Zhang,1994,1
T. Wettig,T. Wilke,1997,1
T. Wynter,V. A. Kazakov,1996,2
T. Yamamoto,Y. Matsuo,1995,1
T. Yoneya,Y. Kazama,1998,1
T. Yoneya,Y. Okawa,1998,1
Tabito Hara,Tamiaki Yoneya,2000,1
Tadahito Nakajima,Tomoaki Mukai,1998,1
Tadakatsu Sakai,Yaron Oz,2002,4
Tadakatsu Sakai,Yoichiro Matsumura,1995,1
Tadao Suzuki,Takanori Fujiwara,1996,1
Tadaoki Uesugi,Tadashi Takayanagi,2000,5
Tadashi Kon,Y=Uichi Chikashige,1995,1
Tadashi Miyazaki,Takashi Matsunaga,1996,1
Tadashi Miyazaki,Tomohiko Shibuya,2002,1
Tadashi Miyazaki,Yasuhiro Iwama,1994,2
Tadashi Takayanagi,Troels Harmark,2003,1
Tadashi Takayanagi,Yasuaki Hikida,2000,2
Tadashi Takayanagi,Yutaka Matsuo,2001,1
Tae Seong Kim,Won-Ho Kye,1995,1
Taejin Lee,Yi Yang,2001,1
Taichi Itoh,Toshiro Sato,1995,1
Taichi Itoh,Yoonbai Kim,1994,1
Taichiro Kugo,Tomohiko Takahashi,1997,4
Taichiro Kugo,Tomoyuki Fujita,2001,1
Taichiro Kugo,Tsuguhiko Asakawa,1998,3
Takahiro Kubota,Yuhsuke Yoshida,1999,1
Takahiro Kubota,Yutaka Hosotani,2002,1
Takahiro Masuda,Toru Sasaki,1997,1
Takahiro Tanaka,Uchida Gen,2001,2
Takahiro Tanaka,Xavier Montes,2000,1
Takanori Fujiwara,Yuji Igarashi,1993,1
Takao Koikawa,Takayuki Hori,2002,2
Takao Koikawa,Takuya Maki,1997,2
Takaomi Shigehara,Taksu Cheon,1995,2
Takashi Asatani,Tamiaki Yoneya,1996,1
Takashi Asatani,Tsunehide Kuroki,1996,1
Takashi Asatani,Yuji Okawa,1996,1
Takashi Okamura,Takesi Saito,2002,3
Takashi Torii,Tetsuya Shiromizu,2001,5
Takashi Torii,Tomoko Uesugi,2003,1
Takashi Yokono,Toshihiro Matsuo,1999,1
Takashi Yokono,Toshio Nakatsu,1997,3
Takashi Yokono,Yuhsuke Yoshida,1997,2
Takayoshi Ootsuka,Yukinori Yasui,2000,1
Takayuki Hirayama,Youngone Lee,2002,1
Takayuki Hori,Takuya Maki,2002,1
Takehiro Azuma,Yuhi Ohwashi,2001,1
Takehisa Fujita,Yasuyuki Sekiguchi,1996,1
Takemi Okamoto,V. Alan Kostelecky,2001,1
Takemichi Okui,Yasunori Nomura,2003,1
Takeo Inami,Tatsuya Ueno,1996,2
Takeo Inami,Yao-Zhong Zhang,1995,3
Takeo Inami,Yorinori Saito,2000,3
Takeo Kojima,Yas-Hiro Quano,1995,1
Takeshi Mogami,Yuji Satoh,2002,2
Takeshi Morita,Tsunehide Kuroki,2003,1
Takeshi Oota,Vladimir E. Korepin,1998,1
Takeshi Yasuda,Thomas P. Branson,1998,1
Takeshi Yasuda,V. G. J. Rodgers,1998,1
Takesi Saito,Yutaka Tada,1997,1
Takesi Saito,Ziro Maki,1998,1
Taku Uchino,Toshiya Kawai,1992,1
Takuya Hayashi,Yoshihisa Ohshima,1998,2
Takuya Iizuka,Toru Ebihara,1994,1
Tamas G. Kovacs,Zsolt Schram,1995,1
Tamiaki Yoneya,Tsunehide Kuroki,1996,2
Tamiaki Yoneya,Yasuhiro Sekino,1999,2
Tamiaki Yoneya,Yoichi Kazama,1998,1
Tamiaki Yoneya,Yuji Okawa,1996,3
Tanmay Vachaspati,Thomas W. Kephart,1992,1
Tao Liu,Tianjun Li,2002,2
Tao Xu,Ying Jiang,1998,1
Tao Xu,Yishi Duan,1998,1
Tapobrata Sarkar,Zafar Ahmed,2002,1
Taro Kashiwa,Tomohiko Sakaguchi,2002,2
Taro Kashiwa,Yasushi Takahashi,1994,1
Taro Tani,Tomomi Muto,2001,1
Tatsuo Kobayashi,Tetsutaro Higaki,2002,2
Tatsuo Kobayashi,Tsuneo Uematsu,1992,3
Tatsuo Kobayashi,Wen-Feng Chen,1998,1
Tatsuo Kobayashi,Yoshiharu Kawamura,1996,1
Tatsuo Suzuki,Yasushi Homma,1998,2
Teparksorn Pengpan,Xiaozhen Xiong,2000,1
Teruhiko Kawano,Tomohiko Takahashi,1999,2
Tetsuji Miwa,Tetsuji Tokihiro,1992,1
Tetsuji Miwa,Toshiki Nakashima,1992,1
Tetsuji Miwa,Yasuhiro Ohta,1992,1
Tetsuji Tokihiro,Toshiki Nakashima,1992,1
Tetsuo Deguchi,Tomotada Ohtsuki,1992,1
Tetsuo Deguchi,Yasuhiro Akutsu,1992,1
Tetsuya Shiromizu,Tomoko Uesugi,2003,1
Th. Cousin,V. A. Karmanov,2001,1
Theodora Ioannidou,Wojtek Zakrzewski,1998,3
Thomas Boettner,Thomas Lau,2000,1
Thomas Branson,V. G. J. Rodgers,1996,1
Thomas Curtright,Tsuneo Uematsu,1996,2
Thomas Guhr,Tilo Wettig,1996,3
Thomas Mohaupt,Wafic A. Sabra,1998,2
Thomas P. Branson,V. G. J. Rodgers,1998,1
Thomas Quella,Volker Schomerus,2002,3
Thomas Reisz,Volkhard F. Muller,2000,1
Thomas S. Levi,Vijay Balasubramanian,2002,2
Thomas Wynter,Vladimir A. Kazakov,1994,3
Thorsten Leonhardt,Werner Ruehl,2002,2
Thorsten Leonhardt,Werner Ruhl,2001,1
Ti-Ming Chiang,Yakov Kanter,1995,1
Tianjun Li,Wei Liao,2001,2
Tibor Torma,Tomas Ortin,1994,1
Tim R. Morris,Yuri A. Kubyshin,2001,1
Timothy J. Hollowood,Tom Kingaby,2002,2
Timothy J. Hollowood,Valentin V. Khoze,1999,10
Timothy J. Hollowood,Yuri Shirman,2000,1
Ting-Liang Zhuang,Yong-Shi Wu,2002,1
Tohru Eguchi,Yuji Sugawara,2000,5
Tom Adawi,Ulf Gran,1997,2
Tom Banks,Willy Fischler,1998,2
Tom H. Koornwinder,Vadim B. Kuznetsov,1993,1
Tomasz R. Taylor,Zurab Kakushadze,1999,1
Tomohiko Takahashi,Tsuguhiko Asakawa,1998,3
Toni Mateos,Toni Ramirez,2002,2
Tony Gherghetta,Yaron Oz,2001,1
Tony Pantev,Vladimir Sadov,1997,2
Tony Pantev,Yaron Oz,2000,1
Toshiaki Aida,Yoshihisa Kitazawa,1995,2
Toshiki Shimbori,Tsunehiro Kobayashi,2000,1
Toshio Nakatsu,Yuhsuke Yoshida,1997,2
Toshio Nakatsu,Yuji Sugawara,1992,3
Toshiya Kawai,Yasuhiko Yamada,1993,1
Tristan Hubsch,Xenia De La Ossa,1993,1
Tsunehide Kuroki,Yuji Okawa,1996,2
Tsuneo Uematsu,Yoshinori Gotoh,1997,1
Tzuu-Kang Chyi,W. F. Kao,1999,1
U. Harder,W. Mcghee,1994,1
U. Moschella,V. Gorini,2000,1
U. Trittmann,Y. Frishman,1998,1
Ugo Moschella,Vittorio Gorini,1999,1
Ulf Gran,Vanicson L. Campos,2000,1
Ulf. Jasper,V. D. Skarzhinsky,1997,2
Uni. Texas Dissertation,Ut-Diss-1994,1994,1
Urban M. Studer,Walter Troost,1996,1
Uwe Grimm,Yu-Kui Zhou,1995,1
V Fridkin,Y K Zhou,1996,1
V. A. Belinski,V. D. Mur,2002,1
V. A. Belinskii,V. D. Mur,1999,2
V. A. Fateev,V. A. Kazakov,1994,1
V. A. Franke,Yu. V. Novozhilov,1999,1
V. A. Gani,V. A. Lensky,2001,1
V. A. Krykhtin,V. D. Pershin,1994,3
V. A. Miransky,V. Elias,1996,1
V. A. Miransky,V. P. Gusynin,1994,3
V. A. Rubakov,Y. Brihaye,2002,1
V. A. Tsokur,Yu. M. Ziniviev,1996,1
V. A. Tsokur,Yu. M. Zinoviev,1994,5
V. Akulov,V. Zima,1998,1
V. Akulov,W. Kummer,1998,1
V. Alan Kostelecky,V. I. Manko,1993,1
V. B. Kopeliovich,W. J. Zakrzewski,2000,2
V. B. Kuznetsov,V. Z. Enolskii,1993,1
V. B. Kuznetsov,Willard Miller,1993,2
V. B. Tlyachev,V. G. Bagrov,2000,2
V. Braun,X De La Ossa,2000,1
V. Ch. Zhukovsky,V. V. Khudyakov,1998,2
V. D. Dzhunushaliev,V. Ts. Gurovich,1996,1
V. D. Ivashchuk,V. N. Melnikov,1995,15
V. Demchik,V. Skalozub,1999,1
V. E. Kuzmichev,V. V. Kuzmichev,2000,2
V. Elkonin,Y. Shamir,1994,2
V. F. Kovalev,V. V. Pustovalov,1997,1
V. Fock,V. Rubtsov,1999,1
V. Fridkin,Yu. Stroganov,1999,1
V. G. J. Rodgers,W. D. Linch,2002,2
V. G. Kiselev,Ya. M. Shnir,1997,2
V. G. Kovalevich,Ya. M. Shnir,1996,1
V. Gomes Lima,V. Silva Santos,2002,1
V. Husain,V. K. Dobrev,1993,1
V. I. Manko,V. V. Dodonov,1993,6
V. I. Manko,Y. A. Muukhin,1994,1
V. I. Manko,Ya. A. Korennoy,1994,1
V. I. Shevchenko,Yu. A. Simonov,1997,3
V. I. Smirichinski,V. N. Pervushin,1998,4
V. I. Smirichinski,V. V. Papoyan,1998,1
V. K. Kharchenko,Zbigniew Oziewicz,1993,1
V. Kac,W. Wang,1994,1
V. Kaplunovsky,Y. Artstein,2000,1
V. N. Pervushin,V. V. Papoyan,1998,1
V. P. Frolov,W. Israel,1996,1
V. P. Nair,Yasuhiro Abe,2002,1
V. P. Neznamov,Yu. V. Petrov,2003,1
V. P. Shelest,Yu. A. Sitenko,1998,1
V. Paturyan,Y. Brihaye,2000,2
V. Shpytko,V. Tretyak,1998,1
V. Tretyak,Yu. Yaremko,1998,1
V. V. Chitov,Y. I. Shilnov,1996,1
V. V. Chitov,Yu. I. Shilnov,1997,1
V. V. Dodonov,Y. A. Muukhin,1994,1
V. V. Dodonov,Ya. A. Korennoy,1994,1
V. V. Khoze,W. A. Weir,1997,1
V. V. Khoze,W. Lee,1999,1
V. V. Khoze,Y. Shadmi,2001,1
V. V. Khoze,Y. Shirman,2001,1
V. V. Mangazeev,Yu. G. Stroganov,1993,4
V. V. Zhytnikov,Yu. V. Gusev,1994,1
V. Ya. Fainberg,W. F. Chen,1997,1
V. Z. Enolskii,Vadim B. Kuznetsov,1993,1
V. Zima,W. Kummer,1998,1
Vadim Borokhov,Xinkai Wu,2002,2
Vicente Azcoiti,Victor Laliena,1995,1
Vicente Azcoiti,Xiang-Qian Luo,1995,1
Vicente Di Clemente,Yuri A. Kubyshin,2001,1
Victor A. Matveev,Victor T. Kim,1999,2
Victor G. Kac,Weiqiang Wang,1993,1
Victor Laliena,Xiang-Qian Luo,1995,1
Vijay Balasubramanian,Vishnu Jejjala,2002,1
Vijay Balasubramanian,Yang-Hui He,2002,1
Viktor Dotsenko,Vladimir Dotsenko,1995,2
Vincent Hakim,Vincent Pasquier,1995,1
Vishnu Jejjala,Yang-Hui He,2002,1
Vladimir S. Dotsenko,Xuan Son Nguyen,2001,2
Volodymyr M. Gorkavenko,Yurii A. Sitenko,2002,1
W-Y. P. Hwang,Xinmin Zhang,2003,1
W. A. Sabra,W. Y. Wen,2003,1
W. F. Chen,Z. Y. Zhu,1996,2
W. F. Chen. H. C. Lee,Z. Y. Zhu,1996,1
W. J. Zakrzewski,Y. Frishman,1992,1
W. S. Bae,Y. M. Cho,2000,3
W. Zheng,X. Fang,1995,1
W. Zheng,X. Q. Luo,1995,1
Wade Naylor,Wenceslao Santiago-Germ`An,2003,1
Wade Naylor,Wenceslao Santiago-German,2003,1
Waichi Ogura,Yukinori Yasui,1995,1
Walter Troost,Zbigniew Hasiewicz,1993,1
Wei Chen,Xiang-Qian Luo,1998,1
Wei Chen,Yong-Shi Wu,1992,1
Wei Chen,Yuri Makeenko,1993,2
Wei Zhang,Yi-Hong Gao,1998,2
Wei-Min Sun,Xiang-Song Chen,1999,7
Weizhen Deng,Xianhui Li,2000,1
Weizhen Deng,Xiaolin Chen,2000,1
Weizhen Deng,Ze-Sen Yang,2000,1
Wen-Li Yang,Yan-Shen Wang,1999,1
Wenli Yang,Yanshen Wang,1995,1
William M. Nelson,Youngchul Park,1993,1
Witold Pokorski,Zygmunt Lalak,1998,1
Won Suk Bae,Y. M. Cho,2000,1
Won T. Kim,Yong-Wan Kim,1995,1
Won T. Kim,Yongduk Kim,1995,2
Won T. Kim,Young Jai Park,1995,1
Won T. Kim,Young-Jai Park,1995,3
Won Tae Kim,Yong-Wan Kim,1995,3
Won Tae Kim,Yongduk Kim,1995,1
Won Tae Kim,Young-Jai Park,1994,8
Wung-Hong Huang,Yu-Jie Zhong,2003,1
X. Fang,X. Q. Luo,1995,1
X. J. Wang,Z. Khviengia,1994,2
Xi-Jun Qiu,Zi-Xiang Wang,1999,1
Xiang-Hua Zhai,Xin-Zhou Li,2002,1
Xiang-Mao Ding,Yao-Zhong Zhang,2001,5
Xianhui Li,Xiaolin Chen,2000,1
Xianhui Li,Yushu Zhong,1999,2
Xianhui Li,Ze-Sen Yang,1999,3
Xianhui Li,Zhinig Zhou,2000,1
Xianhui Li,Zhining Zhou,1999,1
Xiao-Mei Ji,Yu-Qi Li,2001,2
Xiaolin Chen,Ze-Sen Yang,2000,1
Xin Liu,Yi-Shi Duan,2003,1
Xin Liu,Yishi Duan,1999,1
Xin-Bing Huang,Zhe Chang,2002,2
Xing-Chang Song,Xu-Dong Luo,1998,1
Xing-Chang Song,Yu Tian,2002,1
Xinmin Zhang,Yuan-Zhong Zhang,2001,2
Xinmin Zhang,Yun-Song Piao,2001,2
Xu-Dong Luo,Yi-Xin Chen,1998,1
Xue-Xi Yi,Ying-Hui Cao,1999,1
Y. A. Muukhin,Ya. A. Korennoy,1994,1
Y. Abe,Y. Higashide,2003,1
Y. Asai,Y. Pugai,1996,1
Y. Hashimoto,Y. Yasui,1996,1
Y. Kazama,Y. Satoh,1993,4
Y. Kimura,Y. Kitazawa,2000,1
Y. Kitazawa,Y. Takayama,2003,1
Y. Matsumura,Y. Tanii,1992,1
Y. Matsuo,Y. Shibusa,2000,1
Y. Matsuo,Y. Sugawara,1996,1
Y. Oz,Z. Yin,1996,1
Y. Shadmi,Y. Shirman,2001,1
Y.-G. Miao,Zhenjiu Zhang,1996,1
Yael Shadmi,Yossi Nir,1998,1
Yael Shadmi,Yuri Shirman,1999,1
Yan Vtorov-Karevsky,Zurab Kakushadze,1997,1
Yang Ze-Sen,Zhong Yushu,1999,1
Yang Ze-Sen,Zhou Zhining,1999,1
Yaron Oz,Yeuk-Kwan E. Cheung,2002,1
Yaron Oz,Yoav Lavi,1994,1
Yaron Oz,Zheng Yin,1996,6
Yasuaki Hikida,Yuji Sugawara,2000,5
Yaw-Hwang Chen,Yeou-Wei Yang,1996,1
Yeong-Chuan Kao,Yu-Wen Lee,2001,1
Yeonjung Kim,Youngjai Kiem,2001,1
Yeuk-Kwan E. Cheung,Zheng Yin,1997,2
Yi Cheng,Zhifeng Li,1996,1
Yi Ling,Yuan-Zhong Zhang,2002,1
Yi-Hong Gao,Zhong-Xia Yang,2001,1
Yi-Yen Wu,Yong-Shi Wu,1997,1
Ying Jiang,Yishi Duan,1998,7
Yoichi Kazama,Yuri Aisaka,2002,1
Yoichiro Matsumura,Yoshiaki Tanii,1992,2
Yong Zhang,Zhongyuan Zhu,1999,2
Yong-Wan Kim,Yongduk Kim,1994,4
Yong-Wan Kim,Young-Jai Park,1994,19
Yongduk Kim,Young-Jai Park,1994,6
Yongqiang Wang,Zhanying Yang,2001,1
Yongsung Yoon,Younghoon Park,1994,1
Yongsung Yoon,Youngsoo Yoon,1996,1
Yoonbai Kim,Youngjai Kiem,2001,4
Yoshiaki Tanii,Yukihisa Itoh,1992,1
Yoshifumi Hyakutake,Yosuke Imamura,2000,1
Yoshihisa Kitazawa,Yusuke Kimura,1999,1
Yoshiyuki Watabiki,Yutaka Ookouchi,2003,1
You-Quan Li,Zhan-Ning Hu,1994,1
Yuan-Zhong Zhang,Yun Soo Myung,2001,1
Yuan-Zhong Zhang,Yun-Song Piao,2001,3
Yuan-Zhong Zhang,Zong-Kuan Guo,2003,1
Yun-Song Piao,Zong-Kuan Guo,2003,1
Yushu Zhong,Ze-Sen Yang,1999,2
Yushu Zhong,Zhinig Zhou,2000,1
Yushu Zhong,Zhining Zhou,1999,1
Z. Berezhiani,Z.-H. Yu,2001,1
Z. Hasiewicz,Z. Jaskolski,1995,3
Zbigniew Hasiewicz,Zbigniew Jaskolski,1999,2
Ze-Sen Yang,Zhinig Zhou,2000,1
Ze-Sen Yang,Zhining Zhou,1999,1
Zheng-Mao Sheng,Zhong-Hau Wang,1992,1
Zhong Yushu,Zhou Zhining,1999,1
